canonical_name,source_name,nfl_team,position,passing_attempts,passing_completions,passing_yards,passing_touchdowns,interceptions,rushing_attempts,rushing_yards,rushing_touchdowns,receptions,receiving_yards,receiving_touchdowns,fumbles_lost,source_provided_fantasy_points,standardized_full_ppr_points,identity_match_method,identity_match_confidence,source_url,source_version,capture_timestamp,source_state,missing_field_indicators
Josh Allen,Josh Allen,BUF,QB,491.7,333.1,3812.8,27.4,11.2,118.1,585.5,11.8,,,,4.1,372.2,360.862,exact_name_position_team,1.000,https://www.dropbox.com/scl/fi/jz9ao02y3xn61bbt469f7/2026_FantasyFootball_0.4_elboberto.xlsm?rlkey=vk0kb2nhf2wel5453erzu4wo9&st=szgxu53i&dl=1,ElBoberto 2026 v0.4; workbook modified 2026-08-08T13:32:00Z,2026-09-01T00:59:51Z,FROZEN_CANONICAL_SAME_FAMILY_WORKBOOK_DIRECT_CAPTURE_INCOMPLETE,receptions|receiving_yards|receiving_touchdowns
Drake Maye,Drake Maye,NE,QB,503.9,346.0,4063.5,28.3,10.4,100.3,505.2,3.7,,,,5.6,326.9,316.460,exact_name_position_team,1.000,https://www.dropbox.com/scl/fi/jz9ao02y3xn61bbt469f7/2026_FantasyFootball_0.4_elboberto.xlsm?rlkey=vk0kb2nhf2wel5453erzu4wo9&st=szgxu53i&dl=1,ElBoberto 2026 v0.4; workbook modified 2026-08-08T13:32:00Z,2026-09-01T00:59:51Z,FROZEN_CANONICAL_SAME_FAMILY_WORKBOOK_DIRECT_CAPTURE_INCOMPLETE,receptions|receiving_yards|receiving_touchdowns
Lamar Jackson,Lamar Jackson,BAL,QB,448.7,291.6,3649.8,28.3,9.6,118.4,639.8,3.2,,,,4.2,324.6,314.772,exact_name_position_team,1.000,https://www.dropbox.com/scl/fi/jz9ao02y3xn61bbt469f7/2026_FantasyFootball_0.4_elboberto.xlsm?rlkey=vk0kb2nhf2wel5453erzu4wo9&st=szgxu53i&dl=1,ElBoberto 2026 v0.4; workbook modified 2026-08-08T13:32:00Z,2026-09-01T00:59:51Z,FROZEN_CANONICAL_SAME_FAMILY_WORKBOOK_DIRECT_CAPTURE_INCOMPLETE,receptions|receiving_yards|receiving_touchdowns
Jayden Daniels,Jayden Daniels,WAS,QB,495.4,323.5,3697.1,24.1,11.0,130.0,685.3,4.7,,,,2.8,324.5,313.414,exact_name_position_team,1.000,https://www.dropbox.com/scl/fi/jz9ao02y3xn61bbt469f7/2026_FantasyFootball_0.4_elboberto.xlsm?rlkey=vk0kb2nhf2wel5453erzu4wo9&st=szgxu53i&dl=1,ElBoberto 2026 v0.4; workbook modified 2026-08-08T13:32:00Z,2026-09-01T00:59:51Z,FROZEN_CANONICAL_SAME_FAMILY_WORKBOOK_DIRECT_CAPTURE_INCOMPLETE,receptions|receiving_yards|receiving_touchdowns
Jalen Hurts,Jalen Hurts,PHI,QB,488.0,316.9,3571.0,24.2,7.4,111.8,461.3,8.4,,,,4.0,320.5,313.370,exact_name_position_team,1.000,https://www.dropbox.com/scl/fi/jz9ao02y3xn61bbt469f7/2026_FantasyFootball_0.4_elboberto.xlsm?rlkey=vk0kb2nhf2wel5453erzu4wo9&st=szgxu53i&dl=1,ElBoberto 2026 v0.4; workbook modified 2026-08-08T13:32:00Z,2026-09-01T00:59:51Z,FROZEN_CANONICAL_SAME_FAMILY_WORKBOOK_DIRECT_CAPTURE_INCOMPLETE,receptions|receiving_yards|receiving_touchdowns
Jaxson Dart,Jaxson Dart,NYG,QB,510.0,324.8,3592.9,22.6,11.1,100.9,549.4,6.5,,,,2.9,311.5,300.056,exact_name_position_team,1.000,https://www.dropbox.com/scl/fi/jz9ao02y3xn61bbt469f7/2026_FantasyFootball_0.4_elboberto.xlsm?rlkey=vk0kb2nhf2wel5453erzu4wo9&st=szgxu53i&dl=1,ElBoberto 2026 v0.4; workbook modified 2026-08-08T13:32:00Z,2026-09-01T00:59:51Z,FROZEN_CANONICAL_SAME_FAMILY_WORKBOOK_DIRECT_CAPTURE_INCOMPLETE,receptions|receiving_yards|receiving_touchdowns
Joe Burrow,Joe Burrow,CIN,QB,589.8,394.4,4169.8,33.3,11.6,48.3,179.0,1.4,,,,1.9,310.6,299.292,exact_name_position_team,1.000,https://www.dropbox.com/scl/fi/jz9ao02y3xn61bbt469f7/2026_FantasyFootball_0.4_elboberto.xlsm?rlkey=vk0kb2nhf2wel5453erzu4wo9&st=szgxu53i&dl=1,ElBoberto 2026 v0.4; workbook modified 2026-08-08T13:32:00Z,2026-09-01T00:59:51Z,FROZEN_CANONICAL_SAME_FAMILY_WORKBOOK_DIRECT_CAPTURE_INCOMPLETE,receptions|receiving_yards|receiving_touchdowns
Brock Purdy,Brock Purdy,SF,QB,542.5,366.3,4119.6,27.7,14.3,70.5,304.1,3.9,,,,4.3,306.2,292.194,exact_name_position_team,1.000,https://www.dropbox.com/scl/fi/jz9ao02y3xn61bbt469f7/2026_FantasyFootball_0.4_elboberto.xlsm?rlkey=vk0kb2nhf2wel5453erzu4wo9&st=szgxu53i&dl=1,ElBoberto 2026 v0.4; workbook modified 2026-08-08T13:32:00Z,2026-09-01T00:59:51Z,FROZEN_CANONICAL_SAME_FAMILY_WORKBOOK_DIRECT_CAPTURE_INCOMPLETE,receptions|receiving_yards|receiving_touchdowns
Dak Prescott,Dak Prescott,DAL,QB,582.3,384.6,4294.0,30.9,11.3,49.1,173.3,1.7,,,,2.8,306.0,294.690,exact_name_position_team,1.000,https://www.dropbox.com/scl/fi/jz9ao02y3xn61bbt469f7/2026_FantasyFootball_0.4_elboberto.xlsm?rlkey=vk0kb2nhf2wel5453erzu4wo9&st=szgxu53i&dl=1,ElBoberto 2026 v0.4; workbook modified 2026-08-08T13:32:00Z,2026-09-01T00:59:51Z,FROZEN_CANONICAL_SAME_FAMILY_WORKBOOK_DIRECT_CAPTURE_INCOMPLETE,receptions|receiving_yards|receiving_touchdowns
Trevor Lawrence,Trevor Lawrence,JAC,QB,545.5,335.4,3892.9,26.6,13.0,72.5,321.1,4.9,,,,3.4,303.9,290.826,exact_name_position_team,1.000,https://www.dropbox.com/scl/fi/jz9ao02y3xn61bbt469f7/2026_FantasyFootball_0.4_elboberto.xlsm?rlkey=vk0kb2nhf2wel5453erzu4wo9&st=szgxu53i&dl=1,ElBoberto 2026 v0.4; workbook modified 2026-08-08T13:32:00Z,2026-09-01T00:59:51Z,FROZEN_CANONICAL_SAME_FAMILY_WORKBOOK_DIRECT_CAPTURE_INCOMPLETE,receptions|receiving_yards|receiving_touchdowns
Patrick Mahomes,Patrick Mahomes II,KC,QB,554.7,353.3,3832.6,27.4,11.6,60.4,359.1,3.4,,,,2.0,303.6,292.014,normalized_name_position_team,0.995,https://www.dropbox.com/scl/fi/jz9ao02y3xn61bbt469f7/2026_FantasyFootball_0.4_elboberto.xlsm?rlkey=vk0kb2nhf2wel5453erzu4wo9&st=szgxu53i&dl=1,ElBoberto 2026 v0.4; workbook modified 2026-08-08T13:32:00Z,2026-09-01T00:59:51Z,FROZEN_CANONICAL_SAME_FAMILY_WORKBOOK_DIRECT_CAPTURE_INCOMPLETE,receptions|receiving_yards|receiving_touchdowns
Justin Herbert,Justin Herbert,LAC,QB,529.6,349.8,3858.8,26.2,11.7,78.4,459.0,2.1,,,,2.8,300.3,288.652,exact_name_position_team,1.000,https://www.dropbox.com/scl/fi/jz9ao02y3xn61bbt469f7/2026_FantasyFootball_0.4_elboberto.xlsm?rlkey=vk0kb2nhf2wel5453erzu4wo9&st=szgxu53i&dl=1,ElBoberto 2026 v0.4; workbook modified 2026-08-08T13:32:00Z,2026-09-01T00:59:51Z,FROZEN_CANONICAL_SAME_FAMILY_WORKBOOK_DIRECT_CAPTURE_INCOMPLETE,receptions|receiving_yards|receiving_touchdowns
Caleb Williams,Caleb Williams,CHI,QB,547.8,326.2,3827.6,27.4,9.3,79.0,397.9,2.1,,,,3.0,299.8,290.494,exact_name_position_team,1.000,https://www.dropbox.com/scl/fi/jz9ao02y3xn61bbt469f7/2026_FantasyFootball_0.4_elboberto.xlsm?rlkey=vk0kb2nhf2wel5453erzu4wo9&st=szgxu53i&dl=1,ElBoberto 2026 v0.4; workbook modified 2026-08-08T13:32:00Z,2026-09-01T00:59:51Z,FROZEN_CANONICAL_SAME_FAMILY_WORKBOOK_DIRECT_CAPTURE_INCOMPLETE,receptions|receiving_yards|receiving_touchdowns
Bo Nix,Bo Nix,DEN,QB,555.3,355.2,3743.0,26.8,11.0,79.1,341.1,3.6,,,,2.0,297.7,286.630,exact_name_position_team,1.000,https://www.dropbox.com/scl/fi/jz9ao02y3xn61bbt469f7/2026_FantasyFootball_0.4_elboberto.xlsm?rlkey=vk0kb2nhf2wel5453erzu4wo9&st=szgxu53i&dl=1,ElBoberto 2026 v0.4; workbook modified 2026-08-08T13:32:00Z,2026-09-01T00:59:51Z,FROZEN_CANONICAL_SAME_FAMILY_WORKBOOK_DIRECT_CAPTURE_INCOMPLETE,receptions|receiving_yards|receiving_touchdowns
Matthew Stafford,Matthew Stafford,LAR,QB,546.9,352.7,4191.7,34.0,8.6,23.7,33.1,0.2,,,,2.8,294.0,285.378,exact_name_position_team,1.000,https://www.dropbox.com/scl/fi/jz9ao02y3xn61bbt469f7/2026_FantasyFootball_0.4_elboberto.xlsm?rlkey=vk0kb2nhf2wel5453erzu4wo9&st=szgxu53i&dl=1,ElBoberto 2026 v0.4; workbook modified 2026-08-08T13:32:00Z,2026-09-01T00:59:51Z,FROZEN_CANONICAL_SAME_FAMILY_WORKBOOK_DIRECT_CAPTURE_INCOMPLETE,receptions|receiving_yards|receiving_touchdowns
Jared Goff,Jared Goff,DET,QB,546.7,373.1,4298.7,31.6,10.0,23.7,48.2,0.2,,,,3.7,287.3,276.968,exact_name_position_team,1.000,https://www.dropbox.com/scl/fi/jz9ao02y3xn61bbt469f7/2026_FantasyFootball_0.4_elboberto.xlsm?rlkey=vk0kb2nhf2wel5453erzu4wo9&st=szgxu53i&dl=1,ElBoberto 2026 v0.4; workbook modified 2026-08-08T13:32:00Z,2026-09-01T00:59:51Z,FROZEN_CANONICAL_SAME_FAMILY_WORKBOOK_DIRECT_CAPTURE_INCOMPLETE,receptions|receiving_yards|receiving_touchdowns
Tyler Shough,Tyler Shough,NO,QB,555.4,365.4,3976.6,22.1,11.7,78.2,329.1,4.1,,,,3.6,285.9,274.374,exact_name_position_team,1.000,https://www.dropbox.com/scl/fi/jz9ao02y3xn61bbt469f7/2026_FantasyFootball_0.4_elboberto.xlsm?rlkey=vk0kb2nhf2wel5453erzu4wo9&st=szgxu53i&dl=1,ElBoberto 2026 v0.4; workbook modified 2026-08-08T13:32:00Z,2026-09-01T00:59:51Z,FROZEN_CANONICAL_SAME_FAMILY_WORKBOOK_DIRECT_CAPTURE_INCOMPLETE,receptions|receiving_yards|receiving_touchdowns
Baker Mayfield,Baker Mayfield,TB,QB,540.6,348.5,3836.5,25.9,12.5,57.7,362.1,1.5,,,,3.7,282.0,269.870,exact_name_position_team,1.000,https://www.dropbox.com/scl/fi/jz9ao02y3xn61bbt469f7/2026_FantasyFootball_0.4_elboberto.xlsm?rlkey=vk0kb2nhf2wel5453erzu4wo9&st=szgxu53i&dl=1,ElBoberto 2026 v0.4; workbook modified 2026-08-08T13:32:00Z,2026-09-01T00:59:51Z,FROZEN_CANONICAL_SAME_FAMILY_WORKBOOK_DIRECT_CAPTURE_INCOMPLETE,receptions|receiving_yards|receiving_touchdowns
Kyler Murray,Kyler Murray,MIN,QB,497.8,329.9,3496.7,23.5,14.0,79.6,475.8,3.4,,,,3.8,280.1,266.248,exact_name_position_team,1.000,https://www.dropbox.com/scl/fi/jz9ao02y3xn61bbt469f7/2026_FantasyFootball_0.4_elboberto.xlsm?rlkey=vk0kb2nhf2wel5453erzu4wo9&st=szgxu53i&dl=1,ElBoberto 2026 v0.4; workbook modified 2026-08-08T13:32:00Z,2026-09-01T00:59:51Z,FROZEN_CANONICAL_SAME_FAMILY_WORKBOOK_DIRECT_CAPTURE_INCOMPLETE,receptions|receiving_yards|receiving_touchdowns
Daniel Jones,Daniel Jones,IND,QB,512.6,337.3,3759.6,23.5,11.4,66.0,251.1,4.0,,,,3.8,274.5,263.094,exact_name_position_team,1.000,https://www.dropbox.com/scl/fi/jz9ao02y3xn61bbt469f7/2026_FantasyFootball_0.4_elboberto.xlsm?rlkey=vk0kb2nhf2wel5453erzu4wo9&st=szgxu53i&dl=1,ElBoberto 2026 v0.4; workbook modified 2026-08-08T13:32:00Z,2026-09-01T00:59:51Z,FROZEN_CANONICAL_SAME_FAMILY_WORKBOOK_DIRECT_CAPTURE_INCOMPLETE,receptions|receiving_yards|receiving_touchdowns
Malik Willis,Malik Willis,MIA,QB,498.1,321.1,3400.1,18.0,12.5,121.9,628.1,4.1,,,,6.1,270.9,258.214,exact_name_position_team,1.000,https://www.dropbox.com/scl/fi/jz9ao02y3xn61bbt469f7/2026_FantasyFootball_0.4_elboberto.xlsm?rlkey=vk0kb2nhf2wel5453erzu4wo9&st=szgxu53i&dl=1,ElBoberto 2026 v0.4; workbook modified 2026-08-08T13:32:00Z,2026-09-01T00:59:51Z,FROZEN_CANONICAL_SAME_FAMILY_WORKBOOK_DIRECT_CAPTURE_INCOMPLETE,receptions|receiving_yards|receiving_touchdowns
Jordan Love,Jordan Love,GB,QB,510.4,331.0,3840.7,26.7,10.2,46.1,194.6,0.6,,,,3.0,267.5,257.088,exact_name_position_team,1.000,https://www.dropbox.com/scl/fi/jz9ao02y3xn61bbt469f7/2026_FantasyFootball_0.4_elboberto.xlsm?rlkey=vk0kb2nhf2wel5453erzu4wo9&st=szgxu53i&dl=1,ElBoberto 2026 v0.4; workbook modified 2026-08-08T13:32:00Z,2026-09-01T00:59:51Z,FROZEN_CANONICAL_SAME_FAMILY_WORKBOOK_DIRECT_CAPTURE_INCOMPLETE,receptions|receiving_yards|receiving_touchdowns
Sam Darnold,Sam Darnold,SEA,QB,506.3,336.7,4087.9,27.3,12.8,44.0,131.8,0.6,,,,5.3,266.4,253.296,exact_name_position_team,1.000,https://www.dropbox.com/scl/fi/jz9ao02y3xn61bbt469f7/2026_FantasyFootball_0.4_elboberto.xlsm?rlkey=vk0kb2nhf2wel5453erzu4wo9&st=szgxu53i&dl=1,ElBoberto 2026 v0.4; workbook modified 2026-08-08T13:32:00Z,2026-09-01T00:59:51Z,FROZEN_CANONICAL_SAME_FAMILY_WORKBOOK_DIRECT_CAPTURE_INCOMPLETE,receptions|receiving_yards|receiving_touchdowns
C.J. Stroud,C.J. Stroud,HOU,QB,551.0,347.4,3878.3,23.5,11.4,54.4,238.6,1.0,,,,3.5,260.7,249.192,exact_name_position_team,1.000,https://www.dropbox.com/scl/fi/jz9ao02y3xn61bbt469f7/2026_FantasyFootball_0.4_elboberto.xlsm?rlkey=vk0kb2nhf2wel5453erzu4wo9&st=szgxu53i&dl=1,ElBoberto 2026 v0.4; workbook modified 2026-08-08T13:32:00Z,2026-09-01T00:59:51Z,FROZEN_CANONICAL_SAME_FAMILY_WORKBOOK_DIRECT_CAPTURE_INCOMPLETE,receptions|receiving_yards|receiving_touchdowns
Bryce Young,Bryce Young,CAR,QB,512.7,325.4,3363.3,22.1,12.4,58.3,257.5,3.0,,,,3.0,248.7,235.882,exact_name_position_team,1.000,https://www.dropbox.com/scl/fi/jz9ao02y3xn61bbt469f7/2026_FantasyFootball_0.4_elboberto.xlsm?rlkey=vk0kb2nhf2wel5453erzu4wo9&st=szgxu53i&dl=1,ElBoberto 2026 v0.4; workbook modified 2026-08-08T13:32:00Z,2026-09-01T00:59:51Z,FROZEN_CANONICAL_SAME_FAMILY_WORKBOOK_DIRECT_CAPTURE_INCOMPLETE,receptions|receiving_yards|receiving_touchdowns
Geno Smith,Geno Smith,NYJ,QB,520.2,340.4,3455.5,21.8,14.8,57.3,209.6,1.0,,,,2.2,233.2,218.380,source_only_exact_name_position,1.000,https://www.dropbox.com/scl/fi/jz9ao02y3xn61bbt469f7/2026_FantasyFootball_0.4_elboberto.xlsm?rlkey=vk0kb2nhf2wel5453erzu4wo9&st=szgxu53i&dl=1,ElBoberto 2026 v0.4; workbook modified 2026-08-08T13:32:00Z,2026-09-01T00:59:51Z,FROZEN_CANONICAL_SAME_FAMILY_WORKBOOK_DIRECT_CAPTURE_INCOMPLETE,receptions|receiving_yards|receiving_touchdowns
Jacoby Brissett,Jacoby Brissett,ARI,QB,541.2,347.3,3590.7,19.7,10.4,48.7,215.1,1.4,,,,4.8,232.4,221.938,exact_name_position_team,1.000,https://www.dropbox.com/scl/fi/jz9ao02y3xn61bbt469f7/2026_FantasyFootball_0.4_elboberto.xlsm?rlkey=vk0kb2nhf2wel5453erzu4wo9&st=szgxu53i&dl=1,ElBoberto 2026 v0.4; workbook modified 2026-08-08T13:32:00Z,2026-09-01T00:59:51Z,FROZEN_CANONICAL_SAME_FAMILY_WORKBOOK_DIRECT_CAPTURE_INCOMPLETE,receptions|receiving_yards|receiving_touchdowns
Cam Ward,Cam Ward,TEN,QB,563.8,345.0,3587.7,19.8,10.4,44.2,185.5,2.0,,,,5.4,232.2,221.658,exact_name_position_team,1.000,https://www.dropbox.com/scl/fi/jz9ao02y3xn61bbt469f7/2026_FantasyFootball_0.4_elboberto.xlsm?rlkey=vk0kb2nhf2wel5453erzu4wo9&st=szgxu53i&dl=1,ElBoberto 2026 v0.4; workbook modified 2026-08-08T13:32:00Z,2026-09-01T00:59:51Z,FROZEN_CANONICAL_SAME_FAMILY_WORKBOOK_DIRECT_CAPTURE_INCOMPLETE,receptions|receiving_yards|receiving_touchdowns
Aaron Rodgers,Aaron Rodgers,PIT,QB,526.9,338.9,3479.1,21.7,9.4,26.0,82.5,0.6,,,,2.7,222.9,213.614,source_only_exact_name_position,1.000,https://www.dropbox.com/scl/fi/jz9ao02y3xn61bbt469f7/2026_FantasyFootball_0.4_elboberto.xlsm?rlkey=vk0kb2nhf2wel5453erzu4wo9&st=szgxu53i&dl=1,ElBoberto 2026 v0.4; workbook modified 2026-08-08T13:32:00Z,2026-09-01T00:59:51Z,FROZEN_CANONICAL_SAME_FAMILY_WORKBOOK_DIRECT_CAPTURE_INCOMPLETE,receptions|receiving_yards|receiving_touchdowns
Fernando Mendoza,Fernando Mendoza,LV,QB,430.6,275.5,2887.2,16.1,12.2,50.4,227.1,1.3,,,,2.7,192.7,180.598,source_only_exact_name_position,1.000,https://www.dropbox.com/scl/fi/jz9ao02y3xn61bbt469f7/2026_FantasyFootball_0.4_elboberto.xlsm?rlkey=vk0kb2nhf2wel5453erzu4wo9&st=szgxu53i&dl=1,ElBoberto 2026 v0.4; workbook modified 2026-08-08T13:32:00Z,2026-09-01T00:59:51Z,FROZEN_CANONICAL_SAME_FAMILY_WORKBOOK_DIRECT_CAPTURE_INCOMPLETE,receptions|receiving_yards|receiving_touchdowns
Tua Tagovailoa,Tua Tagovailoa,ATL,QB,379.3,248.7,2724.3,15.8,8.3,19.6,46.6,0.1,,,,2.3,164.4,156.232,source_only_exact_name_position,1.000,https://www.dropbox.com/scl/fi/jz9ao02y3xn61bbt469f7/2026_FantasyFootball_0.4_elboberto.xlsm?rlkey=vk0kb2nhf2wel5453erzu4wo9&st=szgxu53i&dl=1,ElBoberto 2026 v0.4; workbook modified 2026-08-08T13:32:00Z,2026-09-01T00:59:51Z,FROZEN_CANONICAL_SAME_FAMILY_WORKBOOK_DIRECT_CAPTURE_INCOMPLETE,receptions|receiving_yards|receiving_touchdowns
Deshaun Watson,Deshaun Watson,CLE,QB,306.8,189.2,2023.2,10.4,7.3,44.7,197.3,1.3,,,,3.3,136.3,128.858,source_only_exact_name_position,1.000,https://www.dropbox.com/scl/fi/jz9ao02y3xn61bbt469f7/2026_FantasyFootball_0.4_elboberto.xlsm?rlkey=vk0kb2nhf2wel5453erzu4wo9&st=szgxu53i&dl=1,ElBoberto 2026 v0.4; workbook modified 2026-08-08T13:32:00Z,2026-09-01T00:59:51Z,FROZEN_CANONICAL_SAME_FAMILY_WORKBOOK_DIRECT_CAPTURE_INCOMPLETE,receptions|receiving_yards|receiving_touchdowns
Shedeur Sanders,Shedeur Sanders,CLE,QB,238.1,143.6,1581.7,8.7,6.5,24.4,143.8,0.9,,,,1.2,108.9,102.448,source_only_exact_name_position,1.000,https://www.dropbox.com/scl/fi/jz9ao02y3xn61bbt469f7/2026_FantasyFootball_0.4_elboberto.xlsm?rlkey=vk0kb2nhf2wel5453erzu4wo9&st=szgxu53i&dl=1,ElBoberto 2026 v0.4; workbook modified 2026-08-08T13:32:00Z,2026-09-01T00:59:51Z,FROZEN_CANONICAL_SAME_FAMILY_WORKBOOK_DIRECT_CAPTURE_INCOMPLETE,receptions|receiving_yards|receiving_touchdowns
Michael Penix Jr.,Michael Penix Jr.,ATL,QB,189.1,119.1,1350.0,7.2,3.7,13.5,46.9,0.3,,,,1.0,83.5,79.890,source_only_exact_name_position,1.000,https://www.dropbox.com/scl/fi/jz9ao02y3xn61bbt469f7/2026_FantasyFootball_0.4_elboberto.xlsm?rlkey=vk0kb2nhf2wel5453erzu4wo9&st=szgxu53i&dl=1,ElBoberto 2026 v0.4; workbook modified 2026-08-08T13:32:00Z,2026-09-01T00:59:51Z,FROZEN_CANONICAL_SAME_FAMILY_WORKBOOK_DIRECT_CAPTURE_INCOMPLETE,receptions|receiving_yards|receiving_touchdowns
Kirk Cousins,Kirk Cousins,LV,QB,114.0,74.1,783.6,5.1,3.9,5.2,9.0,0.1,,,,0.9,47.2,43.644,source_only_exact_name_position,1.000,https://www.dropbox.com/scl/fi/jz9ao02y3xn61bbt469f7/2026_FantasyFootball_0.4_elboberto.xlsm?rlkey=vk0kb2nhf2wel5453erzu4wo9&st=szgxu53i&dl=1,ElBoberto 2026 v0.4; workbook modified 2026-08-08T13:32:00Z,2026-09-01T00:59:51Z,FROZEN_CANONICAL_SAME_FAMILY_WORKBOOK_DIRECT_CAPTURE_INCOMPLETE,receptions|receiving_yards|receiving_touchdowns
Ty Simpson,Ty Simpson,LAR,QB,40.9,25.8,298.2,2.6,0.8,4.1,18.4,0.0,,,,0.1,23.4,22.368,source_only_exact_name_position,1.000,https://www.dropbox.com/scl/fi/jz9ao02y3xn61bbt469f7/2026_FantasyFootball_0.4_elboberto.xlsm?rlkey=vk0kb2nhf2wel5453erzu4wo9&st=szgxu53i&dl=1,ElBoberto 2026 v0.4; workbook modified 2026-08-08T13:32:00Z,2026-09-01T00:59:51Z,FROZEN_CANONICAL_SAME_FAMILY_WORKBOOK_DIRECT_CAPTURE_INCOMPLETE,receptions|receiving_yards|receiving_touchdowns
Carson Beck,Carson Beck,ARI,QB,49.1,30.9,337.8,2.2,1.2,5.2,20.1,0.1,,,,0.2,23.1,22.122,source_only_exact_name_position,1.000,https://www.dropbox.com/scl/fi/jz9ao02y3xn61bbt469f7/2026_FantasyFootball_0.4_elboberto.xlsm?rlkey=vk0kb2nhf2wel5453erzu4wo9&st=szgxu53i&dl=1,ElBoberto 2026 v0.4; workbook modified 2026-08-08T13:32:00Z,2026-09-01T00:59:51Z,FROZEN_CANONICAL_SAME_FAMILY_WORKBOOK_DIRECT_CAPTURE_INCOMPLETE,receptions|receiving_yards|receiving_touchdowns
J.J. McCarthy,J.J. McCarthy,MIN,QB,48.6,30.2,340.2,1.8,1.4,5.9,27.0,0.2,,,,0.4,22.5,21.108,source_only_exact_name_position,1.000,https://www.dropbox.com/scl/fi/jz9ao02y3xn61bbt469f7/2026_FantasyFootball_0.4_elboberto.xlsm?rlkey=vk0kb2nhf2wel5453erzu4wo9&st=szgxu53i&dl=1,ElBoberto 2026 v0.4; workbook modified 2026-08-08T13:32:00Z,2026-09-01T00:59:51Z,FROZEN_CANONICAL_SAME_FAMILY_WORKBOOK_DIRECT_CAPTURE_INCOMPLETE,receptions|receiving_yards|receiving_touchdowns
Anthony Richardson Sr.,Anthony Richardson Sr.,IND,QB,35.0,23.0,254.0,2.0,1.0,9.0,38.0,0.0,,,,0.0,21.0,19.960,source_only_exact_name_position,1.000,https://www.dropbox.com/scl/fi/jz9ao02y3xn61bbt469f7/2026_FantasyFootball_0.4_elboberto.xlsm?rlkey=vk0kb2nhf2wel5453erzu4wo9&st=szgxu53i&dl=1,ElBoberto 2026 v0.4; workbook modified 2026-08-08T13:32:00Z,2026-09-01T00:59:51Z,FROZEN_CANONICAL_SAME_FAMILY_WORKBOOK_DIRECT_CAPTURE_INCOMPLETE,receptions|receiving_yards|receiving_touchdowns
Marcus Mariota,Marcus Mariota,WAS,QB,34.8,22.2,256.6,2.0,0.8,1.4,7.9,0.0,,,,0.1,18.1,17.254,source_only_exact_name_position,1.000,https://www.dropbox.com/scl/fi/jz9ao02y3xn61bbt469f7/2026_FantasyFootball_0.4_elboberto.xlsm?rlkey=vk0kb2nhf2wel5453erzu4wo9&st=szgxu53i&dl=1,ElBoberto 2026 v0.4; workbook modified 2026-08-08T13:32:00Z,2026-09-01T00:59:51Z,FROZEN_CANONICAL_SAME_FAMILY_WORKBOOK_DIRECT_CAPTURE_INCOMPLETE,receptions|receiving_yards|receiving_touchdowns
Riley Leonard,Riley Leonard,IND,QB,29.9,18.8,208.6,1.4,0.8,1.6,7.2,0.0,,,,0.2,13.8,12.664,source_only_exact_name_position,1.000,https://www.dropbox.com/scl/fi/jz9ao02y3xn61bbt469f7/2026_FantasyFootball_0.4_elboberto.xlsm?rlkey=vk0kb2nhf2wel5453erzu4wo9&st=szgxu53i&dl=1,ElBoberto 2026 v0.4; workbook modified 2026-08-08T13:32:00Z,2026-09-01T00:59:51Z,FROZEN_CANONICAL_SAME_FAMILY_WORKBOOK_DIRECT_CAPTURE_INCOMPLETE,receptions|receiving_yards|receiving_touchdowns
Davis Mills,Davis Mills,HOU,QB,27.2,16.7,182.5,1.3,0.5,2.7,9.0,0.0,,,,0.1,12.6,12.200,source_only_exact_name_position,1.000,https://www.dropbox.com/scl/fi/jz9ao02y3xn61bbt469f7/2026_FantasyFootball_0.4_elboberto.xlsm?rlkey=vk0kb2nhf2wel5453erzu4wo9&st=szgxu53i&dl=1,ElBoberto 2026 v0.4; workbook modified 2026-08-08T13:32:00Z,2026-09-01T00:59:51Z,FROZEN_CANONICAL_SAME_FAMILY_WORKBOOK_DIRECT_CAPTURE_INCOMPLETE,receptions|receiving_yards|receiving_touchdowns
Joe Milton III,Joe Milton III,DAL,QB,23.9,15.3,172.5,1.1,0.5,3.5,16.3,0.0,,,,0.1,12.2,11.730,source_only_exact_name_position,1.000,https://www.dropbox.com/scl/fi/jz9ao02y3xn61bbt469f7/2026_FantasyFootball_0.4_elboberto.xlsm?rlkey=vk0kb2nhf2wel5453erzu4wo9&st=szgxu53i&dl=1,ElBoberto 2026 v0.4; workbook modified 2026-08-08T13:32:00Z,2026-09-01T00:59:51Z,FROZEN_CANONICAL_SAME_FAMILY_WORKBOOK_DIRECT_CAPTURE_INCOMPLETE,receptions|receiving_yards|receiving_touchdowns
Justin Fields,Justin Fields,KC,QB,26.2,16.3,175.1,1.0,0.8,3.6,18.4,0.1,,,,0.1,12.0,11.644,source_only_exact_name_position,1.000,https://www.dropbox.com/scl/fi/jz9ao02y3xn61bbt469f7/2026_FantasyFootball_0.4_elboberto.xlsm?rlkey=vk0kb2nhf2wel5453erzu4wo9&st=szgxu53i&dl=1,ElBoberto 2026 v0.4; workbook modified 2026-08-08T13:32:00Z,2026-09-01T00:59:51Z,FROZEN_CANONICAL_SAME_FAMILY_WORKBOOK_DIRECT_CAPTURE_INCOMPLETE,receptions|receiving_yards|receiving_touchdowns
Shane Buechele,Shane Buechele,BUF,QB,20.0,14.0,150.0,1.0,0.0,4.0,20.0,0.0,,,,0.0,12.0,12.000,source_only_exact_name_position,1.000,https://www.dropbox.com/scl/fi/jz9ao02y3xn61bbt469f7/2026_FantasyFootball_0.4_elboberto.xlsm?rlkey=vk0kb2nhf2wel5453erzu4wo9&st=szgxu53i&dl=1,ElBoberto 2026 v0.4; workbook modified 2026-08-08T13:32:00Z,2026-09-01T00:59:51Z,FROZEN_CANONICAL_SAME_FAMILY_WORKBOOK_DIRECT_CAPTURE_INCOMPLETE,receptions|receiving_yards|receiving_touchdowns
Jameis Winston,Jameis Winston,NYG,QB,26.1,15.5,194.8,1.3,1.3,2.6,10.9,0.0,,,,0.6,11.7,10.282,source_only_exact_name_position,1.000,https://www.dropbox.com/scl/fi/jz9ao02y3xn61bbt469f7/2026_FantasyFootball_0.4_elboberto.xlsm?rlkey=vk0kb2nhf2wel5453erzu4wo9&st=szgxu53i&dl=1,ElBoberto 2026 v0.4; workbook modified 2026-08-08T13:32:00Z,2026-09-01T00:59:51Z,FROZEN_CANONICAL_SAME_FAMILY_WORKBOOK_DIRECT_CAPTURE_INCOMPLETE,receptions|receiving_yards|receiving_touchdowns
Kenny Pickett,Kenny Pickett,CAR,QB,22.5,14.4,155.5,1.3,0.8,2.8,10.9,0.0,,,,0.1,11.6,10.710,source_only_exact_name_position,1.000,https://www.dropbox.com/scl/fi/jz9ao02y3xn61bbt469f7/2026_FantasyFootball_0.4_elboberto.xlsm?rlkey=vk0kb2nhf2wel5453erzu4wo9&st=szgxu53i&dl=1,ElBoberto 2026 v0.4; workbook modified 2026-08-08T13:32:00Z,2026-09-01T00:59:51Z,FROZEN_CANONICAL_SAME_FAMILY_WORKBOOK_DIRECT_CAPTURE_INCOMPLETE,receptions|receiving_yards|receiving_touchdowns
Quinn Ewers,Quinn Ewers,MIA,QB,24.5,16.0,167.6,1.2,0.9,3.0,11.7,0.0,,,,0.1,11.5,10.674,source_only_exact_name_position,1.000,https://www.dropbox.com/scl/fi/jz9ao02y3xn61bbt469f7/2026_FantasyFootball_0.4_elboberto.xlsm?rlkey=vk0kb2nhf2wel5453erzu4wo9&st=szgxu53i&dl=1,ElBoberto 2026 v0.4; workbook modified 2026-08-08T13:32:00Z,2026-09-01T00:59:51Z,FROZEN_CANONICAL_SAME_FAMILY_WORKBOOK_DIRECT_CAPTURE_INCOMPLETE,receptions|receiving_yards|receiving_touchdowns
Tyson Bagent,Tyson Bagent,CHI,QB,23.0,14.7,168.0,1.0,0.2,2.8,8.6,0.0,,,,0.1,11.4,10.980,source_only_exact_name_position,1.000,https://www.dropbox.com/scl/fi/jz9ao02y3xn61bbt469f7/2026_FantasyFootball_0.4_elboberto.xlsm?rlkey=vk0kb2nhf2wel5453erzu4wo9&st=szgxu53i&dl=1,ElBoberto 2026 v0.4; workbook modified 2026-08-08T13:32:00Z,2026-09-01T00:59:51Z,FROZEN_CANONICAL_SAME_FAMILY_WORKBOOK_DIRECT_CAPTURE_INCOMPLETE,receptions|receiving_yards|receiving_touchdowns
Will Levis,Will Levis,TEN,QB,23.0,14.0,137.0,1.0,0.0,4.0,19.0,0.0,,,,0.0,11.4,11.380,source_only_exact_name_position,1.000,https://www.dropbox.com/scl/fi/jz9ao02y3xn61bbt469f7/2026_FantasyFootball_0.4_elboberto.xlsm?rlkey=vk0kb2nhf2wel5453erzu4wo9&st=szgxu53i&dl=1,ElBoberto 2026 v0.4; workbook modified 2026-08-08T13:32:00Z,2026-09-01T00:59:51Z,FROZEN_CANONICAL_SAME_FAMILY_WORKBOOK_DIRECT_CAPTURE_INCOMPLETE,receptions|receiving_yards|receiving_touchdowns
Jake Browning,Jake Browning,TB,QB,22.5,14.3,157.4,1.0,0.9,3.1,15.7,0.0,,,,0.1,11.2,9.866,source_only_exact_name_position,1.000,https://www.dropbox.com/scl/fi/jz9ao02y3xn61bbt469f7/2026_FantasyFootball_0.4_elboberto.xlsm?rlkey=vk0kb2nhf2wel5453erzu4wo9&st=szgxu53i&dl=1,ElBoberto 2026 v0.4; workbook modified 2026-08-08T13:32:00Z,2026-09-01T00:59:51Z,FROZEN_CANONICAL_SAME_FAMILY_WORKBOOK_DIRECT_CAPTURE_INCOMPLETE,receptions|receiving_yards|receiving_touchdowns
Jarrett Stidham,Jarrett Stidham,DEN,QB,23.1,14.4,152.2,1.1,0.3,3.3,12.9,0.0,,,,0.1,11.2,10.978,source_only_exact_name_position,1.000,https://www.dropbox.com/scl/fi/jz9ao02y3xn61bbt469f7/2026_FantasyFootball_0.4_elboberto.xlsm?rlkey=vk0kb2nhf2wel5453erzu4wo9&st=szgxu53i&dl=1,ElBoberto 2026 v0.4; workbook modified 2026-08-08T13:32:00Z,2026-09-01T00:59:51Z,FROZEN_CANONICAL_SAME_FAMILY_WORKBOOK_DIRECT_CAPTURE_INCOMPLETE,receptions|receiving_yards|receiving_touchdowns
Teddy Bridgewater,Teddy Bridgewater,DET,QB,21.8,13.7,157.9,1.0,0.4,3.1,8.9,0.0,,,,0.0,11.0,10.406,source_only_exact_name_position,1.000,https://www.dropbox.com/scl/fi/jz9ao02y3xn61bbt469f7/2026_FantasyFootball_0.4_elboberto.xlsm?rlkey=vk0kb2nhf2wel5453erzu4wo9&st=szgxu53i&dl=1,ElBoberto 2026 v0.4; workbook modified 2026-08-08T13:32:00Z,2026-09-01T00:59:51Z,FROZEN_CANONICAL_SAME_FAMILY_WORKBOOK_DIRECT_CAPTURE_INCOMPLETE,receptions|receiving_yards|receiving_touchdowns
Tyrod Taylor,Tyrod Taylor,GB,QB,25.0,15.4,173.5,0.9,0.8,2.1,10.7,0.0,,,,0.2,10.9,9.610,source_only_exact_name_position,1.000,https://www.dropbox.com/scl/fi/jz9ao02y3xn61bbt469f7/2026_FantasyFootball_0.4_elboberto.xlsm?rlkey=vk0kb2nhf2wel5453erzu4wo9&st=szgxu53i&dl=1,ElBoberto 2026 v0.4; workbook modified 2026-08-08T13:32:00Z,2026-09-01T00:59:51Z,FROZEN_CANONICAL_SAME_FAMILY_WORKBOOK_DIRECT_CAPTURE_INCOMPLETE,receptions|receiving_yards|receiving_touchdowns
Tommy DeVito,Tommy DeVito,NE,QB,22.5,14.6,149.8,1.0,0.4,1.9,9.5,0.1,,,,0.1,10.6,10.542,source_only_exact_name_position,1.000,https://www.dropbox.com/scl/fi/jz9ao02y3xn61bbt469f7/2026_FantasyFootball_0.4_elboberto.xlsm?rlkey=vk0kb2nhf2wel5453erzu4wo9&st=szgxu53i&dl=1,ElBoberto 2026 v0.4; workbook modified 2026-08-08T13:32:00Z,2026-09-01T00:59:51Z,FROZEN_CANONICAL_SAME_FAMILY_WORKBOOK_DIRECT_CAPTURE_INCOMPLETE,receptions|receiving_yards|receiving_touchdowns
Tyler Huntley,Tyler Huntley,BAL,QB,18.3,11.8,130.8,0.9,0.3,3.5,18.7,0.0,,,,0.1,10.6,9.902,source_only_exact_name_position,1.000,https://www.dropbox.com/scl/fi/jz9ao02y3xn61bbt469f7/2026_FantasyFootball_0.4_elboberto.xlsm?rlkey=vk0kb2nhf2wel5453erzu4wo9&st=szgxu53i&dl=1,ElBoberto 2026 v0.4; workbook modified 2026-08-08T13:32:00Z,2026-09-01T00:59:51Z,FROZEN_CANONICAL_SAME_FAMILY_WORKBOOK_DIRECT_CAPTURE_INCOMPLETE,receptions|receiving_yards|receiving_touchdowns
Mac Jones,Mac Jones,SF,QB,22.5,14.9,160.2,1.0,0.5,2.7,8.4,0.0,,,,0.1,10.5,10.048,source_only_exact_name_position,1.000,https://www.dropbox.com/scl/fi/jz9ao02y3xn61bbt469f7/2026_FantasyFootball_0.4_elboberto.xlsm?rlkey=vk0kb2nhf2wel5453erzu4wo9&st=szgxu53i&dl=1,ElBoberto 2026 v0.4; workbook modified 2026-08-08T13:32:00Z,2026-09-01T00:59:51Z,FROZEN_CANONICAL_SAME_FAMILY_WORKBOOK_DIRECT_CAPTURE_INCOMPLETE,receptions|receiving_yards|receiving_touchdowns
Trey Lance,Trey Lance,LAC,QB,22.2,13.6,148.2,1.0,0.8,3.2,13.4,0.0,,,,0.1,10.4,9.468,source_only_exact_name_position,1.000,https://www.dropbox.com/scl/fi/jz9ao02y3xn61bbt469f7/2026_FantasyFootball_0.4_elboberto.xlsm?rlkey=vk0kb2nhf2wel5453erzu4wo9&st=szgxu53i&dl=1,ElBoberto 2026 v0.4; workbook modified 2026-08-08T13:32:00Z,2026-09-01T00:59:51Z,FROZEN_CANONICAL_SAME_FAMILY_WORKBOOK_DIRECT_CAPTURE_INCOMPLETE,receptions|receiving_yards|receiving_touchdowns
Tanner McKee,Tanner McKee,PHI,QB,20.3,12.8,141.0,1.0,0.2,3.0,9.9,0.0,,,,0.0,10.3,10.230,source_only_exact_name_position,1.000,https://www.dropbox.com/scl/fi/jz9ao02y3xn61bbt469f7/2026_FantasyFootball_0.4_elboberto.xlsm?rlkey=vk0kb2nhf2wel5453erzu4wo9&st=szgxu53i&dl=1,ElBoberto 2026 v0.4; workbook modified 2026-08-08T13:32:00Z,2026-09-01T00:59:51Z,FROZEN_CANONICAL_SAME_FAMILY_WORKBOOK_DIRECT_CAPTURE_INCOMPLETE,receptions|receiving_yards|receiving_touchdowns
Joe Flacco,Joe Flacco,CIN,QB,24.8,16.1,169.2,1.2,0.8,2.2,8.6,0.0,,,,0.6,10.3,9.628,source_only_exact_name_position,1.000,https://www.dropbox.com/scl/fi/jz9ao02y3xn61bbt469f7/2026_FantasyFootball_0.4_elboberto.xlsm?rlkey=vk0kb2nhf2wel5453erzu4wo9&st=szgxu53i&dl=1,ElBoberto 2026 v0.4; workbook modified 2026-08-08T13:32:00Z,2026-09-01T00:59:51Z,FROZEN_CANONICAL_SAME_FAMILY_WORKBOOK_DIRECT_CAPTURE_INCOMPLETE,receptions|receiving_yards|receiving_touchdowns
Mason Rudolph,Mason Rudolph,PIT,QB,22.2,14.0,148.4,0.9,0.3,2.6,10.6,0.0,,,,0.1,10.3,9.796,source_only_exact_name_position,1.000,https://www.dropbox.com/scl/fi/jz9ao02y3xn61bbt469f7/2026_FantasyFootball_0.4_elboberto.xlsm?rlkey=vk0kb2nhf2wel5453erzu4wo9&st=szgxu53i&dl=1,ElBoberto 2026 v0.4; workbook modified 2026-08-08T13:32:00Z,2026-09-01T00:59:51Z,FROZEN_CANONICAL_SAME_FAMILY_WORKBOOK_DIRECT_CAPTURE_INCOMPLETE,receptions|receiving_yards|receiving_touchdowns
Spencer Rattler,Spencer Rattler,NO,QB,23.0,15.0,156.7,0.9,0.8,2.7,12.1,0.0,,,,0.1,10.2,9.278,source_only_exact_name_position,1.000,https://www.dropbox.com/scl/fi/jz9ao02y3xn61bbt469f7/2026_FantasyFootball_0.4_elboberto.xlsm?rlkey=vk0kb2nhf2wel5453erzu4wo9&st=szgxu53i&dl=1,ElBoberto 2026 v0.4; workbook modified 2026-08-08T13:32:00Z,2026-09-01T00:59:51Z,FROZEN_CANONICAL_SAME_FAMILY_WORKBOOK_DIRECT_CAPTURE_INCOMPLETE,receptions|receiving_yards|receiving_touchdowns
Drew Lock,Drew Lock,SEA,QB,20.6,13.0,146.6,0.9,0.8,3.1,13.1,0.0,,,,0.1,10.0,8.974,source_only_exact_name_position,1.000,https://www.dropbox.com/scl/fi/jz9ao02y3xn61bbt469f7/2026_FantasyFootball_0.4_elboberto.xlsm?rlkey=vk0kb2nhf2wel5453erzu4wo9&st=szgxu53i&dl=1,ElBoberto 2026 v0.4; workbook modified 2026-08-08T13:32:00Z,2026-09-01T00:59:51Z,FROZEN_CANONICAL_SAME_FAMILY_WORKBOOK_DIRECT_CAPTURE_INCOMPLETE,receptions|receiving_yards|receiving_touchdowns
Andy Dalton,Andy Dalton,PHI,QB,19.0,13.0,140.0,1.0,0.0,5.0,23.0,0.0,,,,1.0,9.9,9.900,source_only_exact_name_position,1.000,https://www.dropbox.com/scl/fi/jz9ao02y3xn61bbt469f7/2026_FantasyFootball_0.4_elboberto.xlsm?rlkey=vk0kb2nhf2wel5453erzu4wo9&st=szgxu53i&dl=1,ElBoberto 2026 v0.4; workbook modified 2026-08-08T13:32:00Z,2026-09-01T00:59:51Z,FROZEN_CANONICAL_SAME_FAMILY_WORKBOOK_DIRECT_CAPTURE_INCOMPLETE,receptions|receiving_yards|receiving_touchdowns
Behren Morton,Behren Morton,NE,QB,15.0,10.0,121.0,1.0,0.0,2.0,10.0,0.0,,,,0.0,9.8,9.840,source_only_exact_name_position,1.000,https://www.dropbox.com/scl/fi/jz9ao02y3xn61bbt469f7/2026_FantasyFootball_0.4_elboberto.xlsm?rlkey=vk0kb2nhf2wel5453erzu4wo9&st=szgxu53i&dl=1,ElBoberto 2026 v0.4; workbook modified 2026-08-08T13:32:00Z,2026-09-01T00:59:51Z,FROZEN_CANONICAL_SAME_FAMILY_WORKBOOK_DIRECT_CAPTURE_INCOMPLETE,receptions|receiving_yards|receiving_touchdowns
Nick Mullens,Nick Mullens,JAC,QB,18.8,13.2,140.2,1.1,0.4,3.1,3.7,0.0,,,,0.1,9.8,9.378,source_only_exact_name_position,1.000,https://www.dropbox.com/scl/fi/jz9ao02y3xn61bbt469f7/2026_FantasyFootball_0.4_elboberto.xlsm?rlkey=vk0kb2nhf2wel5453erzu4wo9&st=szgxu53i&dl=1,ElBoberto 2026 v0.4; workbook modified 2026-08-08T13:32:00Z,2026-09-01T00:59:51Z,FROZEN_CANONICAL_SAME_FAMILY_WORKBOOK_DIRECT_CAPTURE_INCOMPLETE,receptions|receiving_yards|receiving_touchdowns
Chris Oladokun,Chris Oladokun,KC,QB,23.0,14.0,148.0,1.0,0.0,4.0,18.0,0.0,,,,1.0,9.7,9.720,source_only_exact_name_position,1.000,https://www.dropbox.com/scl/fi/jz9ao02y3xn61bbt469f7/2026_FantasyFootball_0.4_elboberto.xlsm?rlkey=vk0kb2nhf2wel5453erzu4wo9&st=szgxu53i&dl=1,ElBoberto 2026 v0.4; workbook modified 2026-08-08T13:32:00Z,2026-09-01T00:59:51Z,FROZEN_CANONICAL_SAME_FAMILY_WORKBOOK_DIRECT_CAPTURE_INCOMPLETE,receptions|receiving_yards|receiving_touchdowns
Gardner Minshew II,Gardner Minshew II,ARI,QB,22.9,14.3,147.9,0.8,0.3,2.4,9.3,0.0,,,,0.1,9.7,9.246,source_only_exact_name_position,1.000,https://www.dropbox.com/scl/fi/jz9ao02y3xn61bbt469f7/2026_FantasyFootball_0.4_elboberto.xlsm?rlkey=vk0kb2nhf2wel5453erzu4wo9&st=szgxu53i&dl=1,ElBoberto 2026 v0.4; workbook modified 2026-08-08T13:32:00Z,2026-09-01T00:59:51Z,FROZEN_CANONICAL_SAME_FAMILY_WORKBOOK_DIRECT_CAPTURE_INCOMPLETE,receptions|receiving_yards|receiving_touchdowns
Cade Klubnik,Cade Klubnik,NYJ,QB,20.6,12.7,136.8,0.9,0.6,1.8,8.2,0.0,,,,0.1,9.4,8.492,source_only_exact_name_position,1.000,https://www.dropbox.com/scl/fi/jz9ao02y3xn61bbt469f7/2026_FantasyFootball_0.4_elboberto.xlsm?rlkey=vk0kb2nhf2wel5453erzu4wo9&st=szgxu53i&dl=1,ElBoberto 2026 v0.4; workbook modified 2026-08-08T13:32:00Z,2026-09-01T00:59:51Z,FROZEN_CANONICAL_SAME_FAMILY_WORKBOOK_DIRECT_CAPTURE_INCOMPLETE,receptions|receiving_yards|receiving_touchdowns
Adrian Martinez,Adrian Martinez,SF,QB,16.0,11.0,114.0,1.0,0.0,3.0,7.0,0.0,,,,0.0,9.3,9.260,source_only_exact_name_position,1.000,https://www.dropbox.com/scl/fi/jz9ao02y3xn61bbt469f7/2026_FantasyFootball_0.4_elboberto.xlsm?rlkey=vk0kb2nhf2wel5453erzu4wo9&st=szgxu53i&dl=1,ElBoberto 2026 v0.4; workbook modified 2026-08-08T13:32:00Z,2026-09-01T00:59:51Z,FROZEN_CANONICAL_SAME_FAMILY_WORKBOOK_DIRECT_CAPTURE_INCOMPLETE,receptions|receiving_yards|receiving_touchdowns
Garrett Nussmeier,Garrett Nussmeier,KC,QB,17.0,11.0,111.0,1.0,0.0,2.0,8.0,0.0,,,,0.0,9.2,9.240,source_only_exact_name_position,1.000,https://www.dropbox.com/scl/fi/jz9ao02y3xn61bbt469f7/2026_FantasyFootball_0.4_elboberto.xlsm?rlkey=vk0kb2nhf2wel5453erzu4wo9&st=szgxu53i&dl=1,ElBoberto 2026 v0.4; workbook modified 2026-08-08T13:32:00Z,2026-09-01T00:59:51Z,FROZEN_CANONICAL_SAME_FAMILY_WORKBOOK_DIRECT_CAPTURE_INCOMPLETE,receptions|receiving_yards|receiving_touchdowns
Cole Payton,Cole Payton,PHI,QB,14.0,9.0,105.0,1.0,0.0,2.0,10.0,0.0,,,,0.0,9.2,9.200,source_only_exact_name_position,1.000,https://www.dropbox.com/scl/fi/jz9ao02y3xn61bbt469f7/2026_FantasyFootball_0.4_elboberto.xlsm?rlkey=vk0kb2nhf2wel5453erzu4wo9&st=szgxu53i&dl=1,ElBoberto 2026 v0.4; workbook modified 2026-08-08T13:32:00Z,2026-09-01T00:59:51Z,FROZEN_CANONICAL_SAME_FAMILY_WORKBOOK_DIRECT_CAPTURE_INCOMPLETE,receptions|receiving_yards|receiving_touchdowns
Kyle Allen,Kyle Allen,BUF,QB,21.0,12.4,138.4,1.0,0.6,2.0,3.6,0.0,,,,0.1,9.1,8.496,source_only_exact_name_position,1.000,https://www.dropbox.com/scl/fi/jz9ao02y3xn61bbt469f7/2026_FantasyFootball_0.4_elboberto.xlsm?rlkey=vk0kb2nhf2wel5453erzu4wo9&st=szgxu53i&dl=1,ElBoberto 2026 v0.4; workbook modified 2026-08-08T13:32:00Z,2026-09-01T00:59:51Z,FROZEN_CANONICAL_SAME_FAMILY_WORKBOOK_DIRECT_CAPTURE_INCOMPLETE,receptions|receiving_yards|receiving_touchdowns
Mitchell Trubisky,Mitchell Trubisky,TEN,QB,23.3,13.5,138.5,0.8,0.4,2.6,4.7,0.0,,,,0.1,9.0,8.210,source_only_exact_name_position,1.000,https://www.dropbox.com/scl/fi/jz9ao02y3xn61bbt469f7/2026_FantasyFootball_0.4_elboberto.xlsm?rlkey=vk0kb2nhf2wel5453erzu4wo9&st=szgxu53i&dl=1,ElBoberto 2026 v0.4; workbook modified 2026-08-08T13:32:00Z,2026-09-01T00:59:51Z,FROZEN_CANONICAL_SAME_FAMILY_WORKBOOK_DIRECT_CAPTURE_INCOMPLETE,receptions|receiving_yards|receiving_touchdowns
Jalen Milroe,Jalen Milroe,SEA,QB,11.0,7.0,90.0,1.0,0.0,5.0,14.0,0.0,,,,0.0,9.0,9.000,source_only_exact_name_position,1.000,https://www.dropbox.com/scl/fi/jz9ao02y3xn61bbt469f7/2026_FantasyFootball_0.4_elboberto.xlsm?rlkey=vk0kb2nhf2wel5453erzu4wo9&st=szgxu53i&dl=1,ElBoberto 2026 v0.4; workbook modified 2026-08-08T13:32:00Z,2026-09-01T00:59:51Z,FROZEN_CANONICAL_SAME_FAMILY_WORKBOOK_DIRECT_CAPTURE_INCOMPLETE,receptions|receiving_yards|receiving_touchdowns
Drew Allar,Drew Allar,PIT,QB,16.0,10.0,101.0,1.0,0.0,2.0,8.0,0.0,,,,0.0,8.8,8.840,source_only_exact_name_position,1.000,https://www.dropbox.com/scl/fi/jz9ao02y3xn61bbt469f7/2026_FantasyFootball_0.4_elboberto.xlsm?rlkey=vk0kb2nhf2wel5453erzu4wo9&st=szgxu53i&dl=1,ElBoberto 2026 v0.4; workbook modified 2026-08-08T13:32:00Z,2026-09-01T00:59:51Z,FROZEN_CANONICAL_SAME_FAMILY_WORKBOOK_DIRECT_CAPTURE_INCOMPLETE,receptions|receiving_yards|receiving_touchdowns
Will Howard,Will Howard,PIT,QB,14.0,8.7,95.7,0.7,0.3,1.3,5.0,0.0,,,,0.0,6.7,6.528,source_only_exact_name_position,1.000,https://www.dropbox.com/scl/fi/jz9ao02y3xn61bbt469f7/2026_FantasyFootball_0.4_elboberto.xlsm?rlkey=vk0kb2nhf2wel5453erzu4wo9&st=szgxu53i&dl=1,ElBoberto 2026 v0.4; workbook modified 2026-08-08T13:32:00Z,2026-09-01T00:59:51Z,FROZEN_CANONICAL_SAME_FAMILY_WORKBOOK_DIRECT_CAPTURE_INCOMPLETE,receptions|receiving_yards|receiving_touchdowns
Brady Cook,Brady Cook,NYJ,QB,10.0,6.5,60.0,0.5,0.5,2.0,10.5,0.0,,,,0.0,5.0,4.450,source_only_exact_name_position,1.000,https://www.dropbox.com/scl/fi/jz9ao02y3xn61bbt469f7/2026_FantasyFootball_0.4_elboberto.xlsm?rlkey=vk0kb2nhf2wel5453erzu4wo9&st=szgxu53i&dl=1,ElBoberto 2026 v0.4; workbook modified 2026-08-08T13:32:00Z,2026-09-01T00:59:51Z,FROZEN_CANONICAL_SAME_FAMILY_WORKBOOK_DIRECT_CAPTURE_INCOMPLETE,receptions|receiving_yards|receiving_touchdowns
Josh Johnson,Josh Johnson,CIN,QB,0.0,0.0,0.0,0.0,0.0,0.0,0.0,0.0,,,,0.0,0.0,0.000,source_only_exact_name_position,1.000,https://www.dropbox.com/scl/fi/jz9ao02y3xn61bbt469f7/2026_FantasyFootball_0.4_elboberto.xlsm?rlkey=vk0kb2nhf2wel5453erzu4wo9&st=szgxu53i&dl=1,ElBoberto 2026 v0.4; workbook modified 2026-08-08T13:32:00Z,2026-09-01T00:59:51Z,FROZEN_CANONICAL_SAME_FAMILY_WORKBOOK_DIRECT_CAPTURE_INCOMPLETE,receptions|receiving_yards|receiving_touchdowns
Stetson Bennett IV,Stetson Bennett IV,LAR,QB,0.0,0.0,0.0,0.0,0.0,0.0,0.0,0.0,,,,0.0,0.0,0.000,source_only_exact_name_position,1.000,https://www.dropbox.com/scl/fi/jz9ao02y3xn61bbt469f7/2026_FantasyFootball_0.4_elboberto.xlsm?rlkey=vk0kb2nhf2wel5453erzu4wo9&st=szgxu53i&dl=1,ElBoberto 2026 v0.4; workbook modified 2026-08-08T13:32:00Z,2026-09-01T00:59:51Z,FROZEN_CANONICAL_SAME_FAMILY_WORKBOOK_DIRECT_CAPTURE_INCOMPLETE,receptions|receiving_yards|receiving_touchdowns
Aidan O'Connell,Aidan O'Connell,LV,QB,0.0,0.0,0.0,0.0,0.0,0.0,0.0,0.0,,,,0.0,0.0,0.000,source_only_exact_name_position,1.000,https://www.dropbox.com/scl/fi/jz9ao02y3xn61bbt469f7/2026_FantasyFootball_0.4_elboberto.xlsm?rlkey=vk0kb2nhf2wel5453erzu4wo9&st=szgxu53i&dl=1,ElBoberto 2026 v0.4; workbook modified 2026-08-08T13:32:00Z,2026-09-01T00:59:51Z,FROZEN_CANONICAL_SAME_FAMILY_WORKBOOK_DIRECT_CAPTURE_INCOMPLETE,receptions|receiving_yards|receiving_touchdowns
Jahmyr Gibbs,Jahmyr Gibbs,DET,RB,,,,,,274.4,1381.4,13.8,70.9,580.6,4.1,1.1,337.2,372.300,exact_name_position_team,1.000,https://www.dropbox.com/scl/fi/jz9ao02y3xn61bbt469f7/2026_FantasyFootball_0.4_elboberto.xlsm?rlkey=vk0kb2nhf2wel5453erzu4wo9&st=szgxu53i&dl=1,ElBoberto 2026 v0.4; workbook modified 2026-08-08T13:32:00Z,2026-09-01T00:59:51Z,FROZEN_CANONICAL_SAME_FAMILY_WORKBOOK_DIRECT_CAPTURE_INCOMPLETE,passing_attempts|passing_completions|passing_yards|passing_touchdowns|interceptions
Bijan Robinson,Bijan Robinson,ATL,RB,,,,,,289.6,1427.7,9.5,79.6,736.0,3.8,1.8,332.2,372.170,exact_name_position_team,1.000,https://www.dropbox.com/scl/fi/jz9ao02y3xn61bbt469f7/2026_FantasyFootball_0.4_elboberto.xlsm?rlkey=vk0kb2nhf2wel5453erzu4wo9&st=szgxu53i&dl=1,ElBoberto 2026 v0.4; workbook modified 2026-08-08T13:32:00Z,2026-09-01T00:59:51Z,FROZEN_CANONICAL_SAME_FAMILY_WORKBOOK_DIRECT_CAPTURE_INCOMPLETE,passing_attempts|passing_completions|passing_yards|passing_touchdowns|interceptions
Christian McCaffrey,Christian McCaffrey,SF,RB,,,,,,269.4,1093.6,8.7,78.4,694.1,4.6,1.1,295.7,334.770,exact_name_position_team,1.000,https://www.dropbox.com/scl/fi/jz9ao02y3xn61bbt469f7/2026_FantasyFootball_0.4_elboberto.xlsm?rlkey=vk0kb2nhf2wel5453erzu4wo9&st=szgxu53i&dl=1,ElBoberto 2026 v0.4; workbook modified 2026-08-08T13:32:00Z,2026-09-01T00:59:51Z,FROZEN_CANONICAL_SAME_FAMILY_WORKBOOK_DIRECT_CAPTURE_INCOMPLETE,passing_attempts|passing_completions|passing_yards|passing_touchdowns|interceptions
Jonathan Taylor,Jonathan Taylor,IND,RB,,,,,,327.7,1509.4,12.9,45.1,338.2,1.5,1.7,289.9,312.860,exact_name_position_team,1.000,https://www.dropbox.com/scl/fi/jz9ao02y3xn61bbt469f7/2026_FantasyFootball_0.4_elboberto.xlsm?rlkey=vk0kb2nhf2wel5453erzu4wo9&st=szgxu53i&dl=1,ElBoberto 2026 v0.4; workbook modified 2026-08-08T13:32:00Z,2026-09-01T00:59:51Z,FROZEN_CANONICAL_SAME_FAMILY_WORKBOOK_DIRECT_CAPTURE_INCOMPLETE,passing_attempts|passing_completions|passing_yards|passing_touchdowns|interceptions
Derrick Henry,Derrick Henry,BAL,RB,,,,,,314.0,1569.0,13.4,17.8,172.2,0.7,1.7,264.2,273.120,exact_name_position_team,1.000,https://www.dropbox.com/scl/fi/jz9ao02y3xn61bbt469f7/2026_FantasyFootball_0.4_elboberto.xlsm?rlkey=vk0kb2nhf2wel5453erzu4wo9&st=szgxu53i&dl=1,ElBoberto 2026 v0.4; workbook modified 2026-08-08T13:32:00Z,2026-09-01T00:59:51Z,FROZEN_CANONICAL_SAME_FAMILY_WORKBOOK_DIRECT_CAPTURE_INCOMPLETE,passing_attempts|passing_completions|passing_yards|passing_touchdowns|interceptions
De'Von Achane,De'Von Achane,MIA,RB,,,,,,237.9,1197.2,6.0,65.3,490.9,4.0,1.0,259.3,292.110,exact_name_position_team,1.000,https://www.dropbox.com/scl/fi/jz9ao02y3xn61bbt469f7/2026_FantasyFootball_0.4_elboberto.xlsm?rlkey=vk0kb2nhf2wel5453erzu4wo9&st=szgxu53i&dl=1,ElBoberto 2026 v0.4; workbook modified 2026-08-08T13:32:00Z,2026-09-01T00:59:51Z,FROZEN_CANONICAL_SAME_FAMILY_WORKBOOK_DIRECT_CAPTURE_INCOMPLETE,passing_attempts|passing_completions|passing_yards|passing_touchdowns|interceptions
James Cook,James Cook III,BUF,RB,,,,,,287.3,1403.2,10.3,33.3,281.7,1.9,2.4,253.5,270.190,normalized_name_position_team,0.995,https://www.dropbox.com/scl/fi/jz9ao02y3xn61bbt469f7/2026_FantasyFootball_0.4_elboberto.xlsm?rlkey=vk0kb2nhf2wel5453erzu4wo9&st=szgxu53i&dl=1,ElBoberto 2026 v0.4; workbook modified 2026-08-08T13:32:00Z,2026-09-01T00:59:51Z,FROZEN_CANONICAL_SAME_FAMILY_WORKBOOK_DIRECT_CAPTURE_INCOMPLETE,passing_attempts|passing_completions|passing_yards|passing_touchdowns|interceptions
Ashton Jeanty,Ashton Jeanty,LV,RB,,,,,,281.4,1107.5,8.0,58.7,414.2,3.3,1.1,247.5,276.470,exact_name_position_team,1.000,https://www.dropbox.com/scl/fi/jz9ao02y3xn61bbt469f7/2026_FantasyFootball_0.4_elboberto.xlsm?rlkey=vk0kb2nhf2wel5453erzu4wo9&st=szgxu53i&dl=1,ElBoberto 2026 v0.4; workbook modified 2026-08-08T13:32:00Z,2026-09-01T00:59:51Z,FROZEN_CANONICAL_SAME_FAMILY_WORKBOOK_DIRECT_CAPTURE_INCOMPLETE,passing_attempts|passing_completions|passing_yards|passing_touchdowns|interceptions
Chase Brown,Chase Brown,CIN,RB,,,,,,239.4,1040.5,7.8,64.1,427.9,3.9,1.1,247.1,278.940,exact_name_position_team,1.000,https://www.dropbox.com/scl/fi/jz9ao02y3xn61bbt469f7/2026_FantasyFootball_0.4_elboberto.xlsm?rlkey=vk0kb2nhf2wel5453erzu4wo9&st=szgxu53i&dl=1,ElBoberto 2026 v0.4; workbook modified 2026-08-08T13:32:00Z,2026-09-01T00:59:51Z,FROZEN_CANONICAL_SAME_FAMILY_WORKBOOK_DIRECT_CAPTURE_INCOMPLETE,passing_attempts|passing_completions|passing_yards|passing_touchdowns|interceptions
Saquon Barkley,Saquon Barkley,PHI,RB,,,,,,295.9,1310.7,8.2,42.0,330.4,2.1,1.0,245.1,265.910,exact_name_position_team,1.000,https://www.dropbox.com/scl/fi/jz9ao02y3xn61bbt469f7/2026_FantasyFootball_0.4_elboberto.xlsm?rlkey=vk0kb2nhf2wel5453erzu4wo9&st=szgxu53i&dl=1,ElBoberto 2026 v0.4; workbook modified 2026-08-08T13:32:00Z,2026-09-01T00:59:51Z,FROZEN_CANONICAL_SAME_FAMILY_WORKBOOK_DIRECT_CAPTURE_INCOMPLETE,passing_attempts|passing_completions|passing_yards|passing_touchdowns|interceptions
Josh Jacobs,Josh Jacobs,GB,RB,,,,,,288.8,1161.6,12.0,35.7,283.9,1.2,1.3,239.1,256.850,exact_name_position_team,1.000,https://www.dropbox.com/scl/fi/jz9ao02y3xn61bbt469f7/2026_FantasyFootball_0.4_elboberto.xlsm?rlkey=vk0kb2nhf2wel5453erzu4wo9&st=szgxu53i&dl=1,ElBoberto 2026 v0.4; workbook modified 2026-08-08T13:32:00Z,2026-09-01T00:59:51Z,FROZEN_CANONICAL_SAME_FAMILY_WORKBOOK_DIRECT_CAPTURE_INCOMPLETE,passing_attempts|passing_completions|passing_yards|passing_touchdowns|interceptions
Omarion Hampton,Omarion Hampton,LAC,RB,,,,,,249.1,1072.5,10.0,51.6,352.8,2.0,1.1,237.7,263.930,exact_name_position_team,1.000,https://www.dropbox.com/scl/fi/jz9ao02y3xn61bbt469f7/2026_FantasyFootball_0.4_elboberto.xlsm?rlkey=vk0kb2nhf2wel5453erzu4wo9&st=szgxu53i&dl=1,ElBoberto 2026 v0.4; workbook modified 2026-08-08T13:32:00Z,2026-09-01T00:59:51Z,FROZEN_CANONICAL_SAME_FAMILY_WORKBOOK_DIRECT_CAPTURE_INCOMPLETE,passing_attempts|passing_completions|passing_yards|passing_touchdowns|interceptions
Breece Hall,Breece Hall,NYJ,RB,,,,,,259.3,1159.0,6.5,47.4,411.3,2.2,1.7,229.8,253.230,exact_name_position_team,1.000,https://www.dropbox.com/scl/fi/jz9ao02y3xn61bbt469f7/2026_FantasyFootball_0.4_elboberto.xlsm?rlkey=vk0kb2nhf2wel5453erzu4wo9&st=szgxu53i&dl=1,ElBoberto 2026 v0.4; workbook modified 2026-08-08T13:32:00Z,2026-09-01T00:59:51Z,FROZEN_CANONICAL_SAME_FAMILY_WORKBOOK_DIRECT_CAPTURE_INCOMPLETE,passing_attempts|passing_completions|passing_yards|passing_touchdowns|interceptions
Kenneth Walker,Kenneth Walker III,KC,RB,,,,,,255.7,1158.8,8.3,45.1,346.8,1.2,0.9,228.7,250.860,normalized_name_position_team,0.995,https://www.dropbox.com/scl/fi/jz9ao02y3xn61bbt469f7/2026_FantasyFootball_0.4_elboberto.xlsm?rlkey=vk0kb2nhf2wel5453erzu4wo9&st=szgxu53i&dl=1,ElBoberto 2026 v0.4; workbook modified 2026-08-08T13:32:00Z,2026-09-01T00:59:51Z,FROZEN_CANONICAL_SAME_FAMILY_WORKBOOK_DIRECT_CAPTURE_INCOMPLETE,passing_attempts|passing_completions|passing_yards|passing_touchdowns|interceptions
Jeremiyah Love,Jeremiyah Love,ARI,RB,,,,,,238.3,1074.7,7.2,54.4,419.3,2.1,2.2,228.1,255.200,exact_name_position_team,1.000,https://www.dropbox.com/scl/fi/jz9ao02y3xn61bbt469f7/2026_FantasyFootball_0.4_elboberto.xlsm?rlkey=vk0kb2nhf2wel5453erzu4wo9&st=szgxu53i&dl=1,ElBoberto 2026 v0.4; workbook modified 2026-08-08T13:32:00Z,2026-09-01T00:59:51Z,FROZEN_CANONICAL_SAME_FAMILY_WORKBOOK_DIRECT_CAPTURE_INCOMPLETE,passing_attempts|passing_completions|passing_yards|passing_touchdowns|interceptions
Kyren Williams,Kyren Williams,LAR,RB,,,,,,240.2,1119.1,10.1,33.5,239.6,2.2,1.5,223.2,240.170,exact_name_position_team,1.000,https://www.dropbox.com/scl/fi/jz9ao02y3xn61bbt469f7/2026_FantasyFootball_0.4_elboberto.xlsm?rlkey=vk0kb2nhf2wel5453erzu4wo9&st=szgxu53i&dl=1,ElBoberto 2026 v0.4; workbook modified 2026-08-08T13:32:00Z,2026-09-01T00:59:51Z,FROZEN_CANONICAL_SAME_FAMILY_WORKBOOK_DIRECT_CAPTURE_INCOMPLETE,passing_attempts|passing_completions|passing_yards|passing_touchdowns|interceptions
Cam Skattebo,Cam Skattebo,NYG,RB,,,,,,243.4,1016.0,8.1,45.8,364.3,2.5,1.6,221.5,244.230,exact_name_position_team,1.000,https://www.dropbox.com/scl/fi/jz9ao02y3xn61bbt469f7/2026_FantasyFootball_0.4_elboberto.xlsm?rlkey=vk0kb2nhf2wel5453erzu4wo9&st=szgxu53i&dl=1,ElBoberto 2026 v0.4; workbook modified 2026-08-08T13:32:00Z,2026-09-01T00:59:51Z,FROZEN_CANONICAL_SAME_FAMILY_WORKBOOK_DIRECT_CAPTURE_INCOMPLETE,passing_attempts|passing_completions|passing_yards|passing_touchdowns|interceptions
Javonte Williams,Javonte Williams,DAL,RB,,,,,,255.5,1157.1,10.4,33.0,191.8,1.2,1.6,217.4,234.290,exact_name_position_team,1.000,https://www.dropbox.com/scl/fi/jz9ao02y3xn61bbt469f7/2026_FantasyFootball_0.4_elboberto.xlsm?rlkey=vk0kb2nhf2wel5453erzu4wo9&st=szgxu53i&dl=1,ElBoberto 2026 v0.4; workbook modified 2026-08-08T13:32:00Z,2026-09-01T00:59:51Z,FROZEN_CANONICAL_SAME_FAMILY_WORKBOOK_DIRECT_CAPTURE_INCOMPLETE,passing_attempts|passing_completions|passing_yards|passing_touchdowns|interceptions
Travis Etienne,Travis Etienne Jr.,NO,RB,,,,,,244.6,1036.7,5.4,44.9,351.5,3.0,1.0,209.6,232.120,normalized_name_position_team,0.995,https://www.dropbox.com/scl/fi/jz9ao02y3xn61bbt469f7/2026_FantasyFootball_0.4_elboberto.xlsm?rlkey=vk0kb2nhf2wel5453erzu4wo9&st=szgxu53i&dl=1,ElBoberto 2026 v0.4; workbook modified 2026-08-08T13:32:00Z,2026-09-01T00:59:51Z,FROZEN_CANONICAL_SAME_FAMILY_WORKBOOK_DIRECT_CAPTURE_INCOMPLETE,passing_attempts|passing_completions|passing_yards|passing_touchdowns|interceptions
D'Andre Swift,D'Andre Swift,CHI,RB,,,,,,233.1,1053.1,8.1,34.8,299.9,1.0,1.0,205.3,222.700,exact_name_position_team,1.000,https://www.dropbox.com/scl/fi/jz9ao02y3xn61bbt469f7/2026_FantasyFootball_0.4_elboberto.xlsm?rlkey=vk0kb2nhf2wel5453erzu4wo9&st=szgxu53i&dl=1,ElBoberto 2026 v0.4; workbook modified 2026-08-08T13:32:00Z,2026-09-01T00:59:51Z,FROZEN_CANONICAL_SAME_FAMILY_WORKBOOK_DIRECT_CAPTURE_INCOMPLETE,passing_attempts|passing_completions|passing_yards|passing_touchdowns|interceptions
Bucky Irving,Bucky Irving,TB,RB,,,,,,256.5,1021.2,6.1,39.9,336.8,2.3,1.0,204.0,224.100,exact_name_position_team,1.000,https://www.dropbox.com/scl/fi/jz9ao02y3xn61bbt469f7/2026_FantasyFootball_0.4_elboberto.xlsm?rlkey=vk0kb2nhf2wel5453erzu4wo9&st=szgxu53i&dl=1,ElBoberto 2026 v0.4; workbook modified 2026-08-08T13:32:00Z,2026-09-01T00:59:51Z,FROZEN_CANONICAL_SAME_FAMILY_WORKBOOK_DIRECT_CAPTURE_INCOMPLETE,passing_attempts|passing_completions|passing_yards|passing_touchdowns|interceptions
Quinshon Judkins,Quinshon Judkins,CLE,RB,,,,,,287.8,1094.1,7.7,30.9,214.6,0.6,0.9,194.5,209.770,exact_name_position_team,1.000,https://www.dropbox.com/scl/fi/jz9ao02y3xn61bbt469f7/2026_FantasyFootball_0.4_elboberto.xlsm?rlkey=vk0kb2nhf2wel5453erzu4wo9&st=szgxu53i&dl=1,ElBoberto 2026 v0.4; workbook modified 2026-08-08T13:32:00Z,2026-09-01T00:59:51Z,FROZEN_CANONICAL_SAME_FAMILY_WORKBOOK_DIRECT_CAPTURE_INCOMPLETE,passing_attempts|passing_completions|passing_yards|passing_touchdowns|interceptions
Bhayshul Tuten,Bhayshul Tuten,JAC,RB,,,,,,243.0,992.2,8.2,29.2,221.6,2.1,2.2,193.8,207.980,exact_name_position_team,1.000,https://www.dropbox.com/scl/fi/jz9ao02y3xn61bbt469f7/2026_FantasyFootball_0.4_elboberto.xlsm?rlkey=vk0kb2nhf2wel5453erzu4wo9&st=szgxu53i&dl=1,ElBoberto 2026 v0.4; workbook modified 2026-08-08T13:32:00Z,2026-09-01T00:59:51Z,FROZEN_CANONICAL_SAME_FAMILY_WORKBOOK_DIRECT_CAPTURE_INCOMPLETE,passing_attempts|passing_completions|passing_yards|passing_touchdowns|interceptions
TreVeyon Henderson,TreVeyon Henderson,NE,RB,,,,,,190.1,885.9,7.3,37.7,261.5,1.2,0.9,182.7,201.640,exact_name_position_team,1.000,https://www.dropbox.com/scl/fi/jz9ao02y3xn61bbt469f7/2026_FantasyFootball_0.4_elboberto.xlsm?rlkey=vk0kb2nhf2wel5453erzu4wo9&st=szgxu53i&dl=1,ElBoberto 2026 v0.4; workbook modified 2026-08-08T13:32:00Z,2026-09-01T00:59:51Z,FROZEN_CANONICAL_SAME_FAMILY_WORKBOOK_DIRECT_CAPTURE_INCOMPLETE,passing_attempts|passing_completions|passing_yards|passing_touchdowns|interceptions
David Montgomery,David Montgomery,HOU,RB,,,,,,225.8,937.6,7.3,30.5,226.2,0.5,1.0,176.8,191.680,exact_name_position_team,1.000,https://www.dropbox.com/scl/fi/jz9ao02y3xn61bbt469f7/2026_FantasyFootball_0.4_elboberto.xlsm?rlkey=vk0kb2nhf2wel5453erzu4wo9&st=szgxu53i&dl=1,ElBoberto 2026 v0.4; workbook modified 2026-08-08T13:32:00Z,2026-09-01T00:59:51Z,FROZEN_CANONICAL_SAME_FAMILY_WORKBOOK_DIRECT_CAPTURE_INCOMPLETE,passing_attempts|passing_completions|passing_yards|passing_touchdowns|interceptions
Jadarian Price,Jadarian Price,SEA,RB,,,,,,215.2,912.5,8.0,26.0,220.1,1.1,2.0,176.6,189.860,exact_name_position_team,1.000,https://www.dropbox.com/scl/fi/jz9ao02y3xn61bbt469f7/2026_FantasyFootball_0.4_elboberto.xlsm?rlkey=vk0kb2nhf2wel5453erzu4wo9&st=szgxu53i&dl=1,ElBoberto 2026 v0.4; workbook modified 2026-08-08T13:32:00Z,2026-09-01T00:59:51Z,FROZEN_CANONICAL_SAME_FAMILY_WORKBOOK_DIRECT_CAPTURE_INCOMPLETE,passing_attempts|passing_completions|passing_yards|passing_touchdowns|interceptions
Tony Pollard,Tony Pollard,TEN,RB,,,,,,238.8,1044.3,5.9,31.9,207.7,0.5,2.1,175.0,191.300,exact_name_position_team,1.000,https://www.dropbox.com/scl/fi/jz9ao02y3xn61bbt469f7/2026_FantasyFootball_0.4_elboberto.xlsm?rlkey=vk0kb2nhf2wel5453erzu4wo9&st=szgxu53i&dl=1,ElBoberto 2026 v0.4; workbook modified 2026-08-08T13:32:00Z,2026-09-01T00:59:51Z,FROZEN_CANONICAL_SAME_FAMILY_WORKBOOK_DIRECT_CAPTURE_INCOMPLETE,passing_attempts|passing_completions|passing_yards|passing_touchdowns|interceptions
Jaylen Warren,Jaylen Warren,PIT,RB,,,,,,188.0,826.2,4.8,42.0,321.0,1.8,0.9,173.7,194.520,exact_name_position_team,1.000,https://www.dropbox.com/scl/fi/jz9ao02y3xn61bbt469f7/2026_FantasyFootball_0.4_elboberto.xlsm?rlkey=vk0kb2nhf2wel5453erzu4wo9&st=szgxu53i&dl=1,ElBoberto 2026 v0.4; workbook modified 2026-08-08T13:32:00Z,2026-09-01T00:59:51Z,FROZEN_CANONICAL_SAME_FAMILY_WORKBOOK_DIRECT_CAPTURE_INCOMPLETE,passing_attempts|passing_completions|passing_yards|passing_touchdowns|interceptions
Rico Dowdle,Rico Dowdle,PIT,RB,,,,,,206.9,899.4,6.2,32.1,225.7,1.4,1.0,171.7,188.210,exact_name_position_team,1.000,https://www.dropbox.com/scl/fi/jz9ao02y3xn61bbt469f7/2026_FantasyFootball_0.4_elboberto.xlsm?rlkey=vk0kb2nhf2wel5453erzu4wo9&st=szgxu53i&dl=1,ElBoberto 2026 v0.4; workbook modified 2026-08-08T13:32:00Z,2026-09-01T00:59:51Z,FROZEN_CANONICAL_SAME_FAMILY_WORKBOOK_DIRECT_CAPTURE_INCOMPLETE,passing_attempts|passing_completions|passing_yards|passing_touchdowns|interceptions
Chuba Hubbard,Chuba Hubbard,CAR,RB,,,,,,207.3,834.2,5.4,36.4,260.7,1.8,1.4,168.2,186.290,exact_name_position_team,1.000,https://www.dropbox.com/scl/fi/jz9ao02y3xn61bbt469f7/2026_FantasyFootball_0.4_elboberto.xlsm?rlkey=vk0kb2nhf2wel5453erzu4wo9&st=szgxu53i&dl=1,ElBoberto 2026 v0.4; workbook modified 2026-08-08T13:32:00Z,2026-09-01T00:59:51Z,FROZEN_CANONICAL_SAME_FAMILY_WORKBOOK_DIRECT_CAPTURE_INCOMPLETE,passing_attempts|passing_completions|passing_yards|passing_touchdowns|interceptions
Rhamondre Stevenson,Rhamondre Stevenson,NE,RB,,,,,,168.5,733.6,6.5,36.8,309.8,1.6,2.1,167.5,185.540,exact_name_position_team,1.000,https://www.dropbox.com/scl/fi/jz9ao02y3xn61bbt469f7/2026_FantasyFootball_0.4_elboberto.xlsm?rlkey=vk0kb2nhf2wel5453erzu4wo9&st=szgxu53i&dl=1,ElBoberto 2026 v0.4; workbook modified 2026-08-08T13:32:00Z,2026-09-01T00:59:51Z,FROZEN_CANONICAL_SAME_FAMILY_WORKBOOK_DIRECT_CAPTURE_INCOMPLETE,passing_attempts|passing_completions|passing_yards|passing_touchdowns|interceptions
J.K. Dobbins,J.K. Dobbins,DEN,RB,,,,,,218.2,1021.1,6.6,17.7,94.3,0.6,0.7,161.8,171.040,exact_name_position_team,1.000,https://www.dropbox.com/scl/fi/jz9ao02y3xn61bbt469f7/2026_FantasyFootball_0.4_elboberto.xlsm?rlkey=vk0kb2nhf2wel5453erzu4wo9&st=szgxu53i&dl=1,ElBoberto 2026 v0.4; workbook modified 2026-08-08T13:32:00Z,2026-09-01T00:59:51Z,FROZEN_CANONICAL_SAME_FAMILY_WORKBOOK_DIRECT_CAPTURE_INCOMPLETE,passing_attempts|passing_completions|passing_yards|passing_touchdowns|interceptions
RJ Harvey,RJ Harvey,DEN,RB,,,,,,130.5,495.7,4.6,46.6,344.3,3.5,0.8,154.6,177.600,exact_name_position_team,1.000,https://www.dropbox.com/scl/fi/jz9ao02y3xn61bbt469f7/2026_FantasyFootball_0.4_elboberto.xlsm?rlkey=vk0kb2nhf2wel5453erzu4wo9&st=szgxu53i&dl=1,ElBoberto 2026 v0.4; workbook modified 2026-08-08T13:32:00Z,2026-09-01T00:59:51Z,FROZEN_CANONICAL_SAME_FAMILY_WORKBOOK_DIRECT_CAPTURE_INCOMPLETE,passing_attempts|passing_completions|passing_yards|passing_touchdowns|interceptions
Rachaad White,Rachaad White,WAS,RB,,,,,,140.2,618.6,5.4,38.9,262.4,1.6,0.8,147.8,167.400,exact_name_position_team,1.000,https://www.dropbox.com/scl/fi/jz9ao02y3xn61bbt469f7/2026_FantasyFootball_0.4_elboberto.xlsm?rlkey=vk0kb2nhf2wel5453erzu4wo9&st=szgxu53i&dl=1,ElBoberto 2026 v0.4; workbook modified 2026-08-08T13:32:00Z,2026-09-01T00:59:51Z,FROZEN_CANONICAL_SAME_FAMILY_WORKBOOK_DIRECT_CAPTURE_INCOMPLETE,passing_attempts|passing_completions|passing_yards|passing_touchdowns|interceptions
Aaron Jones,Aaron Jones Sr.,MIN,RB,,,,,,160.0,682.8,3.6,41.0,303.4,1.7,1.6,147.6,168.220,normalized_name_position_team,0.995,https://www.dropbox.com/scl/fi/jz9ao02y3xn61bbt469f7/2026_FantasyFootball_0.4_elboberto.xlsm?rlkey=vk0kb2nhf2wel5453erzu4wo9&st=szgxu53i&dl=1,ElBoberto 2026 v0.4; workbook modified 2026-08-08T13:32:00Z,2026-09-01T00:59:51Z,FROZEN_CANONICAL_SAME_FAMILY_WORKBOOK_DIRECT_CAPTURE_INCOMPLETE,passing_attempts|passing_completions|passing_yards|passing_touchdowns|interceptions
Kyle Monangai,Kyle Monangai,CHI,RB,,,,,,191.3,816.9,5.2,22.9,192.7,0.4,0.7,144.5,156.060,exact_name_position_team,1.000,https://www.dropbox.com/scl/fi/jz9ao02y3xn61bbt469f7/2026_FantasyFootball_0.4_elboberto.xlsm?rlkey=vk0kb2nhf2wel5453erzu4wo9&st=szgxu53i&dl=1,ElBoberto 2026 v0.4; workbook modified 2026-08-08T13:32:00Z,2026-09-01T00:59:51Z,FROZEN_CANONICAL_SAME_FAMILY_WORKBOOK_DIRECT_CAPTURE_INCOMPLETE,passing_attempts|passing_completions|passing_yards|passing_touchdowns|interceptions
Kenny Gainwell,Kenny Gainwell,TB,RB,,,,,,113.6,498.5,3.9,49.7,352.2,2.0,0.9,143.4,168.370,exact_name_position_team,1.000,https://www.dropbox.com/scl/fi/jz9ao02y3xn61bbt469f7/2026_FantasyFootball_0.4_elboberto.xlsm?rlkey=vk0kb2nhf2wel5453erzu4wo9&st=szgxu53i&dl=1,ElBoberto 2026 v0.4; workbook modified 2026-08-08T13:32:00Z,2026-09-01T00:59:51Z,FROZEN_CANONICAL_SAME_FAMILY_WORKBOOK_DIRECT_CAPTURE_INCOMPLETE,passing_attempts|passing_completions|passing_yards|passing_touchdowns|interceptions
Jacory Croskey-Merritt,Jacory Croskey-Merritt,WAS,RB,,,,,,182.6,821.1,7.5,11.2,79.5,0.2,1.7,138.0,144.060,exact_name_position_team,1.000,https://www.dropbox.com/scl/fi/jz9ao02y3xn61bbt469f7/2026_FantasyFootball_0.4_elboberto.xlsm?rlkey=vk0kb2nhf2wel5453erzu4wo9&st=szgxu53i&dl=1,ElBoberto 2026 v0.4; workbook modified 2026-08-08T13:32:00Z,2026-09-01T00:59:51Z,FROZEN_CANONICAL_SAME_FAMILY_WORKBOOK_DIRECT_CAPTURE_INCOMPLETE,passing_attempts|passing_completions|passing_yards|passing_touchdowns|interceptions
Jonathon Brooks,Jonathon Brooks,CAR,RB,,,,,,167.9,678.5,4.3,26.5,204.6,1.1,1.4,131.4,144.410,exact_name_position_team,1.000,https://www.dropbox.com/scl/fi/jz9ao02y3xn61bbt469f7/2026_FantasyFootball_0.4_elboberto.xlsm?rlkey=vk0kb2nhf2wel5453erzu4wo9&st=szgxu53i&dl=1,ElBoberto 2026 v0.4; workbook modified 2026-08-08T13:32:00Z,2026-09-01T00:59:51Z,FROZEN_CANONICAL_SAME_FAMILY_WORKBOOK_DIRECT_CAPTURE_INCOMPLETE,passing_attempts|passing_completions|passing_yards|passing_touchdowns|interceptions
Jordan Mason,Jordan Mason,MIN,RB,,,,,,182.0,828.8,5.8,14.5,75.8,0.1,1.0,131.3,138.360,exact_name_position_team,1.000,https://www.dropbox.com/scl/fi/jz9ao02y3xn61bbt469f7/2026_FantasyFootball_0.4_elboberto.xlsm?rlkey=vk0kb2nhf2wel5453erzu4wo9&st=szgxu53i&dl=1,ElBoberto 2026 v0.4; workbook modified 2026-08-08T13:32:00Z,2026-09-01T00:59:51Z,FROZEN_CANONICAL_SAME_FAMILY_WORKBOOK_DIRECT_CAPTURE_INCOMPLETE,passing_attempts|passing_completions|passing_yards|passing_touchdowns|interceptions
Blake Corum,Blake Corum,LAR,RB,,,,,,167.7,801.8,6.1,11.9,80.4,0.2,0.7,130.6,136.520,exact_name_position_team,1.000,https://www.dropbox.com/scl/fi/jz9ao02y3xn61bbt469f7/2026_FantasyFootball_0.4_elboberto.xlsm?rlkey=vk0kb2nhf2wel5453erzu4wo9&st=szgxu53i&dl=1,ElBoberto 2026 v0.4; workbook modified 2026-08-08T13:32:00Z,2026-09-01T00:59:51Z,FROZEN_CANONICAL_SAME_FAMILY_WORKBOOK_DIRECT_CAPTURE_INCOMPLETE,passing_attempts|passing_completions|passing_yards|passing_touchdowns|interceptions
Alvin Kamara,Alvin Kamara,NO,RB,,,,,,127.9,492.2,2.8,35.1,243.2,1.3,0.8,113.9,131.640,exact_name_position_team,1.000,https://www.dropbox.com/scl/fi/jz9ao02y3xn61bbt469f7/2026_FantasyFootball_0.4_elboberto.xlsm?rlkey=vk0kb2nhf2wel5453erzu4wo9&st=szgxu53i&dl=1,ElBoberto 2026 v0.4; workbook modified 2026-08-08T13:32:00Z,2026-09-01T00:59:51Z,FROZEN_CANONICAL_SAME_FAMILY_WORKBOOK_DIRECT_CAPTURE_INCOMPLETE,passing_attempts|passing_completions|passing_yards|passing_touchdowns|interceptions
Tyjae Spears,Tyjae Spears,TEN,RB,,,,,,92.1,367.6,2.9,45.9,305.5,1.2,0.7,113.4,136.410,exact_name_position_team,1.000,https://www.dropbox.com/scl/fi/jz9ao02y3xn61bbt469f7/2026_FantasyFootball_0.4_elboberto.xlsm?rlkey=vk0kb2nhf2wel5453erzu4wo9&st=szgxu53i&dl=1,ElBoberto 2026 v0.4; workbook modified 2026-08-08T13:32:00Z,2026-09-01T00:59:51Z,FROZEN_CANONICAL_SAME_FAMILY_WORKBOOK_DIRECT_CAPTURE_INCOMPLETE,passing_attempts|passing_completions|passing_yards|passing_touchdowns|interceptions
Zach Charbonnet,Zach Charbonnet,SEA,RB,,,,,,130.5,533.0,5.6,19.8,147.0,0.5,0.7,113.2,123.000,exact_name_position_team,1.000,https://www.dropbox.com/scl/fi/jz9ao02y3xn61bbt469f7/2026_FantasyFootball_0.4_elboberto.xlsm?rlkey=vk0kb2nhf2wel5453erzu4wo9&st=szgxu53i&dl=1,ElBoberto 2026 v0.4; workbook modified 2026-08-08T13:32:00Z,2026-09-01T00:59:51Z,FROZEN_CANONICAL_SAME_FAMILY_WORKBOOK_DIRECT_CAPTURE_INCOMPLETE,passing_attempts|passing_completions|passing_yards|passing_touchdowns|interceptions
Woody Marks,Woody Marks,HOU,RB,,,,,,142.6,556.1,2.7,24.0,197.7,1.8,0.8,112.3,124.780,exact_name_position_team,1.000,https://www.dropbox.com/scl/fi/jz9ao02y3xn61bbt469f7/2026_FantasyFootball_0.4_elboberto.xlsm?rlkey=vk0kb2nhf2wel5453erzu4wo9&st=szgxu53i&dl=1,ElBoberto 2026 v0.4; workbook modified 2026-08-08T13:32:00Z,2026-09-01T00:59:51Z,FROZEN_CANONICAL_SAME_FAMILY_WORKBOOK_DIRECT_CAPTURE_INCOMPLETE,passing_attempts|passing_completions|passing_yards|passing_touchdowns|interceptions
Tyrone Tracy,Tyrone Tracy Jr.,NYG,RB,,,,,,122.8,521.8,2.5,26.7,203.6,1.2,0.8,106.7,119.840,normalized_name_position_team,0.995,https://www.dropbox.com/scl/fi/jz9ao02y3xn61bbt469f7/2026_FantasyFootball_0.4_elboberto.xlsm?rlkey=vk0kb2nhf2wel5453erzu4wo9&st=szgxu53i&dl=1,ElBoberto 2026 v0.4; workbook modified 2026-08-08T13:32:00Z,2026-09-01T00:59:51Z,FROZEN_CANONICAL_SAME_FAMILY_WORKBOOK_DIRECT_CAPTURE_INCOMPLETE,passing_attempts|passing_completions|passing_yards|passing_touchdowns|interceptions
Isiah Pacheco,Isiah Pacheco,DET,RB,,,,,,139.2,581.7,3.5,21.1,136.2,0.6,0.8,105.4,115.890,exact_name_position_team,1.000,https://www.dropbox.com/scl/fi/jz9ao02y3xn61bbt469f7/2026_FantasyFootball_0.4_elboberto.xlsm?rlkey=vk0kb2nhf2wel5453erzu4wo9&st=szgxu53i&dl=1,ElBoberto 2026 v0.4; workbook modified 2026-08-08T13:32:00Z,2026-09-01T00:59:51Z,FROZEN_CANONICAL_SAME_FAMILY_WORKBOOK_DIRECT_CAPTURE_INCOMPLETE,passing_attempts|passing_completions|passing_yards|passing_touchdowns|interceptions
Justice Hill,Justice Hill,BAL,RB,,,,,,56.4,274.1,2.2,34.7,303.6,1.8,0.2,98.8,116.070,exact_name_position_team,1.000,https://www.dropbox.com/scl/fi/jz9ao02y3xn61bbt469f7/2026_FantasyFootball_0.4_elboberto.xlsm?rlkey=vk0kb2nhf2wel5453erzu4wo9&st=szgxu53i&dl=1,ElBoberto 2026 v0.4; workbook modified 2026-08-08T13:32:00Z,2026-09-01T00:59:51Z,FROZEN_CANONICAL_SAME_FAMILY_WORKBOOK_DIRECT_CAPTURE_INCOMPLETE,passing_attempts|passing_completions|passing_yards|passing_touchdowns|interceptions
Chris Rodriguez,Chris Rodriguez Jr.,JAC,RB,,,,,,133.8,553.1,5.1,5.4,42.5,0.1,0.6,92.1,94.960,normalized_name_position_team,0.995,https://www.dropbox.com/scl/fi/jz9ao02y3xn61bbt469f7/2026_FantasyFootball_0.4_elboberto.xlsm?rlkey=vk0kb2nhf2wel5453erzu4wo9&st=szgxu53i&dl=1,ElBoberto 2026 v0.4; workbook modified 2026-08-08T13:32:00Z,2026-09-01T00:59:51Z,FROZEN_CANONICAL_SAME_FAMILY_WORKBOOK_DIRECT_CAPTURE_INCOMPLETE,passing_attempts|passing_completions|passing_yards|passing_touchdowns|interceptions
Brian Robinson,Brian Robinson Jr.,ATL,RB,,,,,,129.8,565.1,4.3,6.9,43.0,0.1,0.7,89.7,92.710,normalized_name_position_team,0.995,https://www.dropbox.com/scl/fi/jz9ao02y3xn61bbt469f7/2026_FantasyFootball_0.4_elboberto.xlsm?rlkey=vk0kb2nhf2wel5453erzu4wo9&st=szgxu53i&dl=1,ElBoberto 2026 v0.4; workbook modified 2026-08-08T13:32:00Z,2026-09-01T00:59:51Z,FROZEN_CANONICAL_SAME_FAMILY_WORKBOOK_DIRECT_CAPTURE_INCOMPLETE,passing_attempts|passing_completions|passing_yards|passing_touchdowns|interceptions
Dylan Sampson,Dylan Sampson,CLE,RB,,,,,,72.8,250.8,1.3,35.2,278.9,2.1,1.2,88.7,106.170,exact_name_position_team,1.000,https://www.dropbox.com/scl/fi/jz9ao02y3xn61bbt469f7/2026_FantasyFootball_0.4_elboberto.xlsm?rlkey=vk0kb2nhf2wel5453erzu4wo9&st=szgxu53i&dl=1,ElBoberto 2026 v0.4; workbook modified 2026-08-08T13:32:00Z,2026-09-01T00:59:51Z,FROZEN_CANONICAL_SAME_FAMILY_WORKBOOK_DIRECT_CAPTURE_INCOMPLETE,passing_attempts|passing_completions|passing_yards|passing_touchdowns|interceptions
Samaje Perine,Samaje Perine,CIN,RB,,,,,,98.9,444.0,3.7,17.9,135.7,0.4,1.9,87.4,96.670,source_only_exact_name_position,1.000,https://www.dropbox.com/scl/fi/jz9ao02y3xn61bbt469f7/2026_FantasyFootball_0.4_elboberto.xlsm?rlkey=vk0kb2nhf2wel5453erzu4wo9&st=szgxu53i&dl=1,ElBoberto 2026 v0.4; workbook modified 2026-08-08T13:32:00Z,2026-09-01T00:59:51Z,FROZEN_CANONICAL_SAME_FAMILY_WORKBOOK_DIRECT_CAPTURE_INCOMPLETE,passing_attempts|passing_completions|passing_yards|passing_touchdowns|interceptions
Tyler Allgeier,Tyler Allgeier,ARI,RB,,,,,,111.7,425.1,4.2,17.1,108.4,0.2,0.6,86.8,95.650,exact_name_position_team,1.000,https://www.dropbox.com/scl/fi/jz9ao02y3xn61bbt469f7/2026_FantasyFootball_0.4_elboberto.xlsm?rlkey=vk0kb2nhf2wel5453erzu4wo9&st=szgxu53i&dl=1,ElBoberto 2026 v0.4; workbook modified 2026-08-08T13:32:00Z,2026-09-01T00:59:51Z,FROZEN_CANONICAL_SAME_FAMILY_WORKBOOK_DIRECT_CAPTURE_INCOMPLETE,passing_attempts|passing_completions|passing_yards|passing_touchdowns|interceptions
AJ Dillon,AJ Dillon,CAR,RB,,,,,,123.0,509.0,3.0,16.0,136.0,1.0,5.0,86.5,94.500,source_only_exact_name_position,1.000,https://www.dropbox.com/scl/fi/jz9ao02y3xn61bbt469f7/2026_FantasyFootball_0.4_elboberto.xlsm?rlkey=vk0kb2nhf2wel5453erzu4wo9&st=szgxu53i&dl=1,ElBoberto 2026 v0.4; workbook modified 2026-08-08T13:32:00Z,2026-09-01T00:59:51Z,FROZEN_CANONICAL_SAME_FAMILY_WORKBOOK_DIRECT_CAPTURE_INCOMPLETE,passing_attempts|passing_completions|passing_yards|passing_touchdowns|interceptions
Ty Johnson,Ty Johnson,BUF,RB,,,,,,51.6,218.4,2.0,24.9,251.0,2.1,0.2,83.8,96.040,source_only_exact_name_position,1.000,https://www.dropbox.com/scl/fi/jz9ao02y3xn61bbt469f7/2026_FantasyFootball_0.4_elboberto.xlsm?rlkey=vk0kb2nhf2wel5453erzu4wo9&st=szgxu53i&dl=1,ElBoberto 2026 v0.4; workbook modified 2026-08-08T13:32:00Z,2026-09-01T00:59:51Z,FROZEN_CANONICAL_SAME_FAMILY_WORKBOOK_DIRECT_CAPTURE_INCOMPLETE,passing_attempts|passing_completions|passing_yards|passing_touchdowns|interceptions
Jordan James,Jordan James,SF,RB,,,,,,100.1,407.1,3.1,16.1,148.0,0.7,1.2,83.7,92.010,source_only_exact_name_position,1.000,https://www.dropbox.com/scl/fi/jz9ao02y3xn61bbt469f7/2026_FantasyFootball_0.4_elboberto.xlsm?rlkey=vk0kb2nhf2wel5453erzu4wo9&st=szgxu53i&dl=1,ElBoberto 2026 v0.4; workbook modified 2026-08-08T13:32:00Z,2026-09-01T00:59:51Z,FROZEN_CANONICAL_SAME_FAMILY_WORKBOOK_DIRECT_CAPTURE_INCOMPLETE,passing_attempts|passing_completions|passing_yards|passing_touchdowns|interceptions
Braelon Allen,Braelon Allen,NYJ,RB,,,,,,97.3,391.3,4.0,12.9,93.8,0.7,1.7,79.5,86.210,exact_name_position_team,1.000,https://www.dropbox.com/scl/fi/jz9ao02y3xn61bbt469f7/2026_FantasyFootball_0.4_elboberto.xlsm?rlkey=vk0kb2nhf2wel5453erzu4wo9&st=szgxu53i&dl=1,ElBoberto 2026 v0.4; workbook modified 2026-08-08T13:32:00Z,2026-09-01T00:59:51Z,FROZEN_CANONICAL_SAME_FAMILY_WORKBOOK_DIRECT_CAPTURE_INCOMPLETE,passing_attempts|passing_completions|passing_yards|passing_touchdowns|interceptions
Emari Demercado,Emari Demercado,KC,RB,,,,,,76.8,426.4,1.7,16.3,118.9,0.8,1.7,74.4,82.430,source_only_exact_name_position,1.000,https://www.dropbox.com/scl/fi/jz9ao02y3xn61bbt469f7/2026_FantasyFootball_0.4_elboberto.xlsm?rlkey=vk0kb2nhf2wel5453erzu4wo9&st=szgxu53i&dl=1,ElBoberto 2026 v0.4; workbook modified 2026-08-08T13:32:00Z,2026-09-01T00:59:51Z,FROZEN_CANONICAL_SAME_FAMILY_WORKBOOK_DIRECT_CAPTURE_INCOMPLETE,passing_attempts|passing_completions|passing_yards|passing_touchdowns|interceptions
Mike Washington,Mike Washington Jr.,LV,RB,,,,,,92.8,352.5,2.1,15.2,121.4,0.6,0.7,70.1,77.390,normalized_name_position_team,0.995,https://www.dropbox.com/scl/fi/jz9ao02y3xn61bbt469f7/2026_FantasyFootball_0.4_elboberto.xlsm?rlkey=vk0kb2nhf2wel5453erzu4wo9&st=szgxu53i&dl=1,ElBoberto 2026 v0.4; workbook modified 2026-08-08T13:32:00Z,2026-09-01T00:59:51Z,FROZEN_CANONICAL_SAME_FAMILY_WORKBOOK_DIRECT_CAPTURE_INCOMPLETE,passing_attempts|passing_completions|passing_yards|passing_touchdowns|interceptions
Kaelon Black,Kaelon Black,SF,RB,,,,,,93.7,369.8,3.0,8.5,79.2,0.6,1.1,68.6,72.800,exact_name_position_team,1.000,https://www.dropbox.com/scl/fi/jz9ao02y3xn61bbt469f7/2026_FantasyFootball_0.4_elboberto.xlsm?rlkey=vk0kb2nhf2wel5453erzu4wo9&st=szgxu53i&dl=1,ElBoberto 2026 v0.4; workbook modified 2026-08-08T13:32:00Z,2026-09-01T00:59:51Z,FROZEN_CANONICAL_SAME_FAMILY_WORKBOOK_DIRECT_CAPTURE_INCOMPLETE,passing_attempts|passing_completions|passing_yards|passing_touchdowns|interceptions
Tank Bigsby,Tank Bigsby,PHI,RB,,,,,,85.6,419.1,3.2,3.3,29.3,0.1,0.2,65.6,67.540,exact_name_position_team,1.000,https://www.dropbox.com/scl/fi/jz9ao02y3xn61bbt469f7/2026_FantasyFootball_0.4_elboberto.xlsm?rlkey=vk0kb2nhf2wel5453erzu4wo9&st=szgxu53i&dl=1,ElBoberto 2026 v0.4; workbook modified 2026-08-08T13:32:00Z,2026-09-01T00:59:51Z,FROZEN_CANONICAL_SAME_FAMILY_WORKBOOK_DIRECT_CAPTURE_INCOMPLETE,passing_attempts|passing_completions|passing_yards|passing_touchdowns|interceptions
Keaton Mitchell,Keaton Mitchell,LAC,RB,,,,,,85.2,394.9,1.9,11.5,82.3,0.2,0.7,64.9,70.420,exact_name_position_team,1.000,https://www.dropbox.com/scl/fi/jz9ao02y3xn61bbt469f7/2026_FantasyFootball_0.4_elboberto.xlsm?rlkey=vk0kb2nhf2wel5453erzu4wo9&st=szgxu53i&dl=1,ElBoberto 2026 v0.4; workbook modified 2026-08-08T13:32:00Z,2026-09-01T00:59:51Z,FROZEN_CANONICAL_SAME_FAMILY_WORKBOOK_DIRECT_CAPTURE_INCOMPLETE,passing_attempts|passing_completions|passing_yards|passing_touchdowns|interceptions
Malik Davis,Malik Davis,DAL,RB,,,,,,79.6,373.1,2.7,6.6,52.3,0.1,0.1,62.4,65.740,source_only_exact_name_position,1.000,https://www.dropbox.com/scl/fi/jz9ao02y3xn61bbt469f7/2026_FantasyFootball_0.4_elboberto.xlsm?rlkey=vk0kb2nhf2wel5453erzu4wo9&st=szgxu53i&dl=1,ElBoberto 2026 v0.4; workbook modified 2026-08-08T13:32:00Z,2026-09-01T00:59:51Z,FROZEN_CANONICAL_SAME_FAMILY_WORKBOOK_DIRECT_CAPTURE_INCOMPLETE,passing_attempts|passing_completions|passing_yards|passing_touchdowns|interceptions
Adam Randall,Adam Randall,BAL,RB,,,,,,55.1,281.6,2.0,10.3,103.9,1.1,0.6,60.9,66.250,source_only_exact_name_position,1.000,https://www.dropbox.com/scl/fi/jz9ao02y3xn61bbt469f7/2026_FantasyFootball_0.4_elboberto.xlsm?rlkey=vk0kb2nhf2wel5453erzu4wo9&st=szgxu53i&dl=1,ElBoberto 2026 v0.4; workbook modified 2026-08-08T13:32:00Z,2026-09-01T00:59:51Z,FROZEN_CANONICAL_SAME_FAMILY_WORKBOOK_DIRECT_CAPTURE_INCOMPLETE,passing_attempts|passing_completions|passing_yards|passing_touchdowns|interceptions
Chris Brooks,Chris Brooks,GB,RB,,,,,,72.7,323.8,1.3,15.4,107.5,0.3,0.6,59.3,66.930,source_only_exact_name_position,1.000,https://www.dropbox.com/scl/fi/jz9ao02y3xn61bbt469f7/2026_FantasyFootball_0.4_elboberto.xlsm?rlkey=vk0kb2nhf2wel5453erzu4wo9&st=szgxu53i&dl=1,ElBoberto 2026 v0.4; workbook modified 2026-08-08T13:32:00Z,2026-09-01T00:59:51Z,FROZEN_CANONICAL_SAME_FAMILY_WORKBOOK_DIRECT_CAPTURE_INCOMPLETE,passing_attempts|passing_completions|passing_yards|passing_touchdowns|interceptions
Kimani Vidal,Kimani Vidal,LAC,RB,,,,,,62.2,251.0,1.6,11.9,104.3,0.7,0.1,55.1,61.030,source_only_exact_name_position,1.000,https://www.dropbox.com/scl/fi/jz9ao02y3xn61bbt469f7/2026_FantasyFootball_0.4_elboberto.xlsm?rlkey=vk0kb2nhf2wel5453erzu4wo9&st=szgxu53i&dl=1,ElBoberto 2026 v0.4; workbook modified 2026-08-08T13:32:00Z,2026-09-01T00:59:51Z,FROZEN_CANONICAL_SAME_FAMILY_WORKBOOK_DIRECT_CAPTURE_INCOMPLETE,passing_attempts|passing_completions|passing_yards|passing_touchdowns|interceptions
James Conner,James Conner,ARI,RB,,,,,,42.5,153.5,1.5,18.0,131.5,1.0,0.0,52.5,61.500,source_only_exact_name_position,1.000,https://www.dropbox.com/scl/fi/jz9ao02y3xn61bbt469f7/2026_FantasyFootball_0.4_elboberto.xlsm?rlkey=vk0kb2nhf2wel5453erzu4wo9&st=szgxu53i&dl=1,ElBoberto 2026 v0.4; workbook modified 2026-08-08T13:32:00Z,2026-09-01T00:59:51Z,FROZEN_CANONICAL_SAME_FAMILY_WORKBOOK_DIRECT_CAPTURE_INCOMPLETE,passing_attempts|passing_completions|passing_yards|passing_touchdowns|interceptions
Emanuel Wilson,Emanuel Wilson,SEA,RB,,,,,,69.7,290.0,1.7,7.7,52.1,0.0,0.5,47.4,51.110,source_only_exact_name_position,1.000,https://www.dropbox.com/scl/fi/jz9ao02y3xn61bbt469f7/2026_FantasyFootball_0.4_elboberto.xlsm?rlkey=vk0kb2nhf2wel5453erzu4wo9&st=szgxu53i&dl=1,ElBoberto 2026 v0.4; workbook modified 2026-08-08T13:32:00Z,2026-09-01T00:59:51Z,FROZEN_CANONICAL_SAME_FAMILY_WORKBOOK_DIRECT_CAPTURE_INCOMPLETE,passing_attempts|passing_completions|passing_yards|passing_touchdowns|interceptions
Jaylen Wright,Jaylen Wright,MIA,RB,,,,,,79.9,308.0,1.5,7.2,52.5,0.1,1.2,47.0,50.450,source_only_exact_name_position,1.000,https://www.dropbox.com/scl/fi/jz9ao02y3xn61bbt469f7/2026_FantasyFootball_0.4_elboberto.xlsm?rlkey=vk0kb2nhf2wel5453erzu4wo9&st=szgxu53i&dl=1,ElBoberto 2026 v0.4; workbook modified 2026-08-08T13:32:00Z,2026-09-01T00:59:51Z,FROZEN_CANONICAL_SAME_FAMILY_WORKBOOK_DIRECT_CAPTURE_INCOMPLETE,passing_attempts|passing_completions|passing_yards|passing_touchdowns|interceptions
Jawhar Jordan,Jawhar Jordan,HOU,RB,,,,,,51.3,219.0,1.1,11.0,86.5,0.5,0.5,44.8,50.150,source_only_exact_name_position,1.000,https://www.dropbox.com/scl/fi/jz9ao02y3xn61bbt469f7/2026_FantasyFootball_0.4_elboberto.xlsm?rlkey=vk0kb2nhf2wel5453erzu4wo9&st=szgxu53i&dl=1,ElBoberto 2026 v0.4; workbook modified 2026-08-08T13:32:00Z,2026-09-01T00:59:51Z,FROZEN_CANONICAL_SAME_FAMILY_WORKBOOK_DIRECT_CAPTURE_INCOMPLETE,passing_attempts|passing_completions|passing_yards|passing_touchdowns|interceptions
Kyle Juszczyk,Kyle Juszczyk,SF,RB,,,,,,4.2,10.3,0.1,23.7,209.2,1.5,0.1,43.0,55.050,source_only_exact_name_position,1.000,https://www.dropbox.com/scl/fi/jz9ao02y3xn61bbt469f7/2026_FantasyFootball_0.4_elboberto.xlsm?rlkey=vk0kb2nhf2wel5453erzu4wo9&st=szgxu53i&dl=1,ElBoberto 2026 v0.4; workbook modified 2026-08-08T13:32:00Z,2026-09-01T00:59:51Z,FROZEN_CANONICAL_SAME_FAMILY_WORKBOOK_DIRECT_CAPTURE_INCOMPLETE,passing_attempts|passing_completions|passing_yards|passing_touchdowns|interceptions
Jaydon Blue,Jaydon Blue,DAL,RB,,,,,,48.7,205.0,1.5,8.8,61.8,0.4,0.2,42.1,46.480,exact_name_position_team,1.000,https://www.dropbox.com/scl/fi/jz9ao02y3xn61bbt469f7/2026_FantasyFootball_0.4_elboberto.xlsm?rlkey=vk0kb2nhf2wel5453erzu4wo9&st=szgxu53i&dl=1,ElBoberto 2026 v0.4; workbook modified 2026-08-08T13:32:00Z,2026-09-01T00:59:51Z,FROZEN_CANONICAL_SAME_FAMILY_WORKBOOK_DIRECT_CAPTURE_INCOMPLETE,passing_attempts|passing_completions|passing_yards|passing_touchdowns|interceptions
MarShawn Lloyd,MarShawn Lloyd,GB,RB,,,,,,50.6,211.7,1.6,6.5,48.5,0.3,0.2,39.9,43.520,exact_name_position_team,1.000,https://www.dropbox.com/scl/fi/jz9ao02y3xn61bbt469f7/2026_FantasyFootball_0.4_elboberto.xlsm?rlkey=vk0kb2nhf2wel5453erzu4wo9&st=szgxu53i&dl=1,ElBoberto 2026 v0.4; workbook modified 2026-08-08T13:32:00Z,2026-09-01T00:59:51Z,FROZEN_CANONICAL_SAME_FAMILY_WORKBOOK_DIRECT_CAPTURE_INCOMPLETE,passing_attempts|passing_completions|passing_yards|passing_touchdowns|interceptions
Isaiah Davis,Isaiah Davis,NYJ,RB,,,,,,35.1,174.6,1.2,9.9,78.2,0.2,0.1,38.3,43.380,source_only_exact_name_position,1.000,https://www.dropbox.com/scl/fi/jz9ao02y3xn61bbt469f7/2026_FantasyFootball_0.4_elboberto.xlsm?rlkey=vk0kb2nhf2wel5453erzu4wo9&st=szgxu53i&dl=1,ElBoberto 2026 v0.4; workbook modified 2026-08-08T13:32:00Z,2026-09-01T00:59:51Z,FROZEN_CANONICAL_SAME_FAMILY_WORKBOOK_DIRECT_CAPTURE_INCOMPLETE,passing_attempts|passing_completions|passing_yards|passing_touchdowns|interceptions
George Holani,George Holani,SEA,RB,,,,,,38.9,164.2,1.5,8.0,62.2,0.3,0.2,37.1,41.040,source_only_exact_name_position,1.000,https://www.dropbox.com/scl/fi/jz9ao02y3xn61bbt469f7/2026_FantasyFootball_0.4_elboberto.xlsm?rlkey=vk0kb2nhf2wel5453erzu4wo9&st=szgxu53i&dl=1,ElBoberto 2026 v0.4; workbook modified 2026-08-08T13:32:00Z,2026-09-01T00:59:51Z,FROZEN_CANONICAL_SAME_FAMILY_WORKBOOK_DIRECT_CAPTURE_INCOMPLETE,passing_attempts|passing_completions|passing_yards|passing_touchdowns|interceptions
LeQuint Allen Jr.,LeQuint Allen Jr.,JAC,RB,,,,,,8.0,33.9,0.2,21.7,148.0,0.8,0.1,34.9,45.690,source_only_exact_name_position,1.000,https://www.dropbox.com/scl/fi/jz9ao02y3xn61bbt469f7/2026_FantasyFootball_0.4_elboberto.xlsm?rlkey=vk0kb2nhf2wel5453erzu4wo9&st=szgxu53i&dl=1,ElBoberto 2026 v0.4; workbook modified 2026-08-08T13:32:00Z,2026-09-01T00:59:51Z,FROZEN_CANONICAL_SAME_FAMILY_WORKBOOK_DIRECT_CAPTURE_INCOMPLETE,passing_attempts|passing_completions|passing_yards|passing_touchdowns|interceptions
Sean Tucker,Sean Tucker,TB,RB,,,,,,38.8,163.8,2.7,1.5,10.2,0.0,0.1,34.4,34.900,source_only_exact_name_position,1.000,https://www.dropbox.com/scl/fi/jz9ao02y3xn61bbt469f7/2026_FantasyFootball_0.4_elboberto.xlsm?rlkey=vk0kb2nhf2wel5453erzu4wo9&st=szgxu53i&dl=1,ElBoberto 2026 v0.4; workbook modified 2026-08-08T13:32:00Z,2026-09-01T00:59:51Z,FROZEN_CANONICAL_SAME_FAMILY_WORKBOOK_DIRECT_CAPTURE_INCOMPLETE,passing_attempts|passing_completions|passing_yards|passing_touchdowns|interceptions
Frank Gore Jr.,Frank Gore Jr.,BUF,RB,,,,,,37.0,174.0,2.0,3.0,26.0,0.0,0.0,33.5,35.000,source_only_exact_name_position,1.000,https://www.dropbox.com/scl/fi/jz9ao02y3xn61bbt469f7/2026_FantasyFootball_0.4_elboberto.xlsm?rlkey=vk0kb2nhf2wel5453erzu4wo9&st=szgxu53i&dl=1,ElBoberto 2026 v0.4; workbook modified 2026-08-08T13:32:00Z,2026-09-01T00:59:51Z,FROZEN_CANONICAL_SAME_FAMILY_WORKBOOK_DIRECT_CAPTURE_INCOMPLETE,passing_attempts|passing_completions|passing_yards|passing_touchdowns|interceptions
Roschon Johnson,Roschon Johnson,CHI,RB,,,,,,34.0,116.0,3.0,3.0,17.0,0.0,0.0,32.8,34.300,source_only_exact_name_position,1.000,https://www.dropbox.com/scl/fi/jz9ao02y3xn61bbt469f7/2026_FantasyFootball_0.4_elboberto.xlsm?rlkey=vk0kb2nhf2wel5453erzu4wo9&st=szgxu53i&dl=1,ElBoberto 2026 v0.4; workbook modified 2026-08-08T13:32:00Z,2026-09-01T00:59:51Z,FROZEN_CANONICAL_SAME_FAMILY_WORKBOOK_DIRECT_CAPTURE_INCOMPLETE,passing_attempts|passing_completions|passing_yards|passing_touchdowns|interceptions
Ollie Gordon,Ollie Gordon II,MIA,RB,,,,,,49.4,202.8,1.2,3.9,27.8,0.1,0.2,32.7,34.360,normalized_name_position_team,0.995,https://www.dropbox.com/scl/fi/jz9ao02y3xn61bbt469f7/2026_FantasyFootball_0.4_elboberto.xlsm?rlkey=vk0kb2nhf2wel5453erzu4wo9&st=szgxu53i&dl=1,ElBoberto 2026 v0.4; workbook modified 2026-08-08T13:32:00Z,2026-09-01T00:59:51Z,FROZEN_CANONICAL_SAME_FAMILY_WORKBOOK_DIRECT_CAPTURE_INCOMPLETE,passing_attempts|passing_completions|passing_yards|passing_touchdowns|interceptions
Ray Davis,Ray Davis,BUF,RB,,,,,,32.3,137.8,1.1,7.8,60.0,0.4,0.2,32.0,36.180,exact_name_position_team,1.000,https://www.dropbox.com/scl/fi/jz9ao02y3xn61bbt469f7/2026_FantasyFootball_0.4_elboberto.xlsm?rlkey=vk0kb2nhf2wel5453erzu4wo9&st=szgxu53i&dl=1,ElBoberto 2026 v0.4; workbook modified 2026-08-08T13:32:00Z,2026-09-01T00:59:51Z,FROZEN_CANONICAL_SAME_FAMILY_WORKBOOK_DIRECT_CAPTURE_INCOMPLETE,passing_attempts|passing_completions|passing_yards|passing_touchdowns|interceptions
Emmett Johnson,Emmett Johnson,KC,RB,,,,,,39.7,165.6,1.3,5.2,41.1,0.2,0.1,31.9,34.670,exact_name_position_team,1.000,https://www.dropbox.com/scl/fi/jz9ao02y3xn61bbt469f7/2026_FantasyFootball_0.4_elboberto.xlsm?rlkey=vk0kb2nhf2wel5453erzu4wo9&st=szgxu53i&dl=1,ElBoberto 2026 v0.4; workbook modified 2026-08-08T13:32:00Z,2026-09-01T00:59:51Z,FROZEN_CANONICAL_SAME_FAMILY_WORKBOOK_DIRECT_CAPTURE_INCOMPLETE,passing_attempts|passing_completions|passing_yards|passing_touchdowns|interceptions
DJ Giddens,DJ Giddens,IND,RB,,,,,,33.6,141.5,1.0,8.6,56.8,0.3,0.2,31.6,35.830,source_only_exact_name_position,1.000,https://www.dropbox.com/scl/fi/jz9ao02y3xn61bbt469f7/2026_FantasyFootball_0.4_elboberto.xlsm?rlkey=vk0kb2nhf2wel5453erzu4wo9&st=szgxu53i&dl=1,ElBoberto 2026 v0.4; workbook modified 2026-08-08T13:32:00Z,2026-09-01T00:59:51Z,FROZEN_CANONICAL_SAME_FAMILY_WORKBOOK_DIRECT_CAPTURE_INCOMPLETE,passing_attempts|passing_completions|passing_yards|passing_touchdowns|interceptions
Ty Chandler,Ty Chandler,NO,RB,,,,,,51.0,138.0,1.0,12.0,58.0,0.0,0.0,31.6,37.600,source_only_exact_name_position,1.000,https://www.dropbox.com/scl/fi/jz9ao02y3xn61bbt469f7/2026_FantasyFootball_0.4_elboberto.xlsm?rlkey=vk0kb2nhf2wel5453erzu4wo9&st=szgxu53i&dl=1,ElBoberto 2026 v0.4; workbook modified 2026-08-08T13:32:00Z,2026-09-01T00:59:51Z,FROZEN_CANONICAL_SAME_FAMILY_WORKBOOK_DIRECT_CAPTURE_INCOMPLETE,passing_attempts|passing_completions|passing_yards|passing_touchdowns|interceptions
Jonah Coleman,Jonah Coleman,DEN,RB,,,,,,28.3,118.4,0.9,8.1,58.6,0.3,0.1,28.7,32.800,exact_name_position_team,1.000,https://www.dropbox.com/scl/fi/jz9ao02y3xn61bbt469f7/2026_FantasyFootball_0.4_elboberto.xlsm?rlkey=vk0kb2nhf2wel5453erzu4wo9&st=szgxu53i&dl=1,ElBoberto 2026 v0.4; workbook modified 2026-08-08T13:32:00Z,2026-09-01T00:59:51Z,FROZEN_CANONICAL_SAME_FAMILY_WORKBOOK_DIRECT_CAPTURE_INCOMPLETE,passing_attempts|passing_completions|passing_yards|passing_touchdowns|interceptions
Brashard Smith,Brashard Smith,KC,RB,,,,,,25.0,89.5,0.5,10.5,71.0,0.5,0.0,27.3,32.550,source_only_exact_name_position,1.000,https://www.dropbox.com/scl/fi/jz9ao02y3xn61bbt469f7/2026_FantasyFootball_0.4_elboberto.xlsm?rlkey=vk0kb2nhf2wel5453erzu4wo9&st=szgxu53i&dl=1,ElBoberto 2026 v0.4; workbook modified 2026-08-08T13:32:00Z,2026-09-01T00:59:51Z,FROZEN_CANONICAL_SAME_FAMILY_WORKBOOK_DIRECT_CAPTURE_INCOMPLETE,passing_attempts|passing_completions|passing_yards|passing_touchdowns|interceptions
Phil Mafah,Phil Mafah,DAL,RB,,,,,,32.0,142.0,1.0,4.0,34.0,0.0,0.0,25.6,27.600,source_only_exact_name_position,1.000,https://www.dropbox.com/scl/fi/jz9ao02y3xn61bbt469f7/2026_FantasyFootball_0.4_elboberto.xlsm?rlkey=vk0kb2nhf2wel5453erzu4wo9&st=szgxu53i&dl=1,ElBoberto 2026 v0.4; workbook modified 2026-08-08T13:32:00Z,2026-09-01T00:59:51Z,FROZEN_CANONICAL_SAME_FAMILY_WORKBOOK_DIRECT_CAPTURE_INCOMPLETE,passing_attempts|passing_completions|passing_yards|passing_touchdowns|interceptions
Elijah Mitchell,Elijah Mitchell,PHI,RB,,,,,,35.0,159.0,1.0,2.0,22.0,0.0,0.0,25.1,26.100,source_only_exact_name_position,1.000,https://www.dropbox.com/scl/fi/jz9ao02y3xn61bbt469f7/2026_FantasyFootball_0.4_elboberto.xlsm?rlkey=vk0kb2nhf2wel5453erzu4wo9&st=szgxu53i&dl=1,ElBoberto 2026 v0.4; workbook modified 2026-08-08T13:32:00Z,2026-09-01T00:59:51Z,FROZEN_CANONICAL_SAME_FAMILY_WORKBOOK_DIRECT_CAPTURE_INCOMPLETE,passing_attempts|passing_completions|passing_yards|passing_touchdowns|interceptions
Jam Miller,Jam Miller,NE,RB,,,,,,34.0,156.0,1.0,2.0,25.0,0.0,0.0,25.1,26.100,source_only_exact_name_position,1.000,https://www.dropbox.com/scl/fi/jz9ao02y3xn61bbt469f7/2026_FantasyFootball_0.4_elboberto.xlsm?rlkey=vk0kb2nhf2wel5453erzu4wo9&st=szgxu53i&dl=1,ElBoberto 2026 v0.4; workbook modified 2026-08-08T13:32:00Z,2026-09-01T00:59:51Z,FROZEN_CANONICAL_SAME_FAMILY_WORKBOOK_DIRECT_CAPTURE_INCOMPLETE,passing_attempts|passing_completions|passing_yards|passing_touchdowns|interceptions
Jeremy McNichols,Jeremy McNichols,WAS,RB,,,,,,17.0,88.0,1.0,7.0,55.0,0.0,0.0,23.8,27.300,source_only_exact_name_position,1.000,https://www.dropbox.com/scl/fi/jz9ao02y3xn61bbt469f7/2026_FantasyFootball_0.4_elboberto.xlsm?rlkey=vk0kb2nhf2wel5453erzu4wo9&st=szgxu53i&dl=1,ElBoberto 2026 v0.4; workbook modified 2026-08-08T13:32:00Z,2026-09-01T00:59:51Z,FROZEN_CANONICAL_SAME_FAMILY_WORKBOOK_DIRECT_CAPTURE_INCOMPLETE,passing_attempts|passing_completions|passing_yards|passing_touchdowns|interceptions
Salvon Ahmed,Salvon Ahmed,CHI,RB,,,,,,35.0,152.0,1.0,1.0,12.0,0.0,0.0,22.9,23.400,source_only_exact_name_position,1.000,https://www.dropbox.com/scl/fi/jz9ao02y3xn61bbt469f7/2026_FantasyFootball_0.4_elboberto.xlsm?rlkey=vk0kb2nhf2wel5453erzu4wo9&st=szgxu53i&dl=1,ElBoberto 2026 v0.4; workbook modified 2026-08-08T13:32:00Z,2026-09-01T00:59:51Z,FROZEN_CANONICAL_SAME_FAMILY_WORKBOOK_DIRECT_CAPTURE_INCOMPLETE,passing_attempts|passing_completions|passing_yards|passing_touchdowns|interceptions
Israel Abanikanda,Israel Abanikanda,DAL,RB,,,,,,32.0,147.0,1.0,1.0,14.0,0.0,0.0,22.6,23.100,source_only_exact_name_position,1.000,https://www.dropbox.com/scl/fi/jz9ao02y3xn61bbt469f7/2026_FantasyFootball_0.4_elboberto.xlsm?rlkey=vk0kb2nhf2wel5453erzu4wo9&st=szgxu53i&dl=1,ElBoberto 2026 v0.4; workbook modified 2026-08-08T13:32:00Z,2026-09-01T00:59:51Z,FROZEN_CANONICAL_SAME_FAMILY_WORKBOOK_DIRECT_CAPTURE_INCOMPLETE,passing_attempts|passing_completions|passing_yards|passing_touchdowns|interceptions
Dameon Pierce,Dameon Pierce,PHI,RB,,,,,,35.0,161.0,1.0,0.0,0.0,0.0,0.0,22.1,22.100,source_only_exact_name_position,1.000,https://www.dropbox.com/scl/fi/jz9ao02y3xn61bbt469f7/2026_FantasyFootball_0.4_elboberto.xlsm?rlkey=vk0kb2nhf2wel5453erzu4wo9&st=szgxu53i&dl=1,ElBoberto 2026 v0.4; workbook modified 2026-08-08T13:32:00Z,2026-09-01T00:59:51Z,FROZEN_CANONICAL_SAME_FAMILY_WORKBOOK_DIRECT_CAPTURE_INCOMPLETE,passing_attempts|passing_completions|passing_yards|passing_touchdowns|interceptions
Audric Estime,Audric Estime,NO,RB,,,,,,30.0,122.0,1.0,3.0,24.0,0.0,0.0,22.1,23.600,source_only_exact_name_position,1.000,https://www.dropbox.com/scl/fi/jz9ao02y3xn61bbt469f7/2026_FantasyFootball_0.4_elboberto.xlsm?rlkey=vk0kb2nhf2wel5453erzu4wo9&st=szgxu53i&dl=1,ElBoberto 2026 v0.4; workbook modified 2026-08-08T13:32:00Z,2026-09-01T00:59:51Z,FROZEN_CANONICAL_SAME_FAMILY_WORKBOOK_DIRECT_CAPTURE_INCOMPLETE,passing_attempts|passing_completions|passing_yards|passing_touchdowns|interceptions
Demond Claiborne,Demond Claiborne,MIN,RB,,,,,,27.7,121.6,0.9,3.3,25.2,0.1,0.1,22.0,23.780,source_only_exact_name_position,1.000,https://www.dropbox.com/scl/fi/jz9ao02y3xn61bbt469f7/2026_FantasyFootball_0.4_elboberto.xlsm?rlkey=vk0kb2nhf2wel5453erzu4wo9&st=szgxu53i&dl=1,ElBoberto 2026 v0.4; workbook modified 2026-08-08T13:32:00Z,2026-09-01T00:59:51Z,FROZEN_CANONICAL_SAME_FAMILY_WORKBOOK_DIRECT_CAPTURE_INCOMPLETE,passing_attempts|passing_completions|passing_yards|passing_touchdowns|interceptions
Donovan Edwards,Donovan Edwards,MIA,RB,,,,,,31.0,130.0,1.0,2.0,19.0,0.0,0.0,21.9,22.900,source_only_exact_name_position,1.000,https://www.dropbox.com/scl/fi/jz9ao02y3xn61bbt469f7/2026_FantasyFootball_0.4_elboberto.xlsm?rlkey=vk0kb2nhf2wel5453erzu4wo9&st=szgxu53i&dl=1,ElBoberto 2026 v0.4; workbook modified 2026-08-08T13:32:00Z,2026-09-01T00:59:51Z,FROZEN_CANONICAL_SAME_FAMILY_WORKBOOK_DIRECT_CAPTURE_INCOMPLETE,passing_attempts|passing_completions|passing_yards|passing_touchdowns|interceptions
Will Shipley,Will Shipley,PHI,RB,,,,,,9.3,39.6,0.3,11.3,83.5,0.4,0.1,21.9,27.610,source_only_exact_name_position,1.000,https://www.dropbox.com/scl/fi/jz9ao02y3xn61bbt469f7/2026_FantasyFootball_0.4_elboberto.xlsm?rlkey=vk0kb2nhf2wel5453erzu4wo9&st=szgxu53i&dl=1,ElBoberto 2026 v0.4; workbook modified 2026-08-08T13:32:00Z,2026-09-01T00:59:51Z,FROZEN_CANONICAL_SAME_FAMILY_WORKBOOK_DIRECT_CAPTURE_INCOMPLETE,passing_attempts|passing_completions|passing_yards|passing_touchdowns|interceptions
Seth McGowan,Seth McGowan,IND,RB,,,,,,22.3,97.1,1.2,3.2,26.9,0.1,0.0,21.6,23.400,source_only_exact_name_position,1.000,https://www.dropbox.com/scl/fi/jz9ao02y3xn61bbt469f7/2026_FantasyFootball_0.4_elboberto.xlsm?rlkey=vk0kb2nhf2wel5453erzu4wo9&st=szgxu53i&dl=1,ElBoberto 2026 v0.4; workbook modified 2026-08-08T13:32:00Z,2026-09-01T00:59:51Z,FROZEN_CANONICAL_SAME_FAMILY_WORKBOOK_DIRECT_CAPTURE_INCOMPLETE,passing_attempts|passing_completions|passing_yards|passing_touchdowns|interceptions
Najee Harris,Najee Harris,LAC,RB,,,,,,28.0,126.0,1.0,2.0,18.0,0.0,0.0,21.4,22.400,source_only_exact_name_position,1.000,https://www.dropbox.com/scl/fi/jz9ao02y3xn61bbt469f7/2026_FantasyFootball_0.4_elboberto.xlsm?rlkey=vk0kb2nhf2wel5453erzu4wo9&st=szgxu53i&dl=1,ElBoberto 2026 v0.4; workbook modified 2026-08-08T13:32:00Z,2026-09-01T00:59:51Z,FROZEN_CANONICAL_SAME_FAMILY_WORKBOOK_DIRECT_CAPTURE_INCOMPLETE,passing_attempts|passing_completions|passing_yards|passing_touchdowns|interceptions
Hunter Luepke,Hunter Luepke,DAL,RB,,,,,,13.3,56.1,0.4,8.6,61.7,0.4,0.1,20.7,24.980,source_only_exact_name_position,1.000,https://www.dropbox.com/scl/fi/jz9ao02y3xn61bbt469f7/2026_FantasyFootball_0.4_elboberto.xlsm?rlkey=vk0kb2nhf2wel5453erzu4wo9&st=szgxu53i&dl=1,ElBoberto 2026 v0.4; workbook modified 2026-08-08T13:32:00Z,2026-09-01T00:59:51Z,FROZEN_CANONICAL_SAME_FAMILY_WORKBOOK_DIRECT_CAPTURE_INCOMPLETE,passing_attempts|passing_completions|passing_yards|passing_touchdowns|interceptions
Kaytron Allen,Kaytron Allen,WAS,RB,,,,,,23.6,110.8,0.7,3.1,25.4,0.1,0.0,19.9,21.520,exact_name_position_team,1.000,https://www.dropbox.com/scl/fi/jz9ao02y3xn61bbt469f7/2026_FantasyFootball_0.4_elboberto.xlsm?rlkey=vk0kb2nhf2wel5453erzu4wo9&st=szgxu53i&dl=1,ElBoberto 2026 v0.4; workbook modified 2026-08-08T13:32:00Z,2026-09-01T00:59:51Z,FROZEN_CANONICAL_SAME_FAMILY_WORKBOOK_DIRECT_CAPTURE_INCOMPLETE,passing_attempts|passing_completions|passing_yards|passing_touchdowns|interceptions
Tahj Brooks,Tahj Brooks,CIN,RB,,,,,,30.6,129.4,0.9,0.0,0.0,0.0,0.1,18.3,18.140,source_only_exact_name_position,1.000,https://www.dropbox.com/scl/fi/jz9ao02y3xn61bbt469f7/2026_FantasyFootball_0.4_elboberto.xlsm?rlkey=vk0kb2nhf2wel5453erzu4wo9&st=szgxu53i&dl=1,ElBoberto 2026 v0.4; workbook modified 2026-08-08T13:32:00Z,2026-09-01T00:59:51Z,FROZEN_CANONICAL_SAME_FAMILY_WORKBOOK_DIRECT_CAPTURE_INCOMPLETE,passing_attempts|passing_completions|passing_yards|passing_touchdowns|interceptions
Devin Neal,Devin Neal,NO,RB,,,,,,22.5,90.0,1.0,2.5,17.5,0.0,0.0,18.0,19.250,source_only_exact_name_position,1.000,https://www.dropbox.com/scl/fi/jz9ao02y3xn61bbt469f7/2026_FantasyFootball_0.4_elboberto.xlsm?rlkey=vk0kb2nhf2wel5453erzu4wo9&st=szgxu53i&dl=1,ElBoberto 2026 v0.4; workbook modified 2026-08-08T13:32:00Z,2026-09-01T00:59:51Z,FROZEN_CANONICAL_SAME_FAMILY_WORKBOOK_DIRECT_CAPTURE_INCOMPLETE,passing_attempts|passing_completions|passing_yards|passing_touchdowns|interceptions
Devin Singletary,Devin Singletary,NYG,RB,,,,,,22.3,89.2,0.6,4.2,26.3,0.1,0.1,17.7,19.750,source_only_exact_name_position,1.000,https://www.dropbox.com/scl/fi/jz9ao02y3xn61bbt469f7/2026_FantasyFootball_0.4_elboberto.xlsm?rlkey=vk0kb2nhf2wel5453erzu4wo9&st=szgxu53i&dl=1,ElBoberto 2026 v0.4; workbook modified 2026-08-08T13:32:00Z,2026-09-01T00:59:51Z,FROZEN_CANONICAL_SAME_FAMILY_WORKBOOK_DIRECT_CAPTURE_INCOMPLETE,passing_attempts|passing_completions|passing_yards|passing_touchdowns|interceptions
Nicholas Singleton,Nicholas Singleton,TEN,RB,,,,,,20.3,83.4,0.6,4.3,29.9,0.2,0.1,17.5,20.230,exact_name_position_team,1.000,https://www.dropbox.com/scl/fi/jz9ao02y3xn61bbt469f7/2026_FantasyFootball_0.4_elboberto.xlsm?rlkey=vk0kb2nhf2wel5453erzu4wo9&st=szgxu53i&dl=1,ElBoberto 2026 v0.4; workbook modified 2026-08-08T13:32:00Z,2026-09-01T00:59:51Z,FROZEN_CANONICAL_SAME_FAMILY_WORKBOOK_DIRECT_CAPTURE_INCOMPLETE,passing_attempts|passing_completions|passing_yards|passing_touchdowns|interceptions
Jerome Ford,Jerome Ford,WAS,RB,,,,,,17.5,97.0,0.5,4.0,24.0,0.0,0.0,17.1,19.100,source_only_exact_name_position,1.000,https://www.dropbox.com/scl/fi/jz9ao02y3xn61bbt469f7/2026_FantasyFootball_0.4_elboberto.xlsm?rlkey=vk0kb2nhf2wel5453erzu4wo9&st=szgxu53i&dl=1,ElBoberto 2026 v0.4; workbook modified 2026-08-08T13:32:00Z,2026-09-01T00:59:51Z,FROZEN_CANONICAL_SAME_FAMILY_WORKBOOK_DIRECT_CAPTURE_INCOMPLETE,passing_attempts|passing_completions|passing_yards|passing_touchdowns|interceptions
Tyler Badie,Tyler Badie,DEN,RB,,,,,,4.1,17.7,0.1,8.0,65.5,0.4,0.1,15.1,19.120,source_only_exact_name_position,1.000,https://www.dropbox.com/scl/fi/jz9ao02y3xn61bbt469f7/2026_FantasyFootball_0.4_elboberto.xlsm?rlkey=vk0kb2nhf2wel5453erzu4wo9&st=szgxu53i&dl=1,ElBoberto 2026 v0.4; workbook modified 2026-08-08T13:32:00Z,2026-09-01T00:59:51Z,FROZEN_CANONICAL_SAME_FAMILY_WORKBOOK_DIRECT_CAPTURE_INCOMPLETE,passing_attempts|passing_completions|passing_yards|passing_touchdowns|interceptions
Isaac Guerendo,Isaac Guerendo,SF,RB,,,,,,16.5,80.0,0.5,2.0,18.5,0.0,0.0,13.9,14.850,source_only_exact_name_position,1.000,https://www.dropbox.com/scl/fi/jz9ao02y3xn61bbt469f7/2026_FantasyFootball_0.4_elboberto.xlsm?rlkey=vk0kb2nhf2wel5453erzu4wo9&st=szgxu53i&dl=1,ElBoberto 2026 v0.4; workbook modified 2026-08-08T13:32:00Z,2026-09-01T00:59:51Z,FROZEN_CANONICAL_SAME_FAMILY_WORKBOOK_DIRECT_CAPTURE_INCOMPLETE,passing_attempts|passing_completions|passing_yards|passing_touchdowns|interceptions
Michael Burton,Michael Burton,CLE,RB,,,,,,6.6,13.3,0.6,5.1,32.2,0.6,0.0,13.8,16.850,source_only_exact_name_position,1.000,https://www.dropbox.com/scl/fi/jz9ao02y3xn61bbt469f7/2026_FantasyFootball_0.4_elboberto.xlsm?rlkey=vk0kb2nhf2wel5453erzu4wo9&st=szgxu53i&dl=1,ElBoberto 2026 v0.4; workbook modified 2026-08-08T13:32:00Z,2026-09-01T00:59:51Z,FROZEN_CANONICAL_SAME_FAMILY_WORKBOOK_DIRECT_CAPTURE_INCOMPLETE,passing_attempts|passing_completions|passing_yards|passing_touchdowns|interceptions
Trevor Etienne,Trevor Etienne,CAR,RB,,,,,,12.3,52.5,0.3,4.1,29.7,0.2,0.1,12.8,15.120,source_only_exact_name_position,1.000,https://www.dropbox.com/scl/fi/jz9ao02y3xn61bbt469f7/2026_FantasyFootball_0.4_elboberto.xlsm?rlkey=vk0kb2nhf2wel5453erzu4wo9&st=szgxu53i&dl=1,ElBoberto 2026 v0.4; workbook modified 2026-08-08T13:32:00Z,2026-09-01T00:59:51Z,FROZEN_CANONICAL_SAME_FAMILY_WORKBOOK_DIRECT_CAPTURE_INCOMPLETE,passing_attempts|passing_completions|passing_yards|passing_touchdowns|interceptions
Andrew Beck,Andrew Beck,NYJ,RB,,,,,,0.5,4.0,0.0,4.6,31.6,1.1,0.0,12.5,14.760,source_only_exact_name_position,1.000,https://www.dropbox.com/scl/fi/jz9ao02y3xn61bbt469f7/2026_FantasyFootball_0.4_elboberto.xlsm?rlkey=vk0kb2nhf2wel5453erzu4wo9&st=szgxu53i&dl=1,ElBoberto 2026 v0.4; workbook modified 2026-08-08T13:32:00Z,2026-09-01T00:59:51Z,FROZEN_CANONICAL_SAME_FAMILY_WORKBOOK_DIRECT_CAPTURE_INCOMPLETE,passing_attempts|passing_completions|passing_yards|passing_touchdowns|interceptions
Alec Ingold,Alec Ingold,LAC,RB,,,,,,2.1,8.6,0.1,7.9,58.3,0.2,0.1,12.4,16.190,source_only_exact_name_position,1.000,https://www.dropbox.com/scl/fi/jz9ao02y3xn61bbt469f7/2026_FantasyFootball_0.4_elboberto.xlsm?rlkey=vk0kb2nhf2wel5453erzu4wo9&st=szgxu53i&dl=1,ElBoberto 2026 v0.4; workbook modified 2026-08-08T13:32:00Z,2026-09-01T00:59:51Z,FROZEN_CANONICAL_SAME_FAMILY_WORKBOOK_DIRECT_CAPTURE_INCOMPLETE,passing_attempts|passing_completions|passing_yards|passing_touchdowns|interceptions
Adam Prentice,Adam Prentice,DEN,RB,,,,,,4.1,17.4,0.1,4.1,29.8,0.2,0.0,8.4,10.620,source_only_exact_name_position,1.000,https://www.dropbox.com/scl/fi/jz9ao02y3xn61bbt469f7/2026_FantasyFootball_0.4_elboberto.xlsm?rlkey=vk0kb2nhf2wel5453erzu4wo9&st=szgxu53i&dl=1,ElBoberto 2026 v0.4; workbook modified 2026-08-08T13:32:00Z,2026-09-01T00:59:51Z,FROZEN_CANONICAL_SAME_FAMILY_WORKBOOK_DIRECT_CAPTURE_INCOMPLETE,passing_attempts|passing_completions|passing_yards|passing_touchdowns|interceptions
Connor Heyward,Connor Heyward,LV,RB,,,,,,4.2,17.6,0.1,4.0,28.9,0.2,0.0,8.2,10.450,source_only_exact_name_position,1.000,https://www.dropbox.com/scl/fi/jz9ao02y3xn61bbt469f7/2026_FantasyFootball_0.4_elboberto.xlsm?rlkey=vk0kb2nhf2wel5453erzu4wo9&st=szgxu53i&dl=1,ElBoberto 2026 v0.4; workbook modified 2026-08-08T13:32:00Z,2026-09-01T00:59:51Z,FROZEN_CANONICAL_SAME_FAMILY_WORKBOOK_DIRECT_CAPTURE_INCOMPLETE,passing_attempts|passing_completions|passing_yards|passing_touchdowns|interceptions
Max Bredeson,Max Bredeson,MIN,RB,,,,,,2.0,8.5,0.1,4.5,29.4,0.2,0.0,7.4,10.090,source_only_exact_name_position,1.000,https://www.dropbox.com/scl/fi/jz9ao02y3xn61bbt469f7/2026_FantasyFootball_0.4_elboberto.xlsm?rlkey=vk0kb2nhf2wel5453erzu4wo9&st=szgxu53i&dl=1,ElBoberto 2026 v0.4; workbook modified 2026-08-08T13:32:00Z,2026-09-01T00:59:51Z,FROZEN_CANONICAL_SAME_FAMILY_WORKBOOK_DIRECT_CAPTURE_INCOMPLETE,passing_attempts|passing_completions|passing_yards|passing_touchdowns|interceptions
Kendre Miller,Kendre Miller,NO,RB,,,,,,12.9,54.8,0.3,0.0,0.0,0.0,0.0,7.2,7.280,source_only_exact_name_position,1.000,https://www.dropbox.com/scl/fi/jz9ao02y3xn61bbt469f7/2026_FantasyFootball_0.4_elboberto.xlsm?rlkey=vk0kb2nhf2wel5453erzu4wo9&st=szgxu53i&dl=1,ElBoberto 2026 v0.4; workbook modified 2026-08-08T13:32:00Z,2026-09-01T00:59:51Z,FROZEN_CANONICAL_SAME_FAMILY_WORKBOOK_DIRECT_CAPTURE_INCOMPLETE,passing_attempts|passing_completions|passing_yards|passing_touchdowns|interceptions
Riley Nowakowski,Riley Nowakowski,PIT,RB,,,,,,0.0,0.0,0.0,4.3,29.1,0.2,0.0,6.0,8.410,source_only_exact_name_position,1.000,https://www.dropbox.com/scl/fi/jz9ao02y3xn61bbt469f7/2026_FantasyFootball_0.4_elboberto.xlsm?rlkey=vk0kb2nhf2wel5453erzu4wo9&st=szgxu53i&dl=1,ElBoberto 2026 v0.4; workbook modified 2026-08-08T13:32:00Z,2026-09-01T00:59:51Z,FROZEN_CANONICAL_SAME_FAMILY_WORKBOOK_DIRECT_CAPTURE_INCOMPLETE,passing_attempts|passing_completions|passing_yards|passing_touchdowns|interceptions
Reggie Gilliam,Reggie Gilliam,NE,RB,,,,,,0.0,0.0,0.0,4.1,29.8,0.2,0.0,5.9,8.280,source_only_exact_name_position,1.000,https://www.dropbox.com/scl/fi/jz9ao02y3xn61bbt469f7/2026_FantasyFootball_0.4_elboberto.xlsm?rlkey=vk0kb2nhf2wel5453erzu4wo9&st=szgxu53i&dl=1,ElBoberto 2026 v0.4; workbook modified 2026-08-08T13:32:00Z,2026-09-01T00:59:51Z,FROZEN_CANONICAL_SAME_FAMILY_WORKBOOK_DIRECT_CAPTURE_INCOMPLETE,passing_attempts|passing_completions|passing_yards|passing_touchdowns|interceptions
Patrick Ricard,Patrick Ricard,NYG,RB,,,,,,0.0,0.0,0.0,4.0,26.9,0.1,0.0,5.5,7.290,source_only_exact_name_position,1.000,https://www.dropbox.com/scl/fi/jz9ao02y3xn61bbt469f7/2026_FantasyFootball_0.4_elboberto.xlsm?rlkey=vk0kb2nhf2wel5453erzu4wo9&st=szgxu53i&dl=1,ElBoberto 2026 v0.4; workbook modified 2026-08-08T13:32:00Z,2026-09-01T00:59:51Z,FROZEN_CANONICAL_SAME_FAMILY_WORKBOOK_DIRECT_CAPTURE_INCOMPLETE,passing_attempts|passing_completions|passing_yards|passing_touchdowns|interceptions
Kaleb Johnson,Kaleb Johnson,PIT,RB,,,,,,8.6,35.8,0.2,0.0,0.0,0.0,0.0,4.8,4.780,source_only_exact_name_position,1.000,https://www.dropbox.com/scl/fi/jz9ao02y3xn61bbt469f7/2026_FantasyFootball_0.4_elboberto.xlsm?rlkey=vk0kb2nhf2wel5453erzu4wo9&st=szgxu53i&dl=1,ElBoberto 2026 v0.4; workbook modified 2026-08-08T13:32:00Z,2026-09-01T00:59:51Z,FROZEN_CANONICAL_SAME_FAMILY_WORKBOOK_DIRECT_CAPTURE_INCOMPLETE,passing_attempts|passing_completions|passing_yards|passing_touchdowns|interceptions
British Brooks,British Brooks,HOU,RB,,,,,,4.2,18.0,0.1,0.0,0.0,0.0,0.0,2.4,2.400,source_only_exact_name_position,1.000,https://www.dropbox.com/scl/fi/jz9ao02y3xn61bbt469f7/2026_FantasyFootball_0.4_elboberto.xlsm?rlkey=vk0kb2nhf2wel5453erzu4wo9&st=szgxu53i&dl=1,ElBoberto 2026 v0.4; workbook modified 2026-08-08T13:32:00Z,2026-09-01T00:59:51Z,FROZEN_CANONICAL_SAME_FAMILY_WORKBOOK_DIRECT_CAPTURE_INCOMPLETE,passing_attempts|passing_completions|passing_yards|passing_touchdowns|interceptions
DeeJay Dallas,DeeJay Dallas,JAC,RB,,,,,,0.0,0.0,0.0,0.0,0.0,0.0,0.0,0.0,0.000,source_only_exact_name_position,1.000,https://www.dropbox.com/scl/fi/jz9ao02y3xn61bbt469f7/2026_FantasyFootball_0.4_elboberto.xlsm?rlkey=vk0kb2nhf2wel5453erzu4wo9&st=szgxu53i&dl=1,ElBoberto 2026 v0.4; workbook modified 2026-08-08T13:32:00Z,2026-09-01T00:59:51Z,FROZEN_CANONICAL_SAME_FAMILY_WORKBOOK_DIRECT_CAPTURE_INCOMPLETE,passing_attempts|passing_completions|passing_yards|passing_touchdowns|interceptions
Kene Nwangwu,Kene Nwangwu,NYJ,RB,,,,,,0.0,0.0,0.0,0.0,0.0,0.0,0.0,0.0,0.000,source_only_exact_name_position,1.000,https://www.dropbox.com/scl/fi/jz9ao02y3xn61bbt469f7/2026_FantasyFootball_0.4_elboberto.xlsm?rlkey=vk0kb2nhf2wel5453erzu4wo9&st=szgxu53i&dl=1,ElBoberto 2026 v0.4; workbook modified 2026-08-08T13:32:00Z,2026-09-01T00:59:51Z,FROZEN_CANONICAL_SAME_FAMILY_WORKBOOK_DIRECT_CAPTURE_INCOMPLETE,passing_attempts|passing_completions|passing_yards|passing_touchdowns|interceptions
Bam Knight,Bam Knight,ARI,RB,,,,,,0.0,0.0,0.0,0.0,0.0,0.0,0.0,0.0,0.000,source_only_exact_name_position,1.000,https://www.dropbox.com/scl/fi/jz9ao02y3xn61bbt469f7/2026_FantasyFootball_0.4_elboberto.xlsm?rlkey=vk0kb2nhf2wel5453erzu4wo9&st=szgxu53i&dl=1,ElBoberto 2026 v0.4; workbook modified 2026-08-08T13:32:00Z,2026-09-01T00:59:51Z,FROZEN_CANONICAL_SAME_FAMILY_WORKBOOK_DIRECT_CAPTURE_INCOMPLETE,passing_attempts|passing_completions|passing_yards|passing_touchdowns|interceptions
Trey Benson,Trey Benson,ARI,RB,,,,,,0.0,0.0,0.0,0.0,0.0,0.0,0.0,0.0,0.000,source_only_exact_name_position,1.000,https://www.dropbox.com/scl/fi/jz9ao02y3xn61bbt469f7/2026_FantasyFootball_0.4_elboberto.xlsm?rlkey=vk0kb2nhf2wel5453erzu4wo9&st=szgxu53i&dl=1,ElBoberto 2026 v0.4; workbook modified 2026-08-08T13:32:00Z,2026-09-01T00:59:51Z,FROZEN_CANONICAL_SAME_FAMILY_WORKBOOK_DIRECT_CAPTURE_INCOMPLETE,passing_attempts|passing_completions|passing_yards|passing_touchdowns|interceptions
Jacob Saylors,Jacob Saylors,DET,RB,,,,,,0.0,0.0,0.0,0.0,0.0,0.0,0.0,0.0,0.000,source_only_exact_name_position,1.000,https://www.dropbox.com/scl/fi/jz9ao02y3xn61bbt469f7/2026_FantasyFootball_0.4_elboberto.xlsm?rlkey=vk0kb2nhf2wel5453erzu4wo9&st=szgxu53i&dl=1,ElBoberto 2026 v0.4; workbook modified 2026-08-08T13:32:00Z,2026-09-01T00:59:51Z,FROZEN_CANONICAL_SAME_FAMILY_WORKBOOK_DIRECT_CAPTURE_INCOMPLETE,passing_attempts|passing_completions|passing_yards|passing_touchdowns|interceptions
Zavier Scott,Zavier Scott,MIN,RB,,,,,,0.0,0.0,0.0,0.0,0.0,0.0,0.0,0.0,0.000,source_only_exact_name_position,1.000,https://www.dropbox.com/scl/fi/jz9ao02y3xn61bbt469f7/2026_FantasyFootball_0.4_elboberto.xlsm?rlkey=vk0kb2nhf2wel5453erzu4wo9&st=szgxu53i&dl=1,ElBoberto 2026 v0.4; workbook modified 2026-08-08T13:32:00Z,2026-09-01T00:59:51Z,FROZEN_CANONICAL_SAME_FAMILY_WORKBOOK_DIRECT_CAPTURE_INCOMPLETE,passing_attempts|passing_completions|passing_yards|passing_touchdowns|interceptions
Rasheen Ali,Rasheen Ali,BAL,RB,,,,,,0.0,0.0,0.0,0.0,0.0,0.0,0.0,0.0,0.000,source_only_exact_name_position,1.000,https://www.dropbox.com/scl/fi/jz9ao02y3xn61bbt469f7/2026_FantasyFootball_0.4_elboberto.xlsm?rlkey=vk0kb2nhf2wel5453erzu4wo9&st=szgxu53i&dl=1,ElBoberto 2026 v0.4; workbook modified 2026-08-08T13:32:00Z,2026-09-01T00:59:51Z,FROZEN_CANONICAL_SAME_FAMILY_WORKBOOK_DIRECT_CAPTURE_INCOMPLETE,passing_attempts|passing_completions|passing_yards|passing_touchdowns|interceptions
Dylan Laube,Dylan Laube,LV,RB,,,,,,0.0,0.0,0.0,0.0,0.0,0.0,0.0,0.0,0.000,source_only_exact_name_position,1.000,https://www.dropbox.com/scl/fi/jz9ao02y3xn61bbt469f7/2026_FantasyFootball_0.4_elboberto.xlsm?rlkey=vk0kb2nhf2wel5453erzu4wo9&st=szgxu53i&dl=1,ElBoberto 2026 v0.4; workbook modified 2026-08-08T13:32:00Z,2026-09-01T00:59:51Z,FROZEN_CANONICAL_SAME_FAMILY_WORKBOOK_DIRECT_CAPTURE_INCOMPLETE,passing_attempts|passing_completions|passing_yards|passing_touchdowns|interceptions
Chris Collier,Chris Collier,LV,RB,,,,,,0.0,0.0,0.0,0.0,0.0,0.0,0.0,0.0,0.000,source_only_exact_name_position,1.000,https://www.dropbox.com/scl/fi/jz9ao02y3xn61bbt469f7/2026_FantasyFootball_0.4_elboberto.xlsm?rlkey=vk0kb2nhf2wel5453erzu4wo9&st=szgxu53i&dl=1,ElBoberto 2026 v0.4; workbook modified 2026-08-08T13:32:00Z,2026-09-01T00:59:51Z,FROZEN_CANONICAL_SAME_FAMILY_WORKBOOK_DIRECT_CAPTURE_INCOMPLETE,passing_attempts|passing_completions|passing_yards|passing_touchdowns|interceptions
Josh Williams,Josh Williams,TB,RB,,,,,,0.0,0.0,0.0,0.0,0.0,0.0,0.0,0.0,0.000,source_only_exact_name_position,1.000,https://www.dropbox.com/scl/fi/jz9ao02y3xn61bbt469f7/2026_FantasyFootball_0.4_elboberto.xlsm?rlkey=vk0kb2nhf2wel5453erzu4wo9&st=szgxu53i&dl=1,ElBoberto 2026 v0.4; workbook modified 2026-08-08T13:32:00Z,2026-09-01T00:59:51Z,FROZEN_CANONICAL_SAME_FAMILY_WORKBOOK_DIRECT_CAPTURE_INCOMPLETE,passing_attempts|passing_completions|passing_yards|passing_touchdowns|interceptions
Puka Nacua,Puka Nacua,LAR,WR,,,,,,13.6,85.0,1.4,117.0,1539.0,9.0,1.0,281.3,339.800,exact_name_position_team,1.000,https://www.dropbox.com/scl/fi/jz9ao02y3xn61bbt469f7/2026_FantasyFootball_0.4_elboberto.xlsm?rlkey=vk0kb2nhf2wel5453erzu4wo9&st=szgxu53i&dl=1,ElBoberto 2026 v0.4; workbook modified 2026-08-08T13:32:00Z,2026-09-01T00:59:51Z,FROZEN_CANONICAL_SAME_FAMILY_WORKBOOK_DIRECT_CAPTURE_INCOMPLETE,passing_attempts|passing_completions|passing_yards|passing_touchdowns|interceptions
Ja'Marr Chase,Ja'Marr Chase,CIN,WR,,,,,,3.0,17.0,0.0,121.5,1512.1,10.6,1.0,275.4,336.010,exact_name_position_team,1.000,https://www.dropbox.com/scl/fi/jz9ao02y3xn61bbt469f7/2026_FantasyFootball_0.4_elboberto.xlsm?rlkey=vk0kb2nhf2wel5453erzu4wo9&st=szgxu53i&dl=1,ElBoberto 2026 v0.4; workbook modified 2026-08-08T13:32:00Z,2026-09-01T00:59:51Z,FROZEN_CANONICAL_SAME_FAMILY_WORKBOOK_DIRECT_CAPTURE_INCOMPLETE,passing_attempts|passing_completions|passing_yards|passing_touchdowns|interceptions
Jaxon Smith-Njigba,Jaxon Smith-Njigba,SEA,WR,,,,,,5.5,30.4,0.1,110.9,1568.1,9.2,1.1,268.6,324.350,exact_name_position_team,1.000,https://www.dropbox.com/scl/fi/jz9ao02y3xn61bbt469f7/2026_FantasyFootball_0.4_elboberto.xlsm?rlkey=vk0kb2nhf2wel5453erzu4wo9&st=szgxu53i&dl=1,ElBoberto 2026 v0.4; workbook modified 2026-08-08T13:32:00Z,2026-09-01T00:59:51Z,FROZEN_CANONICAL_SAME_FAMILY_WORKBOOK_DIRECT_CAPTURE_INCOMPLETE,passing_attempts|passing_completions|passing_yards|passing_touchdowns|interceptions
Amon-Ra St. Brown,Amon-Ra St. Brown,DET,WR,,,,,,3.1,11.8,0.0,117.0,1391.1,10.5,0.4,261.1,319.490,exact_name_position_team,1.000,https://www.dropbox.com/scl/fi/jz9ao02y3xn61bbt469f7/2026_FantasyFootball_0.4_elboberto.xlsm?rlkey=vk0kb2nhf2wel5453erzu4wo9&st=szgxu53i&dl=1,ElBoberto 2026 v0.4; workbook modified 2026-08-08T13:32:00Z,2026-09-01T00:59:51Z,FROZEN_CANONICAL_SAME_FAMILY_WORKBOOK_DIRECT_CAPTURE_INCOMPLETE,passing_attempts|passing_completions|passing_yards|passing_touchdowns|interceptions
Drake London,Drake London,ATL,WR,,,,,,0.0,0.0,0.0,101.7,1328.2,9.4,1.0,238.3,288.920,exact_name_position_team,1.000,https://www.dropbox.com/scl/fi/jz9ao02y3xn61bbt469f7/2026_FantasyFootball_0.4_elboberto.xlsm?rlkey=vk0kb2nhf2wel5453erzu4wo9&st=szgxu53i&dl=1,ElBoberto 2026 v0.4; workbook modified 2026-08-08T13:32:00Z,2026-09-01T00:59:51Z,FROZEN_CANONICAL_SAME_FAMILY_WORKBOOK_DIRECT_CAPTURE_INCOMPLETE,passing_attempts|passing_completions|passing_yards|passing_touchdowns|interceptions
CeeDee Lamb,CeeDee Lamb,DAL,WR,,,,,,2.4,12.5,0.0,97.3,1296.0,7.5,0.3,224.2,272.550,exact_name_position_team,1.000,https://www.dropbox.com/scl/fi/jz9ao02y3xn61bbt469f7/2026_FantasyFootball_0.4_elboberto.xlsm?rlkey=vk0kb2nhf2wel5453erzu4wo9&st=szgxu53i&dl=1,ElBoberto 2026 v0.4; workbook modified 2026-08-08T13:32:00Z,2026-09-01T00:59:51Z,FROZEN_CANONICAL_SAME_FAMILY_WORKBOOK_DIRECT_CAPTURE_INCOMPLETE,passing_attempts|passing_completions|passing_yards|passing_touchdowns|interceptions
Rashee Rice,Rashee Rice,KC,WR,,,,,,5.4,25.5,0.9,98.8,1099.0,9.7,0.6,224.0,273.650,exact_name_position_team,1.000,https://www.dropbox.com/scl/fi/jz9ao02y3xn61bbt469f7/2026_FantasyFootball_0.4_elboberto.xlsm?rlkey=vk0kb2nhf2wel5453erzu4wo9&st=szgxu53i&dl=1,ElBoberto 2026 v0.4; workbook modified 2026-08-08T13:32:00Z,2026-09-01T00:59:51Z,FROZEN_CANONICAL_SAME_FAMILY_WORKBOOK_DIRECT_CAPTURE_INCOMPLETE,passing_attempts|passing_completions|passing_yards|passing_touchdowns|interceptions
Justin Jefferson,Justin Jefferson,MIN,WR,,,,,,1.3,5.5,0.0,98.6,1302.2,6.8,0.3,220.3,269.570,exact_name_position_team,1.000,https://www.dropbox.com/scl/fi/jz9ao02y3xn61bbt469f7/2026_FantasyFootball_0.4_elboberto.xlsm?rlkey=vk0kb2nhf2wel5453erzu4wo9&st=szgxu53i&dl=1,ElBoberto 2026 v0.4; workbook modified 2026-08-08T13:32:00Z,2026-09-01T00:59:51Z,FROZEN_CANONICAL_SAME_FAMILY_WORKBOOK_DIRECT_CAPTURE_INCOMPLETE,passing_attempts|passing_completions|passing_yards|passing_touchdowns|interceptions
A.J. Brown,A.J. Brown,NE,WR,,,,,,0.0,0.0,0.0,88.7,1234.4,7.6,0.3,213.1,257.140,exact_name_position_team,1.000,https://www.dropbox.com/scl/fi/jz9ao02y3xn61bbt469f7/2026_FantasyFootball_0.4_elboberto.xlsm?rlkey=vk0kb2nhf2wel5453erzu4wo9&st=szgxu53i&dl=1,ElBoberto 2026 v0.4; workbook modified 2026-08-08T13:32:00Z,2026-09-01T00:59:51Z,FROZEN_CANONICAL_SAME_FAMILY_WORKBOOK_DIRECT_CAPTURE_INCOMPLETE,passing_attempts|passing_completions|passing_yards|passing_touchdowns|interceptions
George Pickens,George Pickens,DAL,WR,,,,,,0.3,-0.3,0.0,82.7,1200.7,8.4,0.5,210.8,252.140,exact_name_position_team,1.000,https://www.dropbox.com/scl/fi/jz9ao02y3xn61bbt469f7/2026_FantasyFootball_0.4_elboberto.xlsm?rlkey=vk0kb2nhf2wel5453erzu4wo9&st=szgxu53i&dl=1,ElBoberto 2026 v0.4; workbook modified 2026-08-08T13:32:00Z,2026-09-01T00:59:51Z,FROZEN_CANONICAL_SAME_FAMILY_WORKBOOK_DIRECT_CAPTURE_INCOMPLETE,passing_attempts|passing_completions|passing_yards|passing_touchdowns|interceptions
Chris Olave,Chris Olave,NO,WR,,,,,,0.3,0.0,0.0,94.5,1170.5,7.8,0.3,210.6,257.750,exact_name_position_team,1.000,https://www.dropbox.com/scl/fi/jz9ao02y3xn61bbt469f7/2026_FantasyFootball_0.4_elboberto.xlsm?rlkey=vk0kb2nhf2wel5453erzu4wo9&st=szgxu53i&dl=1,ElBoberto 2026 v0.4; workbook modified 2026-08-08T13:32:00Z,2026-09-01T00:59:51Z,FROZEN_CANONICAL_SAME_FAMILY_WORKBOOK_DIRECT_CAPTURE_INCOMPLETE,passing_attempts|passing_completions|passing_yards|passing_touchdowns|interceptions
Nico Collins,Nico Collins,HOU,WR,,,,,,1.4,8.3,0.4,82.5,1211.9,7.2,0.8,207.2,248.520,exact_name_position_team,1.000,https://www.dropbox.com/scl/fi/jz9ao02y3xn61bbt469f7/2026_FantasyFootball_0.4_elboberto.xlsm?rlkey=vk0kb2nhf2wel5453erzu4wo9&st=szgxu53i&dl=1,ElBoberto 2026 v0.4; workbook modified 2026-08-08T13:32:00Z,2026-09-01T00:59:51Z,FROZEN_CANONICAL_SAME_FAMILY_WORKBOOK_DIRECT_CAPTURE_INCOMPLETE,passing_attempts|passing_completions|passing_yards|passing_touchdowns|interceptions
Zay Flowers,Zay Flowers,BAL,WR,,,,,,9.9,58.8,0.5,81.9,1170.0,6.5,1.5,202.8,243.780,exact_name_position_team,1.000,https://www.dropbox.com/scl/fi/jz9ao02y3xn61bbt469f7/2026_FantasyFootball_0.4_elboberto.xlsm?rlkey=vk0kb2nhf2wel5453erzu4wo9&st=szgxu53i&dl=1,ElBoberto 2026 v0.4; workbook modified 2026-08-08T13:32:00Z,2026-09-01T00:59:51Z,FROZEN_CANONICAL_SAME_FAMILY_WORKBOOK_DIRECT_CAPTURE_INCOMPLETE,passing_attempts|passing_completions|passing_yards|passing_touchdowns|interceptions
Malik Nabers,Malik Nabers,NYG,WR,,,,,,2.7,7.9,0.0,78.8,1047.8,8.3,0.4,194.3,233.370,exact_name_position_team,1.000,https://www.dropbox.com/scl/fi/jz9ao02y3xn61bbt469f7/2026_FantasyFootball_0.4_elboberto.xlsm?rlkey=vk0kb2nhf2wel5453erzu4wo9&st=szgxu53i&dl=1,ElBoberto 2026 v0.4; workbook modified 2026-08-08T13:32:00Z,2026-09-01T00:59:51Z,FROZEN_CANONICAL_SAME_FAMILY_WORKBOOK_DIRECT_CAPTURE_INCOMPLETE,passing_attempts|passing_completions|passing_yards|passing_touchdowns|interceptions
Garrett Wilson,Garrett Wilson,NYJ,WR,,,,,,1.1,4.3,0.0,96.4,1090.9,6.4,1.0,194.0,242.320,exact_name_position_team,1.000,https://www.dropbox.com/scl/fi/jz9ao02y3xn61bbt469f7/2026_FantasyFootball_0.4_elboberto.xlsm?rlkey=vk0kb2nhf2wel5453erzu4wo9&st=szgxu53i&dl=1,ElBoberto 2026 v0.4; workbook modified 2026-08-08T13:32:00Z,2026-09-01T00:59:51Z,FROZEN_CANONICAL_SAME_FAMILY_WORKBOOK_DIRECT_CAPTURE_INCOMPLETE,passing_attempts|passing_completions|passing_yards|passing_touchdowns|interceptions
DeVonta Smith,DeVonta Smith,PHI,WR,,,,,,0.0,0.0,0.0,87.8,1135.1,6.0,0.3,192.9,236.710,exact_name_position_team,1.000,https://www.dropbox.com/scl/fi/jz9ao02y3xn61bbt469f7/2026_FantasyFootball_0.4_elboberto.xlsm?rlkey=vk0kb2nhf2wel5453erzu4wo9&st=szgxu53i&dl=1,ElBoberto 2026 v0.4; workbook modified 2026-08-08T13:32:00Z,2026-09-01T00:59:51Z,FROZEN_CANONICAL_SAME_FAMILY_WORKBOOK_DIRECT_CAPTURE_INCOMPLETE,passing_attempts|passing_completions|passing_yards|passing_touchdowns|interceptions
Emeka Egbuka,Emeka Egbuka,TB,WR,,,,,,1.4,7.3,0.0,73.2,1098.4,7.5,0.3,191.8,228.170,exact_name_position_team,1.000,https://www.dropbox.com/scl/fi/jz9ao02y3xn61bbt469f7/2026_FantasyFootball_0.4_elboberto.xlsm?rlkey=vk0kb2nhf2wel5453erzu4wo9&st=szgxu53i&dl=1,ElBoberto 2026 v0.4; workbook modified 2026-08-08T13:32:00Z,2026-09-01T00:59:51Z,FROZEN_CANONICAL_SAME_FAMILY_WORKBOOK_DIRECT_CAPTURE_INCOMPLETE,passing_attempts|passing_completions|passing_yards|passing_touchdowns|interceptions
Tetairoa McMillan,Tetairoa McMillan,CAR,WR,,,,,,0.0,0.0,0.0,78.5,1126.8,6.4,0.9,188.7,227.780,exact_name_position_team,1.000,https://www.dropbox.com/scl/fi/jz9ao02y3xn61bbt469f7/2026_FantasyFootball_0.4_elboberto.xlsm?rlkey=vk0kb2nhf2wel5453erzu4wo9&st=szgxu53i&dl=1,ElBoberto 2026 v0.4; workbook modified 2026-08-08T13:32:00Z,2026-09-01T00:59:51Z,FROZEN_CANONICAL_SAME_FAMILY_WORKBOOK_DIRECT_CAPTURE_INCOMPLETE,passing_attempts|passing_completions|passing_yards|passing_touchdowns|interceptions
Davante Adams,Davante Adams,LAR,WR,,,,,,0.0,0.0,0.0,68.5,926.1,10.2,0.2,187.8,221.910,exact_name_position_team,1.000,https://www.dropbox.com/scl/fi/jz9ao02y3xn61bbt469f7/2026_FantasyFootball_0.4_elboberto.xlsm?rlkey=vk0kb2nhf2wel5453erzu4wo9&st=szgxu53i&dl=1,ElBoberto 2026 v0.4; workbook modified 2026-08-08T13:32:00Z,2026-09-01T00:59:51Z,FROZEN_CANONICAL_SAME_FAMILY_WORKBOOK_DIRECT_CAPTURE_INCOMPLETE,passing_attempts|passing_completions|passing_yards|passing_touchdowns|interceptions
Tee Higgins,Tee Higgins,CIN,WR,,,,,,0.0,0.0,0.0,70.7,965.8,9.1,0.2,186.1,221.480,exact_name_position_team,1.000,https://www.dropbox.com/scl/fi/jz9ao02y3xn61bbt469f7/2026_FantasyFootball_0.4_elboberto.xlsm?rlkey=vk0kb2nhf2wel5453erzu4wo9&st=szgxu53i&dl=1,ElBoberto 2026 v0.4; workbook modified 2026-08-08T13:32:00Z,2026-09-01T00:59:51Z,FROZEN_CANONICAL_SAME_FAMILY_WORKBOOK_DIRECT_CAPTURE_INCOMPLETE,passing_attempts|passing_completions|passing_yards|passing_touchdowns|interceptions
Jameson Williams,Jameson Williams,DET,WR,,,,,,7.3,42.0,0.5,64.4,1065.3,6.6,0.2,185.1,217.330,exact_name_position_team,1.000,https://www.dropbox.com/scl/fi/jz9ao02y3xn61bbt469f7/2026_FantasyFootball_0.4_elboberto.xlsm?rlkey=vk0kb2nhf2wel5453erzu4wo9&st=szgxu53i&dl=1,ElBoberto 2026 v0.4; workbook modified 2026-08-08T13:32:00Z,2026-09-01T00:59:51Z,FROZEN_CANONICAL_SAME_FAMILY_WORKBOOK_DIRECT_CAPTURE_INCOMPLETE,passing_attempts|passing_completions|passing_yards|passing_touchdowns|interceptions
Rome Odunze,Rome Odunze,CHI,WR,,,,,,0.3,1.3,0.0,63.4,980.2,8.1,0.3,178.1,209.550,exact_name_position_team,1.000,https://www.dropbox.com/scl/fi/jz9ao02y3xn61bbt469f7/2026_FantasyFootball_0.4_elboberto.xlsm?rlkey=vk0kb2nhf2wel5453erzu4wo9&st=szgxu53i&dl=1,ElBoberto 2026 v0.4; workbook modified 2026-08-08T13:32:00Z,2026-09-01T00:59:51Z,FROZEN_CANONICAL_SAME_FAMILY_WORKBOOK_DIRECT_CAPTURE_INCOMPLETE,passing_attempts|passing_completions|passing_yards|passing_touchdowns|interceptions
Terry McLaurin,Terry McLaurin,WAS,WR,,,,,,0.3,0.3,0.0,70.7,979.8,7.2,0.3,176.1,211.310,exact_name_position_team,1.000,https://www.dropbox.com/scl/fi/jz9ao02y3xn61bbt469f7/2026_FantasyFootball_0.4_elboberto.xlsm?rlkey=vk0kb2nhf2wel5453erzu4wo9&st=szgxu53i&dl=1,ElBoberto 2026 v0.4; workbook modified 2026-08-08T13:32:00Z,2026-09-01T00:59:51Z,FROZEN_CANONICAL_SAME_FAMILY_WORKBOOK_DIRECT_CAPTURE_INCOMPLETE,passing_attempts|passing_completions|passing_yards|passing_touchdowns|interceptions
Alec Pierce,Alec Pierce,IND,WR,,,,,,0.0,0.0,0.0,63.8,1050.1,6.5,0.3,175.5,207.210,exact_name_position_team,1.000,https://www.dropbox.com/scl/fi/jz9ao02y3xn61bbt469f7/2026_FantasyFootball_0.4_elboberto.xlsm?rlkey=vk0kb2nhf2wel5453erzu4wo9&st=szgxu53i&dl=1,ElBoberto 2026 v0.4; workbook modified 2026-08-08T13:32:00Z,2026-09-01T00:59:51Z,FROZEN_CANONICAL_SAME_FAMILY_WORKBOOK_DIRECT_CAPTURE_INCOMPLETE,passing_attempts|passing_completions|passing_yards|passing_touchdowns|interceptions
Ladd McConkey,Ladd McConkey,LAC,WR,,,,,,0.0,0.0,0.0,76.9,977.0,6.4,0.3,174.1,212.400,exact_name_position_team,1.000,https://www.dropbox.com/scl/fi/jz9ao02y3xn61bbt469f7/2026_FantasyFootball_0.4_elboberto.xlsm?rlkey=vk0kb2nhf2wel5453erzu4wo9&st=szgxu53i&dl=1,ElBoberto 2026 v0.4; workbook modified 2026-08-08T13:32:00Z,2026-09-01T00:59:51Z,FROZEN_CANONICAL_SAME_FAMILY_WORKBOOK_DIRECT_CAPTURE_INCOMPLETE,passing_attempts|passing_completions|passing_yards|passing_touchdowns|interceptions
DJ Moore,DJ Moore,BUF,WR,,,,,,10.3,54.0,0.5,69.4,899.6,7.0,0.8,173.3,208.160,exact_name_position_team,1.000,https://www.dropbox.com/scl/fi/jz9ao02y3xn61bbt469f7/2026_FantasyFootball_0.4_elboberto.xlsm?rlkey=vk0kb2nhf2wel5453erzu4wo9&st=szgxu53i&dl=1,ElBoberto 2026 v0.4; workbook modified 2026-08-08T13:32:00Z,2026-09-01T00:59:51Z,FROZEN_CANONICAL_SAME_FAMILY_WORKBOOK_DIRECT_CAPTURE_INCOMPLETE,passing_attempts|passing_completions|passing_yards|passing_touchdowns|interceptions
Jaylen Waddle,Jaylen Waddle,DEN,WR,,,,,,1.7,12.4,0.0,74.6,984.4,6.0,0.3,172.5,209.680,exact_name_position_team,1.000,https://www.dropbox.com/scl/fi/jz9ao02y3xn61bbt469f7/2026_FantasyFootball_0.4_elboberto.xlsm?rlkey=vk0kb2nhf2wel5453erzu4wo9&st=szgxu53i&dl=1,ElBoberto 2026 v0.4; workbook modified 2026-08-08T13:32:00Z,2026-09-01T00:59:51Z,FROZEN_CANONICAL_SAME_FAMILY_WORKBOOK_DIRECT_CAPTURE_INCOMPLETE,passing_attempts|passing_completions|passing_yards|passing_touchdowns|interceptions
Luther Burden,Luther Burden III,CHI,WR,,,,,,7.7,38.2,0.1,72.7,973.2,5.7,0.3,171.8,208.040,normalized_name_position_team,0.995,https://www.dropbox.com/scl/fi/jz9ao02y3xn61bbt469f7/2026_FantasyFootball_0.4_elboberto.xlsm?rlkey=vk0kb2nhf2wel5453erzu4wo9&st=szgxu53i&dl=1,ElBoberto 2026 v0.4; workbook modified 2026-08-08T13:32:00Z,2026-09-01T00:59:51Z,FROZEN_CANONICAL_SAME_FAMILY_WORKBOOK_DIRECT_CAPTURE_INCOMPLETE,passing_attempts|passing_completions|passing_yards|passing_touchdowns|interceptions
Mike Evans,Mike Evans,SF,WR,,,,,,0.0,0.0,0.0,67.4,951.0,7.0,0.2,170.2,204.100,exact_name_position_team,1.000,https://www.dropbox.com/scl/fi/jz9ao02y3xn61bbt469f7/2026_FantasyFootball_0.4_elboberto.xlsm?rlkey=vk0kb2nhf2wel5453erzu4wo9&st=szgxu53i&dl=1,ElBoberto 2026 v0.4; workbook modified 2026-08-08T13:32:00Z,2026-09-01T00:59:51Z,FROZEN_CANONICAL_SAME_FAMILY_WORKBOOK_DIRECT_CAPTURE_INCOMPLETE,passing_attempts|passing_completions|passing_yards|passing_touchdowns|interceptions
Courtland Sutton,Courtland Sutton,DEN,WR,,,,,,0.0,0.0,0.0,69.4,903.2,7.5,0.2,169.7,204.320,exact_name_position_team,1.000,https://www.dropbox.com/scl/fi/jz9ao02y3xn61bbt469f7/2026_FantasyFootball_0.4_elboberto.xlsm?rlkey=vk0kb2nhf2wel5453erzu4wo9&st=szgxu53i&dl=1,ElBoberto 2026 v0.4; workbook modified 2026-08-08T13:32:00Z,2026-09-01T00:59:51Z,FROZEN_CANONICAL_SAME_FAMILY_WORKBOOK_DIRECT_CAPTURE_INCOMPLETE,passing_attempts|passing_completions|passing_yards|passing_touchdowns|interceptions
Marvin Harrison,Marvin Harrison Jr.,ARI,WR,,,,,,0.0,0.0,0.0,67.3,945.2,6.0,0.3,163.7,197.220,normalized_name_position_team,0.995,https://www.dropbox.com/scl/fi/jz9ao02y3xn61bbt469f7/2026_FantasyFootball_0.4_elboberto.xlsm?rlkey=vk0kb2nhf2wel5453erzu4wo9&st=szgxu53i&dl=1,ElBoberto 2026 v0.4; workbook modified 2026-08-08T13:32:00Z,2026-09-01T00:59:51Z,FROZEN_CANONICAL_SAME_FAMILY_WORKBOOK_DIRECT_CAPTURE_INCOMPLETE,passing_attempts|passing_completions|passing_yards|passing_touchdowns|interceptions
Christian Watson,Christian Watson,GB,WR,,,,,,1.7,8.0,0.0,56.0,901.3,7.4,0.3,162.8,190.730,exact_name_position_team,1.000,https://www.dropbox.com/scl/fi/jz9ao02y3xn61bbt469f7/2026_FantasyFootball_0.4_elboberto.xlsm?rlkey=vk0kb2nhf2wel5453erzu4wo9&st=szgxu53i&dl=1,ElBoberto 2026 v0.4; workbook modified 2026-08-08T13:32:00Z,2026-09-01T00:59:51Z,FROZEN_CANONICAL_SAME_FAMILY_WORKBOOK_DIRECT_CAPTURE_INCOMPLETE,passing_attempts|passing_completions|passing_yards|passing_touchdowns|interceptions
DK Metcalf,DK Metcalf,PIT,WR,,,,,,0.7,3.3,0.3,64.2,923.8,6.1,0.2,162.7,194.910,exact_name_position_team,1.000,https://www.dropbox.com/scl/fi/jz9ao02y3xn61bbt469f7/2026_FantasyFootball_0.4_elboberto.xlsm?rlkey=vk0kb2nhf2wel5453erzu4wo9&st=szgxu53i&dl=1,ElBoberto 2026 v0.4; workbook modified 2026-08-08T13:32:00Z,2026-09-01T00:59:51Z,FROZEN_CANONICAL_SAME_FAMILY_WORKBOOK_DIRECT_CAPTURE_INCOMPLETE,passing_attempts|passing_completions|passing_yards|passing_touchdowns|interceptions
Brian Thomas,Brian Thomas Jr.,JAC,WR,,,,,,2.7,18.0,0.4,58.0,868.7,5.3,0.2,151.8,180.470,normalized_name_position_team,0.995,https://www.dropbox.com/scl/fi/jz9ao02y3xn61bbt469f7/2026_FantasyFootball_0.4_elboberto.xlsm?rlkey=vk0kb2nhf2wel5453erzu4wo9&st=szgxu53i&dl=1,ElBoberto 2026 v0.4; workbook modified 2026-08-08T13:32:00Z,2026-09-01T00:59:51Z,FROZEN_CANONICAL_SAME_FAMILY_WORKBOOK_DIRECT_CAPTURE_INCOMPLETE,passing_attempts|passing_completions|passing_yards|passing_touchdowns|interceptions
Michael Pittman,Michael Pittman Jr.,PIT,WR,,,,,,0.0,0.0,0.0,80.5,803.7,5.0,0.3,149.7,190.270,normalized_name_position_team,0.995,https://www.dropbox.com/scl/fi/jz9ao02y3xn61bbt469f7/2026_FantasyFootball_0.4_elboberto.xlsm?rlkey=vk0kb2nhf2wel5453erzu4wo9&st=szgxu53i&dl=1,ElBoberto 2026 v0.4; workbook modified 2026-08-08T13:32:00Z,2026-09-01T00:59:51Z,FROZEN_CANONICAL_SAME_FAMILY_WORKBOOK_DIRECT_CAPTURE_INCOMPLETE,passing_attempts|passing_completions|passing_yards|passing_touchdowns|interceptions
Parker Washington,Parker Washington,JAC,WR,,,,,,5.3,13.6,0.1,61.3,844.0,5.4,0.4,148.4,179.260,exact_name_position_team,1.000,https://www.dropbox.com/scl/fi/jz9ao02y3xn61bbt469f7/2026_FantasyFootball_0.4_elboberto.xlsm?rlkey=vk0kb2nhf2wel5453erzu4wo9&st=szgxu53i&dl=1,ElBoberto 2026 v0.4; workbook modified 2026-08-08T13:32:00Z,2026-09-01T00:59:51Z,FROZEN_CANONICAL_SAME_FAMILY_WORKBOOK_DIRECT_CAPTURE_INCOMPLETE,passing_attempts|passing_completions|passing_yards|passing_touchdowns|interceptions
Jakobi Meyers,Jakobi Meyers,JAC,WR,,,,,,4.7,23.0,0.1,70.6,814.5,5.1,0.8,148.4,183.950,exact_name_position_team,1.000,https://www.dropbox.com/scl/fi/jz9ao02y3xn61bbt469f7/2026_FantasyFootball_0.4_elboberto.xlsm?rlkey=vk0kb2nhf2wel5453erzu4wo9&st=szgxu53i&dl=1,ElBoberto 2026 v0.4; workbook modified 2026-08-08T13:32:00Z,2026-09-01T00:59:51Z,FROZEN_CANONICAL_SAME_FAMILY_WORKBOOK_DIRECT_CAPTURE_INCOMPLETE,passing_attempts|passing_completions|passing_yards|passing_touchdowns|interceptions
Carnell Tate,Carnell Tate,TEN,WR,,,,,,0.7,3.0,0.0,66.3,903.1,4.5,1.4,148.2,181.110,exact_name_position_team,1.000,https://www.dropbox.com/scl/fi/jz9ao02y3xn61bbt469f7/2026_FantasyFootball_0.4_elboberto.xlsm?rlkey=vk0kb2nhf2wel5453erzu4wo9&st=szgxu53i&dl=1,ElBoberto 2026 v0.4; workbook modified 2026-08-08T13:32:00Z,2026-09-01T00:59:51Z,FROZEN_CANONICAL_SAME_FAMILY_WORKBOOK_DIRECT_CAPTURE_INCOMPLETE,passing_attempts|passing_completions|passing_yards|passing_touchdowns|interceptions
Wan'Dale Robinson,Wan'Dale Robinson,TEN,WR,,,,,,2.0,9.5,0.1,83.0,833.8,3.6,0.3,147.4,188.930,exact_name_position_team,1.000,https://www.dropbox.com/scl/fi/jz9ao02y3xn61bbt469f7/2026_FantasyFootball_0.4_elboberto.xlsm?rlkey=vk0kb2nhf2wel5453erzu4wo9&st=szgxu53i&dl=1,ElBoberto 2026 v0.4; workbook modified 2026-08-08T13:32:00Z,2026-09-01T00:59:51Z,FROZEN_CANONICAL_SAME_FAMILY_WORKBOOK_DIRECT_CAPTURE_INCOMPLETE,passing_attempts|passing_completions|passing_yards|passing_touchdowns|interceptions
Jayden Reed,Jayden Reed,GB,WR,,,,,,12.0,86.6,0.1,63.1,757.9,4.8,0.4,144.9,176.150,exact_name_position_team,1.000,https://www.dropbox.com/scl/fi/jz9ao02y3xn61bbt469f7/2026_FantasyFootball_0.4_elboberto.xlsm?rlkey=vk0kb2nhf2wel5453erzu4wo9&st=szgxu53i&dl=1,ElBoberto 2026 v0.4; workbook modified 2026-08-08T13:32:00Z,2026-09-01T00:59:51Z,FROZEN_CANONICAL_SAME_FAMILY_WORKBOOK_DIRECT_CAPTURE_INCOMPLETE,passing_attempts|passing_completions|passing_yards|passing_touchdowns|interceptions
Deebo Samuel,Deebo Samuel Sr.,SF,WR,,,,,,29.1,111.7,1.1,60.1,692.3,4.7,0.4,144.0,174.500,normalized_name_position_team,0.995,https://www.dropbox.com/scl/fi/jz9ao02y3xn61bbt469f7/2026_FantasyFootball_0.4_elboberto.xlsm?rlkey=vk0kb2nhf2wel5453erzu4wo9&st=szgxu53i&dl=1,ElBoberto 2026 v0.4; workbook modified 2026-08-08T13:32:00Z,2026-09-01T00:59:51Z,FROZEN_CANONICAL_SAME_FAMILY_WORKBOOK_DIRECT_CAPTURE_INCOMPLETE,passing_attempts|passing_completions|passing_yards|passing_touchdowns|interceptions
Quentin Johnston,Quentin Johnston,LAC,WR,,,,,,1.7,6.3,0.0,53.6,755.9,6.9,0.7,143.0,169.820,exact_name_position_team,1.000,https://www.dropbox.com/scl/fi/jz9ao02y3xn61bbt469f7/2026_FantasyFootball_0.4_elboberto.xlsm?rlkey=vk0kb2nhf2wel5453erzu4wo9&st=szgxu53i&dl=1,ElBoberto 2026 v0.4; workbook modified 2026-08-08T13:32:00Z,2026-09-01T00:59:51Z,FROZEN_CANONICAL_SAME_FAMILY_WORKBOOK_DIRECT_CAPTURE_INCOMPLETE,passing_attempts|passing_completions|passing_yards|passing_touchdowns|interceptions
Michael Wilson,Michael Wilson,ARI,WR,,,,,,0.0,0.7,0.0,67.5,826.6,4.5,0.2,142.9,176.830,exact_name_position_team,1.000,https://www.dropbox.com/scl/fi/jz9ao02y3xn61bbt469f7/2026_FantasyFootball_0.4_elboberto.xlsm?rlkey=vk0kb2nhf2wel5453erzu4wo9&st=szgxu53i&dl=1,ElBoberto 2026 v0.4; workbook modified 2026-08-08T13:32:00Z,2026-09-01T00:59:51Z,FROZEN_CANONICAL_SAME_FAMILY_WORKBOOK_DIRECT_CAPTURE_INCOMPLETE,passing_attempts|passing_completions|passing_yards|passing_touchdowns|interceptions
Chris Godwin,Chris Godwin Jr.,TB,WR,,,,,,0.3,0.3,0.0,67.8,774.2,5.2,0.3,141.9,175.850,normalized_name_position_team,0.995,https://www.dropbox.com/scl/fi/jz9ao02y3xn61bbt469f7/2026_FantasyFootball_0.4_elboberto.xlsm?rlkey=vk0kb2nhf2wel5453erzu4wo9&st=szgxu53i&dl=1,ElBoberto 2026 v0.4; workbook modified 2026-08-08T13:32:00Z,2026-09-01T00:59:51Z,FROZEN_CANONICAL_SAME_FAMILY_WORKBOOK_DIRECT_CAPTURE_INCOMPLETE,passing_attempts|passing_completions|passing_yards|passing_touchdowns|interceptions
Jordan Addison,Jordan Addison,MIN,WR,,,,,,2.7,37.1,0.4,55.2,757.8,5.4,0.2,141.3,169.090,exact_name_position_team,1.000,https://www.dropbox.com/scl/fi/jz9ao02y3xn61bbt469f7/2026_FantasyFootball_0.4_elboberto.xlsm?rlkey=vk0kb2nhf2wel5453erzu4wo9&st=szgxu53i&dl=1,ElBoberto 2026 v0.4; workbook modified 2026-08-08T13:32:00Z,2026-09-01T00:59:51Z,FROZEN_CANONICAL_SAME_FAMILY_WORKBOOK_DIRECT_CAPTURE_INCOMPLETE,passing_attempts|passing_completions|passing_yards|passing_touchdowns|interceptions
Jordyn Tyson,Jordyn Tyson,NO,WR,,,,,,0.7,3.0,0.0,63.2,857.2,4.3,1.3,140.9,172.420,exact_name_position_team,1.000,https://www.dropbox.com/scl/fi/jz9ao02y3xn61bbt469f7/2026_FantasyFootball_0.4_elboberto.xlsm?rlkey=vk0kb2nhf2wel5453erzu4wo9&st=szgxu53i&dl=1,ElBoberto 2026 v0.4; workbook modified 2026-08-08T13:32:00Z,2026-09-01T00:59:51Z,FROZEN_CANONICAL_SAME_FAMILY_WORKBOOK_DIRECT_CAPTURE_INCOMPLETE,passing_attempts|passing_completions|passing_yards|passing_touchdowns|interceptions
Stefon Diggs,Stefon Diggs,WAS,WR,,,,,,0.5,1.0,0.0,66.5,773.5,5.0,0.0,140.7,173.950,exact_name_position_team,1.000,https://www.dropbox.com/scl/fi/jz9ao02y3xn61bbt469f7/2026_FantasyFootball_0.4_elboberto.xlsm?rlkey=vk0kb2nhf2wel5453erzu4wo9&st=szgxu53i&dl=1,ElBoberto 2026 v0.4; workbook modified 2026-08-08T13:32:00Z,2026-09-01T00:59:51Z,FROZEN_CANONICAL_SAME_FAMILY_WORKBOOK_DIRECT_CAPTURE_INCOMPLETE,passing_attempts|passing_completions|passing_yards|passing_touchdowns|interceptions
Xavier Worthy,Xavier Worthy,KC,WR,,,,,,15.5,99.3,0.9,55.2,721.6,4.2,0.2,139.7,167.490,exact_name_position_team,1.000,https://www.dropbox.com/scl/fi/jz9ao02y3xn61bbt469f7/2026_FantasyFootball_0.4_elboberto.xlsm?rlkey=vk0kb2nhf2wel5453erzu4wo9&st=szgxu53i&dl=1,ElBoberto 2026 v0.4; workbook modified 2026-08-08T13:32:00Z,2026-09-01T00:59:51Z,FROZEN_CANONICAL_SAME_FAMILY_WORKBOOK_DIRECT_CAPTURE_INCOMPLETE,passing_attempts|passing_completions|passing_yards|passing_touchdowns|interceptions
Josh Downs,Josh Downs,IND,WR,,,,,,1.4,4.3,0.0,75.9,736.7,4.3,0.8,136.4,174.200,exact_name_position_team,1.000,https://www.dropbox.com/scl/fi/jz9ao02y3xn61bbt469f7/2026_FantasyFootball_0.4_elboberto.xlsm?rlkey=vk0kb2nhf2wel5453erzu4wo9&st=szgxu53i&dl=1,ElBoberto 2026 v0.4; workbook modified 2026-08-08T13:32:00Z,2026-09-01T00:59:51Z,FROZEN_CANONICAL_SAME_FAMILY_WORKBOOK_DIRECT_CAPTURE_INCOMPLETE,passing_attempts|passing_completions|passing_yards|passing_touchdowns|interceptions
Khalil Shakir,Khalil Shakir,BUF,WR,,,,,,1.1,5.5,0.0,72.4,748.4,4.2,0.8,135.6,171.390,exact_name_position_team,1.000,https://www.dropbox.com/scl/fi/jz9ao02y3xn61bbt469f7/2026_FantasyFootball_0.4_elboberto.xlsm?rlkey=vk0kb2nhf2wel5453erzu4wo9&st=szgxu53i&dl=1,ElBoberto 2026 v0.4; workbook modified 2026-08-08T13:32:00Z,2026-09-01T00:59:51Z,FROZEN_CANONICAL_SAME_FAMILY_WORKBOOK_DIRECT_CAPTURE_INCOMPLETE,passing_attempts|passing_completions|passing_yards|passing_touchdowns|interceptions
Makai Lemon,Makai Lemon,PHI,WR,,,,,,1.5,7.0,0.0,56.8,798.2,4.6,1.3,134.0,162.320,exact_name_position_team,1.000,https://www.dropbox.com/scl/fi/jz9ao02y3xn61bbt469f7/2026_FantasyFootball_0.4_elboberto.xlsm?rlkey=vk0kb2nhf2wel5453erzu4wo9&st=szgxu53i&dl=1,ElBoberto 2026 v0.4; workbook modified 2026-08-08T13:32:00Z,2026-09-01T00:59:51Z,FROZEN_CANONICAL_SAME_FAMILY_WORKBOOK_DIRECT_CAPTURE_INCOMPLETE,passing_attempts|passing_completions|passing_yards|passing_touchdowns|interceptions
Romeo Doubs,Romeo Doubs,NE,WR,,,,,,0.0,0.0,0.0,56.7,735.1,5.2,0.3,132.5,160.810,exact_name_position_team,1.000,https://www.dropbox.com/scl/fi/jz9ao02y3xn61bbt469f7/2026_FantasyFootball_0.4_elboberto.xlsm?rlkey=vk0kb2nhf2wel5453erzu4wo9&st=szgxu53i&dl=1,ElBoberto 2026 v0.4; workbook modified 2026-08-08T13:32:00Z,2026-09-01T00:59:51Z,FROZEN_CANONICAL_SAME_FAMILY_WORKBOOK_DIRECT_CAPTURE_INCOMPLETE,passing_attempts|passing_completions|passing_yards|passing_touchdowns|interceptions
Rashid Shaheed,Rashid Shaheed,SEA,WR,,,,,,13.4,88.9,0.3,49.9,754.3,3.8,0.8,131.7,157.220,exact_name_position_team,1.000,https://www.dropbox.com/scl/fi/jz9ao02y3xn61bbt469f7/2026_FantasyFootball_0.4_elboberto.xlsm?rlkey=vk0kb2nhf2wel5453erzu4wo9&st=szgxu53i&dl=1,ElBoberto 2026 v0.4; workbook modified 2026-08-08T13:32:00Z,2026-09-01T00:59:51Z,FROZEN_CANONICAL_SAME_FAMILY_WORKBOOK_DIRECT_CAPTURE_INCOMPLETE,passing_attempts|passing_completions|passing_yards|passing_touchdowns|interceptions
John Metchie III,John Metchie III,CAR,WR,,,,,,3.0,-4.0,0.0,65.0,619.0,6.0,0.0,130.4,162.500,source_only_exact_name_position,1.000,https://www.dropbox.com/scl/fi/jz9ao02y3xn61bbt469f7/2026_FantasyFootball_0.4_elboberto.xlsm?rlkey=vk0kb2nhf2wel5453erzu4wo9&st=szgxu53i&dl=1,ElBoberto 2026 v0.4; workbook modified 2026-08-08T13:32:00Z,2026-09-01T00:59:51Z,FROZEN_CANONICAL_SAME_FAMILY_WORKBOOK_DIRECT_CAPTURE_INCOMPLETE,passing_attempts|passing_completions|passing_yards|passing_touchdowns|interceptions
Matthew Golden,Matthew Golden,GB,WR,,,,,,8.2,40.9,0.1,55.4,746.0,3.9,0.4,129.4,157.290,exact_name_position_team,1.000,https://www.dropbox.com/scl/fi/jz9ao02y3xn61bbt469f7/2026_FantasyFootball_0.4_elboberto.xlsm?rlkey=vk0kb2nhf2wel5453erzu4wo9&st=szgxu53i&dl=1,ElBoberto 2026 v0.4; workbook modified 2026-08-08T13:32:00Z,2026-09-01T00:59:51Z,FROZEN_CANONICAL_SAME_FAMILY_WORKBOOK_DIRECT_CAPTURE_INCOMPLETE,passing_attempts|passing_completions|passing_yards|passing_touchdowns|interceptions
Calvin Ridley,Calvin Ridley,TEN,WR,,,,,,4.5,27.5,0.6,48.1,785.3,3.3,0.2,128.4,152.380,exact_name_position_team,1.000,https://www.dropbox.com/scl/fi/jz9ao02y3xn61bbt469f7/2026_FantasyFootball_0.4_elboberto.xlsm?rlkey=vk0kb2nhf2wel5453erzu4wo9&st=szgxu53i&dl=1,ElBoberto 2026 v0.4; workbook modified 2026-08-08T13:32:00Z,2026-09-01T00:59:51Z,FROZEN_CANONICAL_SAME_FAMILY_WORKBOOK_DIRECT_CAPTURE_INCOMPLETE,passing_attempts|passing_completions|passing_yards|passing_touchdowns|interceptions
Jalen Coker,Jalen Coker,CAR,WR,,,,,,0.0,0.0,0.0,57.6,699.0,4.6,0.8,124.6,153.500,exact_name_position_team,1.000,https://www.dropbox.com/scl/fi/jz9ao02y3xn61bbt469f7/2026_FantasyFootball_0.4_elboberto.xlsm?rlkey=vk0kb2nhf2wel5453erzu4wo9&st=szgxu53i&dl=1,ElBoberto 2026 v0.4; workbook modified 2026-08-08T13:32:00Z,2026-09-01T00:59:51Z,FROZEN_CANONICAL_SAME_FAMILY_WORKBOOK_DIRECT_CAPTURE_INCOMPLETE,passing_attempts|passing_completions|passing_yards|passing_touchdowns|interceptions
Theo Wease Jr.,Theo Wease Jr.,MIA,WR,,,,,,2.0,8.0,0.0,48.0,686.0,5.0,1.0,121.4,145.400,source_only_exact_name_position,1.000,https://www.dropbox.com/scl/fi/jz9ao02y3xn61bbt469f7/2026_FantasyFootball_0.4_elboberto.xlsm?rlkey=vk0kb2nhf2wel5453erzu4wo9&st=szgxu53i&dl=1,ElBoberto 2026 v0.4; workbook modified 2026-08-08T13:32:00Z,2026-09-01T00:59:51Z,FROZEN_CANONICAL_SAME_FAMILY_WORKBOOK_DIRECT_CAPTURE_INCOMPLETE,passing_attempts|passing_completions|passing_yards|passing_touchdowns|interceptions
Tre Tucker,Tre Tucker,LV,WR,,,,,,11.2,52.9,0.2,50.1,633.7,3.8,0.1,116.9,142.560,exact_name_position_team,1.000,https://www.dropbox.com/scl/fi/jz9ao02y3xn61bbt469f7/2026_FantasyFootball_0.4_elboberto.xlsm?rlkey=vk0kb2nhf2wel5453erzu4wo9&st=szgxu53i&dl=1,ElBoberto 2026 v0.4; workbook modified 2026-08-08T13:32:00Z,2026-09-01T00:59:51Z,FROZEN_CANONICAL_SAME_FAMILY_WORKBOOK_DIRECT_CAPTURE_INCOMPLETE,passing_attempts|passing_completions|passing_yards|passing_touchdowns|interceptions
Tank Dell,Tank Dell,HOU,WR,,,,,,10.2,48.8,0.1,50.0,632.0,3.8,0.2,116.3,141.080,exact_name_position_team,1.000,https://www.dropbox.com/scl/fi/jz9ao02y3xn61bbt469f7/2026_FantasyFootball_0.4_elboberto.xlsm?rlkey=vk0kb2nhf2wel5453erzu4wo9&st=szgxu53i&dl=1,ElBoberto 2026 v0.4; workbook modified 2026-08-08T13:32:00Z,2026-09-01T00:59:51Z,FROZEN_CANONICAL_SAME_FAMILY_WORKBOOK_DIRECT_CAPTURE_INCOMPLETE,passing_attempts|passing_completions|passing_yards|passing_touchdowns|interceptions
KC Concepcion,KC Concepcion,CLE,WR,,,,,,4.2,22.4,0.1,54.6,690.8,3.1,1.3,115.4,142.520,exact_name_position_team,1.000,https://www.dropbox.com/scl/fi/jz9ao02y3xn61bbt469f7/2026_FantasyFootball_0.4_elboberto.xlsm?rlkey=vk0kb2nhf2wel5453erzu4wo9&st=szgxu53i&dl=1,ElBoberto 2026 v0.4; workbook modified 2026-08-08T13:32:00Z,2026-09-01T00:59:51Z,FROZEN_CANONICAL_SAME_FAMILY_WORKBOOK_DIRECT_CAPTURE_INCOMPLETE,passing_attempts|passing_completions|passing_yards|passing_touchdowns|interceptions
Jerry Jeudy,Jerry Jeudy,CLE,WR,,,,,,0.5,2.0,0.0,53.2,726.3,2.9,0.7,115.1,142.030,exact_name_position_team,1.000,https://www.dropbox.com/scl/fi/jz9ao02y3xn61bbt469f7/2026_FantasyFootball_0.4_elboberto.xlsm?rlkey=vk0kb2nhf2wel5453erzu4wo9&st=szgxu53i&dl=1,ElBoberto 2026 v0.4; workbook modified 2026-08-08T13:32:00Z,2026-09-01T00:59:51Z,FROZEN_CANONICAL_SAME_FAMILY_WORKBOOK_DIRECT_CAPTURE_INCOMPLETE,passing_attempts|passing_completions|passing_yards|passing_touchdowns|interceptions
Rashod Bateman,Rashod Bateman,BAL,WR,,,,,,0.0,0.0,0.0,38.4,595.5,6.0,0.2,114.3,133.550,exact_name_position_team,1.000,https://www.dropbox.com/scl/fi/jz9ao02y3xn61bbt469f7/2026_FantasyFootball_0.4_elboberto.xlsm?rlkey=vk0kb2nhf2wel5453erzu4wo9&st=szgxu53i&dl=1,ElBoberto 2026 v0.4; workbook modified 2026-08-08T13:32:00Z,2026-09-01T00:59:51Z,FROZEN_CANONICAL_SAME_FAMILY_WORKBOOK_DIRECT_CAPTURE_INCOMPLETE,passing_attempts|passing_completions|passing_yards|passing_touchdowns|interceptions
Jayden Higgins,Jayden Higgins,HOU,WR,,,,,,0.0,0.0,0.0,49.3,608.3,4.7,0.2,113.3,137.930,source_only_exact_name_position,1.000,https://www.dropbox.com/scl/fi/jz9ao02y3xn61bbt469f7/2026_FantasyFootball_0.4_elboberto.xlsm?rlkey=vk0kb2nhf2wel5453erzu4wo9&st=szgxu53i&dl=1,ElBoberto 2026 v0.4; workbook modified 2026-08-08T13:32:00Z,2026-09-01T00:59:51Z,FROZEN_CANONICAL_SAME_FAMILY_WORKBOOK_DIRECT_CAPTURE_INCOMPLETE,passing_attempts|passing_completions|passing_yards|passing_touchdowns|interceptions
Jalen McMillan,Jalen McMillan,TB,WR,,,,,,4.7,26.8,0.1,46.7,607.1,3.9,0.2,110.6,133.690,exact_name_position_team,1.000,https://www.dropbox.com/scl/fi/jz9ao02y3xn61bbt469f7/2026_FantasyFootball_0.4_elboberto.xlsm?rlkey=vk0kb2nhf2wel5453erzu4wo9&st=szgxu53i&dl=1,ElBoberto 2026 v0.4; workbook modified 2026-08-08T13:32:00Z,2026-09-01T00:59:51Z,FROZEN_CANONICAL_SAME_FAMILY_WORKBOOK_DIRECT_CAPTURE_INCOMPLETE,passing_attempts|passing_completions|passing_yards|passing_touchdowns|interceptions
Jauan Jennings,Jauan Jennings,MIN,WR,,,,,,0.0,0.0,0.0,48.7,557.1,5.2,0.7,109.6,134.210,exact_name_position_team,1.000,https://www.dropbox.com/scl/fi/jz9ao02y3xn61bbt469f7/2026_FantasyFootball_0.4_elboberto.xlsm?rlkey=vk0kb2nhf2wel5453erzu4wo9&st=szgxu53i&dl=1,ElBoberto 2026 v0.4; workbook modified 2026-08-08T13:32:00Z,2026-09-01T00:59:51Z,FROZEN_CANONICAL_SAME_FAMILY_WORKBOOK_DIRECT_CAPTURE_INCOMPLETE,passing_attempts|passing_completions|passing_yards|passing_touchdowns|interceptions
Jalen Nailor,Jalen Nailor,LV,WR,,,,,,2.0,8.5,0.0,43.6,589.9,4.5,0.2,108.5,130.040,exact_name_position_team,1.000,https://www.dropbox.com/scl/fi/jz9ao02y3xn61bbt469f7/2026_FantasyFootball_0.4_elboberto.xlsm?rlkey=vk0kb2nhf2wel5453erzu4wo9&st=szgxu53i&dl=1,ElBoberto 2026 v0.4; workbook modified 2026-08-08T13:32:00Z,2026-09-01T00:59:51Z,FROZEN_CANONICAL_SAME_FAMILY_WORKBOOK_DIRECT_CAPTURE_INCOMPLETE,passing_attempts|passing_completions|passing_yards|passing_touchdowns|interceptions
De'Zhaun Stribling,De'Zhaun Stribling,SF,WR,,,,,,1.5,6.5,0.0,45.1,635.2,3.7,1.2,106.4,129.070,exact_name_position_team,1.000,https://www.dropbox.com/scl/fi/jz9ao02y3xn61bbt469f7/2026_FantasyFootball_0.4_elboberto.xlsm?rlkey=vk0kb2nhf2wel5453erzu4wo9&st=szgxu53i&dl=1,ElBoberto 2026 v0.4; workbook modified 2026-08-08T13:32:00Z,2026-09-01T00:59:51Z,FROZEN_CANONICAL_SAME_FAMILY_WORKBOOK_DIRECT_CAPTURE_INCOMPLETE,passing_attempts|passing_completions|passing_yards|passing_touchdowns|interceptions
Adonai Mitchell,Adonai Mitchell,NYJ,WR,,,,,,2.2,11.2,0.1,41.5,610.8,3.5,0.5,103.8,124.300,exact_name_position_team,1.000,https://www.dropbox.com/scl/fi/jz9ao02y3xn61bbt469f7/2026_FantasyFootball_0.4_elboberto.xlsm?rlkey=vk0kb2nhf2wel5453erzu4wo9&st=szgxu53i&dl=1,ElBoberto 2026 v0.4; workbook modified 2026-08-08T13:32:00Z,2026-09-01T00:59:51Z,FROZEN_CANONICAL_SAME_FAMILY_WORKBOOK_DIRECT_CAPTURE_INCOMPLETE,passing_attempts|passing_completions|passing_yards|passing_touchdowns|interceptions
Antonio Williams,Antonio Williams,WAS,WR,,,,,,3.0,18.7,0.1,43.7,597.5,3.6,1.2,103.2,125.120,source_only_exact_name_position,1.000,https://www.dropbox.com/scl/fi/jz9ao02y3xn61bbt469f7/2026_FantasyFootball_0.4_elboberto.xlsm?rlkey=vk0kb2nhf2wel5453erzu4wo9&st=szgxu53i&dl=1,ElBoberto 2026 v0.4; workbook modified 2026-08-08T13:32:00Z,2026-09-01T00:59:51Z,FROZEN_CANONICAL_SAME_FAMILY_WORKBOOK_DIRECT_CAPTURE_INCOMPLETE,passing_attempts|passing_completions|passing_yards|passing_touchdowns|interceptions
Cooper Kupp,Cooper Kupp,SEA,WR,,,,,,0.5,1.5,0.0,47.4,583.9,3.4,0.7,101.4,124.940,source_only_exact_name_position,1.000,https://www.dropbox.com/scl/fi/jz9ao02y3xn61bbt469f7/2026_FantasyFootball_0.4_elboberto.xlsm?rlkey=vk0kb2nhf2wel5453erzu4wo9&st=szgxu53i&dl=1,ElBoberto 2026 v0.4; workbook modified 2026-08-08T13:32:00Z,2026-09-01T00:59:51Z,FROZEN_CANONICAL_SAME_FAMILY_WORKBOOK_DIRECT_CAPTURE_INCOMPLETE,passing_attempts|passing_completions|passing_yards|passing_touchdowns|interceptions
Denzel Boston,Denzel Boston,CLE,WR,,,,,,1.0,5.0,0.0,47.8,596.6,2.9,0.8,99.8,123.760,exact_name_position_team,1.000,https://www.dropbox.com/scl/fi/jz9ao02y3xn61bbt469f7/2026_FantasyFootball_0.4_elboberto.xlsm?rlkey=vk0kb2nhf2wel5453erzu4wo9&st=szgxu53i&dl=1,ElBoberto 2026 v0.4; workbook modified 2026-08-08T13:32:00Z,2026-09-01T00:59:51Z,FROZEN_CANONICAL_SAME_FAMILY_WORKBOOK_DIRECT_CAPTURE_INCOMPLETE,passing_attempts|passing_completions|passing_yards|passing_touchdowns|interceptions
Omar Cooper,Omar Cooper Jr.,NYJ,WR,,,,,,2.1,12.5,0.1,46.3,550.9,3.3,1.2,97.3,120.640,normalized_name_position_team,0.995,https://www.dropbox.com/scl/fi/jz9ao02y3xn61bbt469f7/2026_FantasyFootball_0.4_elboberto.xlsm?rlkey=vk0kb2nhf2wel5453erzu4wo9&st=szgxu53i&dl=1,ElBoberto 2026 v0.4; workbook modified 2026-08-08T13:32:00Z,2026-09-01T00:59:51Z,FROZEN_CANONICAL_SAME_FAMILY_WORKBOOK_DIRECT_CAPTURE_INCOMPLETE,passing_attempts|passing_completions|passing_yards|passing_touchdowns|interceptions
Germie Bernard,Germie Bernard,PIT,WR,,,,,,2.1,10.8,0.0,44.6,550.8,3.1,0.8,95.8,117.760,source_only_exact_name_position,1.000,https://www.dropbox.com/scl/fi/jz9ao02y3xn61bbt469f7/2026_FantasyFootball_0.4_elboberto.xlsm?rlkey=vk0kb2nhf2wel5453erzu4wo9&st=szgxu53i&dl=1,ElBoberto 2026 v0.4; workbook modified 2026-08-08T13:32:00Z,2026-09-01T00:59:51Z,FROZEN_CANONICAL_SAME_FAMILY_WORKBOOK_DIRECT_CAPTURE_INCOMPLETE,passing_attempts|passing_completions|passing_yards|passing_touchdowns|interceptions
Travis Hunter,Travis Hunter,JAC,WR,,,,,,2.0,10.8,0.1,41.6,496.2,3.3,0.4,90.8,111.900,exact_name_position_team,1.000,https://www.dropbox.com/scl/fi/jz9ao02y3xn61bbt469f7/2026_FantasyFootball_0.4_elboberto.xlsm?rlkey=vk0kb2nhf2wel5453erzu4wo9&st=szgxu53i&dl=1,ElBoberto 2026 v0.4; workbook modified 2026-08-08T13:32:00Z,2026-09-01T00:59:51Z,FROZEN_CANONICAL_SAME_FAMILY_WORKBOOK_DIRECT_CAPTURE_INCOMPLETE,passing_attempts|passing_completions|passing_yards|passing_touchdowns|interceptions
Xavier Legette,Xavier Legette,CAR,WR,,,,,,2.1,10.8,0.1,41.7,500.5,3.2,0.4,90.8,111.830,source_only_exact_name_position,1.000,https://www.dropbox.com/scl/fi/jz9ao02y3xn61bbt469f7/2026_FantasyFootball_0.4_elboberto.xlsm?rlkey=vk0kb2nhf2wel5453erzu4wo9&st=szgxu53i&dl=1,ElBoberto 2026 v0.4; workbook modified 2026-08-08T13:32:00Z,2026-09-01T00:59:51Z,FROZEN_CANONICAL_SAME_FAMILY_WORKBOOK_DIRECT_CAPTURE_INCOMPLETE,passing_attempts|passing_completions|passing_yards|passing_touchdowns|interceptions
Ja'Kobi Lane,Ja'Kobi Lane,BAL,WR,,,,,,1.5,8.5,0.0,31.9,506.2,3.9,0.6,89.7,105.570,exact_name_position_team,1.000,https://www.dropbox.com/scl/fi/jz9ao02y3xn61bbt469f7/2026_FantasyFootball_0.4_elboberto.xlsm?rlkey=vk0kb2nhf2wel5453erzu4wo9&st=szgxu53i&dl=1,ElBoberto 2026 v0.4; workbook modified 2026-08-08T13:32:00Z,2026-09-01T00:59:51Z,FROZEN_CANONICAL_SAME_FAMILY_WORKBOOK_DIRECT_CAPTURE_INCOMPLETE,passing_attempts|passing_completions|passing_yards|passing_touchdowns|interceptions
Kayshon Boutte,Kayshon Boutte,NE,WR,,,,,,0.0,0.0,0.0,32.0,486.2,4.2,0.1,89.5,105.620,exact_name_position_team_conflict,0.990,https://www.dropbox.com/scl/fi/jz9ao02y3xn61bbt469f7/2026_FantasyFootball_0.4_elboberto.xlsm?rlkey=vk0kb2nhf2wel5453erzu4wo9&st=szgxu53i&dl=1,ElBoberto 2026 v0.4; workbook modified 2026-08-08T13:32:00Z,2026-09-01T00:59:51Z,FROZEN_CANONICAL_SAME_FAMILY_WORKBOOK_DIRECT_CAPTURE_INCOMPLETE,passing_attempts|passing_completions|passing_yards|passing_touchdowns|interceptions
Darnell Mooney,Darnell Mooney,NYG,WR,,,,,,1.1,6.0,0.0,35.9,526.5,2.7,0.1,87.5,105.150,source_only_exact_name_position,1.000,https://www.dropbox.com/scl/fi/jz9ao02y3xn61bbt469f7/2026_FantasyFootball_0.4_elboberto.xlsm?rlkey=vk0kb2nhf2wel5453erzu4wo9&st=szgxu53i&dl=1,ElBoberto 2026 v0.4; workbook modified 2026-08-08T13:32:00Z,2026-09-01T00:59:51Z,FROZEN_CANONICAL_SAME_FAMILY_WORKBOOK_DIRECT_CAPTURE_INCOMPLETE,passing_attempts|passing_completions|passing_yards|passing_touchdowns|interceptions
Bub Means,Bub Means,NO,WR,,,,,,1.0,6.0,0.0,38.0,518.0,3.0,1.0,87.4,106.400,source_only_exact_name_position,1.000,https://www.dropbox.com/scl/fi/jz9ao02y3xn61bbt469f7/2026_FantasyFootball_0.4_elboberto.xlsm?rlkey=vk0kb2nhf2wel5453erzu4wo9&st=szgxu53i&dl=1,ElBoberto 2026 v0.4; workbook modified 2026-08-08T13:32:00Z,2026-09-01T00:59:51Z,FROZEN_CANONICAL_SAME_FAMILY_WORKBOOK_DIRECT_CAPTURE_INCOMPLETE,passing_attempts|passing_completions|passing_yards|passing_touchdowns|interceptions
Malik Washington,Malik Washington,MIA,WR,,,,,,13.4,80.2,0.7,43.5,390.5,2.3,0.8,85.3,106.970,exact_name_position_team,1.000,https://www.dropbox.com/scl/fi/jz9ao02y3xn61bbt469f7/2026_FantasyFootball_0.4_elboberto.xlsm?rlkey=vk0kb2nhf2wel5453erzu4wo9&st=szgxu53i&dl=1,ElBoberto 2026 v0.4; workbook modified 2026-08-08T13:32:00Z,2026-09-01T00:59:51Z,FROZEN_CANONICAL_SAME_FAMILY_WORKBOOK_DIRECT_CAPTURE_INCOMPLETE,passing_attempts|passing_completions|passing_yards|passing_touchdowns|interceptions
Darius Slayton,Darius Slayton,NYG,WR,,,,,,1.6,8.6,0.0,34.8,512.7,2.5,0.7,83.2,100.530,source_only_exact_name_position,1.000,https://www.dropbox.com/scl/fi/jz9ao02y3xn61bbt469f7/2026_FantasyFootball_0.4_elboberto.xlsm?rlkey=vk0kb2nhf2wel5453erzu4wo9&st=szgxu53i&dl=1,ElBoberto 2026 v0.4; workbook modified 2026-08-08T13:32:00Z,2026-09-01T00:59:51Z,FROZEN_CANONICAL_SAME_FAMILY_WORKBOOK_DIRECT_CAPTURE_INCOMPLETE,passing_attempts|passing_completions|passing_yards|passing_touchdowns|interceptions
Troy Franklin,Troy Franklin,DEN,WR,,,,,,3.0,10.8,0.0,37.0,396.4,3.9,0.6,81.6,99.920,source_only_exact_name_position,1.000,https://www.dropbox.com/scl/fi/jz9ao02y3xn61bbt469f7/2026_FantasyFootball_0.4_elboberto.xlsm?rlkey=vk0kb2nhf2wel5453erzu4wo9&st=szgxu53i&dl=1,ElBoberto 2026 v0.4; workbook modified 2026-08-08T13:32:00Z,2026-09-01T00:59:51Z,FROZEN_CANONICAL_SAME_FAMILY_WORKBOOK_DIRECT_CAPTURE_INCOMPLETE,passing_attempts|passing_completions|passing_yards|passing_touchdowns|interceptions
Tyquan Thornton,Tyquan Thornton,KC,WR,,,,,,0.0,0.0,0.0,25.4,466.3,3.5,0.1,80.0,92.830,source_only_exact_name_position,1.000,https://www.dropbox.com/scl/fi/jz9ao02y3xn61bbt469f7/2026_FantasyFootball_0.4_elboberto.xlsm?rlkey=vk0kb2nhf2wel5453erzu4wo9&st=szgxu53i&dl=1,ElBoberto 2026 v0.4; workbook modified 2026-08-08T13:32:00Z,2026-09-01T00:59:51Z,FROZEN_CANONICAL_SAME_FAMILY_WORKBOOK_DIRECT_CAPTURE_INCOMPLETE,passing_attempts|passing_completions|passing_yards|passing_touchdowns|interceptions
Zachariah Branch,Zachariah Branch,ATL,WR,,,,,,0.0,0.0,0.0,38.3,471.3,2.3,0.4,79.4,98.430,exact_name_position_team,1.000,https://www.dropbox.com/scl/fi/jz9ao02y3xn61bbt469f7/2026_FantasyFootball_0.4_elboberto.xlsm?rlkey=vk0kb2nhf2wel5453erzu4wo9&st=szgxu53i&dl=1,ElBoberto 2026 v0.4; workbook modified 2026-08-08T13:32:00Z,2026-09-01T00:59:51Z,FROZEN_CANONICAL_SAME_FAMILY_WORKBOOK_DIRECT_CAPTURE_INCOMPLETE,passing_attempts|passing_completions|passing_yards|passing_touchdowns|interceptions
Tory Horton,Tory Horton,SEA,WR,,,,,,0.5,3.0,0.0,29.8,401.0,4.2,0.6,79.0,94.200,source_only_exact_name_position,1.000,https://www.dropbox.com/scl/fi/jz9ao02y3xn61bbt469f7/2026_FantasyFootball_0.4_elboberto.xlsm?rlkey=vk0kb2nhf2wel5453erzu4wo9&st=szgxu53i&dl=1,ElBoberto 2026 v0.4; workbook modified 2026-08-08T13:32:00Z,2026-09-01T00:59:51Z,FROZEN_CANONICAL_SAME_FAMILY_WORKBOOK_DIRECT_CAPTURE_INCOMPLETE,passing_attempts|passing_completions|passing_yards|passing_touchdowns|interceptions
Christian Kirk,Christian Kirk,SF,WR,,,,,,0.0,0.0,0.0,36.1,428.0,2.7,0.1,76.9,94.900,source_only_exact_name_position,1.000,https://www.dropbox.com/scl/fi/jz9ao02y3xn61bbt469f7/2026_FantasyFootball_0.4_elboberto.xlsm?rlkey=vk0kb2nhf2wel5453erzu4wo9&st=szgxu53i&dl=1,ElBoberto 2026 v0.4; workbook modified 2026-08-08T13:32:00Z,2026-09-01T00:59:51Z,FROZEN_CANONICAL_SAME_FAMILY_WORKBOOK_DIRECT_CAPTURE_INCOMPLETE,passing_attempts|passing_completions|passing_yards|passing_touchdowns|interceptions
Devaughn Vele,Devaughn Vele,NO,WR,,,,,,0.0,0.0,0.0,35.1,423.3,2.8,0.1,76.7,94.030,exact_name_position_team,1.000,https://www.dropbox.com/scl/fi/jz9ao02y3xn61bbt469f7/2026_FantasyFootball_0.4_elboberto.xlsm?rlkey=vk0kb2nhf2wel5453erzu4wo9&st=szgxu53i&dl=1,ElBoberto 2026 v0.4; workbook modified 2026-08-08T13:32:00Z,2026-09-01T00:59:51Z,FROZEN_CANONICAL_SAME_FAMILY_WORKBOOK_DIRECT_CAPTURE_INCOMPLETE,passing_attempts|passing_completions|passing_yards|passing_touchdowns|interceptions
Hollywood Brown,Hollywood Brown,PHI,WR,,,,,,0.0,0.0,0.0,31.3,389.1,3.3,0.1,73.9,89.810,source_only_exact_name_position,1.000,https://www.dropbox.com/scl/fi/jz9ao02y3xn61bbt469f7/2026_FantasyFootball_0.4_elboberto.xlsm?rlkey=vk0kb2nhf2wel5453erzu4wo9&st=szgxu53i&dl=1,ElBoberto 2026 v0.4; workbook modified 2026-08-08T13:32:00Z,2026-09-01T00:59:51Z,FROZEN_CANONICAL_SAME_FAMILY_WORKBOOK_DIRECT_CAPTURE_INCOMPLETE,passing_attempts|passing_completions|passing_yards|passing_touchdowns|interceptions
Andrei Iosivas,Andrei Iosivas,CIN,WR,,,,,,2.5,11.1,0.0,31.6,394.2,2.9,0.1,73.8,89.330,source_only_exact_name_position,1.000,https://www.dropbox.com/scl/fi/jz9ao02y3xn61bbt469f7/2026_FantasyFootball_0.4_elboberto.xlsm?rlkey=vk0kb2nhf2wel5453erzu4wo9&st=szgxu53i&dl=1,ElBoberto 2026 v0.4; workbook modified 2026-08-08T13:32:00Z,2026-09-01T00:59:51Z,FROZEN_CANONICAL_SAME_FAMILY_WORKBOOK_DIRECT_CAPTURE_INCOMPLETE,passing_attempts|passing_completions|passing_yards|passing_touchdowns|interceptions
Ryan Flournoy,Ryan Flournoy,DAL,WR,,,,,,2.2,12.4,0.1,34.0,383.8,2.7,0.4,72.4,89.620,exact_name_position_team,1.000,https://www.dropbox.com/scl/fi/jz9ao02y3xn61bbt469f7/2026_FantasyFootball_0.4_elboberto.xlsm?rlkey=vk0kb2nhf2wel5453erzu4wo9&st=szgxu53i&dl=1,ElBoberto 2026 v0.4; workbook modified 2026-08-08T13:32:00Z,2026-09-01T00:59:51Z,FROZEN_CANONICAL_SAME_FAMILY_WORKBOOK_DIRECT_CAPTURE_INCOMPLETE,passing_attempts|passing_completions|passing_yards|passing_touchdowns|interceptions
Isaac TeSlaa,Isaac TeSlaa,DET,WR,,,,,,0.0,0.0,0.0,25.4,352.4,4.1,0.1,72.4,85.040,source_only_exact_name_position,1.000,https://www.dropbox.com/scl/fi/jz9ao02y3xn61bbt469f7/2026_FantasyFootball_0.4_elboberto.xlsm?rlkey=vk0kb2nhf2wel5453erzu4wo9&st=szgxu53i&dl=1,ElBoberto 2026 v0.4; workbook modified 2026-08-08T13:32:00Z,2026-09-01T00:59:51Z,FROZEN_CANONICAL_SAME_FAMILY_WORKBOOK_DIRECT_CAPTURE_INCOMPLETE,passing_attempts|passing_completions|passing_yards|passing_touchdowns|interceptions
Tre' Harris,Tre' Harris,LAC,WR,,,,,,0.0,0.0,0.0,34.5,408.4,2.5,0.4,72.2,89.540,exact_name_position_team,1.000,https://www.dropbox.com/scl/fi/jz9ao02y3xn61bbt469f7/2026_FantasyFootball_0.4_elboberto.xlsm?rlkey=vk0kb2nhf2wel5453erzu4wo9&st=szgxu53i&dl=1,ElBoberto 2026 v0.4; workbook modified 2026-08-08T13:32:00Z,2026-09-01T00:59:51Z,FROZEN_CANONICAL_SAME_FAMILY_WORKBOOK_DIRECT_CAPTURE_INCOMPLETE,passing_attempts|passing_completions|passing_yards|passing_touchdowns|interceptions
Jalen Tolbert,Jalen Tolbert,MIA,WR,,,,,,0.0,0.0,0.0,35.4,441.7,1.8,0.3,71.8,89.770,source_only_exact_name_position,1.000,https://www.dropbox.com/scl/fi/jz9ao02y3xn61bbt469f7/2026_FantasyFootball_0.4_elboberto.xlsm?rlkey=vk0kb2nhf2wel5453erzu4wo9&st=szgxu53i&dl=1,ElBoberto 2026 v0.4; workbook modified 2026-08-08T13:32:00Z,2026-09-01T00:59:51Z,FROZEN_CANONICAL_SAME_FAMILY_WORKBOOK_DIRECT_CAPTURE_INCOMPLETE,passing_attempts|passing_completions|passing_yards|passing_touchdowns|interceptions
Chris Bell,Chris Bell,MIA,WR,,,,,,0.0,0.0,0.0,34.2,448.9,1.7,0.4,71.3,88.490,exact_name_position_team,1.000,https://www.dropbox.com/scl/fi/jz9ao02y3xn61bbt469f7/2026_FantasyFootball_0.4_elboberto.xlsm?rlkey=vk0kb2nhf2wel5453erzu4wo9&st=szgxu53i&dl=1,ElBoberto 2026 v0.4; workbook modified 2026-08-08T13:32:00Z,2026-09-01T00:59:51Z,FROZEN_CANONICAL_SAME_FAMILY_WORKBOOK_DIRECT_CAPTURE_INCOMPLETE,passing_attempts|passing_completions|passing_yards|passing_touchdowns|interceptions
Caleb Douglas,Caleb Douglas,MIA,WR,,,,,,1.0,5.5,0.0,33.1,419.4,2.3,0.7,71.3,87.990,exact_name_position_team,1.000,https://www.dropbox.com/scl/fi/jz9ao02y3xn61bbt469f7/2026_FantasyFootball_0.4_elboberto.xlsm?rlkey=vk0kb2nhf2wel5453erzu4wo9&st=szgxu53i&dl=1,ElBoberto 2026 v0.4; workbook modified 2026-08-08T13:32:00Z,2026-09-01T00:59:51Z,FROZEN_CANONICAL_SAME_FAMILY_WORKBOOK_DIRECT_CAPTURE_INCOMPLETE,passing_attempts|passing_completions|passing_yards|passing_touchdowns|interceptions
Dyami Brown,Dyami Brown,WAS,WR,,,,,,0.0,0.0,0.0,29.6,392.1,2.7,0.3,69.4,84.410,source_only_exact_name_position,1.000,https://www.dropbox.com/scl/fi/jz9ao02y3xn61bbt469f7/2026_FantasyFootball_0.4_elboberto.xlsm?rlkey=vk0kb2nhf2wel5453erzu4wo9&st=szgxu53i&dl=1,ElBoberto 2026 v0.4; workbook modified 2026-08-08T13:32:00Z,2026-09-01T00:59:51Z,FROZEN_CANONICAL_SAME_FAMILY_WORKBOOK_DIRECT_CAPTURE_INCOMPLETE,passing_attempts|passing_completions|passing_yards|passing_touchdowns|interceptions
Ted Hurst III,Ted Hurst III,TB,WR,,,,,,1.0,6.5,0.0,28.9,390.0,2.6,0.6,68.3,82.950,source_only_exact_name_position,1.000,https://www.dropbox.com/scl/fi/jz9ao02y3xn61bbt469f7/2026_FantasyFootball_0.4_elboberto.xlsm?rlkey=vk0kb2nhf2wel5453erzu4wo9&st=szgxu53i&dl=1,ElBoberto 2026 v0.4; workbook modified 2026-08-08T13:32:00Z,2026-09-01T00:59:51Z,FROZEN_CANONICAL_SAME_FAMILY_WORKBOOK_DIRECT_CAPTURE_INCOMPLETE,passing_attempts|passing_completions|passing_yards|passing_touchdowns|interceptions
Treylon Burks,Treylon Burks,WAS,WR,,,,,,0.0,0.0,0.0,28.3,393.6,2.3,0.2,66.8,81.060,source_only_exact_name_position,1.000,https://www.dropbox.com/scl/fi/jz9ao02y3xn61bbt469f7/2026_FantasyFootball_0.4_elboberto.xlsm?rlkey=vk0kb2nhf2wel5453erzu4wo9&st=szgxu53i&dl=1,ElBoberto 2026 v0.4; workbook modified 2026-08-08T13:32:00Z,2026-09-01T00:59:51Z,FROZEN_CANONICAL_SAME_FAMILY_WORKBOOK_DIRECT_CAPTURE_INCOMPLETE,passing_attempts|passing_completions|passing_yards|passing_touchdowns|interceptions
Ashton Dulin,Ashton Dulin,IND,WR,,,,,,5.1,46.2,0.1,24.1,400.4,1.6,0.1,66.5,78.760,source_only_exact_name_position,1.000,https://www.dropbox.com/scl/fi/jz9ao02y3xn61bbt469f7/2026_FantasyFootball_0.4_elboberto.xlsm?rlkey=vk0kb2nhf2wel5453erzu4wo9&st=szgxu53i&dl=1,ElBoberto 2026 v0.4; workbook modified 2026-08-08T13:32:00Z,2026-09-01T00:59:51Z,FROZEN_CANONICAL_SAME_FAMILY_WORKBOOK_DIRECT_CAPTURE_INCOMPLETE,passing_attempts|passing_completions|passing_yards|passing_touchdowns|interceptions
Jack Bech,Jack Bech,LV,WR,,,,,,0.0,0.0,0.0,34.5,397.8,1.5,0.4,65.2,82.480,source_only_exact_name_position,1.000,https://www.dropbox.com/scl/fi/jz9ao02y3xn61bbt469f7/2026_FantasyFootball_0.4_elboberto.xlsm?rlkey=vk0kb2nhf2wel5453erzu4wo9&st=szgxu53i&dl=1,ElBoberto 2026 v0.4; workbook modified 2026-08-08T13:32:00Z,2026-09-01T00:59:51Z,FROZEN_CANONICAL_SAME_FAMILY_WORKBOOK_DIRECT_CAPTURE_INCOMPLETE,passing_attempts|passing_completions|passing_yards|passing_touchdowns|interceptions
Elic Ayomanor,Elic Ayomanor,TEN,WR,,,,,,0.0,0.0,0.0,23.9,323.5,3.2,0.0,63.5,75.450,source_only_exact_name_position,1.000,https://www.dropbox.com/scl/fi/jz9ao02y3xn61bbt469f7/2026_FantasyFootball_0.4_elboberto.xlsm?rlkey=vk0kb2nhf2wel5453erzu4wo9&st=szgxu53i&dl=1,ElBoberto 2026 v0.4; workbook modified 2026-08-08T13:32:00Z,2026-09-01T00:59:51Z,FROZEN_CANONICAL_SAME_FAMILY_WORKBOOK_DIRECT_CAPTURE_INCOMPLETE,passing_attempts|passing_completions|passing_yards|passing_touchdowns|interceptions
Chimere Dike,Chimere Dike,TEN,WR,,,,,,10.1,33.6,0.3,26.1,252.9,3.3,0.6,61.8,75.150,source_only_exact_name_position,1.000,https://www.dropbox.com/scl/fi/jz9ao02y3xn61bbt469f7/2026_FantasyFootball_0.4_elboberto.xlsm?rlkey=vk0kb2nhf2wel5453erzu4wo9&st=szgxu53i&dl=1,ElBoberto 2026 v0.4; workbook modified 2026-08-08T13:32:00Z,2026-09-01T00:59:51Z,FROZEN_CANONICAL_SAME_FAMILY_WORKBOOK_DIRECT_CAPTURE_INCOMPLETE,passing_attempts|passing_completions|passing_yards|passing_touchdowns|interceptions
Jahan Dotson,Jahan Dotson,ATL,WR,,,,,,0.0,0.0,0.0,28.7,358.2,1.9,0.2,60.9,75.520,source_only_exact_name_position,1.000,https://www.dropbox.com/scl/fi/jz9ao02y3xn61bbt469f7/2026_FantasyFootball_0.4_elboberto.xlsm?rlkey=vk0kb2nhf2wel5453erzu4wo9&st=szgxu53i&dl=1,ElBoberto 2026 v0.4; workbook modified 2026-08-08T13:32:00Z,2026-09-01T00:59:51Z,FROZEN_CANONICAL_SAME_FAMILY_WORKBOOK_DIRECT_CAPTURE_INCOMPLETE,passing_attempts|passing_completions|passing_yards|passing_touchdowns|interceptions
Jaylin Noel,Jaylin Noel,HOU,WR,,,,,,4.2,22.2,0.1,28.8,322.6,1.8,0.3,59.8,74.080,exact_name_position_team,1.000,https://www.dropbox.com/scl/fi/jz9ao02y3xn61bbt469f7/2026_FantasyFootball_0.4_elboberto.xlsm?rlkey=vk0kb2nhf2wel5453erzu4wo9&st=szgxu53i&dl=1,ElBoberto 2026 v0.4; workbook modified 2026-08-08T13:32:00Z,2026-09-01T00:59:51Z,FROZEN_CANONICAL_SAME_FAMILY_WORKBOOK_DIRECT_CAPTURE_INCOMPLETE,passing_attempts|passing_completions|passing_yards|passing_touchdowns|interceptions
Pat Bryant,Pat Bryant,DEN,WR,,,,,,0.0,0.0,0.0,28.4,319.6,2.1,0.3,58.3,72.360,exact_name_position_team,1.000,https://www.dropbox.com/scl/fi/jz9ao02y3xn61bbt469f7/2026_FantasyFootball_0.4_elboberto.xlsm?rlkey=vk0kb2nhf2wel5453erzu4wo9&st=szgxu53i&dl=1,ElBoberto 2026 v0.4; workbook modified 2026-08-08T13:32:00Z,2026-09-01T00:59:51Z,FROZEN_CANONICAL_SAME_FAMILY_WORKBOOK_DIRECT_CAPTURE_INCOMPLETE,passing_attempts|passing_completions|passing_yards|passing_touchdowns|interceptions
Savion Williams,Savion Williams,GB,WR,,,,,,9.0,47.0,0.3,23.9,271.5,2.0,0.3,57.0,68.950,source_only_exact_name_position,1.000,https://www.dropbox.com/scl/fi/jz9ao02y3xn61bbt469f7/2026_FantasyFootball_0.4_elboberto.xlsm?rlkey=vk0kb2nhf2wel5453erzu4wo9&st=szgxu53i&dl=1,ElBoberto 2026 v0.4; workbook modified 2026-08-08T13:32:00Z,2026-09-01T00:59:51Z,FROZEN_CANONICAL_SAME_FAMILY_WORKBOOK_DIRECT_CAPTURE_INCOMPLETE,passing_attempts|passing_completions|passing_yards|passing_touchdowns|interceptions
Joshua Palmer,Joshua Palmer,BUF,WR,,,,,,0.0,0.0,0.0,25.9,337.7,1.6,0.1,56.3,69.070,source_only_exact_name_position,1.000,https://www.dropbox.com/scl/fi/jz9ao02y3xn61bbt469f7/2026_FantasyFootball_0.4_elboberto.xlsm?rlkey=vk0kb2nhf2wel5453erzu4wo9&st=szgxu53i&dl=1,ElBoberto 2026 v0.4; workbook modified 2026-08-08T13:32:00Z,2026-09-01T00:59:51Z,FROZEN_CANONICAL_SAME_FAMILY_WORKBOOK_DIRECT_CAPTURE_INCOMPLETE,passing_attempts|passing_completions|passing_yards|passing_touchdowns|interceptions
Marvin Mims Jr.,Marvin Mims Jr.,DEN,WR,,,,,,8.2,45.1,0.3,24.2,272.4,1.6,0.4,54.7,66.550,source_only_exact_name_position,1.000,https://www.dropbox.com/scl/fi/jz9ao02y3xn61bbt469f7/2026_FantasyFootball_0.4_elboberto.xlsm?rlkey=vk0kb2nhf2wel5453erzu4wo9&st=szgxu53i&dl=1,ElBoberto 2026 v0.4; workbook modified 2026-08-08T13:32:00Z,2026-09-01T00:59:51Z,FROZEN_CANONICAL_SAME_FAMILY_WORKBOOK_DIRECT_CAPTURE_INCOMPLETE,passing_attempts|passing_completions|passing_yards|passing_touchdowns|interceptions
KaVontae Turpin,KaVontae Turpin,DAL,WR,,,,,,17.7,102.5,0.4,18.2,229.9,1.7,0.4,54.5,63.240,source_only_exact_name_position,1.000,https://www.dropbox.com/scl/fi/jz9ao02y3xn61bbt469f7/2026_FantasyFootball_0.4_elboberto.xlsm?rlkey=vk0kb2nhf2wel5453erzu4wo9&st=szgxu53i&dl=1,ElBoberto 2026 v0.4; workbook modified 2026-08-08T13:32:00Z,2026-09-01T00:59:51Z,FROZEN_CANONICAL_SAME_FAMILY_WORKBOOK_DIRECT_CAPTURE_INCOMPLETE,passing_attempts|passing_completions|passing_yards|passing_touchdowns|interceptions
Olamide Zaccheaus,Olamide Zaccheaus,ATL,WR,,,,,,1.5,9.5,0.0,30.1,277.1,1.8,0.1,54.5,69.360,source_only_exact_name_position,1.000,https://www.dropbox.com/scl/fi/jz9ao02y3xn61bbt469f7/2026_FantasyFootball_0.4_elboberto.xlsm?rlkey=vk0kb2nhf2wel5453erzu4wo9&st=szgxu53i&dl=1,ElBoberto 2026 v0.4; workbook modified 2026-08-08T13:32:00Z,2026-09-01T00:59:51Z,FROZEN_CANONICAL_SAME_FAMILY_WORKBOOK_DIRECT_CAPTURE_INCOMPLETE,passing_attempts|passing_completions|passing_yards|passing_touchdowns|interceptions
Luke McCaffrey,Luke McCaffrey,WAS,WR,,,,,,0.0,0.0,0.0,20.2,289.4,2.6,0.1,54.4,64.540,source_only_exact_name_position,1.000,https://www.dropbox.com/scl/fi/jz9ao02y3xn61bbt469f7/2026_FantasyFootball_0.4_elboberto.xlsm?rlkey=vk0kb2nhf2wel5453erzu4wo9&st=szgxu53i&dl=1,ElBoberto 2026 v0.4; workbook modified 2026-08-08T13:32:00Z,2026-09-01T00:59:51Z,FROZEN_CANONICAL_SAME_FAMILY_WORKBOOK_DIRECT_CAPTURE_INCOMPLETE,passing_attempts|passing_completions|passing_yards|passing_touchdowns|interceptions
Dontayvion Wicks,Dontayvion Wicks,PHI,WR,,,,,,0.0,0.0,0.0,24.3,310.0,1.8,0.3,53.3,65.500,exact_name_position_team,1.000,https://www.dropbox.com/scl/fi/jz9ao02y3xn61bbt469f7/2026_FantasyFootball_0.4_elboberto.xlsm?rlkey=vk0kb2nhf2wel5453erzu4wo9&st=szgxu53i&dl=1,ElBoberto 2026 v0.4; workbook modified 2026-08-08T13:32:00Z,2026-09-01T00:59:51Z,FROZEN_CANONICAL_SAME_FAMILY_WORKBOOK_DIRECT_CAPTURE_INCOMPLETE,passing_attempts|passing_completions|passing_yards|passing_touchdowns|interceptions
Xavier Hutchinson,Xavier Hutchinson,HOU,WR,,,,,,2.1,14.2,0.0,23.2,280.5,1.9,0.1,52.4,63.870,source_only_exact_name_position,1.000,https://www.dropbox.com/scl/fi/jz9ao02y3xn61bbt469f7/2026_FantasyFootball_0.4_elboberto.xlsm?rlkey=vk0kb2nhf2wel5453erzu4wo9&st=szgxu53i&dl=1,ElBoberto 2026 v0.4; workbook modified 2026-08-08T13:32:00Z,2026-09-01T00:59:51Z,FROZEN_CANONICAL_SAME_FAMILY_WORKBOOK_DIRECT_CAPTURE_INCOMPLETE,passing_attempts|passing_completions|passing_yards|passing_touchdowns|interceptions
Calvin Austin III,Calvin Austin III,NYG,WR,,,,,,0.0,0.0,0.0,20.0,268.2,2.2,0.0,50.1,60.020,source_only_exact_name_position,1.000,https://www.dropbox.com/scl/fi/jz9ao02y3xn61bbt469f7/2026_FantasyFootball_0.4_elboberto.xlsm?rlkey=vk0kb2nhf2wel5453erzu4wo9&st=szgxu53i&dl=1,ElBoberto 2026 v0.4; workbook modified 2026-08-08T13:32:00Z,2026-09-01T00:59:51Z,FROZEN_CANONICAL_SAME_FAMILY_WORKBOOK_DIRECT_CAPTURE_INCOMPLETE,passing_attempts|passing_completions|passing_yards|passing_touchdowns|interceptions
DeMario Douglas,DeMario Douglas,NE,WR,,,,,,4.1,21.4,0.2,22.7,271.1,1.5,0.3,49.9,61.550,source_only_exact_name_position,1.000,https://www.dropbox.com/scl/fi/jz9ao02y3xn61bbt469f7/2026_FantasyFootball_0.4_elboberto.xlsm?rlkey=vk0kb2nhf2wel5453erzu4wo9&st=szgxu53i&dl=1,ElBoberto 2026 v0.4; workbook modified 2026-08-08T13:32:00Z,2026-09-01T00:59:51Z,FROZEN_CANONICAL_SAME_FAMILY_WORKBOOK_DIRECT_CAPTURE_INCOMPLETE,passing_attempts|passing_completions|passing_yards|passing_touchdowns|interceptions
Elijah Sarratt,Elijah Sarratt,BAL,WR,,,,,,0.0,0.0,0.0,19.5,294.6,1.8,0.2,49.4,59.360,source_only_exact_name_position,1.000,https://www.dropbox.com/scl/fi/jz9ao02y3xn61bbt469f7/2026_FantasyFootball_0.4_elboberto.xlsm?rlkey=vk0kb2nhf2wel5453erzu4wo9&st=szgxu53i&dl=1,ElBoberto 2026 v0.4; workbook modified 2026-08-08T13:32:00Z,2026-09-01T00:59:51Z,FROZEN_CANONICAL_SAME_FAMILY_WORKBOOK_DIRECT_CAPTURE_INCOMPLETE,passing_attempts|passing_completions|passing_yards|passing_touchdowns|interceptions
Keon Coleman,Keon Coleman,BUF,WR,,,,,,0.0,0.0,0.0,19.4,266.0,2.3,0.2,49.4,59.400,source_only_exact_name_position,1.000,https://www.dropbox.com/scl/fi/jz9ao02y3xn61bbt469f7/2026_FantasyFootball_0.4_elboberto.xlsm?rlkey=vk0kb2nhf2wel5453erzu4wo9&st=szgxu53i&dl=1,ElBoberto 2026 v0.4; workbook modified 2026-08-08T13:32:00Z,2026-09-01T00:59:51Z,FROZEN_CANONICAL_SAME_FAMILY_WORKBOOK_DIRECT_CAPTURE_INCOMPLETE,passing_attempts|passing_completions|passing_yards|passing_touchdowns|interceptions
Jaylin Lane,Jaylin Lane,WAS,WR,,,,,,0.0,0.0,0.0,22.7,279.2,1.8,0.2,49.4,61.020,source_only_exact_name_position,1.000,https://www.dropbox.com/scl/fi/jz9ao02y3xn61bbt469f7/2026_FantasyFootball_0.4_elboberto.xlsm?rlkey=vk0kb2nhf2wel5453erzu4wo9&st=szgxu53i&dl=1,ElBoberto 2026 v0.4; workbook modified 2026-08-08T13:32:00Z,2026-09-01T00:59:51Z,FROZEN_CANONICAL_SAME_FAMILY_WORKBOOK_DIRECT_CAPTURE_INCOMPLETE,passing_attempts|passing_completions|passing_yards|passing_touchdowns|interceptions
Nick Westbrook-Ikhine,Nick Westbrook-Ikhine,IND,WR,,,,,,0.0,0.0,0.0,21.7,269.6,2.0,0.2,49.3,60.260,source_only_exact_name_position,1.000,https://www.dropbox.com/scl/fi/jz9ao02y3xn61bbt469f7/2026_FantasyFootball_0.4_elboberto.xlsm?rlkey=vk0kb2nhf2wel5453erzu4wo9&st=szgxu53i&dl=1,ElBoberto 2026 v0.4; workbook modified 2026-08-08T13:32:00Z,2026-09-01T00:59:51Z,FROZEN_CANONICAL_SAME_FAMILY_WORKBOOK_DIRECT_CAPTURE_INCOMPLETE,passing_attempts|passing_completions|passing_yards|passing_touchdowns|interceptions
Jahdae Walker,Jahdae Walker,CHI,WR,,,,,,0.5,3.5,0.0,17.1,225.8,2.7,0.0,47.4,56.230,source_only_exact_name_position,1.000,https://www.dropbox.com/scl/fi/jz9ao02y3xn61bbt469f7/2026_FantasyFootball_0.4_elboberto.xlsm?rlkey=vk0kb2nhf2wel5453erzu4wo9&st=szgxu53i&dl=1,ElBoberto 2026 v0.4; workbook modified 2026-08-08T13:32:00Z,2026-09-01T00:59:51Z,FROZEN_CANONICAL_SAME_FAMILY_WORKBOOK_DIRECT_CAPTURE_INCOMPLETE,passing_attempts|passing_completions|passing_yards|passing_touchdowns|interceptions
Demarcus Robinson,Demarcus Robinson,SF,WR,,,,,,0.5,2.5,0.0,17.6,252.5,1.6,0.0,44.0,52.700,source_only_exact_name_position,1.000,https://www.dropbox.com/scl/fi/jz9ao02y3xn61bbt469f7/2026_FantasyFootball_0.4_elboberto.xlsm?rlkey=vk0kb2nhf2wel5453erzu4wo9&st=szgxu53i&dl=1,ElBoberto 2026 v0.4; workbook modified 2026-08-08T13:32:00Z,2026-09-01T00:59:51Z,FROZEN_CANONICAL_SAME_FAMILY_WORKBOOK_DIRECT_CAPTURE_INCOMPLETE,passing_attempts|passing_completions|passing_yards|passing_touchdowns|interceptions
Cedric Tillman,Cedric Tillman,CLE,WR,,,,,,0.0,-0.5,0.0,18.0,224.1,2.1,0.0,43.9,52.960,source_only_exact_name_position,1.000,https://www.dropbox.com/scl/fi/jz9ao02y3xn61bbt469f7/2026_FantasyFootball_0.4_elboberto.xlsm?rlkey=vk0kb2nhf2wel5453erzu4wo9&st=szgxu53i&dl=1,ElBoberto 2026 v0.4; workbook modified 2026-08-08T13:32:00Z,2026-09-01T00:59:51Z,FROZEN_CANONICAL_SAME_FAMILY_WORKBOOK_DIRECT_CAPTURE_INCOMPLETE,passing_attempts|passing_completions|passing_yards|passing_touchdowns|interceptions
Tutu Atwell,Tutu Atwell,MIA,WR,,,,,,2.2,11.3,0.1,20.4,291.7,0.5,0.2,43.2,53.900,source_only_exact_name_position,1.000,https://www.dropbox.com/scl/fi/jz9ao02y3xn61bbt469f7/2026_FantasyFootball_0.4_elboberto.xlsm?rlkey=vk0kb2nhf2wel5453erzu4wo9&st=szgxu53i&dl=1,ElBoberto 2026 v0.4; workbook modified 2026-08-08T13:32:00Z,2026-09-01T00:59:51Z,FROZEN_CANONICAL_SAME_FAMILY_WORKBOOK_DIRECT_CAPTURE_INCOMPLETE,passing_attempts|passing_completions|passing_yards|passing_touchdowns|interceptions
Kevin Coleman Jr.,Kevin Coleman Jr.,MIA,WR,,,,,,0.0,0.0,0.0,21.1,270.5,0.7,0.2,41.2,51.950,source_only_exact_name_position,1.000,https://www.dropbox.com/scl/fi/jz9ao02y3xn61bbt469f7/2026_FantasyFootball_0.4_elboberto.xlsm?rlkey=vk0kb2nhf2wel5453erzu4wo9&st=szgxu53i&dl=1,ElBoberto 2026 v0.4; workbook modified 2026-08-08T13:32:00Z,2026-09-01T00:59:51Z,FROZEN_CANONICAL_SAME_FAMILY_WORKBOOK_DIRECT_CAPTURE_INCOMPLETE,passing_attempts|passing_completions|passing_yards|passing_touchdowns|interceptions
Kendrick Bourne,Kendrick Bourne,ARI,WR,,,,,,0.0,0.0,0.0,22.8,239.4,0.7,0.2,38.9,50.540,source_only_exact_name_position,1.000,https://www.dropbox.com/scl/fi/jz9ao02y3xn61bbt469f7/2026_FantasyFootball_0.4_elboberto.xlsm?rlkey=vk0kb2nhf2wel5453erzu4wo9&st=szgxu53i&dl=1,ElBoberto 2026 v0.4; workbook modified 2026-08-08T13:32:00Z,2026-09-01T00:59:51Z,FROZEN_CANONICAL_SAME_FAMILY_WORKBOOK_DIRECT_CAPTURE_INCOMPLETE,passing_attempts|passing_completions|passing_yards|passing_touchdowns|interceptions
Kalif Raymond,Kalif Raymond,CHI,WR,,,,,,4.6,27.2,0.2,19.2,187.0,0.9,0.2,36.9,46.820,source_only_exact_name_position,1.000,https://www.dropbox.com/scl/fi/jz9ao02y3xn61bbt469f7/2026_FantasyFootball_0.4_elboberto.xlsm?rlkey=vk0kb2nhf2wel5453erzu4wo9&st=szgxu53i&dl=1,ElBoberto 2026 v0.4; workbook modified 2026-08-08T13:32:00Z,2026-09-01T00:59:51Z,FROZEN_CANONICAL_SAME_FAMILY_WORKBOOK_DIRECT_CAPTURE_INCOMPLETE,passing_attempts|passing_completions|passing_yards|passing_touchdowns|interceptions
Cyrus Allen,Cyrus Allen,KC,WR,,,,,,0.0,0.0,0.0,16.2,202.8,1.3,0.2,35.6,43.880,source_only_exact_name_position,1.000,https://www.dropbox.com/scl/fi/jz9ao02y3xn61bbt469f7/2026_FantasyFootball_0.4_elboberto.xlsm?rlkey=vk0kb2nhf2wel5453erzu4wo9&st=szgxu53i&dl=1,ElBoberto 2026 v0.4; workbook modified 2026-08-08T13:32:00Z,2026-09-01T00:59:51Z,FROZEN_CANONICAL_SAME_FAMILY_WORKBOOK_DIRECT_CAPTURE_INCOMPLETE,passing_attempts|passing_completions|passing_yards|passing_touchdowns|interceptions
Skyler Bell,Skyler Bell,BUF,WR,,,,,,0.0,0.0,0.0,15.1,205.5,1.2,0.2,35.0,42.450,source_only_exact_name_position,1.000,https://www.dropbox.com/scl/fi/jz9ao02y3xn61bbt469f7/2026_FantasyFootball_0.4_elboberto.xlsm?rlkey=vk0kb2nhf2wel5453erzu4wo9&st=szgxu53i&dl=1,ElBoberto 2026 v0.4; workbook modified 2026-08-08T13:32:00Z,2026-09-01T00:59:51Z,FROZEN_CANONICAL_SAME_FAMILY_WORKBOOK_DIRECT_CAPTURE_INCOMPLETE,passing_attempts|passing_completions|passing_yards|passing_touchdowns|interceptions
Bryce Lance,Bryce Lance,NO,WR,,,,,,0.0,0.0,0.0,16.4,204.4,0.9,0.2,33.9,41.840,source_only_exact_name_position,1.000,https://www.dropbox.com/scl/fi/jz9ao02y3xn61bbt469f7/2026_FantasyFootball_0.4_elboberto.xlsm?rlkey=vk0kb2nhf2wel5453erzu4wo9&st=szgxu53i&dl=1,ElBoberto 2026 v0.4; workbook modified 2026-08-08T13:32:00Z,2026-09-01T00:59:51Z,FROZEN_CANONICAL_SAME_FAMILY_WORKBOOK_DIRECT_CAPTURE_INCOMPLETE,passing_attempts|passing_completions|passing_yards|passing_touchdowns|interceptions
Jordan Whittington,Jordan Whittington,LAR,WR,,,,,,2.3,12.1,0.1,15.0,171.9,1.2,0.2,33.6,40.800,source_only_exact_name_position,1.000,https://www.dropbox.com/scl/fi/jz9ao02y3xn61bbt469f7/2026_FantasyFootball_0.4_elboberto.xlsm?rlkey=vk0kb2nhf2wel5453erzu4wo9&st=szgxu53i&dl=1,ElBoberto 2026 v0.4; workbook modified 2026-08-08T13:32:00Z,2026-09-01T00:59:51Z,FROZEN_CANONICAL_SAME_FAMILY_WORKBOOK_DIRECT_CAPTURE_INCOMPLETE,passing_attempts|passing_completions|passing_yards|passing_touchdowns|interceptions
Devontez Walker,Devontez Walker,BAL,WR,,,,,,0.0,0.0,0.0,11.6,166.4,1.2,0.1,29.3,35.240,source_only_exact_name_position,1.000,https://www.dropbox.com/scl/fi/jz9ao02y3xn61bbt469f7/2026_FantasyFootball_0.4_elboberto.xlsm?rlkey=vk0kb2nhf2wel5453erzu4wo9&st=szgxu53i&dl=1,ElBoberto 2026 v0.4; workbook modified 2026-08-08T13:32:00Z,2026-09-01T00:59:51Z,FROZEN_CANONICAL_SAME_FAMILY_WORKBOOK_DIRECT_CAPTURE_INCOMPLETE,passing_attempts|passing_completions|passing_yards|passing_touchdowns|interceptions
Zavion Thomas,Zavion Thomas,CHI,WR,,,,,,0.0,0.0,0.0,12.5,153.6,1.2,0.1,28.7,34.860,source_only_exact_name_position,1.000,https://www.dropbox.com/scl/fi/jz9ao02y3xn61bbt469f7/2026_FantasyFootball_0.4_elboberto.xlsm?rlkey=vk0kb2nhf2wel5453erzu4wo9&st=szgxu53i&dl=1,ElBoberto 2026 v0.4; workbook modified 2026-08-08T13:32:00Z,2026-09-01T00:59:51Z,FROZEN_CANONICAL_SAME_FAMILY_WORKBOOK_DIRECT_CAPTURE_INCOMPLETE,passing_attempts|passing_completions|passing_yards|passing_touchdowns|interceptions
Odell Beckham Jr.,Odell Beckham Jr.,NYG,WR,,,,,,0.3,1.4,0.0,13.3,164.3,0.9,0.1,28.5,35.070,source_only_exact_name_position,1.000,https://www.dropbox.com/scl/fi/jz9ao02y3xn61bbt469f7/2026_FantasyFootball_0.4_elboberto.xlsm?rlkey=vk0kb2nhf2wel5453erzu4wo9&st=szgxu53i&dl=1,ElBoberto 2026 v0.4; workbook modified 2026-08-08T13:32:00Z,2026-09-01T00:59:51Z,FROZEN_CANONICAL_SAME_FAMILY_WORKBOOK_DIRECT_CAPTURE_INCOMPLETE,passing_attempts|passing_completions|passing_yards|passing_touchdowns|interceptions
Malachi Fields,Malachi Fields,NYG,WR,,,,,,0.0,0.0,0.0,13.2,157.5,0.9,0.1,27.4,34.150,source_only_exact_name_position,1.000,https://www.dropbox.com/scl/fi/jz9ao02y3xn61bbt469f7/2026_FantasyFootball_0.4_elboberto.xlsm?rlkey=vk0kb2nhf2wel5453erzu4wo9&st=szgxu53i&dl=1,ElBoberto 2026 v0.4; workbook modified 2026-08-08T13:32:00Z,2026-09-01T00:59:51Z,FROZEN_CANONICAL_SAME_FAMILY_WORKBOOK_DIRECT_CAPTURE_INCOMPLETE,passing_attempts|passing_completions|passing_yards|passing_touchdowns|interceptions
Dont'e Thornton Jr.,Dont'e Thornton Jr.,LV,WR,,,,,,0.0,0.0,0.0,12.1,167.6,0.6,0.1,26.2,32.260,source_only_exact_name_position,1.000,https://www.dropbox.com/scl/fi/jz9ao02y3xn61bbt469f7/2026_FantasyFootball_0.4_elboberto.xlsm?rlkey=vk0kb2nhf2wel5453erzu4wo9&st=szgxu53i&dl=1,ElBoberto 2026 v0.4; workbook modified 2026-08-08T13:32:00Z,2026-09-01T00:59:51Z,FROZEN_CANONICAL_SAME_FAMILY_WORKBOOK_DIRECT_CAPTURE_INCOMPLETE,passing_attempts|passing_completions|passing_yards|passing_touchdowns|interceptions
Isaiah Bond,Isaiah Bond,CLE,WR,,,,,,4.3,23.5,0.1,9.9,130.1,0.8,0.1,25.4,30.460,source_only_exact_name_position,1.000,https://www.dropbox.com/scl/fi/jz9ao02y3xn61bbt469f7/2026_FantasyFootball_0.4_elboberto.xlsm?rlkey=vk0kb2nhf2wel5453erzu4wo9&st=szgxu53i&dl=1,ElBoberto 2026 v0.4; workbook modified 2026-08-08T13:32:00Z,2026-09-01T00:59:51Z,FROZEN_CANONICAL_SAME_FAMILY_WORKBOOK_DIRECT_CAPTURE_INCOMPLETE,passing_attempts|passing_completions|passing_yards|passing_touchdowns|interceptions
Konata Mumpfield,Konata Mumpfield,LAR,WR,,,,,,0.0,0.0,0.0,9.9,126.7,1.2,0.1,24.3,29.570,source_only_exact_name_position,1.000,https://www.dropbox.com/scl/fi/jz9ao02y3xn61bbt469f7/2026_FantasyFootball_0.4_elboberto.xlsm?rlkey=vk0kb2nhf2wel5453erzu4wo9&st=szgxu53i&dl=1,ElBoberto 2026 v0.4; workbook modified 2026-08-08T13:32:00Z,2026-09-01T00:59:51Z,FROZEN_CANONICAL_SAME_FAMILY_WORKBOOK_DIRECT_CAPTURE_INCOMPLETE,passing_attempts|passing_completions|passing_yards|passing_touchdowns|interceptions
Brenen Thompson,Brenen Thompson,LAC,WR,,,,,,2.1,11.3,0.1,9.5,121.0,0.7,0.1,22.6,27.330,source_only_exact_name_position,1.000,https://www.dropbox.com/scl/fi/jz9ao02y3xn61bbt469f7/2026_FantasyFootball_0.4_elboberto.xlsm?rlkey=vk0kb2nhf2wel5453erzu4wo9&st=szgxu53i&dl=1,ElBoberto 2026 v0.4; workbook modified 2026-08-08T13:32:00Z,2026-09-01T00:59:51Z,FROZEN_CANONICAL_SAME_FAMILY_WORKBOOK_DIRECT_CAPTURE_INCOMPLETE,passing_attempts|passing_completions|passing_yards|passing_touchdowns|interceptions
Mack Hollins,Mack Hollins,NE,WR,,,,,,0.0,0.0,0.0,10.8,126.7,0.8,0.1,22.6,28.070,source_only_exact_name_position,1.000,https://www.dropbox.com/scl/fi/jz9ao02y3xn61bbt469f7/2026_FantasyFootball_0.4_elboberto.xlsm?rlkey=vk0kb2nhf2wel5453erzu4wo9&st=szgxu53i&dl=1,ElBoberto 2026 v0.4; workbook modified 2026-08-08T13:32:00Z,2026-09-01T00:59:51Z,FROZEN_CANONICAL_SAME_FAMILY_WORKBOOK_DIRECT_CAPTURE_INCOMPLETE,passing_attempts|passing_completions|passing_yards|passing_touchdowns|interceptions
KeAndre Lambert-Smith,KeAndre Lambert-Smith,LAC,WR,,,,,,0.0,0.0,0.0,9.6,121.0,0.9,0.1,21.8,26.900,source_only_exact_name_position,1.000,https://www.dropbox.com/scl/fi/jz9ao02y3xn61bbt469f7/2026_FantasyFootball_0.4_elboberto.xlsm?rlkey=vk0kb2nhf2wel5453erzu4wo9&st=szgxu53i&dl=1,ElBoberto 2026 v0.4; workbook modified 2026-08-08T13:32:00Z,2026-09-01T00:59:51Z,FROZEN_CANONICAL_SAME_FAMILY_WORKBOOK_DIRECT_CAPTURE_INCOMPLETE,passing_attempts|passing_completions|passing_yards|passing_touchdowns|interceptions
Kyle Williams,Kyle Williams,NE,WR,,,,,,4.1,22.3,0.2,6.4,91.5,0.6,0.1,18.8,22.380,source_only_exact_name_position,1.000,https://www.dropbox.com/scl/fi/jz9ao02y3xn61bbt469f7/2026_FantasyFootball_0.4_elboberto.xlsm?rlkey=vk0kb2nhf2wel5453erzu4wo9&st=szgxu53i&dl=1,ElBoberto 2026 v0.4; workbook modified 2026-08-08T13:32:00Z,2026-09-01T00:59:51Z,FROZEN_CANONICAL_SAME_FAMILY_WORKBOOK_DIRECT_CAPTURE_INCOMPLETE,passing_attempts|passing_completions|passing_yards|passing_touchdowns|interceptions
Tez Johnson,Tez Johnson,TB,WR,,,,,,4.4,23.3,0.2,6.7,77.6,0.6,0.1,18.1,21.390,source_only_exact_name_position,1.000,https://www.dropbox.com/scl/fi/jz9ao02y3xn61bbt469f7/2026_FantasyFootball_0.4_elboberto.xlsm?rlkey=vk0kb2nhf2wel5453erzu4wo9&st=szgxu53i&dl=1,ElBoberto 2026 v0.4; workbook modified 2026-08-08T13:32:00Z,2026-09-01T00:59:51Z,FROZEN_CANONICAL_SAME_FAMILY_WORKBOOK_DIRECT_CAPTURE_INCOMPLETE,passing_attempts|passing_completions|passing_yards|passing_touchdowns|interceptions
Jimmy Horn Jr.,Jimmy Horn Jr.,CAR,WR,,,,,,6.2,36.8,0.2,6.6,76.6,0.4,0.1,18.1,21.340,source_only_exact_name_position,1.000,https://www.dropbox.com/scl/fi/jz9ao02y3xn61bbt469f7/2026_FantasyFootball_0.4_elboberto.xlsm?rlkey=vk0kb2nhf2wel5453erzu4wo9&st=szgxu53i&dl=1,ElBoberto 2026 v0.4; workbook modified 2026-08-08T13:32:00Z,2026-09-01T00:59:51Z,FROZEN_CANONICAL_SAME_FAMILY_WORKBOOK_DIRECT_CAPTURE_INCOMPLETE,passing_attempts|passing_completions|passing_yards|passing_touchdowns|interceptions
Mitch Tinsley,Mitch Tinsley,CIN,WR,,,,,,0.0,0.0,0.0,6.6,84.1,0.8,0.1,16.2,19.610,source_only_exact_name_position,1.000,https://www.dropbox.com/scl/fi/jz9ao02y3xn61bbt469f7/2026_FantasyFootball_0.4_elboberto.xlsm?rlkey=vk0kb2nhf2wel5453erzu4wo9&st=szgxu53i&dl=1,ElBoberto 2026 v0.4; workbook modified 2026-08-08T13:32:00Z,2026-09-01T00:59:51Z,FROZEN_CANONICAL_SAME_FAMILY_WORKBOOK_DIRECT_CAPTURE_INCOMPLETE,passing_attempts|passing_completions|passing_yards|passing_touchdowns|interceptions
Jalen Royals,Jalen Royals,KC,WR,,,,,,0.0,0.0,0.0,6.8,78.0,0.6,0.1,14.8,18.000,source_only_exact_name_position,1.000,https://www.dropbox.com/scl/fi/jz9ao02y3xn61bbt469f7/2026_FantasyFootball_0.4_elboberto.xlsm?rlkey=vk0kb2nhf2wel5453erzu4wo9&st=szgxu53i&dl=1,ElBoberto 2026 v0.4; workbook modified 2026-08-08T13:32:00Z,2026-09-01T00:59:51Z,FROZEN_CANONICAL_SAME_FAMILY_WORKBOOK_DIRECT_CAPTURE_INCOMPLETE,passing_attempts|passing_completions|passing_yards|passing_touchdowns|interceptions
Anthony Gould,Anthony Gould,IND,WR,,,,,,0.0,0.0,0.0,7.0,74.5,0.3,0.1,12.8,16.050,source_only_exact_name_position,1.000,https://www.dropbox.com/scl/fi/jz9ao02y3xn61bbt469f7/2026_FantasyFootball_0.4_elboberto.xlsm?rlkey=vk0kb2nhf2wel5453erzu4wo9&st=szgxu53i&dl=1,ElBoberto 2026 v0.4; workbook modified 2026-08-08T13:32:00Z,2026-09-01T00:59:51Z,FROZEN_CANONICAL_SAME_FAMILY_WORKBOOK_DIRECT_CAPTURE_INCOMPLETE,passing_attempts|passing_completions|passing_yards|passing_touchdowns|interceptions
Malik Benson,Malik Benson,LV,WR,,,,,,0.0,0.0,0.0,6.4,79.3,0.3,0.1,12.5,15.930,source_only_exact_name_position,1.000,https://www.dropbox.com/scl/fi/jz9ao02y3xn61bbt469f7/2026_FantasyFootball_0.4_elboberto.xlsm?rlkey=vk0kb2nhf2wel5453erzu4wo9&st=szgxu53i&dl=1,ElBoberto 2026 v0.4; workbook modified 2026-08-08T13:32:00Z,2026-09-01T00:59:51Z,FROZEN_CANONICAL_SAME_FAMILY_WORKBOOK_DIRECT_CAPTURE_INCOMPLETE,passing_attempts|passing_completions|passing_yards|passing_touchdowns|interceptions
Greg Dortch,Greg Dortch,DET,WR,,,,,,4.6,24.0,0.4,4.1,39.8,0.3,0.1,12.1,14.480,source_only_exact_name_position,1.000,https://www.dropbox.com/scl/fi/jz9ao02y3xn61bbt469f7/2026_FantasyFootball_0.4_elboberto.xlsm?rlkey=vk0kb2nhf2wel5453erzu4wo9&st=szgxu53i&dl=1,ElBoberto 2026 v0.4; workbook modified 2026-08-08T13:32:00Z,2026-09-01T00:59:51Z,FROZEN_CANONICAL_SAME_FAMILY_WORKBOOK_DIRECT_CAPTURE_INCOMPLETE,passing_attempts|passing_completions|passing_yards|passing_touchdowns|interceptions
Bo Melton,Bo Melton,GB,WR,,,,,,4.5,26.0,0.1,2.9,37.5,0.3,0.1,10.0,11.450,source_only_exact_name_position,1.000,https://www.dropbox.com/scl/fi/jz9ao02y3xn61bbt469f7/2026_FantasyFootball_0.4_elboberto.xlsm?rlkey=vk0kb2nhf2wel5453erzu4wo9&st=szgxu53i&dl=1,ElBoberto 2026 v0.4; workbook modified 2026-08-08T13:32:00Z,2026-09-01T00:59:51Z,FROZEN_CANONICAL_SAME_FAMILY_WORKBOOK_DIRECT_CAPTURE_INCOMPLETE,passing_attempts|passing_completions|passing_yards|passing_touchdowns|interceptions
Ben Skowronek,Ben Skowronek,PIT,WR,,,,,,0.0,0.0,0.0,5.4,51.0,0.2,0.0,9.0,11.700,source_only_exact_name_position,1.000,https://www.dropbox.com/scl/fi/jz9ao02y3xn61bbt469f7/2026_FantasyFootball_0.4_elboberto.xlsm?rlkey=vk0kb2nhf2wel5453erzu4wo9&st=szgxu53i&dl=1,ElBoberto 2026 v0.4; workbook modified 2026-08-08T13:32:00Z,2026-09-01T00:59:51Z,FROZEN_CANONICAL_SAME_FAMILY_WORKBOOK_DIRECT_CAPTURE_INCOMPLETE,passing_attempts|passing_completions|passing_yards|passing_touchdowns|interceptions
Tyrell Shavers,Tyrell Shavers,BUF,WR,,,,,,0.0,0.0,0.0,4.0,52.2,0.3,0.0,9.0,11.020,source_only_exact_name_position,1.000,https://www.dropbox.com/scl/fi/jz9ao02y3xn61bbt469f7/2026_FantasyFootball_0.4_elboberto.xlsm?rlkey=vk0kb2nhf2wel5453erzu4wo9&st=szgxu53i&dl=1,ElBoberto 2026 v0.4; workbook modified 2026-08-08T13:32:00Z,2026-09-01T00:59:51Z,FROZEN_CANONICAL_SAME_FAMILY_WORKBOOK_DIRECT_CAPTURE_INCOMPLETE,passing_attempts|passing_completions|passing_yards|passing_touchdowns|interceptions
Derius Davis,Derius Davis,LAC,WR,,,,,,2.1,11.0,0.1,3.5,37.9,0.3,0.1,8.5,10.590,source_only_exact_name_position,1.000,https://www.dropbox.com/scl/fi/jz9ao02y3xn61bbt469f7/2026_FantasyFootball_0.4_elboberto.xlsm?rlkey=vk0kb2nhf2wel5453erzu4wo9&st=szgxu53i&dl=1,ElBoberto 2026 v0.4; workbook modified 2026-08-08T13:32:00Z,2026-09-01T00:59:51Z,FROZEN_CANONICAL_SAME_FAMILY_WORKBOOK_DIRECT_CAPTURE_INCOMPLETE,passing_attempts|passing_completions|passing_yards|passing_touchdowns|interceptions
Malachi Corley,Malachi Corley,CLE,WR,,,,,,6.4,43.8,0.2,1.7,16.5,0.1,0.1,8.3,9.330,source_only_exact_name_position,1.000,https://www.dropbox.com/scl/fi/jz9ao02y3xn61bbt469f7/2026_FantasyFootball_0.4_elboberto.xlsm?rlkey=vk0kb2nhf2wel5453erzu4wo9&st=szgxu53i&dl=1,ElBoberto 2026 v0.4; workbook modified 2026-08-08T13:32:00Z,2026-09-01T00:59:51Z,FROZEN_CANONICAL_SAME_FAMILY_WORKBOOK_DIRECT_CAPTURE_INCOMPLETE,passing_attempts|passing_completions|passing_yards|passing_touchdowns|interceptions
Xavier Smith,Xavier Smith,LAR,WR,,,,,,0.0,0.0,0.0,3.6,44.4,0.3,0.0,8.1,9.840,source_only_exact_name_position,1.000,https://www.dropbox.com/scl/fi/jz9ao02y3xn61bbt469f7/2026_FantasyFootball_0.4_elboberto.xlsm?rlkey=vk0kb2nhf2wel5453erzu4wo9&st=szgxu53i&dl=1,ElBoberto 2026 v0.4; workbook modified 2026-08-08T13:32:00Z,2026-09-01T00:59:51Z,FROZEN_CANONICAL_SAME_FAMILY_WORKBOOK_DIRECT_CAPTURE_INCOMPLETE,passing_attempts|passing_completions|passing_yards|passing_touchdowns|interceptions
Isaiah Williams,Isaiah Williams,NYJ,WR,,,,,,2.2,12.7,0.1,3.8,35.8,0.1,0.1,8.1,9.650,source_only_exact_name_position,1.000,https://www.dropbox.com/scl/fi/jz9ao02y3xn61bbt469f7/2026_FantasyFootball_0.4_elboberto.xlsm?rlkey=vk0kb2nhf2wel5453erzu4wo9&st=szgxu53i&dl=1,ElBoberto 2026 v0.4; workbook modified 2026-08-08T13:32:00Z,2026-09-01T00:59:51Z,FROZEN_CANONICAL_SAME_FAMILY_WORKBOOK_DIRECT_CAPTURE_INCOMPLETE,passing_attempts|passing_completions|passing_yards|passing_touchdowns|interceptions
Colbie Young,Colbie Young,CIN,WR,,,,,,0.0,0.0,0.0,3.5,43.2,0.3,0.0,8.0,9.620,source_only_exact_name_position,1.000,https://www.dropbox.com/scl/fi/jz9ao02y3xn61bbt469f7/2026_FantasyFootball_0.4_elboberto.xlsm?rlkey=vk0kb2nhf2wel5453erzu4wo9&st=szgxu53i&dl=1,ElBoberto 2026 v0.4; workbook modified 2026-08-08T13:32:00Z,2026-09-01T00:59:51Z,FROZEN_CANONICAL_SAME_FAMILY_WORKBOOK_DIRECT_CAPTURE_INCOMPLETE,passing_attempts|passing_completions|passing_yards|passing_touchdowns|interceptions
CJ Daniels,CJ Daniels,LAR,WR,,,,,,0.0,0.0,0.0,3.4,42.8,0.3,0.0,7.9,9.480,source_only_exact_name_position,1.000,https://www.dropbox.com/scl/fi/jz9ao02y3xn61bbt469f7/2026_FantasyFootball_0.4_elboberto.xlsm?rlkey=vk0kb2nhf2wel5453erzu4wo9&st=szgxu53i&dl=1,ElBoberto 2026 v0.4; workbook modified 2026-08-08T13:32:00Z,2026-09-01T00:59:51Z,FROZEN_CANONICAL_SAME_FAMILY_WORKBOOK_DIRECT_CAPTURE_INCOMPLETE,passing_attempts|passing_completions|passing_yards|passing_touchdowns|interceptions
Justin Watson,Justin Watson,HOU,WR,,,,,,0.0,0.0,0.0,3.1,41.6,0.2,0.0,7.0,8.460,source_only_exact_name_position,1.000,https://www.dropbox.com/scl/fi/jz9ao02y3xn61bbt469f7/2026_FantasyFootball_0.4_elboberto.xlsm?rlkey=vk0kb2nhf2wel5453erzu4wo9&st=szgxu53i&dl=1,ElBoberto 2026 v0.4; workbook modified 2026-08-08T13:32:00Z,2026-09-01T00:59:51Z,FROZEN_CANONICAL_SAME_FAMILY_WORKBOOK_DIRECT_CAPTURE_INCOMPLETE,passing_attempts|passing_completions|passing_yards|passing_touchdowns|interceptions
Jonathan Mingo,Jonathan Mingo,DAL,WR,,,,,,0.0,0.0,0.0,2.9,40.6,0.3,0.0,6.9,8.760,source_only_exact_name_position,1.000,https://www.dropbox.com/scl/fi/jz9ao02y3xn61bbt469f7/2026_FantasyFootball_0.4_elboberto.xlsm?rlkey=vk0kb2nhf2wel5453erzu4wo9&st=szgxu53i&dl=1,ElBoberto 2026 v0.4; workbook modified 2026-08-08T13:32:00Z,2026-09-01T00:59:51Z,FROZEN_CANONICAL_SAME_FAMILY_WORKBOOK_DIRECT_CAPTURE_INCOMPLETE,passing_attempts|passing_completions|passing_yards|passing_touchdowns|interceptions
Tai Felton,Tai Felton,MIN,WR,,,,,,0.0,0.0,0.0,3.7,37.1,0.2,0.0,6.9,8.610,source_only_exact_name_position,1.000,https://www.dropbox.com/scl/fi/jz9ao02y3xn61bbt469f7/2026_FantasyFootball_0.4_elboberto.xlsm?rlkey=vk0kb2nhf2wel5453erzu4wo9&st=szgxu53i&dl=1,ElBoberto 2026 v0.4; workbook modified 2026-08-08T13:32:00Z,2026-09-01T00:59:51Z,FROZEN_CANONICAL_SAME_FAMILY_WORKBOOK_DIRECT_CAPTURE_INCOMPLETE,passing_attempts|passing_completions|passing_yards|passing_touchdowns|interceptions
Darius Cooper,Darius Cooper,PHI,WR,,,,,,0.0,0.0,0.0,3.3,37.7,0.3,0.0,6.8,8.870,source_only_exact_name_position,1.000,https://www.dropbox.com/scl/fi/jz9ao02y3xn61bbt469f7/2026_FantasyFootball_0.4_elboberto.xlsm?rlkey=vk0kb2nhf2wel5453erzu4wo9&st=szgxu53i&dl=1,ElBoberto 2026 v0.4; workbook modified 2026-08-08T13:32:00Z,2026-09-01T00:59:51Z,FROZEN_CANONICAL_SAME_FAMILY_WORKBOOK_DIRECT_CAPTURE_INCOMPLETE,passing_attempts|passing_completions|passing_yards|passing_touchdowns|interceptions
Barion Brown,Barion Brown,NO,WR,,,,,,0.0,0.0,0.0,3.3,39.9,0.2,0.0,6.7,8.490,source_only_exact_name_position,1.000,https://www.dropbox.com/scl/fi/jz9ao02y3xn61bbt469f7/2026_FantasyFootball_0.4_elboberto.xlsm?rlkey=vk0kb2nhf2wel5453erzu4wo9&st=szgxu53i&dl=1,ElBoberto 2026 v0.4; workbook modified 2026-08-08T13:32:00Z,2026-09-01T00:59:51Z,FROZEN_CANONICAL_SAME_FAMILY_WORKBOOK_DIRECT_CAPTURE_INCOMPLETE,passing_attempts|passing_completions|passing_yards|passing_touchdowns|interceptions
Laquon Treadwell,Laquon Treadwell,IND,WR,,,,,,0.0,0.0,0.0,3.5,36.9,0.2,0.0,6.5,8.390,source_only_exact_name_position,1.000,https://www.dropbox.com/scl/fi/jz9ao02y3xn61bbt469f7/2026_FantasyFootball_0.4_elboberto.xlsm?rlkey=vk0kb2nhf2wel5453erzu4wo9&st=szgxu53i&dl=1,ElBoberto 2026 v0.4; workbook modified 2026-08-08T13:32:00Z,2026-09-01T00:59:51Z,FROZEN_CANONICAL_SAME_FAMILY_WORKBOOK_DIRECT_CAPTURE_INCOMPLETE,passing_attempts|passing_completions|passing_yards|passing_touchdowns|interceptions
Reggie Virgil,Reggie Virgil,ARI,WR,,,,,,0.0,0.0,0.0,3.4,39.3,0.1,0.0,6.4,7.930,source_only_exact_name_position,1.000,https://www.dropbox.com/scl/fi/jz9ao02y3xn61bbt469f7/2026_FantasyFootball_0.4_elboberto.xlsm?rlkey=vk0kb2nhf2wel5453erzu4wo9&st=szgxu53i&dl=1,ElBoberto 2026 v0.4; workbook modified 2026-08-08T13:32:00Z,2026-09-01T00:59:51Z,FROZEN_CANONICAL_SAME_FAMILY_WORKBOOK_DIRECT_CAPTURE_INCOMPLETE,passing_attempts|passing_completions|passing_yards|passing_touchdowns|interceptions
Brycen Tremayne,Brycen Tremayne,CAR,WR,,,,,,0.0,0.0,0.0,3.3,36.5,0.2,0.0,6.3,8.150,source_only_exact_name_position,1.000,https://www.dropbox.com/scl/fi/jz9ao02y3xn61bbt469f7/2026_FantasyFootball_0.4_elboberto.xlsm?rlkey=vk0kb2nhf2wel5453erzu4wo9&st=szgxu53i&dl=1,ElBoberto 2026 v0.4; workbook modified 2026-08-08T13:32:00Z,2026-09-01T00:59:51Z,FROZEN_CANONICAL_SAME_FAMILY_WORKBOOK_DIRECT_CAPTURE_INCOMPLETE,passing_attempts|passing_completions|passing_yards|passing_touchdowns|interceptions
Kaden Wetjen,Kaden Wetjen,PIT,WR,,,,,,2.1,11.7,0.1,1.6,18.8,0.1,0.0,4.8,5.850,source_only_exact_name_position,1.000,https://www.dropbox.com/scl/fi/jz9ao02y3xn61bbt469f7/2026_FantasyFootball_0.4_elboberto.xlsm?rlkey=vk0kb2nhf2wel5453erzu4wo9&st=szgxu53i&dl=1,ElBoberto 2026 v0.4; workbook modified 2026-08-08T13:32:00Z,2026-09-01T00:59:51Z,FROZEN_CANONICAL_SAME_FAMILY_WORKBOOK_DIRECT_CAPTURE_INCOMPLETE,passing_attempts|passing_completions|passing_yards|passing_touchdowns|interceptions
Arian Smith,Arian Smith,NYJ,WR,,,,,,4.3,23.7,0.2,0.0,0.0,0.0,0.0,3.4,3.570,source_only_exact_name_position,1.000,https://www.dropbox.com/scl/fi/jz9ao02y3xn61bbt469f7/2026_FantasyFootball_0.4_elboberto.xlsm?rlkey=vk0kb2nhf2wel5453erzu4wo9&st=szgxu53i&dl=1,ElBoberto 2026 v0.4; workbook modified 2026-08-08T13:32:00Z,2026-09-01T00:59:51Z,FROZEN_CANONICAL_SAME_FAMILY_WORKBOOK_DIRECT_CAPTURE_INCOMPLETE,passing_attempts|passing_completions|passing_yards|passing_touchdowns|interceptions
Kameron Johnson,Kameron Johnson,TB,WR,,,,,,2.2,12.1,0.1,0.0,0.0,0.0,0.0,1.8,1.810,source_only_exact_name_position,1.000,https://www.dropbox.com/scl/fi/jz9ao02y3xn61bbt469f7/2026_FantasyFootball_0.4_elboberto.xlsm?rlkey=vk0kb2nhf2wel5453erzu4wo9&st=szgxu53i&dl=1,ElBoberto 2026 v0.4; workbook modified 2026-08-08T13:32:00Z,2026-09-01T00:59:51Z,FROZEN_CANONICAL_SAME_FAMILY_WORKBOOK_DIRECT_CAPTURE_INCOMPLETE,passing_attempts|passing_completions|passing_yards|passing_touchdowns|interceptions
JuJu Smith-Schuster,JuJu Smith-Schuster,NYG,WR,,,,,,0.0,0.0,0.0,0.7,6.4,0.0,0.0,1.2,1.340,source_only_exact_name_position,1.000,https://www.dropbox.com/scl/fi/jz9ao02y3xn61bbt469f7/2026_FantasyFootball_0.4_elboberto.xlsm?rlkey=vk0kb2nhf2wel5453erzu4wo9&st=szgxu53i&dl=1,ElBoberto 2026 v0.4; workbook modified 2026-08-08T13:32:00Z,2026-09-01T00:59:51Z,FROZEN_CANONICAL_SAME_FAMILY_WORKBOOK_DIRECT_CAPTURE_INCOMPLETE,passing_attempts|passing_completions|passing_yards|passing_touchdowns|interceptions
David Moore,David Moore,CAR,WR,,,,,,0.0,0.0,0.0,0.0,0.0,0.0,0.0,0.0,0.000,source_only_exact_name_position,1.000,https://www.dropbox.com/scl/fi/jz9ao02y3xn61bbt469f7/2026_FantasyFootball_0.4_elboberto.xlsm?rlkey=vk0kb2nhf2wel5453erzu4wo9&st=szgxu53i&dl=1,ElBoberto 2026 v0.4; workbook modified 2026-08-08T13:32:00Z,2026-09-01T00:59:51Z,FROZEN_CANONICAL_SAME_FAMILY_WORKBOOK_DIRECT_CAPTURE_INCOMPLETE,passing_attempts|passing_completions|passing_yards|passing_touchdowns|interceptions
Braxton Berrios,Braxton Berrios,NYG,WR,,,,,,0.0,0.0,0.0,0.0,0.0,0.0,0.0,0.0,0.000,source_only_exact_name_position,1.000,https://www.dropbox.com/scl/fi/jz9ao02y3xn61bbt469f7/2026_FantasyFootball_0.4_elboberto.xlsm?rlkey=vk0kb2nhf2wel5453erzu4wo9&st=szgxu53i&dl=1,ElBoberto 2026 v0.4; workbook modified 2026-08-08T13:32:00Z,2026-09-01T00:59:51Z,FROZEN_CANONICAL_SAME_FAMILY_WORKBOOK_DIRECT_CAPTURE_INCOMPLETE,passing_attempts|passing_completions|passing_yards|passing_touchdowns|interceptions
Devin Duvernay,Devin Duvernay,ARI,WR,,,,,,0.0,0.0,0.0,0.0,0.0,0.0,0.0,0.0,0.000,source_only_exact_name_position,1.000,https://www.dropbox.com/scl/fi/jz9ao02y3xn61bbt469f7/2026_FantasyFootball_0.4_elboberto.xlsm?rlkey=vk0kb2nhf2wel5453erzu4wo9&st=szgxu53i&dl=1,ElBoberto 2026 v0.4; workbook modified 2026-08-08T13:32:00Z,2026-09-01T00:59:51Z,FROZEN_CANONICAL_SAME_FAMILY_WORKBOOK_DIRECT_CAPTURE_INCOMPLETE,passing_attempts|passing_completions|passing_yards|passing_touchdowns|interceptions
Mason Kinsey,Mason Kinsey,TEN,WR,,,,,,0.0,0.0,0.0,0.0,0.0,0.0,0.0,0.0,0.000,source_only_exact_name_position,1.000,https://www.dropbox.com/scl/fi/jz9ao02y3xn61bbt469f7/2026_FantasyFootball_0.4_elboberto.xlsm?rlkey=vk0kb2nhf2wel5453erzu4wo9&st=szgxu53i&dl=1,ElBoberto 2026 v0.4; workbook modified 2026-08-08T13:32:00Z,2026-09-01T00:59:51Z,FROZEN_CANONICAL_SAME_FAMILY_WORKBOOK_DIRECT_CAPTURE_INCOMPLETE,passing_attempts|passing_completions|passing_yards|passing_touchdowns|interceptions
Michael Bandy,Michael Bandy,DEN,WR,,,,,,0.0,0.0,0.0,0.0,0.0,0.0,0.0,0.0,0.000,source_only_exact_name_position,1.000,https://www.dropbox.com/scl/fi/jz9ao02y3xn61bbt469f7/2026_FantasyFootball_0.4_elboberto.xlsm?rlkey=vk0kb2nhf2wel5453erzu4wo9&st=szgxu53i&dl=1,ElBoberto 2026 v0.4; workbook modified 2026-08-08T13:32:00Z,2026-09-01T00:59:51Z,FROZEN_CANONICAL_SAME_FAMILY_WORKBOOK_DIRECT_CAPTURE_INCOMPLETE,passing_attempts|passing_completions|passing_yards|passing_touchdowns|interceptions
Skyy Moore,Skyy Moore,GB,WR,,,,,,0.0,0.0,0.0,0.0,0.0,0.0,0.0,0.0,0.000,source_only_exact_name_position,1.000,https://www.dropbox.com/scl/fi/jz9ao02y3xn61bbt469f7/2026_FantasyFootball_0.4_elboberto.xlsm?rlkey=vk0kb2nhf2wel5453erzu4wo9&st=szgxu53i&dl=1,ElBoberto 2026 v0.4; workbook modified 2026-08-08T13:32:00Z,2026-09-01T00:59:51Z,FROZEN_CANONICAL_SAME_FAMILY_WORKBOOK_DIRECT_CAPTURE_INCOMPLETE,passing_attempts|passing_completions|passing_yards|passing_touchdowns|interceptions
Britain Covey,Britain Covey,PHI,WR,,,,,,0.0,0.0,0.0,0.0,0.0,0.0,0.0,0.0,0.000,source_only_exact_name_position,1.000,https://www.dropbox.com/scl/fi/jz9ao02y3xn61bbt469f7/2026_FantasyFootball_0.4_elboberto.xlsm?rlkey=vk0kb2nhf2wel5453erzu4wo9&st=szgxu53i&dl=1,ElBoberto 2026 v0.4; workbook modified 2026-08-08T13:32:00Z,2026-09-01T00:59:51Z,FROZEN_CANONICAL_SAME_FAMILY_WORKBOOK_DIRECT_CAPTURE_INCOMPLETE,passing_attempts|passing_completions|passing_yards|passing_touchdowns|interceptions
Dareke Young,Dareke Young,LV,WR,,,,,,0.0,0.0,0.0,0.0,0.0,0.0,0.0,0.0,0.000,source_only_exact_name_position,1.000,https://www.dropbox.com/scl/fi/jz9ao02y3xn61bbt469f7/2026_FantasyFootball_0.4_elboberto.xlsm?rlkey=vk0kb2nhf2wel5453erzu4wo9&st=szgxu53i&dl=1,ElBoberto 2026 v0.4; workbook modified 2026-08-08T13:32:00Z,2026-09-01T00:59:51Z,FROZEN_CANONICAL_SAME_FAMILY_WORKBOOK_DIRECT_CAPTURE_INCOMPLETE,passing_attempts|passing_completions|passing_yards|passing_touchdowns|interceptions
Jacob Cowing,Jacob Cowing,SF,WR,,,,,,0.0,0.0,0.0,0.0,0.0,0.0,0.0,0.0,0.000,source_only_exact_name_position,1.000,https://www.dropbox.com/scl/fi/jz9ao02y3xn61bbt469f7/2026_FantasyFootball_0.4_elboberto.xlsm?rlkey=vk0kb2nhf2wel5453erzu4wo9&st=szgxu53i&dl=1,ElBoberto 2026 v0.4; workbook modified 2026-08-08T13:32:00Z,2026-09-01T00:59:51Z,FROZEN_CANONICAL_SAME_FAMILY_WORKBOOK_DIRECT_CAPTURE_INCOMPLETE,passing_attempts|passing_completions|passing_yards|passing_touchdowns|interceptions
Charlie Jones,Charlie Jones,CIN,WR,,,,,,0.0,0.0,0.0,0.0,0.0,0.0,0.0,0.0,0.000,source_only_exact_name_position,1.000,https://www.dropbox.com/scl/fi/jz9ao02y3xn61bbt469f7/2026_FantasyFootball_0.4_elboberto.xlsm?rlkey=vk0kb2nhf2wel5453erzu4wo9&st=szgxu53i&dl=1,ElBoberto 2026 v0.4; workbook modified 2026-08-08T13:32:00Z,2026-09-01T00:59:51Z,FROZEN_CANONICAL_SAME_FAMILY_WORKBOOK_DIRECT_CAPTURE_INCOMPLETE,passing_attempts|passing_completions|passing_yards|passing_touchdowns|interceptions
Jalen Brooks,Jalen Brooks,ARI,WR,,,,,,0.0,0.0,0.0,0.0,0.0,0.0,0.0,0.0,0.000,source_only_exact_name_position,1.000,https://www.dropbox.com/scl/fi/jz9ao02y3xn61bbt469f7/2026_FantasyFootball_0.4_elboberto.xlsm?rlkey=vk0kb2nhf2wel5453erzu4wo9&st=szgxu53i&dl=1,ElBoberto 2026 v0.4; workbook modified 2026-08-08T13:32:00Z,2026-09-01T00:59:51Z,FROZEN_CANONICAL_SAME_FAMILY_WORKBOOK_DIRECT_CAPTURE_INCOMPLETE,passing_attempts|passing_completions|passing_yards|passing_touchdowns|interceptions
Nikko Remigio,Nikko Remigio,KC,WR,,,,,,0.0,0.0,0.0,0.0,0.0,0.0,0.0,0.0,0.000,source_only_exact_name_position,1.000,https://www.dropbox.com/scl/fi/jz9ao02y3xn61bbt469f7/2026_FantasyFootball_0.4_elboberto.xlsm?rlkey=vk0kb2nhf2wel5453erzu4wo9&st=szgxu53i&dl=1,ElBoberto 2026 v0.4; workbook modified 2026-08-08T13:32:00Z,2026-09-01T00:59:51Z,FROZEN_CANONICAL_SAME_FAMILY_WORKBOOK_DIRECT_CAPTURE_INCOMPLETE,passing_attempts|passing_completions|passing_yards|passing_touchdowns|interceptions
Jeshaun Jones,Jeshaun Jones,MIN,WR,,,,,,0.0,0.0,0.0,0.0,0.0,0.0,0.0,0.0,0.000,source_only_exact_name_position,1.000,https://www.dropbox.com/scl/fi/jz9ao02y3xn61bbt469f7/2026_FantasyFootball_0.4_elboberto.xlsm?rlkey=vk0kb2nhf2wel5453erzu4wo9&st=szgxu53i&dl=1,ElBoberto 2026 v0.4; workbook modified 2026-08-08T13:32:00Z,2026-09-01T00:59:51Z,FROZEN_CANONICAL_SAME_FAMILY_WORKBOOK_DIRECT_CAPTURE_INCOMPLETE,passing_attempts|passing_completions|passing_yards|passing_touchdowns|interceptions
Mason Tipton,Mason Tipton,NO,WR,,,,,,0.0,0.0,0.0,0.0,0.0,0.0,0.0,0.0,0.000,source_only_exact_name_position,1.000,https://www.dropbox.com/scl/fi/jz9ao02y3xn61bbt469f7/2026_FantasyFootball_0.4_elboberto.xlsm?rlkey=vk0kb2nhf2wel5453erzu4wo9&st=szgxu53i&dl=1,ElBoberto 2026 v0.4; workbook modified 2026-08-08T13:32:00Z,2026-09-01T00:59:51Z,FROZEN_CANONICAL_SAME_FAMILY_WORKBOOK_DIRECT_CAPTURE_INCOMPLETE,passing_attempts|passing_completions|passing_yards|passing_touchdowns|interceptions
Efton Chism III,Efton Chism III,NE,WR,,,,,,0.0,0.0,0.0,0.0,0.0,0.0,0.0,0.0,0.000,source_only_exact_name_position,1.000,https://www.dropbox.com/scl/fi/jz9ao02y3xn61bbt469f7/2026_FantasyFootball_0.4_elboberto.xlsm?rlkey=vk0kb2nhf2wel5453erzu4wo9&st=szgxu53i&dl=1,ElBoberto 2026 v0.4; workbook modified 2026-08-08T13:32:00Z,2026-09-01T00:59:51Z,FROZEN_CANONICAL_SAME_FAMILY_WORKBOOK_DIRECT_CAPTURE_INCOMPLETE,passing_attempts|passing_completions|passing_yards|passing_touchdowns|interceptions
LaJohntay Wester,LaJohntay Wester,BAL,WR,,,,,,0.0,0.0,0.0,0.0,0.0,0.0,0.0,0.0,0.000,source_only_exact_name_position,1.000,https://www.dropbox.com/scl/fi/jz9ao02y3xn61bbt469f7/2026_FantasyFootball_0.4_elboberto.xlsm?rlkey=vk0kb2nhf2wel5453erzu4wo9&st=szgxu53i&dl=1,ElBoberto 2026 v0.4; workbook modified 2026-08-08T13:32:00Z,2026-09-01T00:59:51Z,FROZEN_CANONICAL_SAME_FAMILY_WORKBOOK_DIRECT_CAPTURE_INCOMPLETE,passing_attempts|passing_completions|passing_yards|passing_touchdowns|interceptions
Ke'Shawn Williams,Ke'Shawn Williams,CIN,WR,,,,,,0.0,0.0,0.0,0.0,0.0,0.0,0.0,0.0,0.000,source_only_exact_name_position,1.000,https://www.dropbox.com/scl/fi/jz9ao02y3xn61bbt469f7/2026_FantasyFootball_0.4_elboberto.xlsm?rlkey=vk0kb2nhf2wel5453erzu4wo9&st=szgxu53i&dl=1,ElBoberto 2026 v0.4; workbook modified 2026-08-08T13:32:00Z,2026-09-01T00:59:51Z,FROZEN_CANONICAL_SAME_FAMILY_WORKBOOK_DIRECT_CAPTURE_INCOMPLETE,passing_attempts|passing_completions|passing_yards|passing_touchdowns|interceptions
Myles Price,Myles Price,MIN,WR,,,,,,0.0,0.0,0.0,0.0,0.0,0.0,0.0,0.0,0.000,source_only_exact_name_position,1.000,https://www.dropbox.com/scl/fi/jz9ao02y3xn61bbt469f7/2026_FantasyFootball_0.4_elboberto.xlsm?rlkey=vk0kb2nhf2wel5453erzu4wo9&st=szgxu53i&dl=1,ElBoberto 2026 v0.4; workbook modified 2026-08-08T13:32:00Z,2026-09-01T00:59:51Z,FROZEN_CANONICAL_SAME_FAMILY_WORKBOOK_DIRECT_CAPTURE_INCOMPLETE,passing_attempts|passing_completions|passing_yards|passing_touchdowns|interceptions
Gage Larvadain,Gage Larvadain,CLE,WR,,,,,,0.0,0.0,0.0,0.0,0.0,0.0,0.0,0.0,0.000,source_only_exact_name_position,1.000,https://www.dropbox.com/scl/fi/jz9ao02y3xn61bbt469f7/2026_FantasyFootball_0.4_elboberto.xlsm?rlkey=vk0kb2nhf2wel5453erzu4wo9&st=szgxu53i&dl=1,ElBoberto 2026 v0.4; workbook modified 2026-08-08T13:32:00Z,2026-09-01T00:59:51Z,FROZEN_CANONICAL_SAME_FAMILY_WORKBOOK_DIRECT_CAPTURE_INCOMPLETE,passing_attempts|passing_completions|passing_yards|passing_touchdowns|interceptions
Josh Cameron,Josh Cameron,JAC,WR,,,,,,0.0,0.0,0.0,0.0,0.0,0.0,0.0,0.0,0.000,source_only_exact_name_position,1.000,https://www.dropbox.com/scl/fi/jz9ao02y3xn61bbt469f7/2026_FantasyFootball_0.4_elboberto.xlsm?rlkey=vk0kb2nhf2wel5453erzu4wo9&st=szgxu53i&dl=1,ElBoberto 2026 v0.4; workbook modified 2026-08-08T13:32:00Z,2026-09-01T00:59:51Z,FROZEN_CANONICAL_SAME_FAMILY_WORKBOOK_DIRECT_CAPTURE_INCOMPLETE,passing_attempts|passing_completions|passing_yards|passing_touchdowns|interceptions
Trey McBride,Trey McBride,ARI,TE,,,,,,,,,109.0,1051.0,6.8,0.2,199.8,254.500,exact_name_position_team,1.000,https://www.dropbox.com/scl/fi/jz9ao02y3xn61bbt469f7/2026_FantasyFootball_0.4_elboberto.xlsm?rlkey=vk0kb2nhf2wel5453erzu4wo9&st=szgxu53i&dl=1,ElBoberto 2026 v0.4; workbook modified 2026-08-08T13:32:00Z,2026-09-01T00:59:51Z,FROZEN_CANONICAL_SAME_FAMILY_WORKBOOK_DIRECT_CAPTURE_INCOMPLETE,passing_attempts|passing_completions|passing_yards|passing_touchdowns|interceptions|rushing_attempts|rushing_yards|rushing_touchdowns
Brock Bowers,Brock Bowers,LV,TE,,,,,,,,,96.5,1025.3,7.5,0.2,195.5,243.630,exact_name_position_team,1.000,https://www.dropbox.com/scl/fi/jz9ao02y3xn61bbt469f7/2026_FantasyFootball_0.4_elboberto.xlsm?rlkey=vk0kb2nhf2wel5453erzu4wo9&st=szgxu53i&dl=1,ElBoberto 2026 v0.4; workbook modified 2026-08-08T13:32:00Z,2026-09-01T00:59:51Z,FROZEN_CANONICAL_SAME_FAMILY_WORKBOOK_DIRECT_CAPTURE_INCOMPLETE,passing_attempts|passing_completions|passing_yards|passing_touchdowns|interceptions|rushing_attempts|rushing_yards|rushing_touchdowns
Colston Loveland,Colston Loveland,CHI,TE,,,,,,,,,78.1,916.3,6.7,0.2,170.3,209.530,exact_name_position_team,1.000,https://www.dropbox.com/scl/fi/jz9ao02y3xn61bbt469f7/2026_FantasyFootball_0.4_elboberto.xlsm?rlkey=vk0kb2nhf2wel5453erzu4wo9&st=szgxu53i&dl=1,ElBoberto 2026 v0.4; workbook modified 2026-08-08T13:32:00Z,2026-09-01T00:59:51Z,FROZEN_CANONICAL_SAME_FAMILY_WORKBOOK_DIRECT_CAPTURE_INCOMPLETE,passing_attempts|passing_completions|passing_yards|passing_touchdowns|interceptions|rushing_attempts|rushing_yards|rushing_touchdowns
Tyler Warren,Tyler Warren,IND,TE,,,,,,,,,83.0,871.6,5.4,0.3,160.7,201.960,exact_name_position_team,1.000,https://www.dropbox.com/scl/fi/jz9ao02y3xn61bbt469f7/2026_FantasyFootball_0.4_elboberto.xlsm?rlkey=vk0kb2nhf2wel5453erzu4wo9&st=szgxu53i&dl=1,ElBoberto 2026 v0.4; workbook modified 2026-08-08T13:32:00Z,2026-09-01T00:59:51Z,FROZEN_CANONICAL_SAME_FAMILY_WORKBOOK_DIRECT_CAPTURE_INCOMPLETE,passing_attempts|passing_completions|passing_yards|passing_touchdowns|interceptions|rushing_attempts|rushing_yards|rushing_touchdowns
Kyle Pitts,Kyle Pitts Sr.,ATL,TE,,,,,,,,,79.5,881.0,4.7,0.1,155.9,195.600,normalized_name_position_team,0.995,https://www.dropbox.com/scl/fi/jz9ao02y3xn61bbt469f7/2026_FantasyFootball_0.4_elboberto.xlsm?rlkey=vk0kb2nhf2wel5453erzu4wo9&st=szgxu53i&dl=1,ElBoberto 2026 v0.4; workbook modified 2026-08-08T13:32:00Z,2026-09-01T00:59:51Z,FROZEN_CANONICAL_SAME_FAMILY_WORKBOOK_DIRECT_CAPTURE_INCOMPLETE,passing_attempts|passing_completions|passing_yards|passing_touchdowns|interceptions|rushing_attempts|rushing_yards|rushing_touchdowns
Harold Fannin,Harold Fannin Jr.,CLE,TE,,,,,,,,,77.7,801.1,5.4,0.8,149.7,188.610,normalized_name_position_team,0.995,https://www.dropbox.com/scl/fi/jz9ao02y3xn61bbt469f7/2026_FantasyFootball_0.4_elboberto.xlsm?rlkey=vk0kb2nhf2wel5453erzu4wo9&st=szgxu53i&dl=1,ElBoberto 2026 v0.4; workbook modified 2026-08-08T13:32:00Z,2026-09-01T00:59:51Z,FROZEN_CANONICAL_SAME_FAMILY_WORKBOOK_DIRECT_CAPTURE_INCOMPLETE,passing_attempts|passing_completions|passing_yards|passing_touchdowns|interceptions|rushing_attempts|rushing_yards|rushing_touchdowns
Sam LaPorta,Sam LaPorta,DET,TE,,,,,,,,,70.1,810.0,5.5,0.2,148.4,183.700,exact_name_position_team,1.000,https://www.dropbox.com/scl/fi/jz9ao02y3xn61bbt469f7/2026_FantasyFootball_0.4_elboberto.xlsm?rlkey=vk0kb2nhf2wel5453erzu4wo9&st=szgxu53i&dl=1,ElBoberto 2026 v0.4; workbook modified 2026-08-08T13:32:00Z,2026-09-01T00:59:51Z,FROZEN_CANONICAL_SAME_FAMILY_WORKBOOK_DIRECT_CAPTURE_INCOMPLETE,passing_attempts|passing_completions|passing_yards|passing_touchdowns|interceptions|rushing_attempts|rushing_yards|rushing_touchdowns
Dallas Goedert,Dallas Goedert,PHI,TE,,,,,,,,,65.5,689.2,7.6,0.2,146.6,179.620,exact_name_position_team,1.000,https://www.dropbox.com/scl/fi/jz9ao02y3xn61bbt469f7/2026_FantasyFootball_0.4_elboberto.xlsm?rlkey=vk0kb2nhf2wel5453erzu4wo9&st=szgxu53i&dl=1,ElBoberto 2026 v0.4; workbook modified 2026-08-08T13:32:00Z,2026-09-01T00:59:51Z,FROZEN_CANONICAL_SAME_FAMILY_WORKBOOK_DIRECT_CAPTURE_INCOMPLETE,passing_attempts|passing_completions|passing_yards|passing_touchdowns|interceptions|rushing_attempts|rushing_yards|rushing_touchdowns
Tucker Kraft,Tucker Kraft,GB,TE,,,,,,,,,60.2,770.7,6.4,0.2,145.2,175.270,exact_name_position_team,1.000,https://www.dropbox.com/scl/fi/jz9ao02y3xn61bbt469f7/2026_FantasyFootball_0.4_elboberto.xlsm?rlkey=vk0kb2nhf2wel5453erzu4wo9&st=szgxu53i&dl=1,ElBoberto 2026 v0.4; workbook modified 2026-08-08T13:32:00Z,2026-09-01T00:59:51Z,FROZEN_CANONICAL_SAME_FAMILY_WORKBOOK_DIRECT_CAPTURE_INCOMPLETE,passing_attempts|passing_completions|passing_yards|passing_touchdowns|interceptions|rushing_attempts|rushing_yards|rushing_touchdowns
Travis Kelce,Travis Kelce,KC,TE,,,,,,,,,74.9,784.5,4.8,0.3,144.4,181.550,exact_name_position_team,1.000,https://www.dropbox.com/scl/fi/jz9ao02y3xn61bbt469f7/2026_FantasyFootball_0.4_elboberto.xlsm?rlkey=vk0kb2nhf2wel5453erzu4wo9&st=szgxu53i&dl=1,ElBoberto 2026 v0.4; workbook modified 2026-08-08T13:32:00Z,2026-09-01T00:59:51Z,FROZEN_CANONICAL_SAME_FAMILY_WORKBOOK_DIRECT_CAPTURE_INCOMPLETE,passing_attempts|passing_completions|passing_yards|passing_touchdowns|interceptions|rushing_attempts|rushing_yards|rushing_touchdowns
George Kittle,George Kittle,SF,TE,,,,,,,,,64.9,740.2,5.4,0.2,138.6,170.920,exact_name_position_team,1.000,https://www.dropbox.com/scl/fi/jz9ao02y3xn61bbt469f7/2026_FantasyFootball_0.4_elboberto.xlsm?rlkey=vk0kb2nhf2wel5453erzu4wo9&st=szgxu53i&dl=1,ElBoberto 2026 v0.4; workbook modified 2026-08-08T13:32:00Z,2026-09-01T00:59:51Z,FROZEN_CANONICAL_SAME_FAMILY_WORKBOOK_DIRECT_CAPTURE_INCOMPLETE,passing_attempts|passing_completions|passing_yards|passing_touchdowns|interceptions|rushing_attempts|rushing_yards|rushing_touchdowns
Mark Andrews,Mark Andrews,BAL,TE,,,,,,,,,58.7,608.7,7.4,0.3,134.0,163.370,exact_name_position_team,1.000,https://www.dropbox.com/scl/fi/jz9ao02y3xn61bbt469f7/2026_FantasyFootball_0.4_elboberto.xlsm?rlkey=vk0kb2nhf2wel5453erzu4wo9&st=szgxu53i&dl=1,ElBoberto 2026 v0.4; workbook modified 2026-08-08T13:32:00Z,2026-09-01T00:59:51Z,FROZEN_CANONICAL_SAME_FAMILY_WORKBOOK_DIRECT_CAPTURE_INCOMPLETE,passing_attempts|passing_completions|passing_yards|passing_touchdowns|interceptions|rushing_attempts|rushing_yards|rushing_touchdowns
Isaiah Likely,Isaiah Likely,NYG,TE,,,,,,,,,62.9,746.5,5.1,1.3,133.9,165.550,exact_name_position_team,1.000,https://www.dropbox.com/scl/fi/jz9ao02y3xn61bbt469f7/2026_FantasyFootball_0.4_elboberto.xlsm?rlkey=vk0kb2nhf2wel5453erzu4wo9&st=szgxu53i&dl=1,ElBoberto 2026 v0.4; workbook modified 2026-08-08T13:32:00Z,2026-09-01T00:59:51Z,FROZEN_CANONICAL_SAME_FAMILY_WORKBOOK_DIRECT_CAPTURE_INCOMPLETE,passing_attempts|passing_completions|passing_yards|passing_touchdowns|interceptions|rushing_attempts|rushing_yards|rushing_touchdowns
Dalton Kincaid,Dalton Kincaid,BUF,TE,,,,,,,,,57.1,701.6,5.5,0.2,131.2,159.860,exact_name_position_team,1.000,https://www.dropbox.com/scl/fi/jz9ao02y3xn61bbt469f7/2026_FantasyFootball_0.4_elboberto.xlsm?rlkey=vk0kb2nhf2wel5453erzu4wo9&st=szgxu53i&dl=1,ElBoberto 2026 v0.4; workbook modified 2026-08-08T13:32:00Z,2026-09-01T00:59:51Z,FROZEN_CANONICAL_SAME_FAMILY_WORKBOOK_DIRECT_CAPTURE_INCOMPLETE,passing_attempts|passing_completions|passing_yards|passing_touchdowns|interceptions|rushing_attempts|rushing_yards|rushing_touchdowns
Jake Ferguson,Jake Ferguson,DAL,TE,,,,,,,,,74.1,606.4,5.9,1.4,130.5,167.340,exact_name_position_team,1.000,https://www.dropbox.com/scl/fi/jz9ao02y3xn61bbt469f7/2026_FantasyFootball_0.4_elboberto.xlsm?rlkey=vk0kb2nhf2wel5453erzu4wo9&st=szgxu53i&dl=1,ElBoberto 2026 v0.4; workbook modified 2026-08-08T13:32:00Z,2026-09-01T00:59:51Z,FROZEN_CANONICAL_SAME_FAMILY_WORKBOOK_DIRECT_CAPTURE_INCOMPLETE,passing_attempts|passing_completions|passing_yards|passing_touchdowns|interceptions|rushing_attempts|rushing_yards|rushing_touchdowns
Hunter Henry,Hunter Henry,NE,TE,,,,,,,,,56.3,651.7,5.4,0.1,125.5,153.670,exact_name_position_team,1.000,https://www.dropbox.com/scl/fi/jz9ao02y3xn61bbt469f7/2026_FantasyFootball_0.4_elboberto.xlsm?rlkey=vk0kb2nhf2wel5453erzu4wo9&st=szgxu53i&dl=1,ElBoberto 2026 v0.4; workbook modified 2026-08-08T13:32:00Z,2026-09-01T00:59:51Z,FROZEN_CANONICAL_SAME_FAMILY_WORKBOOK_DIRECT_CAPTURE_INCOMPLETE,passing_attempts|passing_completions|passing_yards|passing_touchdowns|interceptions|rushing_attempts|rushing_yards|rushing_touchdowns
Juwan Johnson,Juwan Johnson,NO,TE,,,,,,,,,64.5,727.0,3.3,1.3,121.9,154.400,exact_name_position_team,1.000,https://www.dropbox.com/scl/fi/jz9ao02y3xn61bbt469f7/2026_FantasyFootball_0.4_elboberto.xlsm?rlkey=vk0kb2nhf2wel5453erzu4wo9&st=szgxu53i&dl=1,ElBoberto 2026 v0.4; workbook modified 2026-08-08T13:32:00Z,2026-09-01T00:59:51Z,FROZEN_CANONICAL_SAME_FAMILY_WORKBOOK_DIRECT_CAPTURE_INCOMPLETE,passing_attempts|passing_completions|passing_yards|passing_touchdowns|interceptions|rushing_attempts|rushing_yards|rushing_touchdowns
Brenton Strange,Brenton Strange,JAC,TE,,,,,,,,,60.0,658.4,4.3,0.2,121.4,151.240,exact_name_position_team,1.000,https://www.dropbox.com/scl/fi/jz9ao02y3xn61bbt469f7/2026_FantasyFootball_0.4_elboberto.xlsm?rlkey=vk0kb2nhf2wel5453erzu4wo9&st=szgxu53i&dl=1,ElBoberto 2026 v0.4; workbook modified 2026-08-08T13:32:00Z,2026-09-01T00:59:51Z,FROZEN_CANONICAL_SAME_FAMILY_WORKBOOK_DIRECT_CAPTURE_INCOMPLETE,passing_attempts|passing_completions|passing_yards|passing_touchdowns|interceptions|rushing_attempts|rushing_yards|rushing_touchdowns
Dalton Schultz,Dalton Schultz,HOU,TE,,,,,,,,,65.8,629.5,3.4,0.2,115.7,148.750,exact_name_position_team,1.000,https://www.dropbox.com/scl/fi/jz9ao02y3xn61bbt469f7/2026_FantasyFootball_0.4_elboberto.xlsm?rlkey=vk0kb2nhf2wel5453erzu4wo9&st=szgxu53i&dl=1,ElBoberto 2026 v0.4; workbook modified 2026-08-08T13:32:00Z,2026-09-01T00:59:51Z,FROZEN_CANONICAL_SAME_FAMILY_WORKBOOK_DIRECT_CAPTURE_INCOMPLETE,passing_attempts|passing_completions|passing_yards|passing_touchdowns|interceptions|rushing_attempts|rushing_yards|rushing_touchdowns
T.J. Hockenson,T.J. Hockenson,MIN,TE,,,,,,,,,63.9,574.1,3.3,0.2,108.7,140.710,exact_name_position_team,1.000,https://www.dropbox.com/scl/fi/jz9ao02y3xn61bbt469f7/2026_FantasyFootball_0.4_elboberto.xlsm?rlkey=vk0kb2nhf2wel5453erzu4wo9&st=szgxu53i&dl=1,ElBoberto 2026 v0.4; workbook modified 2026-08-08T13:32:00Z,2026-09-01T00:59:51Z,FROZEN_CANONICAL_SAME_FAMILY_WORKBOOK_DIRECT_CAPTURE_INCOMPLETE,passing_attempts|passing_completions|passing_yards|passing_touchdowns|interceptions|rushing_attempts|rushing_yards|rushing_touchdowns
Pat Freiermuth,Pat Freiermuth,PIT,TE,,,,,,,,,53.0,558.3,4.3,0.2,107.4,134.230,source_only_exact_name_position,1.000,https://www.dropbox.com/scl/fi/jz9ao02y3xn61bbt469f7/2026_FantasyFootball_0.4_elboberto.xlsm?rlkey=vk0kb2nhf2wel5453erzu4wo9&st=szgxu53i&dl=1,ElBoberto 2026 v0.4; workbook modified 2026-08-08T13:32:00Z,2026-09-01T00:59:51Z,FROZEN_CANONICAL_SAME_FAMILY_WORKBOOK_DIRECT_CAPTURE_INCOMPLETE,passing_attempts|passing_completions|passing_yards|passing_touchdowns|interceptions|rushing_attempts|rushing_yards|rushing_touchdowns
Greg Dulcich,Greg Dulcich,MIA,TE,,,,,,,,,54.6,620.3,3.2,1.2,106.2,133.430,exact_name_position_team,1.000,https://www.dropbox.com/scl/fi/jz9ao02y3xn61bbt469f7/2026_FantasyFootball_0.4_elboberto.xlsm?rlkey=vk0kb2nhf2wel5453erzu4wo9&st=szgxu53i&dl=1,ElBoberto 2026 v0.4; workbook modified 2026-08-08T13:32:00Z,2026-09-01T00:59:51Z,FROZEN_CANONICAL_SAME_FAMILY_WORKBOOK_DIRECT_CAPTURE_INCOMPLETE,passing_attempts|passing_completions|passing_yards|passing_touchdowns|interceptions|rushing_attempts|rushing_yards|rushing_touchdowns
Kenyon Sadiq,Kenyon Sadiq,NYJ,TE,,,,,,,,,51.1,558.4,4.1,0.7,104.5,130.140,exact_name_position_team,1.000,https://www.dropbox.com/scl/fi/jz9ao02y3xn61bbt469f7/2026_FantasyFootball_0.4_elboberto.xlsm?rlkey=vk0kb2nhf2wel5453erzu4wo9&st=szgxu53i&dl=1,ElBoberto 2026 v0.4; workbook modified 2026-08-08T13:32:00Z,2026-09-01T00:59:51Z,FROZEN_CANONICAL_SAME_FAMILY_WORKBOOK_DIRECT_CAPTURE_INCOMPLETE,passing_attempts|passing_completions|passing_yards|passing_touchdowns|interceptions|rushing_attempts|rushing_yards|rushing_touchdowns
Cade Otton,Cade Otton,TB,TE,,,,,,,,,55.2,557.9,3.1,0.1,101.7,129.390,source_only_exact_name_position,1.000,https://www.dropbox.com/scl/fi/jz9ao02y3xn61bbt469f7/2026_FantasyFootball_0.4_elboberto.xlsm?rlkey=vk0kb2nhf2wel5453erzu4wo9&st=szgxu53i&dl=1,ElBoberto 2026 v0.4; workbook modified 2026-08-08T13:32:00Z,2026-09-01T00:59:51Z,FROZEN_CANONICAL_SAME_FAMILY_WORKBOOK_DIRECT_CAPTURE_INCOMPLETE,passing_attempts|passing_completions|passing_yards|passing_touchdowns|interceptions|rushing_attempts|rushing_yards|rushing_touchdowns
AJ Barner,AJ Barner,SEA,TE,,,,,,,,,48.6,469.6,4.9,0.2,100.1,124.560,exact_name_position_team,1.000,https://www.dropbox.com/scl/fi/jz9ao02y3xn61bbt469f7/2026_FantasyFootball_0.4_elboberto.xlsm?rlkey=vk0kb2nhf2wel5453erzu4wo9&st=szgxu53i&dl=1,ElBoberto 2026 v0.4; workbook modified 2026-08-08T13:32:00Z,2026-09-01T00:59:51Z,FROZEN_CANONICAL_SAME_FAMILY_WORKBOOK_DIRECT_CAPTURE_INCOMPLETE,passing_attempts|passing_completions|passing_yards|passing_touchdowns|interceptions|rushing_attempts|rushing_yards|rushing_touchdowns
Chig Okonkwo,Chig Okonkwo,WAS,TE,,,,,,,,,52.5,555.4,2.7,0.1,97.9,124.040,exact_name_position_team,1.000,https://www.dropbox.com/scl/fi/jz9ao02y3xn61bbt469f7/2026_FantasyFootball_0.4_elboberto.xlsm?rlkey=vk0kb2nhf2wel5453erzu4wo9&st=szgxu53i&dl=1,ElBoberto 2026 v0.4; workbook modified 2026-08-08T13:32:00Z,2026-09-01T00:59:51Z,FROZEN_CANONICAL_SAME_FAMILY_WORKBOOK_DIRECT_CAPTURE_INCOMPLETE,passing_attempts|passing_completions|passing_yards|passing_touchdowns|interceptions|rushing_attempts|rushing_yards|rushing_touchdowns
Oronde Gadsden II,Oronde Gadsden II,LAC,TE,,,,,,,,,44.2,549.9,3.5,0.7,96.7,118.790,source_only_exact_name_position,1.000,https://www.dropbox.com/scl/fi/jz9ao02y3xn61bbt469f7/2026_FantasyFootball_0.4_elboberto.xlsm?rlkey=vk0kb2nhf2wel5453erzu4wo9&st=szgxu53i&dl=1,ElBoberto 2026 v0.4; workbook modified 2026-08-08T13:32:00Z,2026-09-01T00:59:51Z,FROZEN_CANONICAL_SAME_FAMILY_WORKBOOK_DIRECT_CAPTURE_INCOMPLETE,passing_attempts|passing_completions|passing_yards|passing_touchdowns|interceptions|rushing_attempts|rushing_yards|rushing_touchdowns
Terrance Ferguson,Terrance Ferguson,LAR,TE,,,,,,,,,36.3,500.4,4.8,0.2,96.7,114.740,exact_name_position_team,1.000,https://www.dropbox.com/scl/fi/jz9ao02y3xn61bbt469f7/2026_FantasyFootball_0.4_elboberto.xlsm?rlkey=vk0kb2nhf2wel5453erzu4wo9&st=szgxu53i&dl=1,ElBoberto 2026 v0.4; workbook modified 2026-08-08T13:32:00Z,2026-09-01T00:59:51Z,FROZEN_CANONICAL_SAME_FAMILY_WORKBOOK_DIRECT_CAPTURE_INCOMPLETE,passing_attempts|passing_completions|passing_yards|passing_touchdowns|interceptions|rushing_attempts|rushing_yards|rushing_touchdowns
Mike Gesicki,Mike Gesicki,CIN,TE,,,,,,,,,44.0,461.5,3.9,0.1,91.2,113.350,source_only_exact_name_position,1.000,https://www.dropbox.com/scl/fi/jz9ao02y3xn61bbt469f7/2026_FantasyFootball_0.4_elboberto.xlsm?rlkey=vk0kb2nhf2wel5453erzu4wo9&st=szgxu53i&dl=1,ElBoberto 2026 v0.4; workbook modified 2026-08-08T13:32:00Z,2026-09-01T00:59:51Z,FROZEN_CANONICAL_SAME_FAMILY_WORKBOOK_DIRECT_CAPTURE_INCOMPLETE,passing_attempts|passing_completions|passing_yards|passing_touchdowns|interceptions|rushing_attempts|rushing_yards|rushing_touchdowns
Evan Engram,Evan Engram,DEN,TE,,,,,,,,,53.4,472.2,2.7,0.1,90.0,116.620,source_only_exact_name_position,1.000,https://www.dropbox.com/scl/fi/jz9ao02y3xn61bbt469f7/2026_FantasyFootball_0.4_elboberto.xlsm?rlkey=vk0kb2nhf2wel5453erzu4wo9&st=szgxu53i&dl=1,ElBoberto 2026 v0.4; workbook modified 2026-08-08T13:32:00Z,2026-09-01T00:59:51Z,FROZEN_CANONICAL_SAME_FAMILY_WORKBOOK_DIRECT_CAPTURE_INCOMPLETE,passing_attempts|passing_completions|passing_yards|passing_touchdowns|interceptions|rushing_attempts|rushing_yards|rushing_touchdowns
Gunnar Helm,Gunnar Helm,TEN,TE,,,,,,,,,48.9,443.1,3.1,0.2,87.0,111.410,exact_name_position_team,1.000,https://www.dropbox.com/scl/fi/jz9ao02y3xn61bbt469f7/2026_FantasyFootball_0.4_elboberto.xlsm?rlkey=vk0kb2nhf2wel5453erzu4wo9&st=szgxu53i&dl=1,ElBoberto 2026 v0.4; workbook modified 2026-08-08T13:32:00Z,2026-09-01T00:59:51Z,FROZEN_CANONICAL_SAME_FAMILY_WORKBOOK_DIRECT_CAPTURE_INCOMPLETE,passing_attempts|passing_completions|passing_yards|passing_touchdowns|interceptions|rushing_attempts|rushing_yards|rushing_touchdowns
Mason Taylor,Mason Taylor,NYJ,TE,,,,,,,,,44.5,390.9,2.4,0.1,75.4,97.790,source_only_exact_name_position,1.000,https://www.dropbox.com/scl/fi/jz9ao02y3xn61bbt469f7/2026_FantasyFootball_0.4_elboberto.xlsm?rlkey=vk0kb2nhf2wel5453erzu4wo9&st=szgxu53i&dl=1,ElBoberto 2026 v0.4; workbook modified 2026-08-08T13:32:00Z,2026-09-01T00:59:51Z,FROZEN_CANONICAL_SAME_FAMILY_WORKBOOK_DIRECT_CAPTURE_INCOMPLETE,passing_attempts|passing_completions|passing_yards|passing_touchdowns|interceptions|rushing_attempts|rushing_yards|rushing_touchdowns
Colby Parkinson,Colby Parkinson,LAR,TE,,,,,,,,,34.3,354.4,3.9,0.6,74.7,91.940,source_only_exact_name_position,1.000,https://www.dropbox.com/scl/fi/jz9ao02y3xn61bbt469f7/2026_FantasyFootball_0.4_elboberto.xlsm?rlkey=vk0kb2nhf2wel5453erzu4wo9&st=szgxu53i&dl=1,ElBoberto 2026 v0.4; workbook modified 2026-08-08T13:32:00Z,2026-09-01T00:59:51Z,FROZEN_CANONICAL_SAME_FAMILY_WORKBOOK_DIRECT_CAPTURE_INCOMPLETE,passing_attempts|passing_completions|passing_yards|passing_touchdowns|interceptions|rushing_attempts|rushing_yards|rushing_touchdowns
David Njoku,David Njoku,LAC,TE,,,,,,,,,34.7,324.2,3.9,0.1,73.1,90.320,source_only_exact_name_position,1.000,https://www.dropbox.com/scl/fi/jz9ao02y3xn61bbt469f7/2026_FantasyFootball_0.4_elboberto.xlsm?rlkey=vk0kb2nhf2wel5453erzu4wo9&st=szgxu53i&dl=1,ElBoberto 2026 v0.4; workbook modified 2026-08-08T13:32:00Z,2026-09-01T00:59:51Z,FROZEN_CANONICAL_SAME_FAMILY_WORKBOOK_DIRECT_CAPTURE_INCOMPLETE,passing_attempts|passing_completions|passing_yards|passing_touchdowns|interceptions|rushing_attempts|rushing_yards|rushing_touchdowns
Michael Mayer,Michael Mayer,LV,TE,,,,,,,,,40.0,377.4,2.1,0.1,70.1,90.140,source_only_exact_name_position,1.000,https://www.dropbox.com/scl/fi/jz9ao02y3xn61bbt469f7/2026_FantasyFootball_0.4_elboberto.xlsm?rlkey=vk0kb2nhf2wel5453erzu4wo9&st=szgxu53i&dl=1,ElBoberto 2026 v0.4; workbook modified 2026-08-08T13:32:00Z,2026-09-01T00:59:51Z,FROZEN_CANONICAL_SAME_FAMILY_WORKBOOK_DIRECT_CAPTURE_INCOMPLETE,passing_attempts|passing_completions|passing_yards|passing_touchdowns|interceptions|rushing_attempts|rushing_yards|rushing_touchdowns
Dawson Knox,Dawson Knox,BUF,TE,,,,,,,,,28.7,329.0,2.9,0.1,64.6,78.800,source_only_exact_name_position,1.000,https://www.dropbox.com/scl/fi/jz9ao02y3xn61bbt469f7/2026_FantasyFootball_0.4_elboberto.xlsm?rlkey=vk0kb2nhf2wel5453erzu4wo9&st=szgxu53i&dl=1,ElBoberto 2026 v0.4; workbook modified 2026-08-08T13:32:00Z,2026-09-01T00:59:51Z,FROZEN_CANONICAL_SAME_FAMILY_WORKBOOK_DIRECT_CAPTURE_INCOMPLETE,passing_attempts|passing_completions|passing_yards|passing_touchdowns|interceptions|rushing_attempts|rushing_yards|rushing_touchdowns
Theo Johnson,Theo Johnson,NYG,TE,,,,,,,,,27.6,315.0,2.9,0.1,62.4,76.300,source_only_exact_name_position,1.000,https://www.dropbox.com/scl/fi/jz9ao02y3xn61bbt469f7/2026_FantasyFootball_0.4_elboberto.xlsm?rlkey=vk0kb2nhf2wel5453erzu4wo9&st=szgxu53i&dl=1,ElBoberto 2026 v0.4; workbook modified 2026-08-08T13:32:00Z,2026-09-01T00:59:51Z,FROZEN_CANONICAL_SAME_FAMILY_WORKBOOK_DIRECT_CAPTURE_INCOMPLETE,passing_attempts|passing_completions|passing_yards|passing_touchdowns|interceptions|rushing_attempts|rushing_yards|rushing_touchdowns
Darnell Washington,Darnell Washington,PIT,TE,,,,,,,,,30.7,328.1,2.0,0.6,58.6,74.310,source_only_exact_name_position,1.000,https://www.dropbox.com/scl/fi/jz9ao02y3xn61bbt469f7/2026_FantasyFootball_0.4_elboberto.xlsm?rlkey=vk0kb2nhf2wel5453erzu4wo9&st=szgxu53i&dl=1,ElBoberto 2026 v0.4; workbook modified 2026-08-08T13:32:00Z,2026-09-01T00:59:51Z,FROZEN_CANONICAL_SAME_FAMILY_WORKBOOK_DIRECT_CAPTURE_INCOMPLETE,passing_attempts|passing_completions|passing_yards|passing_touchdowns|interceptions|rushing_attempts|rushing_yards|rushing_touchdowns
Tyler Higbee,Tyler Higbee,LAR,TE,,,,,,,,,26.1,306.5,2.4,0.0,58.1,71.150,source_only_exact_name_position,1.000,https://www.dropbox.com/scl/fi/jz9ao02y3xn61bbt469f7/2026_FantasyFootball_0.4_elboberto.xlsm?rlkey=vk0kb2nhf2wel5453erzu4wo9&st=szgxu53i&dl=1,ElBoberto 2026 v0.4; workbook modified 2026-08-08T13:32:00Z,2026-09-01T00:59:51Z,FROZEN_CANONICAL_SAME_FAMILY_WORKBOOK_DIRECT_CAPTURE_INCOMPLETE,passing_attempts|passing_completions|passing_yards|passing_touchdowns|interceptions|rushing_attempts|rushing_yards|rushing_touchdowns
Cole Kmet,Cole Kmet,CHI,TE,,,,,,,,,25.9,271.4,2.2,0.1,53.3,66.040,source_only_exact_name_position,1.000,https://www.dropbox.com/scl/fi/jz9ao02y3xn61bbt469f7/2026_FantasyFootball_0.4_elboberto.xlsm?rlkey=vk0kb2nhf2wel5453erzu4wo9&st=szgxu53i&dl=1,ElBoberto 2026 v0.4; workbook modified 2026-08-08T13:32:00Z,2026-09-01T00:59:51Z,FROZEN_CANONICAL_SAME_FAMILY_WORKBOOK_DIRECT_CAPTURE_INCOMPLETE,passing_attempts|passing_completions|passing_yards|passing_touchdowns|interceptions|rushing_attempts|rushing_yards|rushing_touchdowns
Ja'Tavion Sanders,Ja'Tavion Sanders,CAR,TE,,,,,,,,,29.7,264.9,2.0,0.1,53.3,67.990,source_only_exact_name_position,1.000,https://www.dropbox.com/scl/fi/jz9ao02y3xn61bbt469f7/2026_FantasyFootball_0.4_elboberto.xlsm?rlkey=vk0kb2nhf2wel5453erzu4wo9&st=szgxu53i&dl=1,ElBoberto 2026 v0.4; workbook modified 2026-08-08T13:32:00Z,2026-09-01T00:59:51Z,FROZEN_CANONICAL_SAME_FAMILY_WORKBOOK_DIRECT_CAPTURE_INCOMPLETE,passing_attempts|passing_completions|passing_yards|passing_touchdowns|interceptions|rushing_attempts|rushing_yards|rushing_touchdowns
Noah Fant,Noah Fant,NO,TE,,,,,,,,,30.8,285.7,1.7,1.6,50.8,66.370,source_only_exact_name_position,1.000,https://www.dropbox.com/scl/fi/jz9ao02y3xn61bbt469f7/2026_FantasyFootball_0.4_elboberto.xlsm?rlkey=vk0kb2nhf2wel5453erzu4wo9&st=szgxu53i&dl=1,ElBoberto 2026 v0.4; workbook modified 2026-08-08T13:32:00Z,2026-09-01T00:59:51Z,FROZEN_CANONICAL_SAME_FAMILY_WORKBOOK_DIRECT_CAPTURE_INCOMPLETE,passing_attempts|passing_completions|passing_yards|passing_touchdowns|interceptions|rushing_attempts|rushing_yards|rushing_touchdowns
Tommy Tremble,Tommy Tremble,CAR,TE,,,,,,,,,26.6,254.0,2.0,0.1,50.3,63.800,source_only_exact_name_position,1.000,https://www.dropbox.com/scl/fi/jz9ao02y3xn61bbt469f7/2026_FantasyFootball_0.4_elboberto.xlsm?rlkey=vk0kb2nhf2wel5453erzu4wo9&st=szgxu53i&dl=1,ElBoberto 2026 v0.4; workbook modified 2026-08-08T13:32:00Z,2026-09-01T00:59:51Z,FROZEN_CANONICAL_SAME_FAMILY_WORKBOOK_DIRECT_CAPTURE_INCOMPLETE,passing_attempts|passing_completions|passing_yards|passing_touchdowns|interceptions|rushing_attempts|rushing_yards|rushing_touchdowns
Will Kacmarek,Will Kacmarek,MIA,TE,,,,,,,,,26.6,251.3,1.9,0.6,48.6,61.930,source_only_exact_name_position,1.000,https://www.dropbox.com/scl/fi/jz9ao02y3xn61bbt469f7/2026_FantasyFootball_0.4_elboberto.xlsm?rlkey=vk0kb2nhf2wel5453erzu4wo9&st=szgxu53i&dl=1,ElBoberto 2026 v0.4; workbook modified 2026-08-08T13:32:00Z,2026-09-01T00:59:51Z,FROZEN_CANONICAL_SAME_FAMILY_WORKBOOK_DIRECT_CAPTURE_INCOMPLETE,passing_attempts|passing_completions|passing_yards|passing_touchdowns|interceptions|rushing_attempts|rushing_yards|rushing_touchdowns
Erick All Jr.,Erick All Jr.,CIN,TE,,,,,,,,,26.6,228.9,1.6,0.1,45.8,58.890,source_only_exact_name_position,1.000,https://www.dropbox.com/scl/fi/jz9ao02y3xn61bbt469f7/2026_FantasyFootball_0.4_elboberto.xlsm?rlkey=vk0kb2nhf2wel5453erzu4wo9&st=szgxu53i&dl=1,ElBoberto 2026 v0.4; workbook modified 2026-08-08T13:32:00Z,2026-09-01T00:59:51Z,FROZEN_CANONICAL_SAME_FAMILY_WORKBOOK_DIRECT_CAPTURE_INCOMPLETE,passing_attempts|passing_completions|passing_yards|passing_touchdowns|interceptions|rushing_attempts|rushing_yards|rushing_touchdowns
Charlie Kolar,Charlie Kolar,LAC,TE,,,,,,,,,20.2,230.0,2.0,0.1,45.3,55.000,source_only_exact_name_position,1.000,https://www.dropbox.com/scl/fi/jz9ao02y3xn61bbt469f7/2026_FantasyFootball_0.4_elboberto.xlsm?rlkey=vk0kb2nhf2wel5453erzu4wo9&st=szgxu53i&dl=1,ElBoberto 2026 v0.4; workbook modified 2026-08-08T13:32:00Z,2026-09-01T00:59:51Z,FROZEN_CANONICAL_SAME_FAMILY_WORKBOOK_DIRECT_CAPTURE_INCOMPLETE,passing_attempts|passing_completions|passing_yards|passing_touchdowns|interceptions|rushing_attempts|rushing_yards|rushing_touchdowns
Austin Hooper,Austin Hooper,ATL,TE,,,,,,,,,22.5,236.3,1.6,0.1,44.4,55.530,source_only_exact_name_position,1.000,https://www.dropbox.com/scl/fi/jz9ao02y3xn61bbt469f7/2026_FantasyFootball_0.4_elboberto.xlsm?rlkey=vk0kb2nhf2wel5453erzu4wo9&st=szgxu53i&dl=1,ElBoberto 2026 v0.4; workbook modified 2026-08-08T13:32:00Z,2026-09-01T00:59:51Z,FROZEN_CANONICAL_SAME_FAMILY_WORKBOOK_DIRECT_CAPTURE_INCOMPLETE,passing_attempts|passing_completions|passing_yards|passing_touchdowns|interceptions|rushing_attempts|rushing_yards|rushing_touchdowns
Josh Oliver,Josh Oliver,MIN,TE,,,,,,,,,18.6,193.9,2.4,0.1,42.8,52.190,source_only_exact_name_position,1.000,https://www.dropbox.com/scl/fi/jz9ao02y3xn61bbt469f7/2026_FantasyFootball_0.4_elboberto.xlsm?rlkey=vk0kb2nhf2wel5453erzu4wo9&st=szgxu53i&dl=1,ElBoberto 2026 v0.4; workbook modified 2026-08-08T13:32:00Z,2026-09-01T00:59:51Z,FROZEN_CANONICAL_SAME_FAMILY_WORKBOOK_DIRECT_CAPTURE_INCOMPLETE,passing_attempts|passing_completions|passing_yards|passing_touchdowns|interceptions|rushing_attempts|rushing_yards|rushing_touchdowns
Eli Stowers,Eli Stowers,PHI,TE,,,,,,,,,22.7,232.5,1.5,0.6,42.5,53.750,source_only_exact_name_position,1.000,https://www.dropbox.com/scl/fi/jz9ao02y3xn61bbt469f7/2026_FantasyFootball_0.4_elboberto.xlsm?rlkey=vk0kb2nhf2wel5453erzu4wo9&st=szgxu53i&dl=1,ElBoberto 2026 v0.4; workbook modified 2026-08-08T13:32:00Z,2026-09-01T00:59:51Z,FROZEN_CANONICAL_SAME_FAMILY_WORKBOOK_DIRECT_CAPTURE_INCOMPLETE,passing_attempts|passing_completions|passing_yards|passing_touchdowns|interceptions|rushing_attempts|rushing_yards|rushing_touchdowns
Daniel Bellinger,Daniel Bellinger,TEN,TE,,,,,,,,,19.3,222.3,1.7,0.0,42.3,51.730,source_only_exact_name_position,1.000,https://www.dropbox.com/scl/fi/jz9ao02y3xn61bbt469f7/2026_FantasyFootball_0.4_elboberto.xlsm?rlkey=vk0kb2nhf2wel5453erzu4wo9&st=szgxu53i&dl=1,ElBoberto 2026 v0.4; workbook modified 2026-08-08T13:32:00Z,2026-09-01T00:59:51Z,FROZEN_CANONICAL_SAME_FAMILY_WORKBOOK_DIRECT_CAPTURE_INCOMPLETE,passing_attempts|passing_completions|passing_yards|passing_touchdowns|interceptions|rushing_attempts|rushing_yards|rushing_touchdowns
Brock Wright,Brock Wright,DET,TE,,,,,,,,,19.9,175.2,2.3,0.0,41.3,51.220,source_only_exact_name_position,1.000,https://www.dropbox.com/scl/fi/jz9ao02y3xn61bbt469f7/2026_FantasyFootball_0.4_elboberto.xlsm?rlkey=vk0kb2nhf2wel5453erzu4wo9&st=szgxu53i&dl=1,ElBoberto 2026 v0.4; workbook modified 2026-08-08T13:32:00Z,2026-09-01T00:59:51Z,FROZEN_CANONICAL_SAME_FAMILY_WORKBOOK_DIRECT_CAPTURE_INCOMPLETE,passing_attempts|passing_completions|passing_yards|passing_touchdowns|interceptions|rushing_attempts|rushing_yards|rushing_touchdowns
Noah Gray,Noah Gray,KC,TE,,,,,,,,,21.0,211.2,1.5,0.1,40.3,50.920,source_only_exact_name_position,1.000,https://www.dropbox.com/scl/fi/jz9ao02y3xn61bbt469f7/2026_FantasyFootball_0.4_elboberto.xlsm?rlkey=vk0kb2nhf2wel5453erzu4wo9&st=szgxu53i&dl=1,ElBoberto 2026 v0.4; workbook modified 2026-08-08T13:32:00Z,2026-09-01T00:59:51Z,FROZEN_CANONICAL_SAME_FAMILY_WORKBOOK_DIRECT_CAPTURE_INCOMPLETE,passing_attempts|passing_completions|passing_yards|passing_touchdowns|interceptions|rushing_attempts|rushing_yards|rushing_touchdowns
Luke Musgrave,Luke Musgrave,GB,TE,,,,,,,,,21.7,211.6,1.2,0.0,39.0,50.060,source_only_exact_name_position,1.000,https://www.dropbox.com/scl/fi/jz9ao02y3xn61bbt469f7/2026_FantasyFootball_0.4_elboberto.xlsm?rlkey=vk0kb2nhf2wel5453erzu4wo9&st=szgxu53i&dl=1,ElBoberto 2026 v0.4; workbook modified 2026-08-08T13:32:00Z,2026-09-01T00:59:51Z,FROZEN_CANONICAL_SAME_FAMILY_WORKBOOK_DIRECT_CAPTURE_INCOMPLETE,passing_attempts|passing_completions|passing_yards|passing_touchdowns|interceptions|rushing_attempts|rushing_yards|rushing_touchdowns
Elijah Arroyo,Elijah Arroyo,SEA,TE,,,,,,,,,19.0,198.7,1.6,0.1,38.7,48.270,source_only_exact_name_position,1.000,https://www.dropbox.com/scl/fi/jz9ao02y3xn61bbt469f7/2026_FantasyFootball_0.4_elboberto.xlsm?rlkey=vk0kb2nhf2wel5453erzu4wo9&st=szgxu53i&dl=1,ElBoberto 2026 v0.4; workbook modified 2026-08-08T13:32:00Z,2026-09-01T00:59:51Z,FROZEN_CANONICAL_SAME_FAMILY_WORKBOOK_DIRECT_CAPTURE_INCOMPLETE,passing_attempts|passing_completions|passing_yards|passing_touchdowns|interceptions|rushing_attempts|rushing_yards|rushing_touchdowns
Jake Tonges,Jake Tonges,SF,TE,,,,,,,,,19.1,200.0,1.5,0.1,38.5,47.900,source_only_exact_name_position,1.000,https://www.dropbox.com/scl/fi/jz9ao02y3xn61bbt469f7/2026_FantasyFootball_0.4_elboberto.xlsm?rlkey=vk0kb2nhf2wel5453erzu4wo9&st=szgxu53i&dl=1,ElBoberto 2026 v0.4; workbook modified 2026-08-08T13:32:00Z,2026-09-01T00:59:51Z,FROZEN_CANONICAL_SAME_FAMILY_WORKBOOK_DIRECT_CAPTURE_INCOMPLETE,passing_attempts|passing_completions|passing_yards|passing_touchdowns|interceptions|rushing_attempts|rushing_yards|rushing_touchdowns
Adam Trautman,Adam Trautman,DEN,TE,,,,,,,,,19.4,194.0,1.5,0.0,37.9,47.800,source_only_exact_name_position,1.000,https://www.dropbox.com/scl/fi/jz9ao02y3xn61bbt469f7/2026_FantasyFootball_0.4_elboberto.xlsm?rlkey=vk0kb2nhf2wel5453erzu4wo9&st=szgxu53i&dl=1,ElBoberto 2026 v0.4; workbook modified 2026-08-08T13:32:00Z,2026-09-01T00:59:51Z,FROZEN_CANONICAL_SAME_FAMILY_WORKBOOK_DIRECT_CAPTURE_INCOMPLETE,passing_attempts|passing_completions|passing_yards|passing_touchdowns|interceptions|rushing_attempts|rushing_yards|rushing_touchdowns
Eli Raridon,Eli Raridon,NE,TE,,,,,,,,,18.8,195.8,1.5,0.6,37.1,46.180,source_only_exact_name_position,1.000,https://www.dropbox.com/scl/fi/jz9ao02y3xn61bbt469f7/2026_FantasyFootball_0.4_elboberto.xlsm?rlkey=vk0kb2nhf2wel5453erzu4wo9&st=szgxu53i&dl=1,ElBoberto 2026 v0.4; workbook modified 2026-08-08T13:32:00Z,2026-09-01T00:59:51Z,FROZEN_CANONICAL_SAME_FAMILY_WORKBOOK_DIRECT_CAPTURE_INCOMPLETE,passing_attempts|passing_completions|passing_yards|passing_touchdowns|interceptions|rushing_attempts|rushing_yards|rushing_touchdowns
Davis Allen,Davis Allen,LAR,TE,,,,,,,,,16.9,157.3,1.9,0.0,35.4,44.030,source_only_exact_name_position,1.000,https://www.dropbox.com/scl/fi/jz9ao02y3xn61bbt469f7/2026_FantasyFootball_0.4_elboberto.xlsm?rlkey=vk0kb2nhf2wel5453erzu4wo9&st=szgxu53i&dl=1,ElBoberto 2026 v0.4; workbook modified 2026-08-08T13:32:00Z,2026-09-01T00:59:51Z,FROZEN_CANONICAL_SAME_FAMILY_WORKBOOK_DIRECT_CAPTURE_INCOMPLETE,passing_attempts|passing_completions|passing_yards|passing_touchdowns|interceptions|rushing_attempts|rushing_yards|rushing_touchdowns
Ben Sims,Ben Sims,MIA,TE,,,,,,,,,19.5,184.7,1.2,0.0,35.2,45.170,source_only_exact_name_position,1.000,https://www.dropbox.com/scl/fi/jz9ao02y3xn61bbt469f7/2026_FantasyFootball_0.4_elboberto.xlsm?rlkey=vk0kb2nhf2wel5453erzu4wo9&st=szgxu53i&dl=1,ElBoberto 2026 v0.4; workbook modified 2026-08-08T13:32:00Z,2026-09-01T00:59:51Z,FROZEN_CANONICAL_SAME_FAMILY_WORKBOOK_DIRECT_CAPTURE_INCOMPLETE,passing_attempts|passing_completions|passing_yards|passing_touchdowns|interceptions|rushing_attempts|rushing_yards|rushing_touchdowns
Marlin Klein,Marlin Klein,HOU,TE,,,,,,,,,19.5,193.6,1.1,0.5,34.7,44.460,source_only_exact_name_position,1.000,https://www.dropbox.com/scl/fi/jz9ao02y3xn61bbt469f7/2026_FantasyFootball_0.4_elboberto.xlsm?rlkey=vk0kb2nhf2wel5453erzu4wo9&st=szgxu53i&dl=1,ElBoberto 2026 v0.4; workbook modified 2026-08-08T13:32:00Z,2026-09-01T00:59:51Z,FROZEN_CANONICAL_SAME_FAMILY_WORKBOOK_DIRECT_CAPTURE_INCOMPLETE,passing_attempts|passing_completions|passing_yards|passing_touchdowns|interceptions|rushing_attempts|rushing_yards|rushing_touchdowns
Elijah Higgins,Elijah Higgins,ARI,TE,,,,,,,,,22.0,196.1,0.8,0.6,34.5,45.210,source_only_exact_name_position,1.000,https://www.dropbox.com/scl/fi/jz9ao02y3xn61bbt469f7/2026_FantasyFootball_0.4_elboberto.xlsm?rlkey=vk0kb2nhf2wel5453erzu4wo9&st=szgxu53i&dl=1,ElBoberto 2026 v0.4; workbook modified 2026-08-08T13:32:00Z,2026-09-01T00:59:51Z,FROZEN_CANONICAL_SAME_FAMILY_WORKBOOK_DIRECT_CAPTURE_INCOMPLETE,passing_attempts|passing_completions|passing_yards|passing_touchdowns|interceptions|rushing_attempts|rushing_yards|rushing_touchdowns
John Bates,John Bates,WAS,TE,,,,,,,,,17.9,172.8,1.5,0.6,34.3,42.980,source_only_exact_name_position,1.000,https://www.dropbox.com/scl/fi/jz9ao02y3xn61bbt469f7/2026_FantasyFootball_0.4_elboberto.xlsm?rlkey=vk0kb2nhf2wel5453erzu4wo9&st=szgxu53i&dl=1,ElBoberto 2026 v0.4; workbook modified 2026-08-08T13:32:00Z,2026-09-01T00:59:51Z,FROZEN_CANONICAL_SAME_FAMILY_WORKBOOK_DIRECT_CAPTURE_INCOMPLETE,passing_attempts|passing_completions|passing_yards|passing_touchdowns|interceptions|rushing_attempts|rushing_yards|rushing_touchdowns
Jeremy Ruckert,Jeremy Ruckert,NYJ,TE,,,,,,,,,19.7,145.8,1.3,0.0,32.0,42.080,source_only_exact_name_position,1.000,https://www.dropbox.com/scl/fi/jz9ao02y3xn61bbt469f7/2026_FantasyFootball_0.4_elboberto.xlsm?rlkey=vk0kb2nhf2wel5453erzu4wo9&st=szgxu53i&dl=1,ElBoberto 2026 v0.4; workbook modified 2026-08-08T13:32:00Z,2026-09-01T00:59:51Z,FROZEN_CANONICAL_SAME_FAMILY_WORKBOOK_DIRECT_CAPTURE_INCOMPLETE,passing_attempts|passing_completions|passing_yards|passing_touchdowns|interceptions|rushing_attempts|rushing_yards|rushing_touchdowns
Mitchell Evans,Mitchell Evans,CAR,TE,,,,,,,,,15.0,139.1,1.5,0.1,30.2,37.710,source_only_exact_name_position,1.000,https://www.dropbox.com/scl/fi/jz9ao02y3xn61bbt469f7/2026_FantasyFootball_0.4_elboberto.xlsm?rlkey=vk0kb2nhf2wel5453erzu4wo9&st=szgxu53i&dl=1,ElBoberto 2026 v0.4; workbook modified 2026-08-08T13:32:00Z,2026-09-01T00:59:51Z,FROZEN_CANONICAL_SAME_FAMILY_WORKBOOK_DIRECT_CAPTURE_INCOMPLETE,passing_attempts|passing_completions|passing_yards|passing_touchdowns|interceptions|rushing_attempts|rushing_yards|rushing_touchdowns
Nate Boerkircher,Nate Boerkircher,JAC,TE,,,,,,,,,14.9,155.3,1.3,0.5,29.6,37.230,source_only_exact_name_position,1.000,https://www.dropbox.com/scl/fi/jz9ao02y3xn61bbt469f7/2026_FantasyFootball_0.4_elboberto.xlsm?rlkey=vk0kb2nhf2wel5453erzu4wo9&st=szgxu53i&dl=1,ElBoberto 2026 v0.4; workbook modified 2026-08-08T13:32:00Z,2026-09-01T00:59:51Z,FROZEN_CANONICAL_SAME_FAMILY_WORKBOOK_DIRECT_CAPTURE_INCOMPLETE,passing_attempts|passing_completions|passing_yards|passing_touchdowns|interceptions|rushing_attempts|rushing_yards|rushing_touchdowns
Connor Heyward,Connor Heyward,LV,TE,,,,,,,,,14.0,103.0,2.0,0.0,29.3,36.300,source_only_exact_name_position,1.000,https://www.dropbox.com/scl/fi/jz9ao02y3xn61bbt469f7/2026_FantasyFootball_0.4_elboberto.xlsm?rlkey=vk0kb2nhf2wel5453erzu4wo9&st=szgxu53i&dl=1,ElBoberto 2026 v0.4; workbook modified 2026-08-08T13:32:00Z,2026-09-01T00:59:51Z,FROZEN_CANONICAL_SAME_FAMILY_WORKBOOK_DIRECT_CAPTURE_INCOMPLETE,passing_attempts|passing_completions|passing_yards|passing_touchdowns|interceptions|rushing_attempts|rushing_yards|rushing_touchdowns
Nick Vannett,Nick Vannett,SEA,TE,,,,,,,,,10.0,95.0,2.0,0.0,26.5,31.500,source_only_exact_name_position,1.000,https://www.dropbox.com/scl/fi/jz9ao02y3xn61bbt469f7/2026_FantasyFootball_0.4_elboberto.xlsm?rlkey=vk0kb2nhf2wel5453erzu4wo9&st=szgxu53i&dl=1,ElBoberto 2026 v0.4; workbook modified 2026-08-08T13:32:00Z,2026-09-01T00:59:51Z,FROZEN_CANONICAL_SAME_FAMILY_WORKBOOK_DIRECT_CAPTURE_INCOMPLETE,passing_attempts|passing_completions|passing_yards|passing_touchdowns|interceptions|rushing_attempts|rushing_yards|rushing_touchdowns
Drew Sample,Drew Sample,CIN,TE,,,,,,,,,15.1,123.1,1.1,0.1,26.2,33.810,source_only_exact_name_position,1.000,https://www.dropbox.com/scl/fi/jz9ao02y3xn61bbt469f7/2026_FantasyFootball_0.4_elboberto.xlsm?rlkey=vk0kb2nhf2wel5453erzu4wo9&st=szgxu53i&dl=1,ElBoberto 2026 v0.4; workbook modified 2026-08-08T13:32:00Z,2026-09-01T00:59:51Z,FROZEN_CANONICAL_SAME_FAMILY_WORKBOOK_DIRECT_CAPTURE_INCOMPLETE,passing_attempts|passing_completions|passing_yards|passing_touchdowns|interceptions|rushing_attempts|rushing_yards|rushing_touchdowns
Nate Adkins,Nate Adkins,DEN,TE,,,,,,,,,11.9,88.8,1.8,0.0,25.8,31.580,source_only_exact_name_position,1.000,https://www.dropbox.com/scl/fi/jz9ao02y3xn61bbt469f7/2026_FantasyFootball_0.4_elboberto.xlsm?rlkey=vk0kb2nhf2wel5453erzu4wo9&st=szgxu53i&dl=1,ElBoberto 2026 v0.4; workbook modified 2026-08-08T13:32:00Z,2026-09-01T00:59:51Z,FROZEN_CANONICAL_SAME_FAMILY_WORKBOOK_DIRECT_CAPTURE_INCOMPLETE,passing_attempts|passing_completions|passing_yards|passing_touchdowns|interceptions|rushing_attempts|rushing_yards|rushing_touchdowns
Ben Sinnott,Ben Sinnott,WAS,TE,,,,,,,,,11.8,116.0,1.4,0.0,25.7,31.800,source_only_exact_name_position,1.000,https://www.dropbox.com/scl/fi/jz9ao02y3xn61bbt469f7/2026_FantasyFootball_0.4_elboberto.xlsm?rlkey=vk0kb2nhf2wel5453erzu4wo9&st=szgxu53i&dl=1,ElBoberto 2026 v0.4; workbook modified 2026-08-08T13:32:00Z,2026-09-01T00:59:51Z,FROZEN_CANONICAL_SAME_FAMILY_WORKBOOK_DIRECT_CAPTURE_INCOMPLETE,passing_attempts|passing_completions|passing_yards|passing_touchdowns|interceptions|rushing_attempts|rushing_yards|rushing_touchdowns
Cade Stover,Cade Stover,HOU,TE,,,,,,,,,15.2,128.1,0.9,0.1,25.5,33.210,source_only_exact_name_position,1.000,https://www.dropbox.com/scl/fi/jz9ao02y3xn61bbt469f7/2026_FantasyFootball_0.4_elboberto.xlsm?rlkey=vk0kb2nhf2wel5453erzu4wo9&st=szgxu53i&dl=1,ElBoberto 2026 v0.4; workbook modified 2026-08-08T13:32:00Z,2026-09-01T00:59:51Z,FROZEN_CANONICAL_SAME_FAMILY_WORKBOOK_DIRECT_CAPTURE_INCOMPLETE,passing_attempts|passing_completions|passing_yards|passing_touchdowns|interceptions|rushing_attempts|rushing_yards|rushing_touchdowns
Jackson Hawes,Jackson Hawes,BUF,TE,,,,,,,,,10.6,115.1,1.4,0.0,25.4,30.510,source_only_exact_name_position,1.000,https://www.dropbox.com/scl/fi/jz9ao02y3xn61bbt469f7/2026_FantasyFootball_0.4_elboberto.xlsm?rlkey=vk0kb2nhf2wel5453erzu4wo9&st=szgxu53i&dl=1,ElBoberto 2026 v0.4; workbook modified 2026-08-08T13:32:00Z,2026-09-01T00:59:51Z,FROZEN_CANONICAL_SAME_FAMILY_WORKBOOK_DIRECT_CAPTURE_INCOMPLETE,passing_attempts|passing_completions|passing_yards|passing_touchdowns|interceptions|rushing_attempts|rushing_yards|rushing_touchdowns
Zack Kuntz,Zack Kuntz,DAL,TE,,,,,,,,,12.0,128.0,1.0,0.0,24.8,30.800,source_only_exact_name_position,1.000,https://www.dropbox.com/scl/fi/jz9ao02y3xn61bbt469f7/2026_FantasyFootball_0.4_elboberto.xlsm?rlkey=vk0kb2nhf2wel5453erzu4wo9&st=szgxu53i&dl=1,ElBoberto 2026 v0.4; workbook modified 2026-08-08T13:32:00Z,2026-09-01T00:59:51Z,FROZEN_CANONICAL_SAME_FAMILY_WORKBOOK_DIRECT_CAPTURE_INCOMPLETE,passing_attempts|passing_completions|passing_yards|passing_touchdowns|interceptions|rushing_attempts|rushing_yards|rushing_touchdowns
Jack Endries,Jack Endries,CIN,TE,,,,,,,,,13.0,123.0,1.0,0.0,24.8,31.300,source_only_exact_name_position,1.000,https://www.dropbox.com/scl/fi/jz9ao02y3xn61bbt469f7/2026_FantasyFootball_0.4_elboberto.xlsm?rlkey=vk0kb2nhf2wel5453erzu4wo9&st=szgxu53i&dl=1,ElBoberto 2026 v0.4; workbook modified 2026-08-08T13:32:00Z,2026-09-01T00:59:51Z,FROZEN_CANONICAL_SAME_FAMILY_WORKBOOK_DIRECT_CAPTURE_INCOMPLETE,passing_attempts|passing_completions|passing_yards|passing_touchdowns|interceptions|rushing_attempts|rushing_yards|rushing_touchdowns
Luke Schoonmaker,Luke Schoonmaker,DAL,TE,,,,,,,,,13.2,121.6,0.9,0.0,24.4,30.760,source_only_exact_name_position,1.000,https://www.dropbox.com/scl/fi/jz9ao02y3xn61bbt469f7/2026_FantasyFootball_0.4_elboberto.xlsm?rlkey=vk0kb2nhf2wel5453erzu4wo9&st=szgxu53i&dl=1,ElBoberto 2026 v0.4; workbook modified 2026-08-08T13:32:00Z,2026-09-01T00:59:51Z,FROZEN_CANONICAL_SAME_FAMILY_WORKBOOK_DIRECT_CAPTURE_INCOMPLETE,passing_attempts|passing_completions|passing_yards|passing_touchdowns|interceptions|rushing_attempts|rushing_yards|rushing_touchdowns
Will Mallory,Will Mallory,IND,TE,,,,,,,,,11.0,126.0,1.0,0.0,24.1,29.600,source_only_exact_name_position,1.000,https://www.dropbox.com/scl/fi/jz9ao02y3xn61bbt469f7/2026_FantasyFootball_0.4_elboberto.xlsm?rlkey=vk0kb2nhf2wel5453erzu4wo9&st=szgxu53i&dl=1,ElBoberto 2026 v0.4; workbook modified 2026-08-08T13:32:00Z,2026-09-01T00:59:51Z,FROZEN_CANONICAL_SAME_FAMILY_WORKBOOK_DIRECT_CAPTURE_INCOMPLETE,passing_attempts|passing_completions|passing_yards|passing_touchdowns|interceptions|rushing_attempts|rushing_yards|rushing_touchdowns
Hayden Rucci,Hayden Rucci,SF,TE,,,,,,,,,12.0,118.0,1.0,0.0,23.8,29.800,source_only_exact_name_position,1.000,https://www.dropbox.com/scl/fi/jz9ao02y3xn61bbt469f7/2026_FantasyFootball_0.4_elboberto.xlsm?rlkey=vk0kb2nhf2wel5453erzu4wo9&st=szgxu53i&dl=1,ElBoberto 2026 v0.4; workbook modified 2026-08-08T13:32:00Z,2026-09-01T00:59:51Z,FROZEN_CANONICAL_SAME_FAMILY_WORKBOOK_DIRECT_CAPTURE_INCOMPLETE,passing_attempts|passing_completions|passing_yards|passing_touchdowns|interceptions|rushing_attempts|rushing_yards|rushing_touchdowns
Charlie Woerner,Charlie Woerner,ATL,TE,,,,,,,,,14.5,127.3,0.6,0.0,23.5,30.830,source_only_exact_name_position,1.000,https://www.dropbox.com/scl/fi/jz9ao02y3xn61bbt469f7/2026_FantasyFootball_0.4_elboberto.xlsm?rlkey=vk0kb2nhf2wel5453erzu4wo9&st=szgxu53i&dl=1,ElBoberto 2026 v0.4; workbook modified 2026-08-08T13:32:00Z,2026-09-01T00:59:51Z,FROZEN_CANONICAL_SAME_FAMILY_WORKBOOK_DIRECT_CAPTURE_INCOMPLETE,passing_attempts|passing_completions|passing_yards|passing_touchdowns|interceptions|rushing_attempts|rushing_yards|rushing_touchdowns
Grant Calcaterra,Grant Calcaterra,PHI,TE,,,,,,,,,11.0,115.5,1.0,0.0,23.1,28.550,source_only_exact_name_position,1.000,https://www.dropbox.com/scl/fi/jz9ao02y3xn61bbt469f7/2026_FantasyFootball_0.4_elboberto.xlsm?rlkey=vk0kb2nhf2wel5453erzu4wo9&st=szgxu53i&dl=1,ElBoberto 2026 v0.4; workbook modified 2026-08-08T13:32:00Z,2026-09-01T00:59:51Z,FROZEN_CANONICAL_SAME_FAMILY_WORKBOOK_DIRECT_CAPTURE_INCOMPLETE,passing_attempts|passing_completions|passing_yards|passing_touchdowns|interceptions|rushing_attempts|rushing_yards|rushing_touchdowns
Foster Moreau,Foster Moreau,HOU,TE,,,,,,,,,9.3,105.6,1.3,0.0,22.9,27.660,source_only_exact_name_position,1.000,https://www.dropbox.com/scl/fi/jz9ao02y3xn61bbt469f7/2026_FantasyFootball_0.4_elboberto.xlsm?rlkey=vk0kb2nhf2wel5453erzu4wo9&st=szgxu53i&dl=1,ElBoberto 2026 v0.4; workbook modified 2026-08-08T13:32:00Z,2026-09-01T00:59:51Z,FROZEN_CANONICAL_SAME_FAMILY_WORKBOOK_DIRECT_CAPTURE_INCOMPLETE,passing_attempts|passing_completions|passing_yards|passing_touchdowns|interceptions|rushing_attempts|rushing_yards|rushing_touchdowns
Rivaldo Fairweather,Rivaldo Fairweather,ARI,TE,,,,,,,,,12.0,109.0,1.0,0.0,22.9,28.900,source_only_exact_name_position,1.000,https://www.dropbox.com/scl/fi/jz9ao02y3xn61bbt469f7/2026_FantasyFootball_0.4_elboberto.xlsm?rlkey=vk0kb2nhf2wel5453erzu4wo9&st=szgxu53i&dl=1,ElBoberto 2026 v0.4; workbook modified 2026-08-08T13:32:00Z,2026-09-01T00:59:51Z,FROZEN_CANONICAL_SAME_FAMILY_WORKBOOK_DIRECT_CAPTURE_INCOMPLETE,passing_attempts|passing_completions|passing_yards|passing_touchdowns|interceptions|rushing_attempts|rushing_yards|rushing_touchdowns
Bauer Sharp,Bauer Sharp,TB,TE,,,,,,,,,11.0,113.0,1.0,0.0,22.8,28.300,source_only_exact_name_position,1.000,https://www.dropbox.com/scl/fi/jz9ao02y3xn61bbt469f7/2026_FantasyFootball_0.4_elboberto.xlsm?rlkey=vk0kb2nhf2wel5453erzu4wo9&st=szgxu53i&dl=1,ElBoberto 2026 v0.4; workbook modified 2026-08-08T13:32:00Z,2026-09-01T00:59:51Z,FROZEN_CANONICAL_SAME_FAMILY_WORKBOOK_DIRECT_CAPTURE_INCOMPLETE,passing_attempts|passing_completions|passing_yards|passing_touchdowns|interceptions|rushing_attempts|rushing_yards|rushing_touchdowns
Tanner Hudson,Tanner Hudson,CIN,TE,,,,,,,,,13.1,110.3,0.9,0.1,22.7,29.330,source_only_exact_name_position,1.000,https://www.dropbox.com/scl/fi/jz9ao02y3xn61bbt469f7/2026_FantasyFootball_0.4_elboberto.xlsm?rlkey=vk0kb2nhf2wel5453erzu4wo9&st=szgxu53i&dl=1,ElBoberto 2026 v0.4; workbook modified 2026-08-08T13:32:00Z,2026-09-01T00:59:51Z,FROZEN_CANONICAL_SAME_FAMILY_WORKBOOK_DIRECT_CAPTURE_INCOMPLETE,passing_attempts|passing_completions|passing_yards|passing_touchdowns|interceptions|rushing_attempts|rushing_yards|rushing_touchdowns
Zaire Mitchell-Paden,Zaire Mitchell-Paden,NO,TE,,,,,,,,,11.0,107.0,1.0,0.0,22.2,27.700,source_only_exact_name_position,1.000,https://www.dropbox.com/scl/fi/jz9ao02y3xn61bbt469f7/2026_FantasyFootball_0.4_elboberto.xlsm?rlkey=vk0kb2nhf2wel5453erzu4wo9&st=szgxu53i&dl=1,ElBoberto 2026 v0.4; workbook modified 2026-08-08T13:32:00Z,2026-09-01T00:59:51Z,FROZEN_CANONICAL_SAME_FAMILY_WORKBOOK_DIRECT_CAPTURE_INCOMPLETE,passing_attempts|passing_completions|passing_yards|passing_touchdowns|interceptions|rushing_attempts|rushing_yards|rushing_touchdowns
Mo Alie-Cox,Mo Alie-Cox,IND,TE,,,,,,,,,10.8,111.0,0.9,0.1,21.7,27.100,source_only_exact_name_position,1.000,https://www.dropbox.com/scl/fi/jz9ao02y3xn61bbt469f7/2026_FantasyFootball_0.4_elboberto.xlsm?rlkey=vk0kb2nhf2wel5453erzu4wo9&st=szgxu53i&dl=1,ElBoberto 2026 v0.4; workbook modified 2026-08-08T13:32:00Z,2026-09-01T00:59:51Z,FROZEN_CANONICAL_SAME_FAMILY_WORKBOOK_DIRECT_CAPTURE_INCOMPLETE,passing_attempts|passing_completions|passing_yards|passing_touchdowns|interceptions|rushing_attempts|rushing_yards|rushing_touchdowns
Thomas Fidone II,Thomas Fidone II,NYG,TE,,,,,,,,,10.0,102.0,1.0,0.0,21.2,26.200,source_only_exact_name_position,1.000,https://www.dropbox.com/scl/fi/jz9ao02y3xn61bbt469f7/2026_FantasyFootball_0.4_elboberto.xlsm?rlkey=vk0kb2nhf2wel5453erzu4wo9&st=szgxu53i&dl=1,ElBoberto 2026 v0.4; workbook modified 2026-08-08T13:32:00Z,2026-09-01T00:59:51Z,FROZEN_CANONICAL_SAME_FAMILY_WORKBOOK_DIRECT_CAPTURE_INCOMPLETE,passing_attempts|passing_completions|passing_yards|passing_touchdowns|interceptions|rushing_attempts|rushing_yards|rushing_touchdowns
Jaheim Bell,Jaheim Bell,PIT,TE,,,,,,,,,10.0,98.0,1.0,0.0,20.8,25.800,source_only_exact_name_position,1.000,https://www.dropbox.com/scl/fi/jz9ao02y3xn61bbt469f7/2026_FantasyFootball_0.4_elboberto.xlsm?rlkey=vk0kb2nhf2wel5453erzu4wo9&st=szgxu53i&dl=1,ElBoberto 2026 v0.4; workbook modified 2026-08-08T13:32:00Z,2026-09-01T00:59:51Z,FROZEN_CANONICAL_SAME_FAMILY_WORKBOOK_DIRECT_CAPTURE_INCOMPLETE,passing_attempts|passing_completions|passing_yards|passing_touchdowns|interceptions|rushing_attempts|rushing_yards|rushing_touchdowns
Drake Dabney,Drake Dabney,GB,TE,,,,,,,,,9.0,94.0,1.0,0.0,19.9,24.400,source_only_exact_name_position,1.000,https://www.dropbox.com/scl/fi/jz9ao02y3xn61bbt469f7/2026_FantasyFootball_0.4_elboberto.xlsm?rlkey=vk0kb2nhf2wel5453erzu4wo9&st=szgxu53i&dl=1,ElBoberto 2026 v0.4; workbook modified 2026-08-08T13:32:00Z,2026-09-01T00:59:51Z,FROZEN_CANONICAL_SAME_FAMILY_WORKBOOK_DIRECT_CAPTURE_INCOMPLETE,passing_attempts|passing_completions|passing_yards|passing_touchdowns|interceptions|rushing_attempts|rushing_yards|rushing_touchdowns
Seydou Traore,Seydou Traore,MIA,TE,,,,,,,,,9.0,88.0,1.0,0.0,19.3,23.800,source_only_exact_name_position,1.000,https://www.dropbox.com/scl/fi/jz9ao02y3xn61bbt469f7/2026_FantasyFootball_0.4_elboberto.xlsm?rlkey=vk0kb2nhf2wel5453erzu4wo9&st=szgxu53i&dl=1,ElBoberto 2026 v0.4; workbook modified 2026-08-08T13:32:00Z,2026-09-01T00:59:51Z,FROZEN_CANONICAL_SAME_FAMILY_WORKBOOK_DIRECT_CAPTURE_INCOMPLETE,passing_attempts|passing_completions|passing_yards|passing_touchdowns|interceptions|rushing_attempts|rushing_yards|rushing_touchdowns
Durham Smythe,Durham Smythe,BAL,TE,,,,,,,,,9.8,94.1,0.7,0.1,18.7,23.210,source_only_exact_name_position,1.000,https://www.dropbox.com/scl/fi/jz9ao02y3xn61bbt469f7/2026_FantasyFootball_0.4_elboberto.xlsm?rlkey=vk0kb2nhf2wel5453erzu4wo9&st=szgxu53i&dl=1,ElBoberto 2026 v0.4; workbook modified 2026-08-08T13:32:00Z,2026-09-01T00:59:51Z,FROZEN_CANONICAL_SAME_FAMILY_WORKBOOK_DIRECT_CAPTURE_INCOMPLETE,passing_attempts|passing_completions|passing_yards|passing_touchdowns|interceptions|rushing_attempts|rushing_yards|rushing_touchdowns
Payne Durham,Payne Durham,TB,TE,,,,,,,,,7.6,80.8,0.8,0.0,16.7,20.480,source_only_exact_name_position,1.000,https://www.dropbox.com/scl/fi/jz9ao02y3xn61bbt469f7/2026_FantasyFootball_0.4_elboberto.xlsm?rlkey=vk0kb2nhf2wel5453erzu4wo9&st=szgxu53i&dl=1,ElBoberto 2026 v0.4; workbook modified 2026-08-08T13:32:00Z,2026-09-01T00:59:51Z,FROZEN_CANONICAL_SAME_FAMILY_WORKBOOK_DIRECT_CAPTURE_INCOMPLETE,passing_attempts|passing_completions|passing_yards|passing_touchdowns|interceptions|rushing_attempts|rushing_yards|rushing_touchdowns
Max Klare,Max Klare,LAR,TE,,,,,,,,,7.5,82.6,0.7,0.0,16.1,19.960,source_only_exact_name_position,1.000,https://www.dropbox.com/scl/fi/jz9ao02y3xn61bbt469f7/2026_FantasyFootball_0.4_elboberto.xlsm?rlkey=vk0kb2nhf2wel5453erzu4wo9&st=szgxu53i&dl=1,ElBoberto 2026 v0.4; workbook modified 2026-08-08T13:32:00Z,2026-09-01T00:59:51Z,FROZEN_CANONICAL_SAME_FAMILY_WORKBOOK_DIRECT_CAPTURE_INCOMPLETE,passing_attempts|passing_completions|passing_yards|passing_touchdowns|interceptions|rushing_attempts|rushing_yards|rushing_touchdowns
Justin Joly,Justin Joly,DEN,TE,,,,,,,,,8.0,71.4,0.7,0.0,15.0,19.340,source_only_exact_name_position,1.000,https://www.dropbox.com/scl/fi/jz9ao02y3xn61bbt469f7/2026_FantasyFootball_0.4_elboberto.xlsm?rlkey=vk0kb2nhf2wel5453erzu4wo9&st=szgxu53i&dl=1,ElBoberto 2026 v0.4; workbook modified 2026-08-08T13:32:00Z,2026-09-01T00:59:51Z,FROZEN_CANONICAL_SAME_FAMILY_WORKBOOK_DIRECT_CAPTURE_INCOMPLETE,passing_attempts|passing_completions|passing_yards|passing_touchdowns|interceptions|rushing_attempts|rushing_yards|rushing_touchdowns
Oscar Delp,Oscar Delp,NO,TE,,,,,,,,,7.5,75.7,0.6,0.0,15.0,18.670,source_only_exact_name_position,1.000,https://www.dropbox.com/scl/fi/jz9ao02y3xn61bbt469f7/2026_FantasyFootball_0.4_elboberto.xlsm?rlkey=vk0kb2nhf2wel5453erzu4wo9&st=szgxu53i&dl=1,ElBoberto 2026 v0.4; workbook modified 2026-08-08T13:32:00Z,2026-09-01T00:59:51Z,FROZEN_CANONICAL_SAME_FAMILY_WORKBOOK_DIRECT_CAPTURE_INCOMPLETE,passing_attempts|passing_completions|passing_yards|passing_touchdowns|interceptions|rushing_attempts|rushing_yards|rushing_touchdowns
Devin Culp,Devin Culp,TB,TE,,,,,,,,,5.5,59.0,1.0,0.0,14.7,17.400,source_only_exact_name_position,1.000,https://www.dropbox.com/scl/fi/jz9ao02y3xn61bbt469f7/2026_FantasyFootball_0.4_elboberto.xlsm?rlkey=vk0kb2nhf2wel5453erzu4wo9&st=szgxu53i&dl=1,ElBoberto 2026 v0.4; workbook modified 2026-08-08T13:32:00Z,2026-09-01T00:59:51Z,FROZEN_CANONICAL_SAME_FAMILY_WORKBOOK_DIRECT_CAPTURE_INCOMPLETE,passing_attempts|passing_completions|passing_yards|passing_touchdowns|interceptions|rushing_attempts|rushing_yards|rushing_touchdowns
Tanner Koziol,Tanner Koziol,JAC,TE,,,,,,,,,7.0,73.3,0.6,0.0,14.6,17.930,source_only_exact_name_position,1.000,https://www.dropbox.com/scl/fi/jz9ao02y3xn61bbt469f7/2026_FantasyFootball_0.4_elboberto.xlsm?rlkey=vk0kb2nhf2wel5453erzu4wo9&st=szgxu53i&dl=1,ElBoberto 2026 v0.4; workbook modified 2026-08-08T13:32:00Z,2026-09-01T00:59:51Z,FROZEN_CANONICAL_SAME_FAMILY_WORKBOOK_DIRECT_CAPTURE_INCOMPLETE,passing_attempts|passing_completions|passing_yards|passing_touchdowns|interceptions|rushing_attempts|rushing_yards|rushing_touchdowns
Sam Roush,Sam Roush,CHI,TE,,,,,,,,,6.8,70.9,0.6,0.0,14.3,17.490,source_only_exact_name_position,1.000,https://www.dropbox.com/scl/fi/jz9ao02y3xn61bbt469f7/2026_FantasyFootball_0.4_elboberto.xlsm?rlkey=vk0kb2nhf2wel5453erzu4wo9&st=szgxu53i&dl=1,ElBoberto 2026 v0.4; workbook modified 2026-08-08T13:32:00Z,2026-09-01T00:59:51Z,FROZEN_CANONICAL_SAME_FAMILY_WORKBOOK_DIRECT_CAPTURE_INCOMPLETE,passing_attempts|passing_completions|passing_yards|passing_touchdowns|interceptions|rushing_attempts|rushing_yards|rushing_touchdowns
Tip Reiman,Tip Reiman,ARI,TE,,,,,,,,,7.9,62.2,0.6,0.0,13.8,17.720,source_only_exact_name_position,1.000,https://www.dropbox.com/scl/fi/jz9ao02y3xn61bbt469f7/2026_FantasyFootball_0.4_elboberto.xlsm?rlkey=vk0kb2nhf2wel5453erzu4wo9&st=szgxu53i&dl=1,ElBoberto 2026 v0.4; workbook modified 2026-08-08T13:32:00Z,2026-09-01T00:59:51Z,FROZEN_CANONICAL_SAME_FAMILY_WORKBOOK_DIRECT_CAPTURE_INCOMPLETE,passing_attempts|passing_completions|passing_yards|passing_touchdowns|interceptions|rushing_attempts|rushing_yards|rushing_touchdowns
Josh Cuevas,Josh Cuevas,BAL,TE,,,,,,,,,5.7,66.4,0.6,0.0,13.3,15.940,source_only_exact_name_position,1.000,https://www.dropbox.com/scl/fi/jz9ao02y3xn61bbt469f7/2026_FantasyFootball_0.4_elboberto.xlsm?rlkey=vk0kb2nhf2wel5453erzu4wo9&st=szgxu53i&dl=1,ElBoberto 2026 v0.4; workbook modified 2026-08-08T13:32:00Z,2026-09-01T00:59:51Z,FROZEN_CANONICAL_SAME_FAMILY_WORKBOOK_DIRECT_CAPTURE_INCOMPLETE,passing_attempts|passing_completions|passing_yards|passing_touchdowns|interceptions|rushing_attempts|rushing_yards|rushing_touchdowns
Hunter Long,Hunter Long,JAC,TE,,,,,,,,,5.0,44.5,1.0,0.0,13.0,15.450,source_only_exact_name_position,1.000,https://www.dropbox.com/scl/fi/jz9ao02y3xn61bbt469f7/2026_FantasyFootball_0.4_elboberto.xlsm?rlkey=vk0kb2nhf2wel5453erzu4wo9&st=szgxu53i&dl=1,ElBoberto 2026 v0.4; workbook modified 2026-08-08T13:32:00Z,2026-09-01T00:59:51Z,FROZEN_CANONICAL_SAME_FAMILY_WORKBOOK_DIRECT_CAPTURE_INCOMPLETE,passing_attempts|passing_completions|passing_yards|passing_touchdowns|interceptions|rushing_attempts|rushing_yards|rushing_touchdowns
Joe Royer,Joe Royer,CLE,TE,,,,,,,,,7.5,67.3,0.3,0.1,12.4,15.830,source_only_exact_name_position,1.000,https://www.dropbox.com/scl/fi/jz9ao02y3xn61bbt469f7/2026_FantasyFootball_0.4_elboberto.xlsm?rlkey=vk0kb2nhf2wel5453erzu4wo9&st=szgxu53i&dl=1,ElBoberto 2026 v0.4; workbook modified 2026-08-08T13:32:00Z,2026-09-01T00:59:51Z,FROZEN_CANONICAL_SAME_FAMILY_WORKBOOK_DIRECT_CAPTURE_INCOMPLETE,passing_attempts|passing_completions|passing_yards|passing_touchdowns|interceptions|rushing_attempts|rushing_yards|rushing_touchdowns
Chris Manhertz,Chris Manhertz,NYG,TE,,,,,,,,,5.4,50.7,0.6,0.0,11.1,14.070,source_only_exact_name_position,1.000,https://www.dropbox.com/scl/fi/jz9ao02y3xn61bbt469f7/2026_FantasyFootball_0.4_elboberto.xlsm?rlkey=vk0kb2nhf2wel5453erzu4wo9&st=szgxu53i&dl=1,ElBoberto 2026 v0.4; workbook modified 2026-08-08T13:32:00Z,2026-09-01T00:59:51Z,FROZEN_CANONICAL_SAME_FAMILY_WORKBOOK_DIRECT_CAPTURE_INCOMPLETE,passing_attempts|passing_completions|passing_yards|passing_touchdowns|interceptions|rushing_attempts|rushing_yards|rushing_touchdowns
Luke Farrell,Luke Farrell,SF,TE,,,,,,,,,4.2,40.7,0.3,0.0,7.9,10.070,source_only_exact_name_position,1.000,https://www.dropbox.com/scl/fi/jz9ao02y3xn61bbt469f7/2026_FantasyFootball_0.4_elboberto.xlsm?rlkey=vk0kb2nhf2wel5453erzu4wo9&st=szgxu53i&dl=1,ElBoberto 2026 v0.4; workbook modified 2026-08-08T13:32:00Z,2026-09-01T00:59:51Z,FROZEN_CANONICAL_SAME_FAMILY_WORKBOOK_DIRECT_CAPTURE_INCOMPLETE,passing_attempts|passing_completions|passing_yards|passing_touchdowns|interceptions|rushing_attempts|rushing_yards|rushing_touchdowns
Brevyn Spann-Ford,Brevyn Spann-Ford,DAL,TE,,,,,,,,,3.9,36.8,0.3,0.0,7.5,9.380,source_only_exact_name_position,1.000,https://www.dropbox.com/scl/fi/jz9ao02y3xn61bbt469f7/2026_FantasyFootball_0.4_elboberto.xlsm?rlkey=vk0kb2nhf2wel5453erzu4wo9&st=szgxu53i&dl=1,ElBoberto 2026 v0.4; workbook modified 2026-08-08T13:32:00Z,2026-09-01T00:59:51Z,FROZEN_CANONICAL_SAME_FAMILY_WORKBOOK_DIRECT_CAPTURE_INCOMPLETE,passing_attempts|passing_completions|passing_yards|passing_touchdowns|interceptions|rushing_attempts|rushing_yards|rushing_touchdowns
Ko Kieft,Ko Kieft,TB,TE,,,,,,,,,3.7,36.1,0.3,0.0,7.2,9.110,source_only_exact_name_position,1.000,https://www.dropbox.com/scl/fi/jz9ao02y3xn61bbt469f7/2026_FantasyFootball_0.4_elboberto.xlsm?rlkey=vk0kb2nhf2wel5453erzu4wo9&st=szgxu53i&dl=1,ElBoberto 2026 v0.4; workbook modified 2026-08-08T13:32:00Z,2026-09-01T00:59:51Z,FROZEN_CANONICAL_SAME_FAMILY_WORKBOOK_DIRECT_CAPTURE_INCOMPLETE,passing_attempts|passing_completions|passing_yards|passing_touchdowns|interceptions|rushing_attempts|rushing_yards|rushing_touchdowns
CJ Dippre,CJ Dippre,NE,TE,,,,,,,,,3.9,37.3,0.3,0.0,7.2,9.430,source_only_exact_name_position,1.000,https://www.dropbox.com/scl/fi/jz9ao02y3xn61bbt469f7/2026_FantasyFootball_0.4_elboberto.xlsm?rlkey=vk0kb2nhf2wel5453erzu4wo9&st=szgxu53i&dl=1,ElBoberto 2026 v0.4; workbook modified 2026-08-08T13:32:00Z,2026-09-01T00:59:51Z,FROZEN_CANONICAL_SAME_FAMILY_WORKBOOK_DIRECT_CAPTURE_INCOMPLETE,passing_attempts|passing_completions|passing_yards|passing_touchdowns|interceptions|rushing_attempts|rushing_yards|rushing_touchdowns
Tyler Conklin,Tyler Conklin,DET,TE,,,,,,,,,3.7,38.0,0.3,0.0,7.1,9.300,source_only_exact_name_position,1.000,https://www.dropbox.com/scl/fi/jz9ao02y3xn61bbt469f7/2026_FantasyFootball_0.4_elboberto.xlsm?rlkey=vk0kb2nhf2wel5453erzu4wo9&st=szgxu53i&dl=1,ElBoberto 2026 v0.4; workbook modified 2026-08-08T13:32:00Z,2026-09-01T00:59:51Z,FROZEN_CANONICAL_SAME_FAMILY_WORKBOOK_DIRECT_CAPTURE_INCOMPLETE,passing_attempts|passing_completions|passing_yards|passing_touchdowns|interceptions|rushing_attempts|rushing_yards|rushing_touchdowns
Eric Saubert,Eric Saubert,SEA,TE,,,,,,,,,3.4,34.4,0.3,0.0,6.9,8.640,source_only_exact_name_position,1.000,https://www.dropbox.com/scl/fi/jz9ao02y3xn61bbt469f7/2026_FantasyFootball_0.4_elboberto.xlsm?rlkey=vk0kb2nhf2wel5453erzu4wo9&st=szgxu53i&dl=1,ElBoberto 2026 v0.4; workbook modified 2026-08-08T13:32:00Z,2026-09-01T00:59:51Z,FROZEN_CANONICAL_SAME_FAMILY_WORKBOOK_DIRECT_CAPTURE_INCOMPLETE,passing_attempts|passing_completions|passing_yards|passing_touchdowns|interceptions|rushing_attempts|rushing_yards|rushing_touchdowns
Drew Ogletree,Drew Ogletree,IND,TE,,,,,,,,,3.7,35.4,0.3,0.0,6.9,9.040,source_only_exact_name_position,1.000,https://www.dropbox.com/scl/fi/jz9ao02y3xn61bbt469f7/2026_FantasyFootball_0.4_elboberto.xlsm?rlkey=vk0kb2nhf2wel5453erzu4wo9&st=szgxu53i&dl=1,ElBoberto 2026 v0.4; workbook modified 2026-08-08T13:32:00Z,2026-09-01T00:59:51Z,FROZEN_CANONICAL_SAME_FAMILY_WORKBOOK_DIRECT_CAPTURE_INCOMPLETE,passing_attempts|passing_completions|passing_yards|passing_touchdowns|interceptions|rushing_attempts|rushing_yards|rushing_touchdowns
Johnny Mundt,Johnny Mundt,PHI,TE,,,,,,,,,3.5,35.4,0.2,0.0,6.5,8.240,source_only_exact_name_position,1.000,https://www.dropbox.com/scl/fi/jz9ao02y3xn61bbt469f7/2026_FantasyFootball_0.4_elboberto.xlsm?rlkey=vk0kb2nhf2wel5453erzu4wo9&st=szgxu53i&dl=1,ElBoberto 2026 v0.4; workbook modified 2026-08-08T13:32:00Z,2026-09-01T00:59:51Z,FROZEN_CANONICAL_SAME_FAMILY_WORKBOOK_DIRECT_CAPTURE_INCOMPLETE,passing_attempts|passing_completions|passing_yards|passing_touchdowns|interceptions|rushing_attempts|rushing_yards|rushing_touchdowns
Ian Thomas,Ian Thomas,LV,TE,,,,,,,,,3.8,35.9,0.2,0.0,6.3,8.590,source_only_exact_name_position,1.000,https://www.dropbox.com/scl/fi/jz9ao02y3xn61bbt469f7/2026_FantasyFootball_0.4_elboberto.xlsm?rlkey=vk0kb2nhf2wel5453erzu4wo9&st=szgxu53i&dl=1,ElBoberto 2026 v0.4; workbook modified 2026-08-08T13:32:00Z,2026-09-01T00:59:51Z,FROZEN_CANONICAL_SAME_FAMILY_WORKBOOK_DIRECT_CAPTURE_INCOMPLETE,passing_attempts|passing_completions|passing_yards|passing_touchdowns|interceptions|rushing_attempts|rushing_yards|rushing_touchdowns
Jack Stoll,Jack Stoll,CLE,TE,,,,,,,,,3.6,30.3,0.2,0.0,5.7,7.830,source_only_exact_name_position,1.000,https://www.dropbox.com/scl/fi/jz9ao02y3xn61bbt469f7/2026_FantasyFootball_0.4_elboberto.xlsm?rlkey=vk0kb2nhf2wel5453erzu4wo9&st=szgxu53i&dl=1,ElBoberto 2026 v0.4; workbook modified 2026-08-08T13:32:00Z,2026-09-01T00:59:51Z,FROZEN_CANONICAL_SAME_FAMILY_WORKBOOK_DIRECT_CAPTURE_INCOMPLETE,passing_attempts|passing_completions|passing_yards|passing_touchdowns|interceptions|rushing_attempts|rushing_yards|rushing_touchdowns
Quintin Morris,Quintin Morris,JAC,TE,,,,,,,,,0.0,0.0,0.0,0.0,0.0,0.000,source_only_exact_name_position,1.000,https://www.dropbox.com/scl/fi/jz9ao02y3xn61bbt469f7/2026_FantasyFootball_0.4_elboberto.xlsm?rlkey=vk0kb2nhf2wel5453erzu4wo9&st=szgxu53i&dl=1,ElBoberto 2026 v0.4; workbook modified 2026-08-08T13:32:00Z,2026-09-01T00:59:51Z,FROZEN_CANONICAL_SAME_FAMILY_WORKBOOK_DIRECT_CAPTURE_INCOMPLETE,passing_attempts|passing_completions|passing_yards|passing_touchdowns|interceptions|rushing_attempts|rushing_yards|rushing_touchdowns
Cole Turner,Cole Turner,MIA,TE,,,,,,,,,0.0,0.0,0.0,0.0,0.0,0.000,source_only_exact_name_position,1.000,https://www.dropbox.com/scl/fi/jz9ao02y3xn61bbt469f7/2026_FantasyFootball_0.4_elboberto.xlsm?rlkey=vk0kb2nhf2wel5453erzu4wo9&st=szgxu53i&dl=1,ElBoberto 2026 v0.4; workbook modified 2026-08-08T13:32:00Z,2026-09-01T00:59:51Z,FROZEN_CANONICAL_SAME_FAMILY_WORKBOOK_DIRECT_CAPTURE_INCOMPLETE,passing_attempts|passing_completions|passing_yards|passing_touchdowns|interceptions|rushing_attempts|rushing_yards|rushing_touchdowns
Jelani Woods,Jelani Woods,NYJ,TE,,,,,,,,,0.0,0.0,0.0,0.0,0.0,0.000,source_only_exact_name_position,1.000,https://www.dropbox.com/scl/fi/jz9ao02y3xn61bbt469f7/2026_FantasyFootball_0.4_elboberto.xlsm?rlkey=vk0kb2nhf2wel5453erzu4wo9&st=szgxu53i&dl=1,ElBoberto 2026 v0.4; workbook modified 2026-08-08T13:32:00Z,2026-09-01T00:59:51Z,FROZEN_CANONICAL_SAME_FAMILY_WORKBOOK_DIRECT_CAPTURE_INCOMPLETE,passing_attempts|passing_completions|passing_yards|passing_touchdowns|interceptions|rushing_attempts|rushing_yards|rushing_touchdowns
Lucas Krull,Lucas Krull,DEN,TE,,,,,,,,,0.0,0.0,0.0,0.0,0.0,0.000,source_only_exact_name_position,1.000,https://www.dropbox.com/scl/fi/jz9ao02y3xn61bbt469f7/2026_FantasyFootball_0.4_elboberto.xlsm?rlkey=vk0kb2nhf2wel5453erzu4wo9&st=szgxu53i&dl=1,ElBoberto 2026 v0.4; workbook modified 2026-08-08T13:32:00Z,2026-09-01T00:59:51Z,FROZEN_CANONICAL_SAME_FAMILY_WORKBOOK_DIRECT_CAPTURE_INCOMPLETE,passing_attempts|passing_completions|passing_yards|passing_touchdowns|interceptions|rushing_attempts|rushing_yards|rushing_touchdowns
Blake Whiteheart,Blake Whiteheart,CLE,TE,,,,,,,,,0.0,0.0,0.0,0.0,0.0,0.000,source_only_exact_name_position,1.000,https://www.dropbox.com/scl/fi/jz9ao02y3xn61bbt469f7/2026_FantasyFootball_0.4_elboberto.xlsm?rlkey=vk0kb2nhf2wel5453erzu4wo9&st=szgxu53i&dl=1,ElBoberto 2026 v0.4; workbook modified 2026-08-08T13:32:00Z,2026-09-01T00:59:51Z,FROZEN_CANONICAL_SAME_FAMILY_WORKBOOK_DIRECT_CAPTURE_INCOMPLETE,passing_attempts|passing_completions|passing_yards|passing_touchdowns|interceptions|rushing_attempts|rushing_yards|rushing_touchdowns
Julian Hill,Julian Hill,NE,TE,,,,,,,,,0.0,0.0,0.0,0.0,0.0,0.000,source_only_exact_name_position,1.000,https://www.dropbox.com/scl/fi/jz9ao02y3xn61bbt469f7/2026_FantasyFootball_0.4_elboberto.xlsm?rlkey=vk0kb2nhf2wel5453erzu4wo9&st=szgxu53i&dl=1,ElBoberto 2026 v0.4; workbook modified 2026-08-08T13:32:00Z,2026-09-01T00:59:51Z,FROZEN_CANONICAL_SAME_FAMILY_WORKBOOK_DIRECT_CAPTURE_INCOMPLETE,passing_attempts|passing_completions|passing_yards|passing_touchdowns|interceptions|rushing_attempts|rushing_yards|rushing_touchdowns
