gsis_id,canonical_player_id,espn_id,draft_command_id,player_name,position,team,match_method,match_score,identity_conflict_flag,manual_review_flag_x,source,source_timestamp,espn_market_canonical_id,espn_market_mapping_method,name_conflict_flag,position_conflict_flag,normalized_name,canonical_name,historical_current_team,historical_identity_match_method,historical_identity_match_score,historical_identity_conflict_flag,historical_identity_manual_review_flag,historical_identity_provenance,current_status,injury_or_rehab_status,body_part_or_category,surgery_recovery_context,pup_flag,nfi_flag,ir_flag,suspension_status,holdout_reporting_status,expected_week1_availability,expected_return_week,expected_games_adjustment,primary_source,secondary_source,source_date,last_verified_timestamp,source_confidence,material_adjustment_flag,manual_review_flag_y,notes,espn_official_ppr_rank,espn_adp,status_overlay_present,identity_confidence,missing_value_policy
00-0039139,00-0039139,4429795,1,Jahmyr Gibbs,RB,DET,espn_id_to_nflverse_gsis,1.0,False,False,ESPN Market Freeze origin/codex/espn-market-freeze-2026-08-31 + nflverse players,espn_2026_candidate_20260831T214508Z_6e169d4c54c0,draft-command:1,exact stable-ID match,False,False,jahmyrgibbs,Jahmyr Gibbs,DET,panel_gsis_to_nflverse_players,1.0,False,False,nflverse players + annual rosters; panel GSIS preferred,,,,,,,,,,,,,,,,,,,,,,,False,high_exact_espn_id_to_gsis_id,blank/NA means unknown or not present; never interpret as numeric zero
00-0038542,00-0038542,4430807,2,Bijan Robinson,RB,ATL,espn_id_to_nflverse_gsis,1.0,False,False,ESPN Market Freeze origin/codex/espn-market-freeze-2026-08-31 + nflverse players,espn_2026_candidate_20260831T214508Z_6e169d4c54c0,draft-command:2,exact stable-ID match,False,False,bijanrobinson,Bijan Robinson,ATL,panel_gsis_to_nflverse_players,1.0,False,False,nflverse players + annual rosters; panel GSIS preferred,,,,,,,,,,,,,,,,,,,,,,,False,high_exact_espn_id_to_gsis_id,blank/NA means unknown or not present; never interpret as numeric zero
00-0036900,00-0036900,4362628,3,Ja'Marr Chase,WR,CIN,espn_id_to_nflverse_gsis,1.0,False,False,ESPN Market Freeze origin/codex/espn-market-freeze-2026-08-31 + nflverse players,espn_2026_candidate_20260831T214508Z_6e169d4c54c0,draft-command:3,exact stable-ID match,False,False,jamarrchase,Ja'Marr Chase,CIN,panel_gsis_to_nflverse_players,1.0,False,False,nflverse players + annual rosters; panel GSIS preferred,ESPN:QUESTIONABLE|NFLVERSE:ACT,QUESTIONABLE,,,False,False,False,,,uncertain_pending_official_week1_report,,,https://lm-api-reads.fantasy.espn.com/apis/v3/games/ffl/seasons/2026/segments/0/leaguedefaults/1?view=kona_player_info,https://github.com/nflverse/nflverse-data/releases/download/players/players.csv|https://github.com/nflverse/nflverse-data/releases/download/rosters/roster_2026.csv,2026-08-31,2026-08-31T23:22:51.244996+00:00,medium_pre_week1_designation,False,True,Current overlay only; no production games adjustment or historical-table insertion is authorized.,3,4.3,True,high_exact_espn_id_to_gsis_id,blank/NA means unknown or not present; never interpret as numeric zero
00-0039075,00-0039075,4426515,4,Puka Nacua,WR,LAR,espn_id_to_nflverse_gsis,1.0,False,False,ESPN Market Freeze origin/codex/espn-market-freeze-2026-08-31 + nflverse players,espn_2026_candidate_20260831T214508Z_6e169d4c54c0,draft-command:4,exact stable-ID match,False,False,pukanacua,Puka Nacua,LAR,panel_gsis_to_nflverse_players,1.0,False,False,nflverse players + annual rosters; panel GSIS preferred,ESPN:QUESTIONABLE|NFLVERSE:ACT,QUESTIONABLE,,,False,False,False,,,uncertain_pending_official_week1_report,,,https://lm-api-reads.fantasy.espn.com/apis/v3/games/ffl/seasons/2026/segments/0/leaguedefaults/1?view=kona_player_info,https://github.com/nflverse/nflverse-data/releases/download/players/players.csv|https://github.com/nflverse/nflverse-data/releases/download/rosters/roster_2026.csv,2026-08-31,2026-08-31T23:22:51.244996+00:00,medium_pre_week1_designation,False,True,Current overlay only; no production games adjustment or historical-table insertion is authorized.,4,5.28,True,high_exact_espn_id_to_gsis_id,blank/NA means unknown or not present; never interpret as numeric zero
00-0036223,00-0036223,4242335,6,Jonathan Taylor,RB,IND,espn_id_to_nflverse_gsis,1.0,False,False,ESPN Market Freeze origin/codex/espn-market-freeze-2026-08-31 + nflverse players,espn_2026_candidate_20260831T214508Z_6e169d4c54c0,draft-command:6,exact stable-ID match,False,False,jonathantaylor,Jonathan Taylor,IND,panel_gsis_to_nflverse_players,1.0,False,False,nflverse players + annual rosters; panel GSIS preferred,,,,,,,,,,,,,,,,,,,,,,,False,high_exact_espn_id_to_gsis_id,blank/NA means unknown or not present; never interpret as numeric zero
00-0038543,00-0038543,4430878,7,Jaxon Smith-Njigba,WR,SEA,espn_id_to_nflverse_gsis,1.0,False,False,ESPN Market Freeze origin/codex/espn-market-freeze-2026-08-31 + nflverse players,espn_2026_candidate_20260831T214508Z_6e169d4c54c0,draft-command:7,exact stable-ID match,False,False,jaxonsmithnjigba,Jaxon Smith-Njigba,SEA,panel_gsis_to_nflverse_players,1.0,False,False,nflverse players + annual rosters; panel GSIS preferred,,,,,,,,,,,,,,,,,,,,,,,False,high_exact_espn_id_to_gsis_id,blank/NA means unknown or not present; never interpret as numeric zero
00-0033280,00-0033280,3117251,5,Christian McCaffrey,RB,SF,espn_id_to_nflverse_gsis,1.0,False,False,ESPN Market Freeze origin/codex/espn-market-freeze-2026-08-31 + nflverse players,espn_2026_candidate_20260831T214508Z_6e169d4c54c0,draft-command:5,exact stable-ID match,False,False,christianmccaffrey,Christian McCaffrey,SF,panel_gsis_to_nflverse_players,1.0,False,False,nflverse players + annual rosters; panel GSIS preferred,ESPN:QUESTIONABLE|NFLVERSE:ACT,QUESTIONABLE,,,False,False,False,,,uncertain_pending_official_week1_report,,,https://lm-api-reads.fantasy.espn.com/apis/v3/games/ffl/seasons/2026/segments/0/leaguedefaults/1?view=kona_player_info,https://github.com/nflverse/nflverse-data/releases/download/players/players.csv|https://github.com/nflverse/nflverse-data/releases/download/rosters/roster_2026.csv,2026-08-31,2026-08-31T23:22:51.244996+00:00,medium_pre_week1_designation,False,True,Current overlay only; no production games adjustment or historical-table insertion is authorized.,7,7.66,True,high_exact_espn_id_to_gsis_id,blank/NA means unknown or not present; never interpret as numeric zero
00-0036963,00-0036963,4374302,8,Amon-Ra St. Brown,WR,DET,espn_id_to_nflverse_gsis,1.0,False,False,ESPN Market Freeze origin/codex/espn-market-freeze-2026-08-31 + nflverse players,espn_2026_candidate_20260831T214508Z_6e169d4c54c0,draft-command:8,exact stable-ID match,False,False,amonrastbrown,Amon-Ra St. Brown,DET,panel_gsis_to_nflverse_players,1.0,False,False,nflverse players + annual rosters; panel GSIS preferred,,,,,,,,,,,,,,,,,,,,,,,False,high_exact_espn_id_to_gsis_id,blank/NA means unknown or not present; never interpret as numeric zero
00-0037248,00-0037248,4379399,9,James Cook III,RB,BUF,espn_id_to_nflverse_gsis,1.0,False,False,ESPN Market Freeze origin/codex/espn-market-freeze-2026-08-31 + nflverse players,espn_2026_candidate_20260831T214508Z_6e169d4c54c0,draft-command:9,exact stable-ID match,False,False,jamescook,James Cook,BUF,panel_gsis_to_nflverse_players,1.0,False,False,nflverse players + annual rosters; panel GSIS preferred,,,,,,,,,,,,,,,,,,,,,,,False,high_exact_espn_id_to_gsis_id,blank/NA means unknown or not present; never interpret as numeric zero
00-0039040,00-0039040,4429160,12,De'Von Achane,RB,MIA,espn_id_to_nflverse_gsis,1.0,False,False,ESPN Market Freeze origin/codex/espn-market-freeze-2026-08-31 + nflverse players,espn_2026_candidate_20260831T214508Z_6e169d4c54c0,draft-command:12,exact stable-ID match,False,False,devonachane,De'Von Achane,MIA,panel_gsis_to_nflverse_players,1.0,False,False,nflverse players + annual rosters; panel GSIS preferred,,,,,,,,,,,,,,,,,,,,,,,False,high_exact_espn_id_to_gsis_id,blank/NA means unknown or not present; never interpret as numeric zero
00-0036358,00-0036358,4241389,10,CeeDee Lamb,WR,DAL,espn_id_to_nflverse_gsis,1.0,False,False,ESPN Market Freeze origin/codex/espn-market-freeze-2026-08-31 + nflverse players,espn_2026_candidate_20260831T214508Z_6e169d4c54c0,draft-command:10,exact stable-ID match,False,False,ceedeelamb,CeeDee Lamb,DAL,panel_gsis_to_nflverse_players,1.0,False,False,nflverse players + annual rosters; panel GSIS preferred,,,,,,,,,,,,,,,,,,,,,,,False,high_exact_espn_id_to_gsis_id,blank/NA means unknown or not present; never interpret as numeric zero
00-0036322,00-0036322,4262921,11,Justin Jefferson,WR,MIN,espn_id_to_nflverse_gsis,1.0,False,False,ESPN Market Freeze origin/codex/espn-market-freeze-2026-08-31 + nflverse players,espn_2026_candidate_20260831T214508Z_6e169d4c54c0,draft-command:11,exact stable-ID match,False,False,justinjefferson,Justin Jefferson,MIN,panel_gsis_to_nflverse_players,1.0,False,False,nflverse players + annual rosters; panel GSIS preferred,,,,,,,,,,,,,,,,,,,,,,,False,high_exact_espn_id_to_gsis_id,blank/NA means unknown or not present; never interpret as numeric zero
00-0040666,00-0040666,4685382,15,Omarion Hampton,RB,LAC,espn_id_to_nflverse_gsis,1.0,False,False,ESPN Market Freeze origin/codex/espn-market-freeze-2026-08-31 + nflverse players,espn_2026_candidate_20260831T214508Z_6e169d4c54c0,draft-command:15,exact stable-ID match,False,False,omarionhampton,Omarion Hampton,LAC,panel_gsis_to_nflverse_players,1.0,False,False,nflverse players + annual rosters; panel GSIS preferred,,,,,,,,,,,,,,,,,,,,,,,False,high_exact_espn_id_to_gsis_id,blank/NA means unknown or not present; never interpret as numeric zero
00-0038597,00-0038597,4362238,14,Chase Brown,RB,CIN,espn_id_to_nflverse_gsis,1.0,False,False,ESPN Market Freeze origin/codex/espn-market-freeze-2026-08-31 + nflverse players,espn_2026_candidate_20260831T214508Z_6e169d4c54c0,draft-command:14,exact stable-ID match,False,False,chasebrown,Chase Brown,CIN,panel_gsis_to_nflverse_players,1.0,False,False,nflverse players + annual rosters; panel GSIS preferred,,,,,,,,,,,,,,,,,,,,,,,False,high_exact_espn_id_to_gsis_id,blank/NA means unknown or not present; never interpret as numeric zero
00-0034844,00-0034844,3929630,13,Saquon Barkley,RB,PHI,espn_id_to_nflverse_gsis,1.0,False,False,ESPN Market Freeze origin/codex/espn-market-freeze-2026-08-31 + nflverse players,espn_2026_candidate_20260831T214508Z_6e169d4c54c0,draft-command:13,exact stable-ID match,False,False,saquonbarkley,Saquon Barkley,PHI,panel_gsis_to_nflverse_players,1.0,False,False,nflverse players + annual rosters; panel GSIS preferred,,,,,,,,,,,,,,,,,,,,,,,False,high_exact_espn_id_to_gsis_id,blank/NA means unknown or not present; never interpret as numeric zero
00-0032764,00-0032764,3043078,16,Derrick Henry,RB,BAL,espn_id_to_nflverse_gsis,1.0,False,False,ESPN Market Freeze origin/codex/espn-market-freeze-2026-08-31 + nflverse players,espn_2026_candidate_20260831T214508Z_6e169d4c54c0,draft-command:16,exact stable-ID match,False,False,derrickhenry,Derrick Henry,BAL,panel_gsis_to_nflverse_players,1.0,False,False,nflverse players + annual rosters; panel GSIS preferred,,,,,,,,,,,,,,,,,,,,,,,False,high_exact_espn_id_to_gsis_id,blank/NA means unknown or not present; never interpret as numeric zero
00-0037238,00-0037238,4426502,17,Drake London,WR,ATL,espn_id_to_nflverse_gsis,1.0,False,False,ESPN Market Freeze origin/codex/espn-market-freeze-2026-08-31 + nflverse players,espn_2026_candidate_20260831T214508Z_6e169d4c54c0,draft-command:17,exact stable-ID match,False,False,drakelondon,Drake London,ATL,panel_gsis_to_nflverse_players,1.0,False,False,nflverse players + annual rosters; panel GSIS preferred,,,,,,,,,,,,,,,,,,,,,,,False,high_exact_espn_id_to_gsis_id,blank/NA means unknown or not present; never interpret as numeric zero
00-0040122,00-0040122,4890973,18,Ashton Jeanty,RB,LV,espn_id_to_nflverse_gsis,1.0,False,False,ESPN Market Freeze origin/codex/espn-market-freeze-2026-08-31 + nflverse players,espn_2026_candidate_20260831T214508Z_6e169d4c54c0,draft-command:18,exact stable-ID match,False,False,ashtonjeanty,Ashton Jeanty,LV,panel_gsis_to_nflverse_players,1.0,False,False,nflverse players + annual rosters; panel GSIS preferred,ESPN:QUESTIONABLE|NFLVERSE:ACT,QUESTIONABLE,,,False,False,False,,,uncertain_pending_official_week1_report,,,https://lm-api-reads.fantasy.espn.com/apis/v3/games/ffl/seasons/2026/segments/0/leaguedefaults/1?view=kona_player_info,https://github.com/nflverse/nflverse-data/releases/download/players/players.csv|https://github.com/nflverse/nflverse-data/releases/download/rosters/roster_2026.csv,2026-08-31,2026-08-31T23:22:51.244996+00:00,medium_pre_week1_designation,False,True,Current overlay only; no production games adjustment or historical-table insertion is authorized.,18,21.41,True,high_exact_espn_id_to_gsis_id,blank/NA means unknown or not present; never interpret as numeric zero
00-0035676,00-0035676,4047646,20,A.J. Brown,WR,NE,espn_id_to_nflverse_gsis,1.0,False,False,ESPN Market Freeze origin/codex/espn-market-freeze-2026-08-31 + nflverse players,espn_2026_candidate_20260831T214508Z_6e169d4c54c0,draft-command:20,exact stable-ID match,False,False,ajbrown,A.J. Brown,PHI,panel_gsis_to_nflverse_players,1.0,False,False,nflverse players + annual rosters; panel GSIS preferred,,,,,,,,,,,,,,,,,,,,,,,False,high_exact_espn_id_to_gsis_id,blank/NA means unknown or not present; never interpret as numeric zero
00-0037744,00-0037744,4361307,23,Trey McBride,TE,ARI,espn_id_to_nflverse_gsis,1.0,False,False,ESPN Market Freeze origin/codex/espn-market-freeze-2026-08-31 + nflverse players,espn_2026_candidate_20260831T214508Z_6e169d4c54c0,draft-command:23,exact stable-ID match,False,False,treymcbride,Trey McBride,ARI,panel_gsis_to_nflverse_players,1.0,False,False,nflverse players + annual rosters; panel GSIS preferred,,,,,,,,,,,,,,,,,,,,,,,False,high_exact_espn_id_to_gsis_id,blank/NA means unknown or not present; never interpret as numeric zero
00-0041027,00-0041027,4870808,27,Jeremiyah Love,RB,ARI,espn_id_to_nflverse_gsis,1.0,False,False,ESPN Market Freeze origin/codex/espn-market-freeze-2026-08-31 + nflverse players,espn_2026_candidate_20260831T214508Z_6e169d4c54c0,draft-command:27,exact stable-ID match,False,False,,,,,,,,,ESPN:QUESTIONABLE|NFLVERSE:ACT,QUESTIONABLE,,,False,False,False,,,uncertain_pending_official_week1_report,,,https://lm-api-reads.fantasy.espn.com/apis/v3/games/ffl/seasons/2026/segments/0/leaguedefaults/1?view=kona_player_info,https://github.com/nflverse/nflverse-data/releases/download/players/players.csv|https://github.com/nflverse/nflverse-data/releases/download/rosters/roster_2026.csv,2026-08-31,2026-08-31T23:22:51.244996+00:00,medium_pre_week1_designation,False,True,Current overlay only; no production games adjustment or historical-table insertion is authorized.,21,25.79,True,high_exact_espn_id_to_gsis_id,blank/NA means unknown or not present; never interpret as numeric zero
00-0039338,00-0039338,4432665,21,Brock Bowers,TE,LV,espn_id_to_nflverse_gsis,1.0,False,False,ESPN Market Freeze origin/codex/espn-market-freeze-2026-08-31 + nflverse players,espn_2026_candidate_20260831T214508Z_6e169d4c54c0,draft-command:21,exact stable-ID match,False,False,brockbowers,Brock Bowers,LV,panel_gsis_to_nflverse_players,1.0,False,False,nflverse players + annual rosters; panel GSIS preferred,,,,,,,,,,,,,,,,,,,,,,,False,high_exact_espn_id_to_gsis_id,blank/NA means unknown or not present; never interpret as numeric zero
00-0036554,00-0036554,4258173,22,Nico Collins,WR,HOU,espn_id_to_nflverse_gsis,1.0,False,False,ESPN Market Freeze origin/codex/espn-market-freeze-2026-08-31 + nflverse players,espn_2026_candidate_20260831T214508Z_6e169d4c54c0,draft-command:22,exact stable-ID match,False,False,nicocollins,Nico Collins,HOU,panel_gsis_to_nflverse_players,1.0,False,False,nflverse players + annual rosters; panel GSIS preferred,,,,,,,,,,,,,,,,,,,,,,,False,high_exact_espn_id_to_gsis_id,blank/NA means unknown or not present; never interpret as numeric zero
00-0037239,00-0037239,4361370,26,Chris Olave,WR,NO,espn_id_to_nflverse_gsis,1.0,False,False,ESPN Market Freeze origin/codex/espn-market-freeze-2026-08-31 + nflverse players,espn_2026_candidate_20260831T214508Z_6e169d4c54c0,draft-command:26,exact stable-ID match,False,False,chrisolave,Chris Olave,NO,panel_gsis_to_nflverse_players,1.0,False,False,nflverse players + annual rosters; panel GSIS preferred,,,,,,,,,,,,,,,,,,,,,,,False,high_exact_espn_id_to_gsis_id,blank/NA means unknown or not present; never interpret as numeric zero
00-0038134,00-0038134,4567048,19,Kenneth Walker III,RB,KC,espn_id_to_nflverse_gsis,1.0,False,False,ESPN Market Freeze origin/codex/espn-market-freeze-2026-08-31 + nflverse players,espn_2026_candidate_20260831T214508Z_6e169d4c54c0,draft-command:19,exact stable-ID match,False,False,kennethwalker,Kenneth Walker III,SEA,panel_gsis_to_nflverse_players,1.0,False,False,nflverse players + annual rosters; panel GSIS preferred,ESPN:QUESTIONABLE|NFLVERSE:ACT,QUESTIONABLE,,,False,False,False,,,uncertain_pending_official_week1_report,,,https://lm-api-reads.fantasy.espn.com/apis/v3/games/ffl/seasons/2026/segments/0/leaguedefaults/1?view=kona_player_info,https://github.com/nflverse/nflverse-data/releases/download/players/players.csv|https://github.com/nflverse/nflverse-data/releases/download/rosters/roster_2026.csv,2026-08-31,2026-08-31T23:22:51.244996+00:00,medium_pre_week1_designation,False,True,Current overlay only; no production games adjustment or historical-table insertion is authorized.,25,24.8,True,high_exact_espn_id_to_gsis_id,blank/NA means unknown or not present; never interpret as numeric zero
00-0034857,00-0034857,3918298,25,Josh Allen,QB,BUF,espn_id_to_nflverse_gsis,1.0,False,False,ESPN Market Freeze origin/codex/espn-market-freeze-2026-08-31 + nflverse players,espn_2026_candidate_20260831T214508Z_6e169d4c54c0,draft-command:25,exact stable-ID match,False,False,joshallen,Josh Allen,BUF,panel_gsis_to_nflverse_players,1.0,False,False,nflverse players + annual rosters; panel GSIS preferred,,,,,,,,,,,,,,,,,,,,,,,False,high_exact_espn_id_to_gsis_id,blank/NA means unknown or not present; never interpret as numeric zero
00-0039067,00-0039067,4428331,30,Rashee Rice,WR,KC,espn_id_to_nflverse_gsis,1.0,False,False,ESPN Market Freeze origin/codex/espn-market-freeze-2026-08-31 + nflverse players,espn_2026_candidate_20260831T214508Z_6e169d4c54c0,draft-command:30,exact stable-ID match,False,False,rasheerice,Rashee Rice,KC,panel_gsis_to_nflverse_players,1.0,False,False,nflverse players + annual rosters; panel GSIS preferred,,,,,,,,,,,,,,,,,,,,,,,False,high_exact_espn_id_to_gsis_id,blank/NA means unknown or not present; never interpret as numeric zero
00-0037247,00-0037247,4426354,24,George Pickens,WR,DAL,espn_id_to_nflverse_gsis,1.0,False,False,ESPN Market Freeze origin/codex/espn-market-freeze-2026-08-31 + nflverse players,espn_2026_candidate_20260831T214508Z_6e169d4c54c0,draft-command:24,exact stable-ID match,False,False,georgepickens,George Pickens,DAL,panel_gsis_to_nflverse_players,1.0,False,False,nflverse players + annual rosters; panel GSIS preferred,,,,,,,,,,,,,,,,,,,,,,,False,high_exact_espn_id_to_gsis_id,blank/NA means unknown or not present; never interpret as numeric zero
00-0037740,00-0037740,4569618,38,Garrett Wilson,WR,NYJ,espn_id_to_nflverse_gsis,1.0,False,False,ESPN Market Freeze origin/codex/espn-market-freeze-2026-08-31 + nflverse players,espn_2026_candidate_20260831T214508Z_6e169d4c54c0,draft-command:38,exact stable-ID match,False,False,garrettwilson,Garrett Wilson,NYJ,panel_gsis_to_nflverse_players,1.0,False,False,nflverse players + annual rosters; panel GSIS preferred,,,,,,,,,,,,,,,,,,,,,,,False,high_exact_espn_id_to_gsis_id,blank/NA means unknown or not present; never interpret as numeric zero
00-0038120,00-0038120,4427366,31,Breece Hall,RB,NYJ,espn_id_to_nflverse_gsis,1.0,False,False,ESPN Market Freeze origin/codex/espn-market-freeze-2026-08-31 + nflverse players,espn_2026_candidate_20260831T214508Z_6e169d4c54c0,draft-command:31,exact stable-ID match,False,False,breecehall,Breece Hall,NYJ,panel_gsis_to_nflverse_players,1.0,False,False,nflverse players + annual rosters; panel GSIS preferred,ESPN:QUESTIONABLE|NFLVERSE:ACT,QUESTIONABLE,,,False,False,False,,,uncertain_pending_official_week1_report,,,https://lm-api-reads.fantasy.espn.com/apis/v3/games/ffl/seasons/2026/segments/0/leaguedefaults/1?view=kona_player_info,https://github.com/nflverse/nflverse-data/releases/download/players/players.csv|https://github.com/nflverse/nflverse-data/releases/download/rosters/roster_2026.csv,2026-08-31,2026-08-31T23:22:51.244996+00:00,medium_pre_week1_designation,False,True,Current overlay only; no production games adjustment or historical-table insertion is authorized.,30,35.79,True,high_exact_espn_id_to_gsis_id,blank/NA means unknown or not present; never interpret as numeric zero
00-0036997,00-0036997,4361579,33,Javonte Williams,RB,DAL,espn_id_to_nflverse_gsis,1.0,False,False,ESPN Market Freeze origin/codex/espn-market-freeze-2026-08-31 + nflverse players,espn_2026_candidate_20260831T214508Z_6e169d4c54c0,draft-command:33,exact stable-ID match,False,False,javontewilliams,Javonte Williams,DAL,panel_gsis_to_nflverse_players,1.0,False,False,nflverse players + annual rosters; panel GSIS preferred,,,,,,,,,,,,,,,,,,,,,,,False,high_exact_espn_id_to_gsis_id,blank/NA means unknown or not present; never interpret as numeric zero
00-0037840,00-0037840,4430737,29,Kyren Williams,RB,LAR,espn_id_to_nflverse_gsis,1.0,False,False,ESPN Market Freeze origin/codex/espn-market-freeze-2026-08-31 + nflverse players,espn_2026_candidate_20260831T214508Z_6e169d4c54c0,draft-command:29,exact stable-ID match,False,False,kyrenwilliams,Kyren Williams,LAR,panel_gsis_to_nflverse_players,1.0,False,False,nflverse players + annual rosters; panel GSIS preferred,,,,,,,,,,,,,,,,,,,,,,,False,high_exact_espn_id_to_gsis_id,blank/NA means unknown or not present; never interpret as numeric zero
00-0039337,00-0039337,4595348,28,Malik Nabers,WR,NYG,espn_id_to_nflverse_gsis,1.0,False,False,ESPN Market Freeze origin/codex/espn-market-freeze-2026-08-31 + nflverse players,espn_2026_candidate_20260831T214508Z_6e169d4c54c0,draft-command:28,exact stable-ID match,False,False,maliknabers,Malik Nabers,NYG,panel_gsis_to_nflverse_players,1.0,False,False,nflverse players + annual rosters; panel GSIS preferred,ESPN:QUESTIONABLE|NFLVERSE:ACT,QUESTIONABLE,,,False,False,False,,,uncertain_pending_official_week1_report,,,https://lm-api-reads.fantasy.espn.com/apis/v3/games/ffl/seasons/2026/segments/0/leaguedefaults/1?view=kona_player_info,https://github.com/nflverse/nflverse-data/releases/download/players/players.csv|https://github.com/nflverse/nflverse-data/releases/download/rosters/roster_2026.csv,2026-08-31,2026-08-31T23:22:51.244996+00:00,medium_pre_week1_designation,False,True,Current overlay only; no production games adjustment or historical-table insertion is authorized.,33,34.54,True,high_exact_espn_id_to_gsis_id,blank/NA means unknown or not present; never interpret as numeric zero
00-0036973,00-0036973,4239996,42,Travis Etienne Jr.,RB,NO,espn_id_to_nflverse_gsis,1.0,False,False,ESPN Market Freeze origin/codex/espn-market-freeze-2026-08-31 + nflverse players,espn_2026_candidate_20260831T214508Z_6e169d4c54c0,draft-command:42,exact stable-ID match,False,False,travisetienne,Travis Etienne Jr.,JAC,panel_gsis_to_nflverse_players,1.0,False,False,nflverse players + annual rosters; panel GSIS preferred,,,,,,,,,,,,,,,,,,,,,,,False,high_exact_espn_id_to_gsis_id,blank/NA means unknown or not present; never interpret as numeric zero
00-0036912,00-0036912,4241478,32,DeVonta Smith,WR,PHI,espn_id_to_nflverse_gsis,1.0,False,False,ESPN Market Freeze origin/codex/espn-market-freeze-2026-08-31 + nflverse players,espn_2026_candidate_20260831T214508Z_6e169d4c54c0,draft-command:32,exact stable-ID match,False,False,devontasmith,DeVonta Smith,PHI,panel_gsis_to_nflverse_players,1.0,False,False,nflverse players + annual rosters; panel GSIS preferred,,,,,,,,,,,,,,,,,,,,,,,False,high_exact_espn_id_to_gsis_id,blank/NA means unknown or not present; never interpret as numeric zero
00-0040124,00-0040124,4685472,36,Tetairoa McMillan,WR,CAR,espn_id_to_nflverse_gsis,1.0,False,False,ESPN Market Freeze origin/codex/espn-market-freeze-2026-08-31 + nflverse players,espn_2026_candidate_20260831T214508Z_6e169d4c54c0,draft-command:36,exact stable-ID match,False,False,tetairoamcmillan,Tetairoa McMillan,CAR,panel_gsis_to_nflverse_players,1.0,False,False,nflverse players + annual rosters; panel GSIS preferred,,,,,,,,,,,,,,,,,,,,,,,False,high_exact_espn_id_to_gsis_id,blank/NA means unknown or not present; never interpret as numeric zero
00-0039064,00-0039064,4429615,37,Zay Flowers,WR,BAL,espn_id_to_nflverse_gsis,1.0,False,False,ESPN Market Freeze origin/codex/espn-market-freeze-2026-08-31 + nflverse players,espn_2026_candidate_20260831T214508Z_6e169d4c54c0,draft-command:37,exact stable-ID match,False,False,zayflowers,Zay Flowers,BAL,panel_gsis_to_nflverse_players,1.0,False,False,nflverse players + annual rosters; panel GSIS preferred,ESPN:QUESTIONABLE|NFLVERSE:ACT,QUESTIONABLE,,,False,False,False,,,uncertain_pending_official_week1_report,,,https://lm-api-reads.fantasy.espn.com/apis/v3/games/ffl/seasons/2026/segments/0/leaguedefaults/1?view=kona_player_info,https://github.com/nflverse/nflverse-data/releases/download/players/players.csv|https://github.com/nflverse/nflverse-data/releases/download/rosters/roster_2026.csv,2026-08-31,2026-08-31T23:22:51.244996+00:00,medium_pre_week1_designation,False,True,Current overlay only; no production games adjustment or historical-table insertion is authorized.,38,44.05,True,high_exact_espn_id_to_gsis_id,blank/NA means unknown or not present; never interpret as numeric zero
00-0040129,00-0040129,4567750,41,Emeka Egbuka,WR,TB,espn_id_to_nflverse_gsis,1.0,False,False,ESPN Market Freeze origin/codex/espn-market-freeze-2026-08-31 + nflverse players,espn_2026_candidate_20260831T214508Z_6e169d4c54c0,draft-command:41,exact stable-ID match,False,False,emekaegbuka,Emeka Egbuka,TB,panel_gsis_to_nflverse_players,1.0,False,False,nflverse players + annual rosters; panel GSIS preferred,ESPN:QUESTIONABLE|NFLVERSE:ACT,QUESTIONABLE,,,False,False,False,,,uncertain_pending_official_week1_report,,,https://lm-api-reads.fantasy.espn.com/apis/v3/games/ffl/seasons/2026/segments/0/leaguedefaults/1?view=kona_player_info,https://github.com/nflverse/nflverse-data/releases/download/players/players.csv|https://github.com/nflverse/nflverse-data/releases/download/rosters/roster_2026.csv,2026-08-31,2026-08-31T23:22:51.244996+00:00,medium_pre_week1_designation,False,True,Current overlay only; no production games adjustment or historical-table insertion is authorized.,39,45.46,True,high_exact_espn_id_to_gsis_id,blank/NA means unknown or not present; never interpret as numeric zero
00-0040784,00-0040784,4685702,47,Quinshon Judkins,RB,CLE,espn_id_to_nflverse_gsis,1.0,False,False,ESPN Market Freeze origin/codex/espn-market-freeze-2026-08-31 + nflverse players,espn_2026_candidate_20260831T214508Z_6e169d4c54c0,draft-command:47,exact stable-ID match,False,False,quinshonjudkins,Quinshon Judkins,CLE,panel_gsis_to_nflverse_players,1.0,False,False,nflverse players + annual rosters; panel GSIS preferred,,,,,,,,,,,,,,,,,,,,,,,False,high_exact_espn_id_to_gsis_id,blank/NA means unknown or not present; never interpret as numeric zero
00-0039915,00-0039915,4612826,39,Ladd McConkey,WR,LAC,espn_id_to_nflverse_gsis,1.0,False,False,ESPN Market Freeze origin/codex/espn-market-freeze-2026-08-31 + nflverse players,espn_2026_candidate_20260831T214508Z_6e169d4c54c0,draft-command:39,exact stable-ID match,False,False,laddmcconkey,Ladd McConkey,LAC,panel_gsis_to_nflverse_players,1.0,False,False,nflverse players + annual rosters; panel GSIS preferred,,,,,,,,,,,,,,,,,,,,,,,False,high_exact_espn_id_to_gsis_id,blank/NA means unknown or not present; never interpret as numeric zero
00-0040715,00-0040715,4696981,45,Cam Skattebo,RB,NYG,espn_id_to_nflverse_gsis,1.0,False,False,ESPN Market Freeze origin/codex/espn-market-freeze-2026-08-31 + nflverse players,espn_2026_candidate_20260831T214508Z_6e169d4c54c0,draft-command:45,exact stable-ID match,False,False,camskattebo,Cam Skattebo,NYG,panel_gsis_to_nflverse_players,1.0,False,False,nflverse players + annual rosters; panel GSIS preferred,,,,,,,,,,,,,,,,,,,,,,,False,high_exact_espn_id_to_gsis_id,blank/NA means unknown or not present; never interpret as numeric zero
00-0040126,00-0040126,4723086,40,Colston Loveland,TE,CHI,espn_id_to_nflverse_gsis,1.0,False,False,ESPN Market Freeze origin/codex/espn-market-freeze-2026-08-31 + nflverse players,espn_2026_candidate_20260831T214508Z_6e169d4c54c0,draft-command:40,exact stable-ID match,False,False,colstonloveland,Colston Loveland,CHI,panel_gsis_to_nflverse_players,1.0,False,False,nflverse players + annual rosters; panel GSIS preferred,,,,,,,,,,,,,,,,,,,,,,,False,high_exact_espn_id_to_gsis_id,blank/NA means unknown or not present; never interpret as numeric zero
00-0036410,00-0036410,4239993,35,Tee Higgins,WR,CIN,espn_id_to_nflverse_gsis,1.0,False,False,ESPN Market Freeze origin/codex/espn-market-freeze-2026-08-31 + nflverse players,espn_2026_candidate_20260831T214508Z_6e169d4c54c0,draft-command:35,exact stable-ID match,False,False,teehiggins,Tee Higgins,CIN,panel_gsis_to_nflverse_players,1.0,False,False,nflverse players + annual rosters; panel GSIS preferred,,,,,,,,,,,,,,,,,,,,,,,False,high_exact_espn_id_to_gsis_id,blank/NA means unknown or not present; never interpret as numeric zero
00-0031381,00-0031381,16800,48,Davante Adams,WR,LAR,espn_id_to_nflverse_gsis,1.0,False,False,ESPN Market Freeze origin/codex/espn-market-freeze-2026-08-31 + nflverse players,espn_2026_candidate_20260831T214508Z_6e169d4c54c0,draft-command:48,exact stable-ID match,False,False,davanteadams,Davante Adams,LAR,panel_gsis_to_nflverse_players,1.0,False,False,nflverse players + annual rosters; panel GSIS preferred,,,,,,,,,,,,,,,,,,,,,,,False,high_exact_espn_id_to_gsis_id,blank/NA means unknown or not present; never interpret as numeric zero
00-0036613,00-0036613,4372016,43,Jaylen Waddle,WR,DEN,espn_id_to_nflverse_gsis,1.0,False,False,ESPN Market Freeze origin/codex/espn-market-freeze-2026-08-31 + nflverse players,espn_2026_candidate_20260831T214508Z_6e169d4c54c0,draft-command:43,exact stable-ID match,False,False,jaylenwaddle,Jaylen Waddle,MIA,panel_gsis_to_nflverse_players,1.0,False,False,nflverse players + annual rosters; panel GSIS preferred,,,,,,,,,,,,,,,,,,,,,,,False,high_exact_espn_id_to_gsis_id,blank/NA means unknown or not present; never interpret as numeric zero
00-0036275,00-0036275,4259545,46,D'Andre Swift,RB,CHI,espn_id_to_nflverse_gsis,1.0,False,False,ESPN Market Freeze origin/codex/espn-market-freeze-2026-08-31 + nflverse players,espn_2026_candidate_20260831T214508Z_6e169d4c54c0,draft-command:46,exact stable-ID match,False,False,dandreswift,D'Andre Swift,CHI,panel_gsis_to_nflverse_players,1.0,False,False,nflverse players + annual rosters; panel GSIS preferred,,,,,,,,,,,,,,,,,,,,,,,False,high_exact_espn_id_to_gsis_id,blank/NA means unknown or not present; never interpret as numeric zero
00-0040719,00-0040719,4882093,57,Bhayshul Tuten,RB,JAX,espn_id_to_nflverse_gsis,1.0,False,False,ESPN Market Freeze origin/codex/espn-market-freeze-2026-08-31 + nflverse players,espn_2026_candidate_20260831T214508Z_6e169d4c54c0,draft-command:57,exact stable-ID match,False,False,bhayshultuten,Bhayshul Tuten,JAC,panel_gsis_to_nflverse_players,1.0,False,False,nflverse players + annual rosters; panel GSIS preferred,,,,,,,,,,,,,,,,,,,,,,,False,high_exact_espn_id_to_gsis_id,blank/NA means unknown or not present; never interpret as numeric zero
00-0034796,00-0034796,3916387,44,Lamar Jackson,QB,BAL,espn_id_to_nflverse_gsis,1.0,False,False,ESPN Market Freeze origin/codex/espn-market-freeze-2026-08-31 + nflverse players,espn_2026_candidate_20260831T214508Z_6e169d4c54c0,draft-command:44,exact stable-ID match,False,False,lamarjackson,Lamar Jackson,BAL,panel_gsis_to_nflverse_players,1.0,False,False,nflverse players + annual rosters; panel GSIS preferred,,,,,,,,,,,,,,,,,,,,,,,False,high_exact_espn_id_to_gsis_id,blank/NA means unknown or not present; never interpret as numeric zero
00-0039361,00-0039361,4596448,49,Bucky Irving,RB,TB,espn_id_to_nflverse_gsis,1.0,False,False,ESPN Market Freeze origin/codex/espn-market-freeze-2026-08-31 + nflverse players,espn_2026_candidate_20260831T214508Z_6e169d4c54c0,draft-command:49,exact stable-ID match,False,False,buckyirving,Bucky Irving,TB,panel_gsis_to_nflverse_players,1.0,False,False,nflverse players + annual rosters; panel GSIS preferred,,,,,,,,,,,,,,,,,,,,,,,False,high_exact_espn_id_to_gsis_id,blank/NA means unknown or not present; never interpret as numeric zero
00-0035685,00-0035685,4035538,53,David Montgomery,RB,HOU,espn_id_to_nflverse_gsis,1.0,False,False,ESPN Market Freeze origin/codex/espn-market-freeze-2026-08-31 + nflverse players,espn_2026_candidate_20260831T214508Z_6e169d4c54c0,draft-command:53,exact stable-ID match,False,False,davidmontgomery,David Montgomery,DET,panel_gsis_to_nflverse_players,1.0,False,False,nflverse players + annual rosters; panel GSIS preferred,,,,,,,,,,,,,,,,,,,,,,,False,high_exact_espn_id_to_gsis_id,blank/NA means unknown or not present; never interpret as numeric zero
00-0035659,00-0035659,3121422,51,Terry McLaurin,WR,WAS,espn_id_to_nflverse_gsis,1.0,False,False,ESPN Market Freeze origin/codex/espn-market-freeze-2026-08-31 + nflverse players,espn_2026_candidate_20260831T214508Z_6e169d4c54c0,draft-command:51,exact stable-ID match,False,False,terrymclaurin,Terry McLaurin,WAS,panel_gsis_to_nflverse_players,1.0,False,False,nflverse players + annual rosters; panel GSIS preferred,,,,,,,,,,,,,,,,,,,,,,,False,high_exact_espn_id_to_gsis_id,blank/NA means unknown or not present; never interpret as numeric zero
00-0034827,00-0034827,3915416,54,DJ Moore,WR,BUF,espn_id_to_nflverse_gsis,1.0,False,False,ESPN Market Freeze origin/codex/espn-market-freeze-2026-08-31 + nflverse players,espn_2026_candidate_20260831T214508Z_6e169d4c54c0,draft-command:54,exact stable-ID match,False,False,djmoore,DJ Moore,CHI,panel_gsis_to_nflverse_players,1.0,False,False,nflverse players + annual rosters; panel GSIS preferred,,,,,,,,,,,,,,,,,,,,,,,False,high_exact_espn_id_to_gsis_id,blank/NA means unknown or not present; never interpret as numeric zero
00-0041512,00-0041512,4685512,63,Jadarian Price,RB,SEA,espn_id_to_nflverse_gsis,1.0,False,False,ESPN Market Freeze origin/codex/espn-market-freeze-2026-08-31 + nflverse players,espn_2026_candidate_20260831T214508Z_6e169d4c54c0,draft-command:63,exact stable-ID match,False,False,,,,,,,,,,,,,,,,,,,,,,,,,,,,,,,False,high_exact_espn_id_to_gsis_id,blank/NA means unknown or not present; never interpret as numeric zero
00-0037240,00-0037240,4426388,55,Jameson Williams,WR,DET,espn_id_to_nflverse_gsis,1.0,False,False,ESPN Market Freeze origin/codex/espn-market-freeze-2026-08-31 + nflverse players,espn_2026_candidate_20260831T214508Z_6e169d4c54c0,draft-command:55,exact stable-ID match,False,False,jamesonwilliams,Jameson Williams,DET,panel_gsis_to_nflverse_players,1.0,False,False,nflverse players + annual rosters; panel GSIS preferred,,,,,,,,,,,,,,,,,,,,,,,False,high_exact_espn_id_to_gsis_id,blank/NA means unknown or not present; never interpret as numeric zero
00-0040128,00-0040128,4431459,50,Tyler Warren,TE,IND,espn_id_to_nflverse_gsis,1.0,False,False,ESPN Market Freeze origin/codex/espn-market-freeze-2026-08-31 + nflverse players,espn_2026_candidate_20260831T214508Z_6e169d4c54c0,draft-command:50,exact stable-ID match,False,False,tylerwarren,Tyler Warren,IND,panel_gsis_to_nflverse_players,1.0,False,False,nflverse players + annual rosters; panel GSIS preferred,ESPN:QUESTIONABLE|NFLVERSE:ACT,QUESTIONABLE,,,False,False,False,,,uncertain_pending_official_week1_report,,,https://lm-api-reads.fantasy.espn.com/apis/v3/games/ffl/seasons/2026/segments/0/leaguedefaults/1?view=kona_player_info,https://github.com/nflverse/nflverse-data/releases/download/players/players.csv|https://github.com/nflverse/nflverse-data/releases/download/rosters/roster_2026.csv,2026-08-31,2026-08-31T23:22:51.244996+00:00,medium_pre_week1_designation,False,True,Current overlay only; no production games adjustment or historical-table insertion is authorized.,56,51.93,True,high_exact_espn_id_to_gsis_id,blank/NA means unknown or not present; never interpret as numeric zero
00-0039919,00-0039919,4431299,58,Rome Odunze,WR,CHI,espn_id_to_nflverse_gsis,1.0,False,False,ESPN Market Freeze origin/codex/espn-market-freeze-2026-08-31 + nflverse players,espn_2026_candidate_20260831T214508Z_6e169d4c54c0,draft-command:58,exact stable-ID match,False,False,romeodunze,Rome Odunze,CHI,panel_gsis_to_nflverse_players,1.0,False,False,nflverse players + annual rosters; panel GSIS preferred,,,,,,,,,,,,,,,,,,,,,,,False,high_exact_espn_id_to_gsis_id,blank/NA means unknown or not present; never interpret as numeric zero
00-0039910,00-0039910,4426348,60,Jayden Daniels,QB,WAS,espn_id_to_nflverse_gsis,1.0,False,False,ESPN Market Freeze origin/codex/espn-market-freeze-2026-08-31 + nflverse players,espn_2026_candidate_20260831T214508Z_6e169d4c54c0,draft-command:60,exact stable-ID match,False,False,jaydendaniels,Jayden Daniels,WAS,panel_gsis_to_nflverse_players,1.0,False,False,nflverse players + annual rosters; panel GSIS preferred,,,,,,,,,,,,,,,,,,,,,,,False,high_exact_espn_id_to_gsis_id,blank/NA means unknown or not present; never interpret as numeric zero
00-0039851,00-0039851,4431452,56,Drake Maye,QB,NE,espn_id_to_nflverse_gsis,1.0,False,False,ESPN Market Freeze origin/codex/espn-market-freeze-2026-08-31 + nflverse players,espn_2026_candidate_20260831T214508Z_6e169d4c54c0,draft-command:56,exact stable-ID match,False,False,drakemaye,Drake Maye,NE,panel_gsis_to_nflverse_players,1.0,False,False,nflverse players + annual rosters; panel GSIS preferred,,,,,,,,,,,,,,,,,,,,,,,False,high_exact_espn_id_to_gsis_id,blank/NA means unknown or not present; never interpret as numeric zero
00-0040734,00-0040734,4432710,61,TreVeyon Henderson,RB,NE,espn_id_to_nflverse_gsis,1.0,False,False,ESPN Market Freeze origin/codex/espn-market-freeze-2026-08-31 + nflverse players,espn_2026_candidate_20260831T214508Z_6e169d4c54c0,draft-command:61,exact stable-ID match,False,False,treveyonhenderson,TreVeyon Henderson,NE,panel_gsis_to_nflverse_players,1.0,False,False,nflverse players + annual rosters; panel GSIS preferred,ESPN:QUESTIONABLE|NFLVERSE:ACT,QUESTIONABLE,,,False,False,False,,,uncertain_pending_official_week1_report,,,https://lm-api-reads.fantasy.espn.com/apis/v3/games/ffl/seasons/2026/segments/0/leaguedefaults/1?view=kona_player_info,https://github.com/nflverse/nflverse-data/releases/download/players/players.csv|https://github.com/nflverse/nflverse-data/releases/download/rosters/roster_2026.csv,2026-08-31,2026-08-31T23:22:51.244996+00:00,medium_pre_week1_designation,False,True,Current overlay only; no production games adjustment or historical-table insertion is authorized.,64,79.65,True,high_exact_espn_id_to_gsis_id,blank/NA means unknown or not present; never interpret as numeric zero
00-0040735,00-0040735,4685278,52,Luther Burden III,WR,CHI,espn_id_to_nflverse_gsis,1.0,False,False,ESPN Market Freeze origin/codex/espn-market-freeze-2026-08-31 + nflverse players,espn_2026_candidate_20260831T214508Z_6e169d4c54c0,draft-command:52,exact stable-ID match,False,False,lutherburden,Luther Burden III,CHI,panel_gsis_to_nflverse_players,1.0,False,False,nflverse players + annual rosters; panel GSIS preferred,ESPN:QUESTIONABLE|NFLVERSE:ACT,QUESTIONABLE,,,False,False,False,,,uncertain_pending_official_week1_report,,,https://lm-api-reads.fantasy.espn.com/apis/v3/games/ffl/seasons/2026/segments/0/leaguedefaults/1?view=kona_player_info,https://github.com/nflverse/nflverse-data/releases/download/players/players.csv|https://github.com/nflverse/nflverse-data/releases/download/rosters/roster_2026.csv,2026-08-31,2026-08-31T23:22:51.244996+00:00,medium_pre_week1_designation,False,True,Current overlay only; no production games adjustment or historical-table insertion is authorized.,66,76.14,True,high_exact_espn_id_to_gsis_id,blank/NA means unknown or not present; never interpret as numeric zero
00-0041438,00-0041438,4871023,66,Carnell Tate,WR,TEN,espn_id_to_nflverse_gsis,1.0,False,False,ESPN Market Freeze origin/codex/espn-market-freeze-2026-08-31 + nflverse players,espn_2026_candidate_20260831T214508Z_6e169d4c54c0,draft-command:66,exact stable-ID match,False,False,,,,,,,,,,,,,,,,,,,,,,,,,,,,,,,False,high_exact_espn_id_to_gsis_id,blank/NA means unknown or not present; never interpret as numeric zero
00-0031408,00-0031408,16737,62,Mike Evans,WR,SF,espn_id_to_nflverse_gsis,1.0,False,False,ESPN Market Freeze origin/codex/espn-market-freeze-2026-08-31 + nflverse players,espn_2026_candidate_20260831T214508Z_6e169d4c54c0,draft-command:62,exact stable-ID match,False,False,mikeevans,Mike Evans,TB,panel_gsis_to_nflverse_players,1.0,False,False,nflverse players + annual rosters; panel GSIS preferred,ESPN:QUESTIONABLE|NFLVERSE:ACT,QUESTIONABLE,,,False,False,False,,,uncertain_pending_official_week1_report,,,https://lm-api-reads.fantasy.espn.com/apis/v3/games/ffl/seasons/2026/segments/0/leaguedefaults/1?view=kona_player_info,https://github.com/nflverse/nflverse-data/releases/download/players/players.csv|https://github.com/nflverse/nflverse-data/releases/download/rosters/roster_2026.csv,2026-08-31,2026-08-31T23:22:51.244996+00:00,medium_pre_week1_designation,False,True,Current overlay only; no production games adjustment or historical-table insertion is authorized.,68,86.54,True,high_exact_espn_id_to_gsis_id,blank/NA means unknown or not present; never interpret as numeric zero
00-0036875,00-0036875,4569173,70,Rhamondre Stevenson,RB,NE,espn_id_to_nflverse_gsis,1.0,False,False,ESPN Market Freeze origin/codex/espn-market-freeze-2026-08-31 + nflverse players,espn_2026_candidate_20260831T214508Z_6e169d4c54c0,draft-command:70,exact stable-ID match,False,False,rhamondrestevenson,Rhamondre Stevenson,NE,panel_gsis_to_nflverse_players,1.0,False,False,nflverse players + annual rosters; panel GSIS preferred,,,,,,,,,,,,,,,,,,,,,,,False,high_exact_espn_id_to_gsis_id,blank/NA means unknown or not present; never interpret as numeric zero
00-0036442,00-0036442,3915511,59,Joe Burrow,QB,CIN,espn_id_to_nflverse_gsis,1.0,False,False,ESPN Market Freeze origin/codex/espn-market-freeze-2026-08-31 + nflverse players,espn_2026_candidate_20260831T214508Z_6e169d4c54c0,draft-command:59,exact stable-ID match,False,False,joeburrow,Joe Burrow,CIN,panel_gsis_to_nflverse_players,1.0,False,False,nflverse players + annual rosters; panel GSIS preferred,,,,,,,,,,,,,,,,,,,,,,,False,high_exact_espn_id_to_gsis_id,blank/NA means unknown or not present; never interpret as numeric zero
00-0039849,00-0039849,4432708,67,Marvin Harrison Jr.,WR,ARI,espn_id_to_nflverse_gsis,1.0,False,False,ESPN Market Freeze origin/codex/espn-market-freeze-2026-08-31 + nflverse players,espn_2026_candidate_20260831T214508Z_6e169d4c54c0,draft-command:67,exact stable-ID match,False,False,marvinharrison,Marvin Harrison Jr.,ARI,panel_gsis_to_nflverse_players,1.0,False,False,nflverse players + annual rosters; panel GSIS preferred,,,,,,,,,,,,,,,,,,,,,,,False,high_exact_espn_id_to_gsis_id,blank/NA means unknown or not present; never interpret as numeric zero
00-0036252,00-0036252,4035687,86,Michael Pittman Jr.,WR,PIT,espn_id_to_nflverse_gsis,1.0,False,False,ESPN Market Freeze origin/codex/espn-market-freeze-2026-08-31 + nflverse players,espn_2026_candidate_20260831T214508Z_6e169d4c54c0,draft-command:86,exact stable-ID match,False,False,michaelpittman,Michael Pittman Jr.,IND,panel_gsis_to_nflverse_players,1.0,False,False,nflverse players + annual rosters; panel GSIS preferred,ESPN:QUESTIONABLE|NFLVERSE:ACT,QUESTIONABLE,,,False,False,False,,,uncertain_pending_official_week1_report,,,https://lm-api-reads.fantasy.espn.com/apis/v3/games/ffl/seasons/2026/segments/0/leaguedefaults/1?view=kona_player_info,https://github.com/nflverse/nflverse-data/releases/download/players/players.csv|https://github.com/nflverse/nflverse-data/releases/download/rosters/roster_2026.csv,2026-08-31,2026-08-31T23:22:51.244996+00:00,medium_pre_week1_designation,False,True,Current overlay only; no production games adjustment or historical-table insertion is authorized.,73,90.15,True,high_exact_espn_id_to_gsis_id,blank/NA means unknown or not present; never interpret as numeric zero
00-0035261,00-0035261,3916148,77,Tony Pollard,RB,TEN,espn_id_to_nflverse_gsis,1.0,False,False,ESPN Market Freeze origin/codex/espn-market-freeze-2026-08-31 + nflverse players,espn_2026_candidate_20260831T214508Z_6e169d4c54c0,draft-command:77,exact stable-ID match,False,False,tonypollard,Tony Pollard,TEN,panel_gsis_to_nflverse_players,1.0,False,False,nflverse players + annual rosters; panel GSIS preferred,,,,,,,,,,,,,,,,,,,,,,,False,high_exact_espn_id_to_gsis_id,blank/NA means unknown or not present; never interpret as numeric zero
00-0035640,00-0035640,4047650,73,DK Metcalf,WR,PIT,espn_id_to_nflverse_gsis,1.0,False,False,ESPN Market Freeze origin/codex/espn-market-freeze-2026-08-31 + nflverse players,espn_2026_candidate_20260831T214508Z_6e169d4c54c0,draft-command:73,exact stable-ID match,False,False,dkmetcalf,DK Metcalf,PIT,panel_gsis_to_nflverse_players,1.0,False,False,nflverse players + annual rosters; panel GSIS preferred,ESPN:QUESTIONABLE|NFLVERSE:ACT,QUESTIONABLE,,,False,False,False,,,uncertain_pending_official_week1_report,,,https://lm-api-reads.fantasy.espn.com/apis/v3/games/ffl/seasons/2026/segments/0/leaguedefaults/1?view=kona_player_info,https://github.com/nflverse/nflverse-data/releases/download/players/players.csv|https://github.com/nflverse/nflverse-data/releases/download/rosters/roster_2026.csv,2026-08-31,2026-08-31T23:22:51.244996+00:00,medium_pre_week1_designation,False,True,Current overlay only; no production games adjustment or historical-table insertion is authorized.,75,85.6,True,high_exact_espn_id_to_gsis_id,blank/NA means unknown or not present; never interpret as numeric zero
00-0036389,00-0036389,4040715,64,Jalen Hurts,QB,PHI,espn_id_to_nflverse_gsis,1.0,False,False,ESPN Market Freeze origin/codex/espn-market-freeze-2026-08-31 + nflverse players,espn_2026_candidate_20260831T214508Z_6e169d4c54c0,draft-command:64,exact stable-ID match,False,False,jalenhurts,Jalen Hurts,PHI,panel_gsis_to_nflverse_players,1.0,False,False,nflverse players + annual rosters; panel GSIS preferred,,,,,,,,,,,,,,,,,,,,,,,False,high_exact_espn_id_to_gsis_id,blank/NA means unknown or not present; never interpret as numeric zero
00-0040663,00-0040663,5083076,71,Harold Fannin Jr.,TE,CLE,espn_id_to_nflverse_gsis,1.0,False,False,ESPN Market Freeze origin/codex/espn-market-freeze-2026-08-31 + nflverse players,espn_2026_candidate_20260831T214508Z_6e169d4c54c0,draft-command:71,exact stable-ID match,False,False,haroldfannin,Harold Fannin Jr.,CLE,panel_gsis_to_nflverse_players,1.0,False,False,nflverse players + annual rosters; panel GSIS preferred,,,,,,,,,,,,,,,,,,,,,,,False,high_exact_espn_id_to_gsis_id,blank/NA means unknown or not present; never interpret as numeric zero
00-0034348,00-0034348,3128429,81,Courtland Sutton,WR,DEN,espn_id_to_nflverse_gsis,1.0,False,False,ESPN Market Freeze origin/codex/espn-market-freeze-2026-08-31 + nflverse players,espn_2026_candidate_20260831T214508Z_6e169d4c54c0,draft-command:81,exact stable-ID match,False,False,courtlandsutton,Courtland Sutton,DEN,panel_gsis_to_nflverse_players,1.0,False,False,nflverse players + annual rosters; panel GSIS preferred,,,,,,,,,,,,,,,,,,,,,,,False,high_exact_espn_id_to_gsis_id,blank/NA means unknown or not present; never interpret as numeric zero
00-0036970,00-0036970,4360248,74,Kyle Pitts Sr.,TE,ATL,espn_id_to_nflverse_gsis,1.0,False,False,ESPN Market Freeze origin/codex/espn-market-freeze-2026-08-31 + nflverse players,espn_2026_candidate_20260831T214508Z_6e169d4c54c0,draft-command:74,exact stable-ID match,False,False,kylepitts,Kyle Pitts Sr.,ATL,panel_gsis_to_nflverse_players,1.0,False,False,nflverse players + annual rosters; panel GSIS preferred,,,,,,,,,,,,,,,,,,,,,,,False,high_exact_espn_id_to_gsis_id,blank/NA means unknown or not present; never interpret as numeric zero
00-0033077,00-0033077,2577417,75,Dak Prescott,QB,DAL,espn_id_to_nflverse_gsis,1.0,False,False,ESPN Market Freeze origin/codex/espn-market-freeze-2026-08-31 + nflverse players,espn_2026_candidate_20260831T214508Z_6e169d4c54c0,draft-command:75,exact stable-ID match,False,False,dakprescott,Dak Prescott,DAL,panel_gsis_to_nflverse_players,1.0,False,False,nflverse players + annual rosters; panel GSIS preferred,,,,,,,,,,,,,,,,,,,,,,,False,high_exact_espn_id_to_gsis_id,blank/NA means unknown or not present; never interpret as numeric zero
00-0037228,00-0037228,4569987,72,Jaylen Warren,RB,PIT,espn_id_to_nflverse_gsis,1.0,False,False,ESPN Market Freeze origin/codex/espn-market-freeze-2026-08-31 + nflverse players,espn_2026_candidate_20260831T214508Z_6e169d4c54c0,draft-command:72,exact stable-ID match,False,False,jaylenwarren,Jaylen Warren,PIT,panel_gsis_to_nflverse_players,1.0,False,False,nflverse players + annual rosters; panel GSIS preferred,,,,,,,,,,,,,,,,,,,,,,,False,high_exact_espn_id_to_gsis_id,blank/NA means unknown or not present; never interpret as numeric zero
00-0038124,00-0038124,4248528,65,Christian Watson,WR,GB,espn_id_to_nflverse_gsis,1.0,False,False,ESPN Market Freeze origin/codex/espn-market-freeze-2026-08-31 + nflverse players,espn_2026_candidate_20260831T214508Z_6e169d4c54c0,draft-command:65,exact stable-ID match,False,False,christianwatson,Christian Watson,GB,panel_gsis_to_nflverse_players,1.0,False,False,nflverse players + annual rosters; panel GSIS preferred,,,,,,,,,,,,,,,,,,,,,,,False,high_exact_espn_id_to_gsis_id,blank/NA means unknown or not present; never interpret as numeric zero
00-0038606,00-0038606,4432620,69,Parker Washington,WR,JAX,espn_id_to_nflverse_gsis,1.0,False,False,ESPN Market Freeze origin/codex/espn-market-freeze-2026-08-31 + nflverse players,espn_2026_candidate_20260831T214508Z_6e169d4c54c0,draft-command:69,exact stable-ID match,False,False,parkerwashington,Parker Washington,JAC,panel_gsis_to_nflverse_players,1.0,False,False,nflverse players + annual rosters; panel GSIS preferred,,,,,,,,,,,,,,,,,,,,,,,False,high_exact_espn_id_to_gsis_id,blank/NA means unknown or not present; never interpret as numeric zero
00-0036919,00-0036919,4371733,98,Kenny Gainwell,RB,TB,espn_id_to_nflverse_gsis,1.0,False,False,ESPN Market Freeze origin/codex/espn-market-freeze-2026-08-31 + nflverse players,espn_2026_candidate_20260831T214508Z_6e169d4c54c0,draft-command:98,exact stable-ID match,False,False,kennethgainwell,Kenneth Gainwell,PIT,panel_gsis_to_nflverse_players,1.0,True,True,nflverse players + annual rosters; panel GSIS preferred,,,,,,,,,,,,,,,,,,,,,,,False,high_exact_espn_id_to_gsis_id,blank/NA means unknown or not present; never interpret as numeric zero
00-0033288,00-0033288,3040151,85,George Kittle,TE,SF,espn_id_to_nflverse_gsis,1.0,False,False,ESPN Market Freeze origin/codex/espn-market-freeze-2026-08-31 + nflverse players,espn_2026_candidate_20260831T214508Z_6e169d4c54c0,draft-command:85,exact stable-ID match,False,False,georgekittle,George Kittle,SF,panel_gsis_to_nflverse_players,1.0,False,False,nflverse players + annual rosters; panel GSIS preferred,ESPN:QUESTIONABLE|NFLVERSE:ACT,QUESTIONABLE,,,False,False,False,,,uncertain_pending_official_week1_report,,,https://lm-api-reads.fantasy.espn.com/apis/v3/games/ffl/seasons/2026/segments/0/leaguedefaults/1?view=kona_player_info,https://github.com/nflverse/nflverse-data/releases/download/players/players.csv|https://github.com/nflverse/nflverse-data/releases/download/rosters/roster_2026.csv,2026-08-31,2026-08-31T23:22:51.244996+00:00,medium_pre_week1_designation,False,True,Current overlay only; no production games adjustment or historical-table insertion is authorized.,89,78.09,True,high_exact_espn_id_to_gsis_id,blank/NA means unknown or not present; never interpret as numeric zero
00-0039811,00-0039811,4429023,151,MarShawn Lloyd,RB,GB,espn_id_to_nflverse_gsis,1.0,False,False,ESPN Market Freeze origin/codex/espn-market-freeze-2026-08-31 + nflverse players,espn_2026_candidate_20260831T214508Z_6e169d4c54c0,draft-command:151,exact stable-ID match,False,False,marshawnlloyd,MarShawn Lloyd,GB,panel_gsis_to_nflverse_players,1.0,False,False,nflverse players + annual rosters; panel GSIS preferred,,,,,,,,,,,,,,,,,,,,,,,False,high_exact_espn_id_to_gsis_id,blank/NA means unknown or not present; never interpret as numeric zero
00-0038117,00-0038117,4569587,103,Wan'Dale Robinson,WR,TEN,espn_id_to_nflverse_gsis,1.0,False,False,ESPN Market Freeze origin/codex/espn-market-freeze-2026-08-31 + nflverse players,espn_2026_candidate_20260831T214508Z_6e169d4c54c0,draft-command:103,exact stable-ID match,False,False,wandalerobinson,Wan'Dale Robinson,NYG,panel_gsis_to_nflverse_players,1.0,False,False,nflverse players + annual rosters; panel GSIS preferred,ESPN:QUESTIONABLE|NFLVERSE:ACT,QUESTIONABLE,,,False,False,False,,,uncertain_pending_official_week1_report,,,https://lm-api-reads.fantasy.espn.com/apis/v3/games/ffl/seasons/2026/segments/0/leaguedefaults/1?view=kona_player_info,https://github.com/nflverse/nflverse-data/releases/download/players/players.csv|https://github.com/nflverse/nflverse-data/releases/download/rosters/roster_2026.csv,2026-08-31,2026-08-31T23:22:51.244996+00:00,medium_pre_week1_designation,False,True,Current overlay only; no production games adjustment or historical-table insertion is authorized.,91,115.52,True,high_exact_espn_id_to_gsis_id,blank/NA means unknown or not present; never interpret as numeric zero
00-0039065,00-0039065,4430027,68,Sam LaPorta,TE,DET,espn_id_to_nflverse_gsis,1.0,False,False,ESPN Market Freeze origin/codex/espn-market-freeze-2026-08-31 + nflverse players,espn_2026_candidate_20260831T214508Z_6e169d4c54c0,draft-command:68,exact stable-ID match,False,False,samlaporta,Sam LaPorta,DET,panel_gsis_to_nflverse_players,1.0,False,False,nflverse players + annual rosters; panel GSIS preferred,ESPN:QUESTIONABLE|NFLVERSE:ACT,QUESTIONABLE,,,False,False,False,,,uncertain_pending_official_week1_report,,,https://lm-api-reads.fantasy.espn.com/apis/v3/games/ffl/seasons/2026/segments/0/leaguedefaults/1?view=kona_player_info,https://github.com/nflverse/nflverse-data/releases/download/players/players.csv|https://github.com/nflverse/nflverse-data/releases/download/rosters/roster_2026.csv,2026-08-31,2026-08-31T23:22:51.244996+00:00,medium_pre_week1_designation,False,True,Current overlay only; no production games adjustment or historical-table insertion is authorized.,92,72.7,True,high_exact_espn_id_to_gsis_id,blank/NA means unknown or not present; never interpret as numeric zero
00-0035700,00-0035700,4047365,34,Josh Jacobs,RB,GB,espn_id_to_nflverse_gsis,1.0,False,False,ESPN Market Freeze origin/codex/espn-market-freeze-2026-08-31 + nflverse players,espn_2026_candidate_20260831T214508Z_6e169d4c54c0,draft-command:34,exact stable-ID match,False,False,joshjacobs,Josh Jacobs,GB,panel_gsis_to_nflverse_players,1.0,False,False,nflverse players + annual rosters; panel GSIS preferred,COMMISSIONER_EXEMPT,Returned to limited individual work after a groin issue; administrative status now controls availability.,groin; administrative absence,,False,False,False,Commissioner's Exempt List pending NFL review; not a final discipline finding.,,unavailable_while_on_exempt_list,unknown_pending_NFL_review,,https://www.packers.com/news/packers-keep-six-receivers-seven-defensive-linemen-here-s-the-initial-2026-roster,https://www.packers.com/news/inbox-he-could-really-be-an-asset-aug-19-2026,2026-08-31,2026-08-31T23:22:51.244996+00:00,high_official_team,False,True,Official Packers roster reporting overrides nflverse ACT and ESPN DAY_TO_DAY for availability. No games adjustment is approved.,93,52.85,True,high_exact_espn_id_to_gsis_id,blank/NA means unknown or not present; never interpret as numeric zero
00-0036139,00-0036139,4038815,82,Rico Dowdle,RB,PIT,espn_id_to_nflverse_gsis,1.0,False,False,ESPN Market Freeze origin/codex/espn-market-freeze-2026-08-31 + nflverse players,espn_2026_candidate_20260831T214508Z_6e169d4c54c0,draft-command:82,exact stable-ID match,False,False,ricodowdle,Rico Dowdle,CAR,panel_gsis_to_nflverse_players,1.0,False,False,nflverse players + annual rosters; panel GSIS preferred,,,,,,,,,,,,,,,,,,,,,,,False,high_exact_espn_id_to_gsis_id,blank/NA means unknown or not present; never interpret as numeric zero
00-0038559,00-0038559,4360761,83,Michael Wilson,WR,ARI,espn_id_to_nflverse_gsis,1.0,False,False,ESPN Market Freeze origin/codex/espn-market-freeze-2026-08-31 + nflverse players,espn_2026_candidate_20260831T214508Z_6e169d4c54c0,draft-command:83,exact stable-ID match,False,False,michaelwilson,Michael Wilson,ARI,panel_gsis_to_nflverse_players,1.0,False,False,nflverse players + annual rosters; panel GSIS preferred,,,,,,,,,,,,,,,,,,,,,,,False,high_exact_espn_id_to_gsis_id,blank/NA means unknown or not present; never interpret as numeric zero
00-0040691,00-0040691,4689114,90,Jaxson Dart,QB,NYG,espn_id_to_nflverse_gsis,1.0,False,False,ESPN Market Freeze origin/codex/espn-market-freeze-2026-08-31 + nflverse players,espn_2026_candidate_20260831T214508Z_6e169d4c54c0,draft-command:90,exact stable-ID match,False,False,jaxsondart,Jaxson Dart,NYG,panel_gsis_to_nflverse_players,1.0,False,False,nflverse players + annual rosters; panel GSIS preferred,,,,,,,,,,,,,,,,,,,,,,,False,high_exact_espn_id_to_gsis_id,blank/NA means unknown or not present; never interpret as numeric zero
00-0036355,00-0036355,4038941,80,Justin Herbert,QB,LAC,espn_id_to_nflverse_gsis,1.0,False,False,ESPN Market Freeze origin/codex/espn-market-freeze-2026-08-31 + nflverse players,espn_2026_candidate_20260831T214508Z_6e169d4c54c0,draft-command:80,exact stable-ID match,False,False,justinherbert,Justin Herbert,LAC,panel_gsis_to_nflverse_players,1.0,False,False,nflverse players + annual rosters; panel GSIS preferred,,,,,,,,,,,,,,,,,,,,,,,False,high_exact_espn_id_to_gsis_id,blank/NA means unknown or not present; never interpret as numeric zero
00-0039344,00-0039344,4678008,88,Jonathon Brooks,RB,CAR,espn_id_to_nflverse_gsis,1.0,False,False,ESPN Market Freeze origin/codex/espn-market-freeze-2026-08-31 + nflverse players,espn_2026_candidate_20260831T214508Z_6e169d4c54c0,draft-command:88,exact stable-ID match,False,False,jonathonbrooks,Jonathon Brooks,CAR,panel_gsis_to_nflverse_players,1.0,False,False,nflverse players + annual rosters; panel GSIS preferred,,,,,,,,,,,,,,,,,,,,,,,False,high_exact_espn_id_to_gsis_id,blank/NA means unknown or not present; never interpret as numeric zero
00-0031588,00-0031588,2976212,92,Stefon Diggs,WR,WAS,espn_id_to_nflverse_gsis,1.0,False,False,ESPN Market Freeze origin/codex/espn-market-freeze-2026-08-31 + nflverse players,espn_2026_candidate_20260831T214508Z_6e169d4c54c0,draft-command:92,exact stable-ID match,False,False,stefondiggs,Stefon Diggs,NE,panel_gsis_to_nflverse_players,1.0,False,False,nflverse players + annual rosters; panel GSIS preferred,,,,,,,,,,,,,,,,,,,,,,,False,high_exact_espn_id_to_gsis_id,blank/NA means unknown or not present; never interpret as numeric zero
00-0039918,00-0039918,4431611,79,Caleb Williams,QB,CHI,espn_id_to_nflverse_gsis,1.0,False,False,ESPN Market Freeze origin/codex/espn-market-freeze-2026-08-31 + nflverse players,espn_2026_candidate_20260831T214508Z_6e169d4c54c0,draft-command:79,exact stable-ID match,False,False,calebwilliams,Caleb Williams,CHI,panel_gsis_to_nflverse_players,1.0,False,False,nflverse players + annual rosters; panel GSIS preferred,,,,,,,,,,,,,,,,,,,,,,,False,high_exact_espn_id_to_gsis_id,blank/NA means unknown or not present; never interpret as numeric zero
00-0036555,00-0036555,4241416,84,Chuba Hubbard,RB,CAR,espn_id_to_nflverse_gsis,1.0,False,False,ESPN Market Freeze origin/codex/espn-market-freeze-2026-08-31 + nflverse players,espn_2026_candidate_20260831T214508Z_6e169d4c54c0,draft-command:84,exact stable-ID match,False,False,chubahubbard,Chuba Hubbard,CAR,panel_gsis_to_nflverse_players,1.0,False,False,nflverse players + annual rosters; panel GSIS preferred,ESPN:QUESTIONABLE|NFLVERSE:ACT,QUESTIONABLE,,,False,False,False,,,uncertain_pending_official_week1_report,,,https://lm-api-reads.fantasy.espn.com/apis/v3/games/ffl/seasons/2026/segments/0/leaguedefaults/1?view=kona_player_info,https://github.com/nflverse/nflverse-data/releases/download/players/players.csv|https://github.com/nflverse/nflverse-data/releases/download/rosters/roster_2026.csv,2026-08-31,2026-08-31T23:22:51.244996+00:00,medium_pre_week1_designation,False,True,Current overlay only; no production games adjustment or historical-table insertion is authorized.,108,109.05,True,high_exact_espn_id_to_gsis_id,blank/NA means unknown or not present; never interpret as numeric zero
00-0040718,00-0040718,4685415,132,Travis Hunter,WR,JAX,espn_id_to_nflverse_gsis,1.0,True,True,ESPN Market Freeze origin/codex/espn-market-freeze-2026-08-31 + nflverse players,espn_2026_candidate_20260831T214508Z_6e169d4c54c0,draft-command:132,exact stable-ID match,False,True,travishunter,Travis Hunter,JAC,panel_gsis_to_nflverse_players,1.0,True,True,nflverse players + annual rosters; panel GSIS preferred,,,,,,,,,,,,,,,,,,,,,,,False,stable_id_match_with_metadata_conflict_manual_review,blank/NA means unknown or not present; never interpret as numeric zero
00-0033293,00-0033293,3042519,114,Aaron Jones Sr.,RB,MIN,espn_id_to_nflverse_gsis,1.0,False,False,ESPN Market Freeze origin/codex/espn-market-freeze-2026-08-31 + nflverse players,espn_2026_candidate_20260831T214508Z_6e169d4c54c0,draft-command:114,exact stable-ID match,False,False,aaronjones,Aaron Jones Sr.,MIN,panel_gsis_to_nflverse_players,1.0,False,False,nflverse players + annual rosters; panel GSIS preferred,,,,,,,,,,,,,,,,,,,,,,,False,high_exact_espn_id_to_gsis_id,blank/NA means unknown or not present; never interpret as numeric zero
00-0037664,00-0037664,4360078,93,Alec Pierce,WR,IND,espn_id_to_nflverse_gsis,1.0,False,False,ESPN Market Freeze origin/codex/espn-market-freeze-2026-08-31 + nflverse players,espn_2026_candidate_20260831T214508Z_6e169d4c54c0,draft-command:93,exact stable-ID match,False,False,alecpierce,Alec Pierce,IND,panel_gsis_to_nflverse_players,1.0,False,False,nflverse players + annual rosters; panel GSIS preferred,ESPN:QUESTIONABLE|NFLVERSE:ACT,QUESTIONABLE,,,False,False,False,,,uncertain_pending_official_week1_report,,,https://lm-api-reads.fantasy.espn.com/apis/v3/games/ffl/seasons/2026/segments/0/leaguedefaults/1?view=kona_player_info,https://github.com/nflverse/nflverse-data/releases/download/players/players.csv|https://github.com/nflverse/nflverse-data/releases/download/rosters/roster_2026.csv,2026-08-31,2026-08-31T23:22:51.244996+00:00,medium_pre_week1_designation,False,True,Current overlay only; no production games adjustment or historical-table insertion is authorized.,111,108.09,True,high_exact_espn_id_to_gsis_id,blank/NA means unknown or not present; never interpret as numeric zero
00-0034960,00-0034960,3916433,109,Jakobi Meyers,WR,JAX,espn_id_to_nflverse_gsis,1.0,False,False,ESPN Market Freeze origin/codex/espn-market-freeze-2026-08-31 + nflverse players,espn_2026_candidate_20260831T214508Z_6e169d4c54c0,draft-command:109,exact stable-ID match,False,False,jakobimeyers,Jakobi Meyers,LV,panel_gsis_to_nflverse_players,1.0,False,False,nflverse players + annual rosters; panel GSIS preferred,ESPN:QUESTIONABLE|NFLVERSE:ACT,QUESTIONABLE,,,False,False,False,,,uncertain_pending_official_week1_report,,,https://lm-api-reads.fantasy.espn.com/apis/v3/games/ffl/seasons/2026/segments/0/leaguedefaults/1?view=kona_player_info,https://github.com/nflverse/nflverse-data/releases/download/players/players.csv|https://github.com/nflverse/nflverse-data/releases/download/rosters/roster_2026.csv,2026-08-31,2026-08-31T23:22:51.244996+00:00,medium_pre_week1_designation,False,True,Current overlay only; no production games adjustment or historical-table insertion is authorized.,112,122.25,True,high_exact_espn_id_to_gsis_id,blank/NA means unknown or not present; never interpret as numeric zero
00-0039893,00-0039893,4432773,78,Brian Thomas Jr.,WR,JAX,espn_id_to_nflverse_gsis,1.0,False,False,ESPN Market Freeze origin/codex/espn-market-freeze-2026-08-31 + nflverse players,espn_2026_candidate_20260831T214508Z_6e169d4c54c0,draft-command:78,exact stable-ID match,False,False,brianthomas,Brian Thomas Jr.,JAC,panel_gsis_to_nflverse_players,1.0,False,False,nflverse players + annual rosters; panel GSIS preferred,ESPN:QUESTIONABLE|NFLVERSE:ACT,QUESTIONABLE,,,False,False,False,,,uncertain_pending_official_week1_report,,,https://lm-api-reads.fantasy.espn.com/apis/v3/games/ffl/seasons/2026/segments/0/leaguedefaults/1?view=kona_player_info,https://github.com/nflverse/nflverse-data/releases/download/players/players.csv|https://github.com/nflverse/nflverse-data/releases/download/rosters/roster_2026.csv,2026-08-31,2026-08-31T23:22:51.244996+00:00,medium_pre_week1_designation,False,True,Current overlay only; no production games adjustment or historical-table insertion is authorized.,114,112.73,True,high_exact_espn_id_to_gsis_id,blank/NA means unknown or not present; never interpret as numeric zero
00-0040667,00-0040667,4701936,108,Matthew Golden,WR,GB,espn_id_to_nflverse_gsis,1.0,False,False,ESPN Market Freeze origin/codex/espn-market-freeze-2026-08-31 + nflverse players,espn_2026_candidate_20260831T214508Z_6e169d4c54c0,draft-command:108,exact stable-ID match,False,False,matthewgolden,Matthew Golden,GB,panel_gsis_to_nflverse_players,1.0,False,False,nflverse players + annual rosters; panel GSIS preferred,,,,,,,,,,,,,,,,,,,,,,,False,high_exact_espn_id_to_gsis_id,blank/NA means unknown or not present; never interpret as numeric zero
00-0033921,00-0033921,3116165,89,Chris Godwin Jr.,WR,TB,espn_id_to_nflverse_gsis,1.0,False,False,ESPN Market Freeze origin/codex/espn-market-freeze-2026-08-31 + nflverse players,espn_2026_candidate_20260831T214508Z_6e169d4c54c0,draft-command:89,exact stable-ID match,False,False,chrisgodwin,Chris Godwin Jr.,TB,panel_gsis_to_nflverse_players,1.0,False,False,nflverse players + annual rosters; panel GSIS preferred,,,,,,,,,,,,,,,,,,,,,,,False,high_exact_espn_id_to_gsis_id,blank/NA means unknown or not present; never interpret as numeric zero
00-0038994,00-0038994,4429205,95,Jordan Addison,WR,MIN,espn_id_to_nflverse_gsis,1.0,False,False,ESPN Market Freeze origin/codex/espn-market-freeze-2026-08-31 + nflverse players,espn_2026_candidate_20260831T214508Z_6e169d4c54c0,draft-command:95,exact stable-ID match,False,False,jordanaddison,Jordan Addison,MIN,panel_gsis_to_nflverse_players,1.0,False,False,nflverse players + annual rosters; panel GSIS preferred,,,,,,,,,,,,,,,,,,,,,,,False,high_exact_espn_id_to_gsis_id,blank/NA means unknown or not present; never interpret as numeric zero
00-0036971,00-0036971,4360310,87,Trevor Lawrence,QB,JAX,espn_id_to_nflverse_gsis,1.0,False,False,ESPN Market Freeze origin/codex/espn-market-freeze-2026-08-31 + nflverse players,espn_2026_candidate_20260831T214508Z_6e169d4c54c0,draft-command:87,exact stable-ID match,False,False,trevorlawrence,Trevor Lawrence,JAC,panel_gsis_to_nflverse_players,1.0,False,False,nflverse players + annual rosters; panel GSIS preferred,,,,,,,,,,,,,,,,,,,,,,,False,high_exact_espn_id_to_gsis_id,blank/NA means unknown or not present; never interpret as numeric zero
00-0037256,00-0037256,4697815,111,Rachaad White,RB,WAS,espn_id_to_nflverse_gsis,1.0,False,False,ESPN Market Freeze origin/codex/espn-market-freeze-2026-08-31 + nflverse players,espn_2026_candidate_20260831T214508Z_6e169d4c54c0,draft-command:111,exact stable-ID match,False,False,rachaadwhite,Rachaad White,TB,panel_gsis_to_nflverse_players,1.0,False,False,nflverse players + annual rosters; panel GSIS preferred,ESPN:QUESTIONABLE|NFLVERSE:ACT,QUESTIONABLE,,,False,False,False,,,uncertain_pending_official_week1_report,,,https://lm-api-reads.fantasy.espn.com/apis/v3/games/ffl/seasons/2026/segments/0/leaguedefaults/1?view=kona_player_info,https://github.com/nflverse/nflverse-data/releases/download/players/players.csv|https://github.com/nflverse/nflverse-data/releases/download/rosters/roster_2026.csv,2026-08-31,2026-08-31T23:22:51.244996+00:00,medium_pre_week1_designation,False,True,Current overlay only; no production games adjustment or historical-table insertion is authorized.,121,126.06,True,high_exact_espn_id_to_gsis_id,blank/NA means unknown or not present; never interpret as numeric zero
00-0036158,00-0036158,4241985,91,J.K. Dobbins,RB,DEN,espn_id_to_nflverse_gsis,1.0,False,False,ESPN Market Freeze origin/codex/espn-market-freeze-2026-08-31 + nflverse players,espn_2026_candidate_20260831T214508Z_6e169d4c54c0,draft-command:91,exact stable-ID match,False,False,jkdobbins,J.K. Dobbins,DEN,panel_gsis_to_nflverse_players,1.0,False,False,nflverse players + annual rosters; panel GSIS preferred,,,,,,,,,,,,,,,,,,,,,,,False,high_exact_espn_id_to_gsis_id,blank/NA means unknown or not present; never interpret as numeric zero
00-0037834,00-0037834,4361741,104,Brock Purdy,QB,SF,espn_id_to_nflverse_gsis,1.0,False,False,ESPN Market Freeze origin/codex/espn-market-freeze-2026-08-31 + nflverse players,espn_2026_candidate_20260831T214508Z_6e169d4c54c0,draft-command:104,exact stable-ID match,False,False,brockpurdy,Brock Purdy,SF,panel_gsis_to_nflverse_players,1.0,False,False,nflverse players + annual rosters; panel GSIS preferred,,,,,,,,,,,,,,,,,,,,,,,False,high_exact_espn_id_to_gsis_id,blank/NA means unknown or not present; never interpret as numeric zero
00-0040236,00-0040236,4608686,99,Kyle Monangai,RB,CHI,espn_id_to_nflverse_gsis,1.0,False,False,ESPN Market Freeze origin/codex/espn-market-freeze-2026-08-31 + nflverse players,espn_2026_candidate_20260831T214508Z_6e169d4c54c0,draft-command:99,exact stable-ID match,False,False,kylemonangai,Kyle Monangai,CHI,panel_gsis_to_nflverse_players,1.0,False,False,nflverse players + annual rosters; panel GSIS preferred,ESPN:QUESTIONABLE|NFLVERSE:ACT,QUESTIONABLE,,,False,False,False,,,uncertain_pending_official_week1_report,,,https://lm-api-reads.fantasy.espn.com/apis/v3/games/ffl/seasons/2026/segments/0/leaguedefaults/1?view=kona_player_info,https://github.com/nflverse/nflverse-data/releases/download/players/players.csv|https://github.com/nflverse/nflverse-data/releases/download/rosters/roster_2026.csv,2026-08-31,2026-08-31T23:22:51.244996+00:00,medium_pre_week1_designation,False,True,Current overlay only; no production games adjustment or historical-table insertion is authorized.,125,124.3,True,high_exact_espn_id_to_gsis_id,blank/NA means unknown or not present; never interpret as numeric zero
00-0038996,00-0038996,4572680,76,Tucker Kraft,TE,GB,espn_id_to_nflverse_gsis,1.0,False,False,ESPN Market Freeze origin/codex/espn-market-freeze-2026-08-31 + nflverse players,espn_2026_candidate_20260831T214508Z_6e169d4c54c0,draft-command:76,exact stable-ID match,False,False,tuckerkraft,Tucker Kraft,GB,panel_gsis_to_nflverse_players,1.0,False,False,nflverse players + annual rosters; panel GSIS preferred,ESPN:QUESTIONABLE|NFLVERSE:ACT,QUESTIONABLE,,,False,False,False,,,uncertain_pending_official_week1_report,,,https://lm-api-reads.fantasy.espn.com/apis/v3/games/ffl/seasons/2026/segments/0/leaguedefaults/1?view=kona_player_info,https://github.com/nflverse/nflverse-data/releases/download/players/players.csv|https://github.com/nflverse/nflverse-data/releases/download/rosters/roster_2026.csv,2026-08-31,2026-08-31T23:22:51.244996+00:00,medium_pre_week1_designation,False,True,Current overlay only; no production games adjustment or historical-table insertion is authorized.,126,90.86,True,high_exact_espn_id_to_gsis_id,blank/NA means unknown or not present; never interpret as numeric zero
00-0038997,00-0038997,4688813,96,Josh Downs,WR,IND,espn_id_to_nflverse_gsis,1.0,False,False,ESPN Market Freeze origin/codex/espn-market-freeze-2026-08-31 + nflverse players,espn_2026_candidate_20260831T214508Z_6e169d4c54c0,draft-command:96,exact stable-ID match,False,False,joshdowns,Josh Downs,IND,panel_gsis_to_nflverse_players,1.0,False,False,nflverse players + annual rosters; panel GSIS preferred,ESPN:QUESTIONABLE|NFLVERSE:ACT,QUESTIONABLE,,,False,False,False,,,uncertain_pending_official_week1_report,,,https://lm-api-reads.fantasy.espn.com/apis/v3/games/ffl/seasons/2026/segments/0/leaguedefaults/1?view=kona_player_info,https://github.com/nflverse/nflverse-data/releases/download/players/players.csv|https://github.com/nflverse/nflverse-data/releases/download/rosters/roster_2026.csv,2026-08-31,2026-08-31T23:22:51.244996+00:00,medium_pre_week1_designation,False,True,Current overlay only; no production games adjustment or historical-table insertion is authorized.,127,137.23,True,high_exact_espn_id_to_gsis_id,blank/NA means unknown or not present; never interpret as numeric zero
00-0037261,00-0037261,4373678,129,Khalil Shakir,WR,BUF,espn_id_to_nflverse_gsis,1.0,False,False,ESPN Market Freeze origin/codex/espn-market-freeze-2026-08-31 + nflverse players,espn_2026_candidate_20260831T214508Z_6e169d4c54c0,draft-command:129,exact stable-ID match,False,False,khalilshakir,Khalil Shakir,BUF,panel_gsis_to_nflverse_players,1.0,False,False,nflverse players + annual rosters; panel GSIS preferred,ESPN:QUESTIONABLE|NFLVERSE:ACT,QUESTIONABLE,,,False,False,False,,,uncertain_pending_official_week1_report,,,https://lm-api-reads.fantasy.espn.com/apis/v3/games/ffl/seasons/2026/segments/0/leaguedefaults/1?view=kona_player_info,https://github.com/nflverse/nflverse-data/releases/download/players/players.csv|https://github.com/nflverse/nflverse-data/releases/download/rosters/roster_2026.csv,2026-08-31,2026-08-31T23:22:51.244996+00:00,medium_pre_week1_designation,False,True,Current overlay only; no production games adjustment or historical-table insertion is authorized.,130,139.72,True,high_exact_espn_id_to_gsis_id,blank/NA means unknown or not present; never interpret as numeric zero
00-0030506,00-0030506,15847,105,Travis Kelce,TE,KC,espn_id_to_nflverse_gsis,1.0,False,False,ESPN Market Freeze origin/codex/espn-market-freeze-2026-08-31 + nflverse players,espn_2026_candidate_20260831T214508Z_6e169d4c54c0,draft-command:105,exact stable-ID match,False,False,traviskelce,Travis Kelce,KC,panel_gsis_to_nflverse_players,1.0,False,False,nflverse players + annual rosters; panel GSIS preferred,,,,,,,,,,,,,,,,,,,,,,,False,high_exact_espn_id_to_gsis_id,blank/NA means unknown or not present; never interpret as numeric zero
00-0033873,00-0033873,3139477,112,Patrick Mahomes,QB,KC,espn_id_to_nflverse_gsis,1.0,False,False,ESPN Market Freeze origin/codex/espn-market-freeze-2026-08-31 + nflverse players,espn_2026_candidate_20260831T214508Z_6e169d4c54c0,draft-command:112,exact stable-ID match,False,False,patrickmahomes,Patrick Mahomes II,KC,panel_gsis_to_nflverse_players,1.0,False,False,nflverse players + annual rosters; panel GSIS preferred,ESPN:QUESTIONABLE|NFLVERSE:ACT,QUESTIONABLE,,,False,False,False,,,uncertain_pending_official_week1_report,,,https://lm-api-reads.fantasy.espn.com/apis/v3/games/ffl/seasons/2026/segments/0/leaguedefaults/1?view=kona_player_info,https://github.com/nflverse/nflverse-data/releases/download/players/players.csv|https://github.com/nflverse/nflverse-data/releases/download/rosters/roster_2026.csv,2026-08-31,2026-08-31T23:22:51.244996+00:00,medium_pre_week1_designation,False,True,Current overlay only; no production games adjustment or historical-table insertion is authorized.,132,107.71,True,high_exact_espn_id_to_gsis_id,blank/NA means unknown or not present; never interpret as numeric zero
00-0040730,00-0040730,4568490,94,RJ Harvey,RB,DEN,espn_id_to_nflverse_gsis,1.0,False,False,ESPN Market Freeze origin/codex/espn-market-freeze-2026-08-31 + nflverse players,espn_2026_candidate_20260831T214508Z_6e169d4c54c0,draft-command:94,exact stable-ID match,False,False,rjharvey,RJ Harvey,DEN,panel_gsis_to_nflverse_players,1.0,False,False,nflverse players + annual rosters; panel GSIS preferred,,,,,,,,,,,,,,,,,,,,,,,False,high_exact_espn_id_to_gsis_id,blank/NA means unknown or not present; never interpret as numeric zero
00-0034351,00-0034351,3121023,117,Dallas Goedert,TE,PHI,espn_id_to_nflverse_gsis,1.0,False,False,ESPN Market Freeze origin/codex/espn-market-freeze-2026-08-31 + nflverse players,espn_2026_candidate_20260831T214508Z_6e169d4c54c0,draft-command:117,exact stable-ID match,False,False,dallasgoedert,Dallas Goedert,PHI,panel_gsis_to_nflverse_players,1.0,False,False,nflverse players + annual rosters; panel GSIS preferred,,,,,,,,,,,,,,,,,,,,,,,False,high_exact_espn_id_to_gsis_id,blank/NA means unknown or not present; never interpret as numeric zero
00-0040867,00-0040867,4870795,100,Makai Lemon,WR,PHI,espn_id_to_nflverse_gsis,1.0,False,False,ESPN Market Freeze origin/codex/espn-market-freeze-2026-08-31 + nflverse players,espn_2026_candidate_20260831T214508Z_6e169d4c54c0,draft-command:100,exact stable-ID match,False,False,,,,,,,,,,,,,,,,,,,,,,,,,,,,,,,False,high_exact_espn_id_to_gsis_id,blank/NA means unknown or not present; never interpret as numeric zero
00-0039738,00-0039738,4429096,97,Blake Corum,RB,LAR,espn_id_to_nflverse_gsis,1.0,False,False,ESPN Market Freeze origin/codex/espn-market-freeze-2026-08-31 + nflverse players,espn_2026_candidate_20260831T214508Z_6e169d4c54c0,draft-command:97,exact stable-ID match,False,False,blakecorum,Blake Corum,LAR,panel_gsis_to_nflverse_players,1.0,False,False,nflverse players + annual rosters; panel GSIS preferred,,,,,,,,,,,,,,,,,,,,,,,False,high_exact_espn_id_to_gsis_id,blank/NA means unknown or not present; never interpret as numeric zero
00-0039732,00-0039732,4426338,113,Bo Nix,QB,DEN,espn_id_to_nflverse_gsis,1.0,False,False,ESPN Market Freeze origin/codex/espn-market-freeze-2026-08-31 + nflverse players,espn_2026_candidate_20260831T214508Z_6e169d4c54c0,draft-command:113,exact stable-ID match,False,False,bonix,Bo Nix,DEN,panel_gsis_to_nflverse_players,1.0,False,False,nflverse players + annual rosters; panel GSIS preferred,,,,,,,,,,,,,,,,,,,,,,,False,high_exact_espn_id_to_gsis_id,blank/NA means unknown or not present; never interpret as numeric zero
00-0038041,00-0038041,4242355,119,Jake Ferguson,TE,DAL,espn_id_to_nflverse_gsis,1.0,False,False,ESPN Market Freeze origin/codex/espn-market-freeze-2026-08-31 + nflverse players,espn_2026_candidate_20260831T214508Z_6e169d4c54c0,draft-command:119,exact stable-ID match,False,False,jakeferguson,Jake Ferguson,DAL,panel_gsis_to_nflverse_players,1.0,False,False,nflverse players + annual rosters; panel GSIS preferred,,,,,,,,,,,,,,,,,,,,,,,False,high_exact_espn_id_to_gsis_id,blank/NA means unknown or not present; never interpret as numeric zero
00-0026498,00-0026498,12483,106,Matthew Stafford,QB,LAR,espn_id_to_nflverse_gsis,1.0,False,False,ESPN Market Freeze origin/codex/espn-market-freeze-2026-08-31 + nflverse players,espn_2026_candidate_20260831T214508Z_6e169d4c54c0,draft-command:106,exact stable-ID match,False,False,matthewstafford,Matthew Stafford,LAR,panel_gsis_to_nflverse_players,1.0,False,False,nflverse players + annual rosters; panel GSIS preferred,,,,,,,,,,,,,,,,,,,,,,,False,high_exact_espn_id_to_gsis_id,blank/NA means unknown or not present; never interpret as numeric zero
00-0035228,00-0035228,3917315,123,Kyler Murray,QB,MIN,espn_id_to_nflverse_gsis,1.0,False,False,ESPN Market Freeze origin/codex/espn-market-freeze-2026-08-31 + nflverse players,espn_2026_candidate_20260831T214508Z_6e169d4c54c0,draft-command:123,exact stable-ID match,False,False,kylermurray,Kyler Murray,ARI,panel_gsis_to_nflverse_players,1.0,False,False,nflverse players + annual rosters; panel GSIS preferred,,,,,,,,,,,,,,,,,,,,,,,False,high_exact_espn_id_to_gsis_id,blank/NA means unknown or not present; never interpret as numeric zero
00-0040242,00-0040242,4575131,102,Jacory Croskey-Merritt,RB,WAS,espn_id_to_nflverse_gsis,1.0,False,False,ESPN Market Freeze origin/codex/espn-market-freeze-2026-08-31 + nflverse players,espn_2026_candidate_20260831T214508Z_6e169d4c54c0,draft-command:102,exact stable-ID match,False,False,jacorycroskeymerritt,Jacory Croskey-Merritt,WAS,panel_gsis_to_nflverse_players,1.0,False,False,nflverse players + annual rosters; panel GSIS preferred,ESPN:QUESTIONABLE|NFLVERSE:ACT,QUESTIONABLE,,,False,False,False,,,uncertain_pending_official_week1_report,,,https://lm-api-reads.fantasy.espn.com/apis/v3/games/ffl/seasons/2026/segments/0/leaguedefaults/1?view=kona_player_info,https://github.com/nflverse/nflverse-data/releases/download/players/players.csv|https://github.com/nflverse/nflverse-data/releases/download/rosters/roster_2026.csv,2026-08-31,2026-08-31T23:22:51.244996+00:00,medium_pre_week1_designation,False,True,Current overlay only; no production games adjustment or historical-table insertion is authorized.,145,135.86,True,high_exact_espn_id_to_gsis_id,blank/NA means unknown or not present; never interpret as numeric zero
00-0037838,00-0037838,4361050,115,Isaiah Likely,TE,NYG,espn_id_to_nflverse_gsis,1.0,False,False,ESPN Market Freeze origin/codex/espn-market-freeze-2026-08-31 + nflverse players,espn_2026_candidate_20260831T214508Z_6e169d4c54c0,draft-command:115,exact stable-ID match,False,False,isaiahlikely,Isaiah Likely,BAL,panel_gsis_to_nflverse_players,1.0,False,False,nflverse players + annual rosters; panel GSIS preferred,,,,,,,,,,,,,,,,,,,,,,,False,high_exact_espn_id_to_gsis_id,blank/NA means unknown or not present; never interpret as numeric zero
00-0038544,00-0038544,4429025,101,Quentin Johnston,WR,LAC,espn_id_to_nflverse_gsis,1.0,False,False,ESPN Market Freeze origin/codex/espn-market-freeze-2026-08-31 + nflverse players,espn_2026_candidate_20260831T214508Z_6e169d4c54c0,draft-command:101,exact stable-ID match,False,False,quentinjohnston,Quentin Johnston,LAC,panel_gsis_to_nflverse_players,1.0,False,False,nflverse players + annual rosters; panel GSIS preferred,,,,,,,,,,,,,,,,,,,,,,,False,high_exact_espn_id_to_gsis_id,blank/NA means unknown or not present; never interpret as numeric zero
00-0039146,00-0039146,4362249,110,Jayden Reed,WR,GB,espn_id_to_nflverse_gsis,1.0,False,False,ESPN Market Freeze origin/codex/espn-market-freeze-2026-08-31 + nflverse players,espn_2026_candidate_20260831T214508Z_6e169d4c54c0,draft-command:110,exact stable-ID match,False,False,jaydenreed,Jayden Reed,GB,panel_gsis_to_nflverse_players,1.0,False,False,nflverse players + annual rosters; panel GSIS preferred,,,,,,,,,,,,,,,,,,,,,,,False,high_exact_espn_id_to_gsis_id,blank/NA means unknown or not present; never interpret as numeric zero
00-0039894,00-0039894,4683062,126,Xavier Worthy,WR,KC,espn_id_to_nflverse_gsis,1.0,False,False,ESPN Market Freeze origin/codex/espn-market-freeze-2026-08-31 + nflverse players,espn_2026_candidate_20260831T214508Z_6e169d4c54c0,draft-command:126,exact stable-ID match,False,False,xavierworthy,Xavier Worthy,KC,panel_gsis_to_nflverse_players,1.0,False,False,nflverse players + annual rosters; panel GSIS preferred,,,,,,,,,,,,,,,,,,,,,,,False,high_exact_espn_id_to_gsis_id,blank/NA means unknown or not present; never interpret as numeric zero
00-0041035,00-0041035,4710714,118,De'Zhaun Stribling,WR,SF,espn_id_to_nflverse_gsis,1.0,False,False,ESPN Market Freeze origin/codex/espn-market-freeze-2026-08-31 + nflverse players,espn_2026_candidate_20260831T214508Z_6e169d4c54c0,draft-command:118,exact stable-ID match,False,False,,,,,,,,,ESPN:QUESTIONABLE|NFLVERSE:ACT,QUESTIONABLE,,,False,False,False,,,uncertain_pending_official_week1_report,,,https://lm-api-reads.fantasy.espn.com/apis/v3/games/ffl/seasons/2026/segments/0/leaguedefaults/1?view=kona_player_info,https://github.com/nflverse/nflverse-data/releases/download/players/players.csv|https://github.com/nflverse/nflverse-data/releases/download/rosters/roster_2026.csv,2026-08-31,2026-08-31T23:22:51.244996+00:00,medium_pre_week1_designation,False,True,Current overlay only; no production games adjustment or historical-table insertion is authorized.,152,141.89,True,high_exact_espn_id_to_gsis_id,blank/NA means unknown or not present; never interpret as numeric zero
00-0034753,00-0034753,3116365,125,Mark Andrews,TE,BAL,espn_id_to_nflverse_gsis,1.0,False,False,ESPN Market Freeze origin/codex/espn-market-freeze-2026-08-31 + nflverse players,espn_2026_candidate_20260831T214508Z_6e169d4c54c0,draft-command:125,exact stable-ID match,False,False,markandrews,Mark Andrews,BAL,panel_gsis_to_nflverse_players,1.0,False,False,nflverse players + annual rosters; panel GSIS preferred,,,,,,,,,,,,,,,,,,,,,,,False,high_exact_espn_id_to_gsis_id,blank/NA means unknown or not present; never interpret as numeric zero
00-0037816,00-0037816,4361432,122,Romeo Doubs,WR,NE,espn_id_to_nflverse_gsis,1.0,False,False,ESPN Market Freeze origin/codex/espn-market-freeze-2026-08-31 + nflverse players,espn_2026_candidate_20260831T214508Z_6e169d4c54c0,draft-command:122,exact stable-ID match,False,False,romeodoubs,Romeo Doubs,GB,panel_gsis_to_nflverse_players,1.0,False,False,nflverse players + annual rosters; panel GSIS preferred,,,,,,,,,,,,,,,,,,,,,,,False,high_exact_espn_id_to_gsis_id,blank/NA means unknown or not present; never interpret as numeric zero
00-0039491,00-0039491,4695883,121,Jalen Coker,WR,CAR,espn_id_to_nflverse_gsis,1.0,False,False,ESPN Market Freeze origin/codex/espn-market-freeze-2026-08-31 + nflverse players,espn_2026_candidate_20260831T214508Z_6e169d4c54c0,draft-command:121,exact stable-ID match,False,False,jalencoker,Jalen Coker,CAR,panel_gsis_to_nflverse_players,1.0,False,False,nflverse players + annual rosters; panel GSIS preferred,,,,,,,,,,,,,,,,,,,,,,,False,high_exact_espn_id_to_gsis_id,blank/NA means unknown or not present; never interpret as numeric zero
00-0038933,00-0038933,4385690,107,Dalton Kincaid,TE,BUF,espn_id_to_nflverse_gsis,1.0,False,False,ESPN Market Freeze origin/codex/espn-market-freeze-2026-08-31 + nflverse players,espn_2026_candidate_20260831T214508Z_6e169d4c54c0,draft-command:107,exact stable-ID match,False,False,daltonkincaid,Dalton Kincaid,BUF,panel_gsis_to_nflverse_players,1.0,False,False,nflverse players + annual rosters; panel GSIS preferred,,,,,,,,,,,,,,,,,,,,,,,False,high_exact_espn_id_to_gsis_id,blank/NA means unknown or not present; never interpret as numeric zero
00-0040743,00-0040743,4360689,138,Tyler Shough,QB,NO,espn_id_to_nflverse_gsis,1.0,False,False,ESPN Market Freeze origin/codex/espn-market-freeze-2026-08-31 + nflverse players,espn_2026_candidate_20260831T214508Z_6e169d4c54c0,draft-command:138,exact stable-ID match,False,False,tylershough,Tyler Shough,NO,panel_gsis_to_nflverse_players,1.0,False,False,nflverse players + annual rosters; panel GSIS preferred,,,,,,,,,,,,,,,,,,,,,,,False,high_exact_espn_id_to_gsis_id,blank/NA means unknown or not present; never interpret as numeric zero
00-0033106,00-0033106,3046779,124,Jared Goff,QB,DET,espn_id_to_nflverse_gsis,1.0,False,False,ESPN Market Freeze origin/codex/espn-market-freeze-2026-08-31 + nflverse players,espn_2026_candidate_20260831T214508Z_6e169d4c54c0,draft-command:124,exact stable-ID match,False,False,jaredgoff,Jared Goff,DET,panel_gsis_to_nflverse_players,1.0,False,False,nflverse players + annual rosters; panel GSIS preferred,,,,,,,,,,,,,,,,,,,,,,,False,high_exact_espn_id_to_gsis_id,blank/NA means unknown or not present; never interpret as numeric zero
00-0039032,00-0039032,4428557,130,Tyjae Spears,RB,TEN,espn_id_to_nflverse_gsis,1.0,False,False,ESPN Market Freeze origin/codex/espn-market-freeze-2026-08-31 + nflverse players,espn_2026_candidate_20260831T214508Z_6e169d4c54c0,draft-command:130,exact stable-ID match,False,False,tyjaespears,Tyjae Spears,TEN,panel_gsis_to_nflverse_players,1.0,False,False,nflverse players + annual rosters; panel GSIS preferred,,,,,,,,,,,,,,,,,,,,,,,False,high_exact_espn_id_to_gsis_id,blank/NA means unknown or not present; never interpret as numeric zero
00-0037525,00-0037525,4360569,116,Jordan Mason,RB,MIN,espn_id_to_nflverse_gsis,1.0,False,False,ESPN Market Freeze origin/codex/espn-market-freeze-2026-08-31 + nflverse players,espn_2026_candidate_20260831T214508Z_6e169d4c54c0,draft-command:116,exact stable-ID match,False,False,jordanmason,Jordan Mason,MIN,panel_gsis_to_nflverse_players,1.0,False,False,nflverse players + annual rosters; panel GSIS preferred,,,,,,,,,,,,,,,,,,,,,,,False,high_exact_espn_id_to_gsis_id,blank/NA means unknown or not present; never interpret as numeric zero
00-0035719,00-0035719,3126486,133,Deebo Samuel Sr.,WR,SF,espn_id_to_nflverse_gsis,1.0,False,False,ESPN Market Freeze origin/codex/espn-market-freeze-2026-08-31 + nflverse players,espn_2026_candidate_20260831T214508Z_6e169d4c54c0,draft-command:133,exact stable-ID match,False,False,deebosamuel,Deebo Samuel Sr.,WAS,panel_gsis_to_nflverse_players,1.0,False,False,nflverse players + annual rosters; panel GSIS preferred,,,,,,,,,,,,,,,,,,,,,,,False,high_exact_espn_id_to_gsis_id,blank/NA means unknown or not present; never interpret as numeric zero
00-0041547,00-0041547,4870653,120,KC Concepcion,WR,CLE,espn_id_to_nflverse_gsis,1.0,False,False,ESPN Market Freeze origin/codex/espn-market-freeze-2026-08-31 + nflverse players,espn_2026_candidate_20260831T214508Z_6e169d4c54c0,draft-command:120,exact stable-ID match,False,False,,,,,,,,,,,,,,,,,,,,,,,,,,,,,,,False,high_exact_espn_id_to_gsis_id,blank/NA means unknown or not present; never interpret as numeric zero
00-0039165,00-0039165,4426385,135,Zach Charbonnet,RB,SEA,espn_id_to_nflverse_gsis,1.0,False,False,ESPN Market Freeze origin/codex/espn-market-freeze-2026-08-31 + nflverse players,espn_2026_candidate_20260831T214508Z_6e169d4c54c0,draft-command:135,exact stable-ID match,False,False,zachcharbonnet,Zach Charbonnet,SEA,panel_gsis_to_nflverse_players,1.0,False,False,nflverse players + annual rosters; panel GSIS preferred,ESPN:OUT|NFLVERSE:A02,OUT,knee; back,ACL recovery,False,False,False,,,unavailable,,,https://lm-api-reads.fantasy.espn.com/apis/v3/games/ffl/seasons/2026/segments/0/leaguedefaults/1?view=kona_player_info,https://github.com/nflverse/nflverse-data/releases/download/players/players.csv|https://github.com/nflverse/nflverse-data/releases/download/rosters/roster_2026.csv,2026-08-31,2026-08-31T23:22:51.244996+00:00,high_direct_status,False,True,Current overlay only; no production games adjustment or historical-table insertion is authorized.,165,153.16,True,high_exact_espn_id_to_gsis_id,blank/NA means unknown or not present; never interpret as numeric zero
00-0040583,00-0040583,4429059,134,Woody Marks,RB,HOU,espn_id_to_nflverse_gsis,1.0,False,False,ESPN Market Freeze origin/codex/espn-market-freeze-2026-08-31 + nflverse players,espn_2026_candidate_20260831T214508Z_6e169d4c54c0,draft-command:134,exact stable-ID match,False,False,woodymarks,Woody Marks,HOU,panel_gsis_to_nflverse_players,1.0,False,False,nflverse players + annual rosters; panel GSIS preferred,,,,,,,,,,,,,,,,,,,,,,,False,high_exact_espn_id_to_gsis_id,blank/NA means unknown or not present; never interpret as numeric zero
00-0039855,00-0039855,4430834,149,Jalen McMillan,WR,TB,espn_id_to_nflverse_gsis,1.0,False,False,ESPN Market Freeze origin/codex/espn-market-freeze-2026-08-31 + nflverse players,espn_2026_candidate_20260831T214508Z_6e169d4c54c0,draft-command:149,exact stable-ID match,False,False,jalenmcmillan,Jalen McMillan,TB,panel_gsis_to_nflverse_players,1.0,False,False,nflverse players + annual rosters; panel GSIS preferred,ESPN:QUESTIONABLE|NFLVERSE:ACT,QUESTIONABLE,,,False,False,False,,,uncertain_pending_official_week1_report,,,https://lm-api-reads.fantasy.espn.com/apis/v3/games/ffl/seasons/2026/segments/0/leaguedefaults/1?view=kona_player_info,https://github.com/nflverse/nflverse-data/releases/download/players/players.csv|https://github.com/nflverse/nflverse-data/releases/download/rosters/roster_2026.csv,2026-08-31,2026-08-31T23:22:51.244996+00:00,medium_pre_week1_designation,False,True,Current overlay only; no production games adjustment or historical-table insertion is authorized.,171,165.09,True,high_exact_espn_id_to_gsis_id,blank/NA means unknown or not present; never interpret as numeric zero
00-0041496,00-0041496,4702555,147,Jonah Coleman,RB,DEN,espn_id_to_nflverse_gsis,1.0,False,False,ESPN Market Freeze origin/codex/espn-market-freeze-2026-08-31 + nflverse players,espn_2026_candidate_20260831T214508Z_6e169d4c54c0,draft-command:147,exact stable-ID match,False,False,,,,,,,,,,,,,,,,,,,,,,,,,,,,,,,False,high_exact_espn_id_to_gsis_id,blank/NA means unknown or not present; never interpret as numeric zero
00-0034855,00-0034855,3052587,131,Baker Mayfield,QB,TB,espn_id_to_nflverse_gsis,1.0,False,False,ESPN Market Freeze origin/codex/espn-market-freeze-2026-08-31 + nflverse players,espn_2026_candidate_20260831T214508Z_6e169d4c54c0,draft-command:131,exact stable-ID match,False,False,bakermayfield,Baker Mayfield,TB,panel_gsis_to_nflverse_players,1.0,False,False,nflverse players + annual rosters; panel GSIS preferred,,,,,,,,,,,,,,,,,,,,,,,False,high_exact_espn_id_to_gsis_id,blank/NA means unknown or not present; never interpret as numeric zero
00-0038977,00-0038977,4366031,189,Tank Dell,WR,HOU,espn_id_to_nflverse_gsis,1.0,False,False,ESPN Market Freeze origin/codex/espn-market-freeze-2026-08-31 + nflverse players,espn_2026_candidate_20260831T214508Z_6e169d4c54c0,draft-command:189,exact stable-ID match,False,False,tankdell,Tank Dell,HOU,panel_gsis_to_nflverse_players,1.0,False,False,nflverse players + annual rosters; panel GSIS preferred,ESPN:INJURY_RESERVE|NFLVERSE:ACT,INJURY_RESERVE,knee; back,return timeline discussed,False,False,True,,,unavailable,5_or_later_if_designated_to_return; otherwise unknown,,https://lm-api-reads.fantasy.espn.com/apis/v3/games/ffl/seasons/2026/segments/0/leaguedefaults/1?view=kona_player_info,https://github.com/nflverse/nflverse-data/releases/download/players/players.csv|https://github.com/nflverse/nflverse-data/releases/download/rosters/roster_2026.csv,2026-08-31,2026-08-31T23:22:51.244996+00:00,high_direct_status,False,True,Current overlay only; no production games adjustment or historical-table insertion is authorized.,176,162.61,True,high_exact_espn_id_to_gsis_id,blank/NA means unknown or not present; never interpret as numeric zero
00-0035710,00-0035710,3917792,155,Daniel Jones,QB,IND,espn_id_to_nflverse_gsis,1.0,False,False,ESPN Market Freeze origin/codex/espn-market-freeze-2026-08-31 + nflverse players,espn_2026_candidate_20260831T214508Z_6e169d4c54c0,draft-command:155,exact stable-ID match,False,False,danieljones,Daniel Jones,IND,panel_gsis_to_nflverse_players,1.0,False,False,nflverse players + annual rosters; panel GSIS preferred,,,,,,,,,,,,,,,,,,,,,,,False,high_exact_espn_id_to_gsis_id,blank/NA means unknown or not present; never interpret as numeric zero
00-0038611,00-0038611,4362619,128,Chris Rodriguez Jr.,RB,JAX,espn_id_to_nflverse_gsis,1.0,False,False,ESPN Market Freeze origin/codex/espn-market-freeze-2026-08-31 + nflverse players,espn_2026_candidate_20260831T214508Z_6e169d4c54c0,draft-command:128,exact stable-ID match,False,False,chrisrodriguez,Chris Rodriguez Jr.,WAS,panel_gsis_to_nflverse_players,1.0,False,False,nflverse players + annual rosters; panel GSIS preferred,,,,,,,,,,,,,,,,,,,,,,,False,high_exact_espn_id_to_gsis_id,blank/NA means unknown or not present; never interpret as numeric zero
00-0037197,00-0037197,4361529,156,Isiah Pacheco,RB,DET,espn_id_to_nflverse_gsis,1.0,False,False,ESPN Market Freeze origin/codex/espn-market-freeze-2026-08-31 + nflverse players,espn_2026_candidate_20260831T214508Z_6e169d4c54c0,draft-command:156,exact stable-ID match,False,False,isiahpacheco,Isiah Pacheco,KC,panel_gsis_to_nflverse_players,1.0,False,False,nflverse players + annual rosters; panel GSIS preferred,ESPN:QUESTIONABLE|NFLVERSE:ACT,QUESTIONABLE,,,False,False,False,,,uncertain_pending_official_week1_report,,,https://lm-api-reads.fantasy.espn.com/apis/v3/games/ffl/seasons/2026/segments/0/leaguedefaults/1?view=kona_player_info,https://github.com/nflverse/nflverse-data/releases/download/players/players.csv|https://github.com/nflverse/nflverse-data/releases/download/rosters/roster_2026.csv,2026-08-31,2026-08-31T23:22:51.244996+00:00,medium_pre_week1_designation,False,True,Current overlay only; no production games adjustment or historical-table insertion is authorized.,184,157.96,True,high_exact_espn_id_to_gsis_id,blank/NA means unknown or not present; never interpret as numeric zero
00-0033906,00-0033906,3054850,153,Alvin Kamara,RB,NO,espn_id_to_nflverse_gsis,1.0,False,False,ESPN Market Freeze origin/codex/espn-market-freeze-2026-08-31 + nflverse players,espn_2026_candidate_20260831T214508Z_6e169d4c54c0,draft-command:153,exact stable-ID match,False,False,alvinkamara,Alvin Kamara,NO,panel_gsis_to_nflverse_players,1.0,False,False,nflverse players + annual rosters; panel GSIS preferred,ESPN:QUESTIONABLE|NFLVERSE:ACT,QUESTIONABLE,,,False,False,False,,,uncertain_pending_official_week1_report,,,https://lm-api-reads.fantasy.espn.com/apis/v3/games/ffl/seasons/2026/segments/0/leaguedefaults/1?view=kona_player_info,https://github.com/nflverse/nflverse-data/releases/download/players/players.csv|https://github.com/nflverse/nflverse-data/releases/download/rosters/roster_2026.csv,2026-08-31,2026-08-31T23:22:51.244996+00:00,medium_pre_week1_designation,False,True,Current overlay only; no production games adjustment or historical-table insertion is authorized.,189,160.27,True,high_exact_espn_id_to_gsis_id,blank/NA means unknown or not present; never interpret as numeric zero
00-0036040,00-0036040,3929645,142,Juwan Johnson,TE,NO,espn_id_to_nflverse_gsis,1.0,False,False,ESPN Market Freeze origin/codex/espn-market-freeze-2026-08-31 + nflverse players,espn_2026_candidate_20260831T214508Z_6e169d4c54c0,draft-command:142,exact stable-ID match,False,False,juwanjohnson,Juwan Johnson,NO,panel_gsis_to_nflverse_players,1.0,False,False,nflverse players + annual rosters; panel GSIS preferred,,,,,,,,,,,,,,,,,,,,,,,False,high_exact_espn_id_to_gsis_id,blank/NA means unknown or not present; never interpret as numeric zero
00-0033090,00-0033090,3046439,139,Hunter Henry,TE,NE,espn_id_to_nflverse_gsis,1.0,False,False,ESPN Market Freeze origin/codex/espn-market-freeze-2026-08-31 + nflverse players,espn_2026_candidate_20260831T214508Z_6e169d4c54c0,draft-command:139,exact stable-ID match,False,False,hunterhenry,Hunter Henry,NE,panel_gsis_to_nflverse_players,1.0,False,False,nflverse players + annual rosters; panel GSIS preferred,,,,,,,,,,,,,,,,,,,,,,,False,high_exact_espn_id_to_gsis_id,blank/NA means unknown or not present; never interpret as numeric zero
00-0037263,00-0037263,4373626,136,Tyler Allgeier,RB,ARI,espn_id_to_nflverse_gsis,1.0,False,False,ESPN Market Freeze origin/codex/espn-market-freeze-2026-08-31 + nflverse players,espn_2026_candidate_20260831T214508Z_6e169d4c54c0,draft-command:136,exact stable-ID match,False,False,tylerallgeier,Tyler Allgeier,ATL,panel_gsis_to_nflverse_players,1.0,False,False,nflverse players + annual rosters; panel GSIS preferred,,,,,,,,,,,,,,,,,,,,,,,False,high_exact_espn_id_to_gsis_id,blank/NA means unknown or not present; never interpret as numeric zero
00-0035229,00-0035229,4036133,161,T.J. Hockenson,TE,MIN,espn_id_to_nflverse_gsis,1.0,False,False,ESPN Market Freeze origin/codex/espn-market-freeze-2026-08-31 + nflverse players,espn_2026_candidate_20260831T214508Z_6e169d4c54c0,draft-command:161,exact stable-ID match,False,False,tjhockenson,T.J. Hockenson,MIN,panel_gsis_to_nflverse_players,1.0,False,False,nflverse players + annual rosters; panel GSIS preferred,,,,,,,,,,,,,,,,,,,,,,,False,high_exact_espn_id_to_gsis_id,blank/NA means unknown or not present; never interpret as numeric zero
00-0041032,00-0041032,5083315,173,Kenyon Sadiq,TE,NYJ,espn_id_to_nflverse_gsis,1.0,False,False,ESPN Market Freeze origin/codex/espn-market-freeze-2026-08-31 + nflverse players,espn_2026_candidate_20260831T214508Z_6e169d4c54c0,draft-command:173,exact stable-ID match,False,False,,,,,,,,,ESPN:QUESTIONABLE|NFLVERSE:ACT,QUESTIONABLE,,,False,False,False,,,uncertain_pending_official_week1_report,,,https://lm-api-reads.fantasy.espn.com/apis/v3/games/ffl/seasons/2026/segments/0/leaguedefaults/1?view=kona_player_info,https://github.com/nflverse/nflverse-data/releases/download/players/players.csv|https://github.com/nflverse/nflverse-data/releases/download/rosters/roster_2026.csv,2026-08-31,2026-08-31T23:22:51.244996+00:00,medium_pre_week1_designation,False,True,Current overlay only; no production games adjustment or historical-table insertion is authorized.,200,161.1,True,high_exact_espn_id_to_gsis_id,blank/NA means unknown or not present; never interpret as numeric zero
00-0030279,00-0030279,15818,143,Keenan Allen,WR,IND,espn_id_to_nflverse_gsis,1.0,False,False,ESPN Market Freeze origin/codex/espn-market-freeze-2026-08-31 + nflverse players,espn_2026_candidate_20260831T214508Z_6e169d4c54c0,draft-command:143,exact stable-ID match,False,False,keenanallen,Keenan Allen,CHI,panel_gsis_to_nflverse_players,1.0,False,False,nflverse players + annual rosters; panel GSIS preferred,,,,,,,,,,,,,,,,,,,,,,,False,high_exact_espn_id_to_gsis_id,blank/NA means unknown or not present; never interpret as numeric zero
00-0036264,00-0036264,4036378,137,Jordan Love,QB,GB,espn_id_to_nflverse_gsis,1.0,False,False,ESPN Market Freeze origin/codex/espn-market-freeze-2026-08-31 + nflverse players,espn_2026_candidate_20260831T214508Z_6e169d4c54c0,draft-command:137,exact stable-ID match,False,False,jordanlove,Jordan Love,GB,panel_gsis_to_nflverse_players,1.0,False,False,nflverse players + annual rosters; panel GSIS preferred,,,,,,,,,,,,,,,,,,,,,,,False,high_exact_espn_id_to_gsis_id,blank/NA means unknown or not present; never interpret as numeric zero
00-0034837,00-0034837,3925357,192,Calvin Ridley,WR,TEN,espn_id_to_nflverse_gsis,1.0,False,False,ESPN Market Freeze origin/codex/espn-market-freeze-2026-08-31 + nflverse players,espn_2026_candidate_20260831T214508Z_6e169d4c54c0,draft-command:192,exact stable-ID match,False,False,calvinridley,Calvin Ridley,TEN,panel_gsis_to_nflverse_players,1.0,False,False,nflverse players + annual rosters; panel GSIS preferred,,,,,,,,,,,,,,,,,,,,,,,False,high_exact_espn_id_to_gsis_id,blank/NA means unknown or not present; never interpret as numeric zero
00-0040162,00-0040162,5081397,159,Dylan Sampson,RB,CLE,espn_id_to_nflverse_gsis,1.0,False,False,ESPN Market Freeze origin/codex/espn-market-freeze-2026-08-31 + nflverse players,espn_2026_candidate_20260831T214508Z_6e169d4c54c0,draft-command:159,exact stable-ID match,False,False,dylansampson,Dylan Sampson,CLE,panel_gsis_to_nflverse_players,1.0,False,False,nflverse players + annual rosters; panel GSIS preferred,,,,,,,,,,,,,,,,,,,,,,,False,high_exact_espn_id_to_gsis_id,blank/NA means unknown or not present; never interpret as numeric zero
00-0037746,00-0037746,4241474,152,Brian Robinson Jr.,RB,ATL,espn_id_to_nflverse_gsis,1.0,False,False,ESPN Market Freeze origin/codex/espn-market-freeze-2026-08-31 + nflverse players,espn_2026_candidate_20260831T214508Z_6e169d4c54c0,draft-command:152,exact stable-ID match,False,False,brianrobinson,Brian Robinson Jr.,SF,panel_gsis_to_nflverse_players,1.0,False,False,nflverse players + annual rosters; panel GSIS preferred,,,,,,,,,,,,,,,,,,,,,,,False,high_exact_espn_id_to_gsis_id,blank/NA means unknown or not present; never interpret as numeric zero
00-0038935,00-0038935,4430539,146,Brenton Strange,TE,JAX,espn_id_to_nflverse_gsis,1.0,False,False,ESPN Market Freeze origin/codex/espn-market-freeze-2026-08-31 + nflverse players,espn_2026_candidate_20260831T214508Z_6e169d4c54c0,draft-command:146,exact stable-ID match,False,False,brentonstrange,Brenton Strange,JAC,panel_gsis_to_nflverse_players,1.0,False,False,nflverse players + annual rosters; panel GSIS preferred,,,,,,,,,,,,,,,,,,,,,,,False,high_exact_espn_id_to_gsis_id,blank/NA means unknown or not present; never interpret as numeric zero
00-0040138,00-0040138,4586312,172,Jaylin Noel,WR,HOU,espn_id_to_nflverse_gsis,1.0,False,False,ESPN Market Freeze origin/codex/espn-market-freeze-2026-08-31 + nflverse players,espn_2026_candidate_20260831T214508Z_6e169d4c54c0,draft-command:172,exact stable-ID match,False,False,jaylinnoel,Jaylin Noel,HOU,panel_gsis_to_nflverse_players,1.0,False,False,nflverse players + annual rosters; panel GSIS preferred,ESPN:QUESTIONABLE|NFLVERSE:ACT,QUESTIONABLE,,,False,False,False,,,uncertain_pending_official_week1_report,,,https://lm-api-reads.fantasy.espn.com/apis/v3/games/ffl/seasons/2026/segments/0/leaguedefaults/1?view=kona_player_info,https://github.com/nflverse/nflverse-data/releases/download/players/players.csv|https://github.com/nflverse/nflverse-data/releases/download/rosters/roster_2026.csv,2026-08-31,2026-08-31T23:22:51.244996+00:00,medium_pre_week1_designation,False,True,Current overlay only; no production games adjustment or historical-table insertion is authorized.,212,171.85,True,high_exact_espn_id_to_gsis_id,blank/NA means unknown or not present; never interpret as numeric zero
00-0040737,00-0040737,4570037,157,Terrance Ferguson,TE,LAR,espn_id_to_nflverse_gsis,1.0,False,False,ESPN Market Freeze origin/codex/espn-market-freeze-2026-08-31 + nflverse players,espn_2026_candidate_20260831T214508Z_6e169d4c54c0,draft-command:157,exact stable-ID match,False,False,terranceferguson,Terrance Ferguson,LAR,panel_gsis_to_nflverse_players,1.0,False,False,nflverse players + annual rosters; panel GSIS preferred,ESPN:QUESTIONABLE|NFLVERSE:ACT,QUESTIONABLE,,,False,False,False,,,uncertain_pending_official_week1_report,,,https://lm-api-reads.fantasy.espn.com/apis/v3/games/ffl/seasons/2026/segments/0/leaguedefaults/1?view=kona_player_info,https://github.com/nflverse/nflverse-data/releases/download/players/players.csv|https://github.com/nflverse/nflverse-data/releases/download/rosters/roster_2026.csv,2026-08-31,2026-08-31T23:22:51.244996+00:00,medium_pre_week1_designation,False,True,Current overlay only; no production games adjustment or historical-table insertion is authorized.,213,168.34,True,high_exact_espn_id_to_gsis_id,blank/NA means unknown or not present; never interpret as numeric zero
00-0037545,00-0037545,4032473,141,Rashid Shaheed,WR,SEA,espn_id_to_nflverse_gsis,1.0,False,False,ESPN Market Freeze origin/codex/espn-market-freeze-2026-08-31 + nflverse players,espn_2026_candidate_20260831T214508Z_6e169d4c54c0,draft-command:141,exact stable-ID match,False,False,rashidshaheed,Rashid Shaheed,NO,panel_gsis_to_nflverse_players,1.0,False,False,nflverse players + annual rosters; panel GSIS preferred,,,,,,,,,,,,,,,,,,,,,,,False,high_exact_espn_id_to_gsis_id,blank/NA means unknown or not present; never interpret as numeric zero
00-0041037,00-0041037,4832800,144,Denzel Boston,WR,CLE,espn_id_to_nflverse_gsis,1.0,False,False,ESPN Market Freeze origin/codex/espn-market-freeze-2026-08-31 + nflverse players,espn_2026_candidate_20260831T214508Z_6e169d4c54c0,draft-command:144,exact stable-ID match,False,False,,,,,,,,,,,,,,,,,,,,,,,,,,,,,,,False,high_exact_espn_id_to_gsis_id,blank/NA means unknown or not present; never interpret as numeric zero
00-0036407,00-0036407,4241463,171,Jerry Jeudy,WR,CLE,espn_id_to_nflverse_gsis,1.0,False,False,ESPN Market Freeze origin/codex/espn-market-freeze-2026-08-31 + nflverse players,espn_2026_candidate_20260831T214508Z_6e169d4c54c0,draft-command:171,exact stable-ID match,False,False,jerryjeudy,Jerry Jeudy,CLE,panel_gsis_to_nflverse_players,1.0,False,False,nflverse players + annual rosters; panel GSIS preferred,,,,,,,,,,,,,,,,,,,,,,,False,high_exact_espn_id_to_gsis_id,blank/NA means unknown or not present; never interpret as numeric zero
00-0039890,00-0039890,4597500,168,Adonai Mitchell,WR,NYJ,espn_id_to_nflverse_gsis,1.0,False,False,ESPN Market Freeze origin/codex/espn-market-freeze-2026-08-31 + nflverse players,espn_2026_candidate_20260831T214508Z_6e169d4c54c0,draft-command:168,exact stable-ID match,False,False,adonaimitchell,Adonai Mitchell,IND,panel_gsis_to_nflverse_players,1.0,False,False,nflverse players + annual rosters; panel GSIS preferred,,,,,,,,,,,,,,,,,,,,,,,False,high_exact_espn_id_to_gsis_id,blank/NA means unknown or not present; never interpret as numeric zero
00-0041523,00-0041523,4869645,158,Caleb Douglas,WR,MIA,espn_id_to_nflverse_gsis,1.0,False,False,ESPN Market Freeze origin/codex/espn-market-freeze-2026-08-31 + nflverse players,espn_2026_candidate_20260831T214508Z_6e169d4c54c0,draft-command:158,exact stable-ID match,False,False,,,,,,,,,,,,,,,,,,,,,,,,,,,,,,,False,high_exact_espn_id_to_gsis_id,blank/NA means unknown or not present; never interpret as numeric zero
00-0038128,00-0038128,4242512,148,Malik Willis,QB,MIA,espn_id_to_nflverse_gsis,1.0,False,False,ESPN Market Freeze origin/codex/espn-market-freeze-2026-08-31 + nflverse players,espn_2026_candidate_20260831T214508Z_6e169d4c54c0,draft-command:148,exact stable-ID match,False,False,malikwillis,Malik Willis,GB,panel_gsis_to_nflverse_players,1.0,False,False,nflverse players + annual rosters; panel GSIS preferred,,,,,,,,,,,,,,,,,,,,,,,False,high_exact_espn_id_to_gsis_id,blank/NA means unknown or not present; never interpret as numeric zero
00-0041029,00-0041029,4880281,127,Jordyn Tyson,WR,NO,espn_id_to_nflverse_gsis,1.0,False,False,ESPN Market Freeze origin/codex/espn-market-freeze-2026-08-31 + nflverse players,espn_2026_candidate_20260831T214508Z_6e169d4c54c0,draft-command:127,exact stable-ID match,False,False,,,,,,,,,ESPN:INJURY_RESERVE|NFLVERSE:ACT,INJURY_RESERVE,hamstring,,False,False,True,,,unavailable,5_or_later_if_designated_to_return; otherwise unknown,,https://lm-api-reads.fantasy.espn.com/apis/v3/games/ffl/seasons/2026/segments/0/leaguedefaults/1?view=kona_player_info,https://github.com/nflverse/nflverse-data/releases/download/players/players.csv|https://github.com/nflverse/nflverse-data/releases/download/rosters/roster_2026.csv,2026-08-31,2026-08-31T23:22:51.244996+00:00,high_direct_status,False,True,Current overlay only; no production games adjustment or historical-table insertion is authorized.,223,168.09,True,high_exact_espn_id_to_gsis_id,blank/NA means unknown or not present; never interpret as numeric zero
00-0038563,00-0038563,4428718,154,Tre Tucker,WR,LV,espn_id_to_nflverse_gsis,1.0,False,False,ESPN Market Freeze origin/codex/espn-market-freeze-2026-08-31 + nflverse players,espn_2026_candidate_20260831T214508Z_6e169d4c54c0,draft-command:154,exact stable-ID match,False,False,tretucker,Tre Tucker,LV,panel_gsis_to_nflverse_players,1.0,False,False,nflverse players + annual rosters; panel GSIS preferred,,,,,,,,,,,,,,,,,,,,,,,False,high_exact_espn_id_to_gsis_id,blank/NA means unknown or not present; never interpret as numeric zero
00-0037291,00-0037291,4382466,162,Jalen Nailor,WR,LV,espn_id_to_nflverse_gsis,1.0,False,False,ESPN Market Freeze origin/codex/espn-market-freeze-2026-08-31 + nflverse players,espn_2026_candidate_20260831T214508Z_6e169d4c54c0,draft-command:162,exact stable-ID match,False,False,jalennailor,Jalen Nailor,MIN,panel_gsis_to_nflverse_players,1.0,False,False,nflverse players + annual rosters; panel GSIS preferred,,,,,,,,,,,,,,,,,,,,,,,False,high_exact_espn_id_to_gsis_id,blank/NA means unknown or not present; never interpret as numeric zero
00-0038454,00-0038454,4596334,140,Keaton Mitchell,RB,LAC,espn_id_to_nflverse_gsis,1.0,False,False,ESPN Market Freeze origin/codex/espn-market-freeze-2026-08-31 + nflverse players,espn_2026_candidate_20260831T214508Z_6e169d4c54c0,draft-command:140,exact stable-ID match,False,False,keatonmitchell,Keaton Mitchell,BAL,panel_gsis_to_nflverse_players,1.0,False,False,nflverse players + annual rosters; panel GSIS preferred,ESPN:QUESTIONABLE|NFLVERSE:ACT,QUESTIONABLE,,,False,False,False,,,uncertain_pending_official_week1_report,,,https://lm-api-reads.fantasy.espn.com/apis/v3/games/ffl/seasons/2026/segments/0/leaguedefaults/1?view=kona_player_info,https://github.com/nflverse/nflverse-data/releases/download/players/players.csv|https://github.com/nflverse/nflverse-data/releases/download/rosters/roster_2026.csv,2026-08-31,2026-08-31T23:22:51.244996+00:00,medium_pre_week1_designation,False,True,Current overlay only; no production games adjustment or historical-table insertion is authorized.,228,169.36,True,high_exact_espn_id_to_gsis_id,blank/NA means unknown or not present; never interpret as numeric zero
WAS569019,WAS569019,4686658,145,Mike Washington Jr.,RB,LV,espn_id_to_nflverse_gsis,1.0,True,True,ESPN Market Freeze origin/codex/espn-market-freeze-2026-08-31 + nflverse players,espn_2026_candidate_20260831T214508Z_6e169d4c54c0,draft-command:145,exact stable-ID match,False,True,,,,,,,,,,,,,,,,,,,,,,,,,,,,,,,False,stable_id_match_with_metadata_conflict_manual_review,blank/NA means unknown or not present; never interpret as numeric zero
00-0039794,00-0039794,4685247,166,Braelon Allen,RB,NYJ,espn_id_to_nflverse_gsis,1.0,False,False,ESPN Market Freeze origin/codex/espn-market-freeze-2026-08-31 + nflverse players,espn_2026_candidate_20260831T214508Z_6e169d4c54c0,draft-command:166,exact stable-ID match,False,False,braelonallen,Braelon Allen,NYJ,panel_gsis_to_nflverse_players,1.0,False,False,nflverse players + annual rosters; panel GSIS preferred,,,,,,,,,,,,,,,,,,,,,,,False,high_exact_espn_id_to_gsis_id,blank/NA means unknown or not present; never interpret as numeric zero
00-0036550,00-0036550,4360939,186,Rashod Bateman,WR,BAL,espn_id_to_nflverse_gsis,1.0,False,False,ESPN Market Freeze origin/codex/espn-market-freeze-2026-08-31 + nflverse players,espn_2026_candidate_20260831T214508Z_6e169d4c54c0,draft-command:186,exact stable-ID match,False,False,rashodbateman,Rashod Bateman,BAL,panel_gsis_to_nflverse_players,1.0,False,False,nflverse players + annual rosters; panel GSIS preferred,,,,,,,,,,,,,,,,,,,,,,,False,high_exact_espn_id_to_gsis_id,blank/NA means unknown or not present; never interpret as numeric zero
00-0038393,00-0038393,4428850,163,Dontayvion Wicks,WR,PHI,espn_id_to_nflverse_gsis,1.0,False,False,ESPN Market Freeze origin/codex/espn-market-freeze-2026-08-31 + nflverse players,espn_2026_candidate_20260831T214508Z_6e169d4c54c0,draft-command:163,exact stable-ID match,False,False,dontayvionwicks,Dontayvion Wicks,GB,panel_gsis_to_nflverse_players,1.0,False,False,nflverse players + annual rosters; panel GSIS preferred,,,,,,,,,,,,,,,,,,,,,,,False,high_exact_espn_id_to_gsis_id,blank/NA means unknown or not present; never interpret as numeric zero
00-0039424,00-0039424,4569559,167,Devaughn Vele,WR,NO,espn_id_to_nflverse_gsis,1.0,False,False,ESPN Market Freeze origin/codex/espn-market-freeze-2026-08-31 + nflverse players,espn_2026_candidate_20260831T214508Z_6e169d4c54c0,draft-command:167,exact stable-ID match,False,False,devaughnvele,Devaughn Vele,NO,panel_gsis_to_nflverse_players,1.0,False,False,nflverse players + annual rosters; panel GSIS preferred,,,,,,,,,,,,,,,,,,,,,,,False,high_exact_espn_id_to_gsis_id,blank/NA means unknown or not present; never interpret as numeric zero
00-0038555,00-0038555,4429013,150,Tank Bigsby,RB,PHI,espn_id_to_nflverse_gsis,1.0,False,False,ESPN Market Freeze origin/codex/espn-market-freeze-2026-08-31 + nflverse players,espn_2026_candidate_20260831T214508Z_6e169d4c54c0,draft-command:150,exact stable-ID match,False,False,tankbigsby,Tank Bigsby,JAC,panel_gsis_to_nflverse_players,1.0,False,False,nflverse players + annual rosters; panel GSIS preferred,,,,,,,,,,,,,,,,,,,,,,,False,high_exact_espn_id_to_gsis_id,blank/NA means unknown or not present; never interpret as numeric zero
00-0039875,00-0039875,4429501,169,Ray Davis,RB,BUF,espn_id_to_nflverse_gsis,1.0,False,False,ESPN Market Freeze origin/codex/espn-market-freeze-2026-08-31 + nflverse players,espn_2026_candidate_20260831T214508Z_6e169d4c54c0,draft-command:169,exact stable-ID match,False,False,raydavis,Ray Davis,BUF,panel_gsis_to_nflverse_players,1.0,False,False,nflverse players + annual rosters; panel GSIS preferred,,,,,,,,,,,,,,,,,,,,,,,False,high_exact_espn_id_to_gsis_id,blank/NA means unknown or not present; never interpret as numeric zero
00-0036893,00-0036893,4241457,,Najee Harris,RB,NYG,espn_id_to_nflverse_gsis,1.0,False,False,ESPN Market Freeze origin/codex/espn-market-freeze-2026-08-31 + nflverse players,espn_2026_candidate_20260831T214508Z_6e169d4c54c0,,unresolved,False,False,najeeharris,Najee Harris,LAC,panel_gsis_to_nflverse_players,1.0,False,False,nflverse players + annual rosters; panel GSIS preferred,,,,,,,,,,,,,,,,,,,,,,,False,high_exact_espn_id_to_gsis_id,blank/NA means unknown or not present; never interpret as numeric zero
00-0034975,00-0034975,4038441,194,Justice Hill,RB,BAL,espn_id_to_nflverse_gsis,1.0,False,False,ESPN Market Freeze origin/codex/espn-market-freeze-2026-08-31 + nflverse players,espn_2026_candidate_20260831T214508Z_6e169d4c54c0,draft-command:194,exact stable-ID match,False,False,justicehill,Justice Hill,BAL,panel_gsis_to_nflverse_players,1.0,False,False,nflverse players + annual rosters; panel GSIS preferred,,,,,,,,,,,,,,,,,,,,,,,False,high_exact_espn_id_to_gsis_id,blank/NA means unknown or not present; never interpret as numeric zero
00-0040870,00-0040870,4870847,178,Ja'Kobi Lane,WR,BAL,espn_id_to_nflverse_gsis,1.0,False,False,ESPN Market Freeze origin/codex/espn-market-freeze-2026-08-31 + nflverse players,espn_2026_candidate_20260831T214508Z_6e169d4c54c0,draft-command:178,exact stable-ID match,False,False,,,,,,,,,,,,,,,,,,,,,,,,,,,,,,,False,high_exact_espn_id_to_gsis_id,blank/NA means unknown or not present; never interpret as numeric zero
00-0039163,00-0039163,4432577,170,C.J. Stroud,QB,HOU,espn_id_to_nflverse_gsis,1.0,False,False,ESPN Market Freeze origin/codex/espn-market-freeze-2026-08-31 + nflverse players,espn_2026_candidate_20260831T214508Z_6e169d4c54c0,draft-command:170,exact stable-ID match,False,False,cjstroud,C.J. Stroud,HOU,panel_gsis_to_nflverse_players,1.0,False,False,nflverse players + annual rosters; panel GSIS preferred,,,,,,,,,,,,,,,,,,,,,,,False,high_exact_espn_id_to_gsis_id,blank/NA means unknown or not present; never interpret as numeric zero
00-0034869,00-0034869,3912547,160,Sam Darnold,QB,SEA,espn_id_to_nflverse_gsis,1.0,False,False,ESPN Market Freeze origin/codex/espn-market-freeze-2026-08-31 + nflverse players,espn_2026_candidate_20260831T214508Z_6e169d4c54c0,draft-command:160,exact stable-ID match,False,False,samdarnold,Sam Darnold,SEA,panel_gsis_to_nflverse_players,1.0,False,False,nflverse players + annual rosters; panel GSIS preferred,,,,,,,,,,,,,,,,,,,,,,,False,high_exact_espn_id_to_gsis_id,blank/NA means unknown or not present; never interpret as numeric zero
00-0036259,00-0036259,3886598,183,Jauan Jennings,WR,MIN,espn_id_to_nflverse_gsis,1.0,False,False,ESPN Market Freeze origin/codex/espn-market-freeze-2026-08-31 + nflverse players,espn_2026_candidate_20260831T214508Z_6e169d4c54c0,draft-command:183,exact stable-ID match,False,False,jauanjennings,Jauan Jennings,SF,panel_gsis_to_nflverse_players,1.0,False,False,nflverse players + annual rosters; panel GSIS preferred,,,,,,,,,,,,,,,,,,,,,,,False,high_exact_espn_id_to_gsis_id,blank/NA means unknown or not present; never interpret as numeric zero
00-0041042,00-0041042,4682648,,Malachi Fields,WR,NYG,espn_id_to_nflverse_gsis,1.0,False,False,ESPN Market Freeze origin/codex/espn-market-freeze-2026-08-31 + nflverse players,espn_2026_candidate_20260831T214508Z_6e169d4c54c0,,unresolved,False,False,,,,,,,,,,,,,,,,,,,,,,,,,,,,,,,False,high_exact_espn_id_to_gsis_id,blank/NA means unknown or not present; never interpret as numeric zero
00-0041489,00-0041489,4685261,,Germie Bernard,WR,PIT,espn_id_to_nflverse_gsis,1.0,False,False,ESPN Market Freeze origin/codex/espn-market-freeze-2026-08-31 + nflverse players,espn_2026_candidate_20260831T214508Z_6e169d4c54c0,,unresolved,False,False,,,,,,,,,,,,,,,,,,,,,,,,,,,,,,,False,high_exact_espn_id_to_gsis_id,blank/NA means unknown or not present; never interpret as numeric zero
00-0040727,00-0040727,4686612,179,Tre' Harris,WR,LAC,espn_id_to_nflverse_gsis,1.0,False,False,ESPN Market Freeze origin/codex/espn-market-freeze-2026-08-31 + nflverse players,espn_2026_candidate_20260831T214508Z_6e169d4c54c0,draft-command:179,exact stable-ID match,False,False,treharris,Tre' Harris,LAC,panel_gsis_to_nflverse_players,1.0,False,False,nflverse players + annual rosters; panel GSIS preferred,ESPN:QUESTIONABLE|NFLVERSE:ACT,QUESTIONABLE,,,False,False,False,,,uncertain_pending_official_week1_report,,,https://lm-api-reads.fantasy.espn.com/apis/v3/games/ffl/seasons/2026/segments/0/leaguedefaults/1?view=kona_player_info,https://github.com/nflverse/nflverse-data/releases/download/players/players.csv|https://github.com/nflverse/nflverse-data/releases/download/rosters/roster_2026.csv,2026-08-31,2026-08-31T23:22:51.244996+00:00,medium_pre_week1_designation,False,True,Current overlay only; no production games adjustment or historical-table insertion is authorized.,293,171.17,True,high_exact_espn_id_to_gsis_id,blank/NA means unknown or not present; never interpret as numeric zero
00-0036894,00-0036894,4361411,,Pat Freiermuth,TE,PIT,espn_id_to_nflverse_gsis,1.0,False,False,ESPN Market Freeze origin/codex/espn-market-freeze-2026-08-31 + nflverse players,espn_2026_candidate_20260831T214508Z_6e169d4c54c0,,unresolved,False,False,patfreiermuth,Pat Freiermuth,PIT,panel_gsis_to_nflverse_players,1.0,False,False,nflverse players + annual rosters; panel GSIS preferred,,,,,,,,,,,,,,,,,,,,,,,False,high_exact_espn_id_to_gsis_id,blank/NA means unknown or not present; never interpret as numeric zero
00-0034383,00-0034383,3117256,164,Dalton Schultz,TE,HOU,espn_id_to_nflverse_gsis,1.0,False,False,ESPN Market Freeze origin/codex/espn-market-freeze-2026-08-31 + nflverse players,espn_2026_candidate_20260831T214508Z_6e169d4c54c0,draft-command:164,exact stable-ID match,False,False,daltonschultz,Dalton Schultz,HOU,panel_gsis_to_nflverse_players,1.0,False,False,nflverse players + annual rosters; panel GSIS preferred,,,,,,,,,,,,,,,,,,,,,,,False,high_exact_espn_id_to_gsis_id,blank/NA means unknown or not present; never interpret as numeric zero
00-0039410,00-0039410,5083754,175,Ryan Flournoy,WR,DAL,espn_id_to_nflverse_gsis,1.0,False,False,ESPN Market Freeze origin/codex/espn-market-freeze-2026-08-31 + nflverse players,espn_2026_candidate_20260831T214508Z_6e169d4c54c0,draft-command:175,exact stable-ID match,False,False,ryanflournoy,Ryan Flournoy,DAL,panel_gsis_to_nflverse_players,1.0,False,False,nflverse players + annual rosters; panel GSIS preferred,,,,,,,,,,,,,,,,,,,,,,,False,high_exact_espn_id_to_gsis_id,blank/NA means unknown or not present; never interpret as numeric zero
00-0041044,00-0041044,4870612,193,Zachariah Branch,WR,ATL,espn_id_to_nflverse_gsis,1.0,False,False,ESPN Market Freeze origin/codex/espn-market-freeze-2026-08-31 + nflverse players,espn_2026_candidate_20260831T214508Z_6e169d4c54c0,draft-command:193,exact stable-ID match,False,False,,,,,,,,,,,,,,,,,,,,,,,,,,,,,,,False,high_exact_espn_id_to_gsis_id,blank/NA means unknown or not present; never interpret as numeric zero
00-0041511,00-0041511,4723820,188,Omar Cooper Jr.,WR,NYJ,espn_id_to_nflverse_gsis,1.0,False,False,ESPN Market Freeze origin/codex/espn-market-freeze-2026-08-31 + nflverse players,espn_2026_candidate_20260831T214508Z_6e169d4c54c0,draft-command:188,exact stable-ID match,False,False,,,,,,,,,,,,,,,,,,,,,,,,,,,,,,,False,high_exact_espn_id_to_gsis_id,blank/NA means unknown or not present; never interpret as numeric zero
00-0038608,00-0038608,4429022,180,Kayshon Boutte,WR,HOU,espn_id_to_nflverse_gsis,1.0,False,False,ESPN Market Freeze origin/codex/espn-market-freeze-2026-08-31 + nflverse players,espn_2026_candidate_20260831T214508Z_6e169d4c54c0,draft-command:180,exact stable-ID match,False,False,kayshonboutte,Kayshon Boutte,NE,panel_gsis_to_nflverse_players,1.0,False,False,nflverse players + annual rosters; panel GSIS preferred,,,,,,,,,,,,,,,,,,,,,,,False,high_exact_espn_id_to_gsis_id,blank/NA means unknown or not present; never interpret as numeric zero
00-0041052,00-0041052,4696044,181,Kaelon Black,RB,SF,espn_id_to_nflverse_gsis,1.0,False,False,ESPN Market Freeze origin/codex/espn-market-freeze-2026-08-31 + nflverse players,espn_2026_candidate_20260831T214508Z_6e169d4c54c0,draft-command:181,exact stable-ID match,False,False,,,,,,,,,,,,,,,,,,,,,,,,,,,,,,,False,high_exact_espn_id_to_gsis_id,blank/NA means unknown or not present; never interpret as numeric zero
00-0039391,00-0039391,4430968,,Kimani Vidal,RB,LAC,espn_id_to_nflverse_gsis,1.0,False,False,ESPN Market Freeze origin/codex/espn-market-freeze-2026-08-31 + nflverse players,espn_2026_candidate_20260831T214508Z_6e169d4c54c0,,unresolved,False,False,kimanividal,Kimani Vidal,LAC,panel_gsis_to_nflverse_players,1.0,False,False,nflverse players + annual rosters; panel GSIS preferred,,,,,,,,,,,,,,,,,,,,,,,False,high_exact_espn_id_to_gsis_id,blank/NA means unknown or not present; never interpret as numeric zero
00-0039874,00-0039874,4682745,,Jaylen Wright,RB,MIA,espn_id_to_nflverse_gsis,1.0,False,False,ESPN Market Freeze origin/codex/espn-market-freeze-2026-08-31 + nflverse players,espn_2026_candidate_20260831T214508Z_6e169d4c54c0,,unresolved,False,False,jaylenwright,Jaylen Wright,MIA,panel_gsis_to_nflverse_players,1.0,False,False,nflverse players + annual rosters; panel GSIS preferred,,,,,,,,,,,,,,,,,,,,,,,False,high_exact_espn_id_to_gsis_id,blank/NA means unknown or not present; never interpret as numeric zero
00-0040584,00-0040584,4686728,197,Gunnar Helm,TE,TEN,espn_id_to_nflverse_gsis,1.0,False,False,ESPN Market Freeze origin/codex/espn-market-freeze-2026-08-31 + nflverse players,espn_2026_candidate_20260831T214508Z_6e169d4c54c0,draft-command:197,exact stable-ID match,False,False,gunnarhelm,Gunnar Helm,TEN,panel_gsis_to_nflverse_players,1.0,False,False,nflverse players + annual rosters; panel GSIS preferred,,,,,,,,,,,,,,,,,,,,,,,False,high_exact_espn_id_to_gsis_id,blank/NA means unknown or not present; never interpret as numeric zero
00-0037809,00-0037809,4360635,165,Chig Okonkwo,TE,WAS,espn_id_to_nflverse_gsis,1.0,False,False,ESPN Market Freeze origin/codex/espn-market-freeze-2026-08-31 + nflverse players,espn_2026_candidate_20260831T214508Z_6e169d4c54c0,draft-command:165,exact stable-ID match,False,False,chigokonkwo,Chig Okonkwo,TEN,panel_gsis_to_nflverse_players,1.0,False,False,nflverse players + annual rosters; panel GSIS preferred,,,,,,,,,,,,,,,,,,,,,,,False,high_exact_espn_id_to_gsis_id,blank/NA means unknown or not present; never interpret as numeric zero
00-0039793,00-0039793,4576297,174,AJ Barner,TE,SEA,espn_id_to_nflverse_gsis,1.0,False,False,ESPN Market Freeze origin/codex/espn-market-freeze-2026-08-31 + nflverse players,espn_2026_candidate_20260831T214508Z_6e169d4c54c0,draft-command:174,exact stable-ID match,False,False,ajbarner,AJ Barner,SEA,panel_gsis_to_nflverse_players,1.0,False,False,nflverse players + annual rosters; panel GSIS preferred,,,,,,,,,,,,,,,,,,,,,,,False,high_exact_espn_id_to_gsis_id,blank/NA means unknown or not present; never interpret as numeric zero
00-0039150,00-0039150,4685720,177,Bryce Young,QB,CAR,espn_id_to_nflverse_gsis,1.0,False,False,ESPN Market Freeze origin/codex/espn-market-freeze-2026-08-31 + nflverse players,espn_2026_candidate_20260831T214508Z_6e169d4c54c0,draft-command:177,exact stable-ID match,False,False,bryceyoung,Bryce Young,CAR,panel_gsis_to_nflverse_players,1.0,False,False,nflverse players + annual rosters; panel GSIS preferred,,,,,,,,,,,,,,,,,,,,,,,False,high_exact_espn_id_to_gsis_id,blank/NA means unknown or not present; never interpret as numeric zero
00-0040676,00-0040676,4688380,182,Cam Ward,QB,TEN,espn_id_to_nflverse_gsis,1.0,False,False,ESPN Market Freeze origin/codex/espn-market-freeze-2026-08-31 + nflverse players,espn_2026_candidate_20260831T214508Z_6e169d4c54c0,draft-command:182,exact stable-ID match,False,False,camward,Cam Ward,TEN,panel_gsis_to_nflverse_players,1.0,False,False,nflverse players + annual rosters; panel GSIS preferred,,,,,,,,,,,,,,,,,,,,,,,False,high_exact_espn_id_to_gsis_id,blank/NA means unknown or not present; never interpret as numeric zero
00-0033119,00-0033119,2578570,200,Jacoby Brissett,QB,ARI,espn_id_to_nflverse_gsis,1.0,False,False,ESPN Market Freeze origin/codex/espn-market-freeze-2026-08-31 + nflverse players,espn_2026_candidate_20260831T214508Z_6e169d4c54c0,draft-command:200,exact stable-ID match,False,False,jacobybrissett,Jacoby Brissett,ARI,panel_gsis_to_nflverse_players,1.0,False,False,nflverse players + annual rosters; panel GSIS preferred,,,,,,,,,,,,,,,,,,,,,,,False,high_exact_espn_id_to_gsis_id,blank/NA means unknown or not present; never interpret as numeric zero
00-0040198,00-0040198,4711533,191,Ollie Gordon II,RB,MIA,espn_id_to_nflverse_gsis,1.0,False,False,ESPN Market Freeze origin/codex/espn-market-freeze-2026-08-31 + nflverse players,espn_2026_candidate_20260831T214508Z_6e169d4c54c0,draft-command:191,exact stable-ID match,False,False,olliegordon,Ollie Gordon II,MIA,panel_gsis_to_nflverse_players,1.0,False,False,nflverse players + annual rosters; panel GSIS preferred,ESPN:QUESTIONABLE|NFLVERSE:ACT,QUESTIONABLE,,,False,False,False,,,uncertain_pending_official_week1_report,,,https://lm-api-reads.fantasy.espn.com/apis/v3/games/ffl/seasons/2026/segments/0/leaguedefaults/1?view=kona_player_info,https://github.com/nflverse/nflverse-data/releases/download/players/players.csv|https://github.com/nflverse/nflverse-data/releases/download/rosters/roster_2026.csv,2026-08-31,2026-08-31T23:22:51.244996+00:00,medium_pre_week1_designation,False,True,Current overlay only; no production games adjustment or historical-table insertion is authorized.,319,170.67,True,high_exact_espn_id_to_gsis_id,blank/NA means unknown or not present; never interpret as numeric zero
00-0033526,00-0033526,3116389,,Samaje Perine,RB,CIN,espn_id_to_nflverse_gsis,1.0,False,False,ESPN Market Freeze origin/codex/espn-market-freeze-2026-08-31 + nflverse players,espn_2026_candidate_20260831T214508Z_6e169d4c54c0,,unresolved,False,False,samajeperine,Samaje Perine,KC,panel_gsis_to_nflverse_players,1.0,False,False,nflverse players + annual rosters; panel GSIS preferred,,,,,,,,,,,,,,,,,,,,,,,False,high_exact_espn_id_to_gsis_id,blank/NA means unknown or not present; never interpret as numeric zero
00-0035537,00-0035537,3915411,,Ty Johnson,RB,BUF,espn_id_to_nflverse_gsis,1.0,False,False,ESPN Market Freeze origin/codex/espn-market-freeze-2026-08-31 + nflverse players,espn_2026_candidate_20260831T214508Z_6e169d4c54c0,,unresolved,False,False,tyjohnson,Ty Johnson,BUF,panel_gsis_to_nflverse_players,1.0,False,False,nflverse players + annual rosters; panel GSIS preferred,ESPN:QUESTIONABLE|NFLVERSE:ACT,QUESTIONABLE,,,False,False,False,,,uncertain_pending_official_week1_report,,,https://lm-api-reads.fantasy.espn.com/apis/v3/games/ffl/seasons/2026/segments/0/leaguedefaults/1?view=kona_player_info,https://github.com/nflverse/nflverse-data/releases/download/players/players.csv|https://github.com/nflverse/nflverse-data/releases/download/rosters/roster_2026.csv,2026-08-31,2026-08-31T23:22:51.244996+00:00,medium_pre_week1_designation,False,True,Current overlay only; no production games adjustment or historical-table insertion is authorized.,321,170.75,True,high_exact_espn_id_to_gsis_id,blank/NA means unknown or not present; never interpret as numeric zero
00-0039880,00-0039880,4569603,187,Malik Washington,WR,MIA,espn_id_to_nflverse_gsis,1.0,False,False,ESPN Market Freeze origin/codex/espn-market-freeze-2026-08-31 + nflverse players,espn_2026_candidate_20260831T214508Z_6e169d4c54c0,draft-command:187,exact stable-ID match,False,False,malikwashington,Malik Washington,MIA,panel_gsis_to_nflverse_players,1.0,False,False,nflverse players + annual rosters; panel GSIS preferred,,,,,,,,,,,,,,,,,,,,,,,False,high_exact_espn_id_to_gsis_id,blank/NA means unknown or not present; never interpret as numeric zero
00-0037563,00-0037563,4240603,,Malik Davis,RB,DAL,espn_id_to_nflverse_gsis,1.0,False,False,ESPN Market Freeze origin/codex/espn-market-freeze-2026-08-31 + nflverse players,espn_2026_candidate_20260831T214508Z_6e169d4c54c0,,unresolved,False,False,malikdavis,Malik Davis,DAL,panel_gsis_to_nflverse_players,1.0,False,False,nflverse players + annual rosters; panel GSIS preferred,,,,,,,,,,,,,,,,,,,,,,,False,high_exact_espn_id_to_gsis_id,blank/NA means unknown or not present; never interpret as numeric zero
00-0040078,00-0040078,4596602,,Brashard Smith,RB,KC,espn_id_to_nflverse_gsis,1.0,False,False,ESPN Market Freeze origin/codex/espn-market-freeze-2026-08-31 + nflverse players,espn_2026_candidate_20260831T214508Z_6e169d4c54c0,,unresolved,False,False,brashardsmith,Brashard Smith,KC,panel_gsis_to_nflverse_players,1.0,False,False,nflverse players + annual rosters; panel GSIS preferred,,,,,,,,,,,,,,,,,,,,,,,False,high_exact_espn_id_to_gsis_id,blank/NA means unknown or not present; never interpret as numeric zero
00-0033908,00-0033908,2977187,,Cooper Kupp,WR,SEA,espn_id_to_nflverse_gsis,1.0,False,False,ESPN Market Freeze origin/codex/espn-market-freeze-2026-08-31 + nflverse players,espn_2026_candidate_20260831T214508Z_6e169d4c54c0,,unresolved,False,False,cooperkupp,Cooper Kupp,SEA,panel_gsis_to_nflverse_players,1.0,False,False,nflverse players + annual rosters; panel GSIS preferred,,,,,,,,,,,,,,,,,,,,,,,False,high_exact_espn_id_to_gsis_id,blank/NA means unknown or not present; never interpret as numeric zero
00-0039342,00-0039342,4430034,,Xavier Legette,WR,CAR,espn_id_to_nflverse_gsis,1.0,False,False,ESPN Market Freeze origin/codex/espn-market-freeze-2026-08-31 + nflverse players,espn_2026_candidate_20260831T214508Z_6e169d4c54c0,,unresolved,False,False,xavierlegette,Xavier Legette,CAR,panel_gsis_to_nflverse_players,1.0,False,False,nflverse players + annual rosters; panel GSIS preferred,ESPN:QUESTIONABLE|NFLVERSE:ACT,QUESTIONABLE,,,False,False,False,,,uncertain_pending_official_week1_report,,,https://lm-api-reads.fantasy.espn.com/apis/v3/games/ffl/seasons/2026/segments/0/leaguedefaults/1?view=kona_player_info,https://github.com/nflverse/nflverse-data/releases/download/players/players.csv|https://github.com/nflverse/nflverse-data/releases/download/rosters/roster_2026.csv,2026-08-31,2026-08-31T23:22:51.244996+00:00,medium_pre_week1_designation,False,True,Current overlay only; no production games adjustment or historical-table insertion is authorized.,327,170.72,True,high_exact_espn_id_to_gsis_id,blank/NA means unknown or not present; never interpret as numeric zero
00-0037741,00-0037741,4361409,,Jahan Dotson,WR,ATL,espn_id_to_nflverse_gsis,1.0,False,False,ESPN Market Freeze origin/codex/espn-market-freeze-2026-08-31 + nflverse players,espn_2026_candidate_20260831T214508Z_6e169d4c54c0,,unresolved,False,False,jahandotson,Jahan Dotson,PHI,panel_gsis_to_nflverse_players,1.0,False,False,nflverse players + annual rosters; panel GSIS preferred,,,,,,,,,,,,,,,,,,,,,,,False,high_exact_espn_id_to_gsis_id,blank/NA means unknown or not present; never interpret as numeric zero
00-0038618,00-0038618,4686422,,Xavier Hutchinson,WR,HOU,espn_id_to_nflverse_gsis,1.0,False,False,ESPN Market Freeze origin/codex/espn-market-freeze-2026-08-31 + nflverse players,espn_2026_candidate_20260831T214508Z_6e169d4c54c0,,unresolved,False,False,xavierhutchinson,Xavier Hutchinson,HOU,panel_gsis_to_nflverse_players,1.0,False,False,nflverse players + annual rosters; panel GSIS preferred,,,,,,,,,,,,,,,,,,,,,,,False,high_exact_espn_id_to_gsis_id,blank/NA means unknown or not present; never interpret as numeric zero
00-0037666,00-0037666,4249417,,Jalen Tolbert,WR,MIA,espn_id_to_nflverse_gsis,1.0,False,False,ESPN Market Freeze origin/codex/espn-market-freeze-2026-08-31 + nflverse players,espn_2026_candidate_20260831T214508Z_6e169d4c54c0,,unresolved,False,False,jalentolbert,Jalen Tolbert,DAL,panel_gsis_to_nflverse_players,1.0,False,False,nflverse players + annual rosters; panel GSIS preferred,,,,,,,,,,,,,,,,,,,,,,,False,high_exact_espn_id_to_gsis_id,blank/NA means unknown or not present; never interpret as numeric zero
00-0041525,00-0041525,4869961,198,Chris Bell,WR,MIA,espn_id_to_nflverse_gsis,1.0,False,False,ESPN Market Freeze origin/codex/espn-market-freeze-2026-08-31 + nflverse players,espn_2026_candidate_20260831T214508Z_6e169d4c54c0,draft-command:198,exact stable-ID match,False,False,,,,,,,,,,,,,,,,,,,,,,,,,,,,,,,False,high_exact_espn_id_to_gsis_id,blank/NA means unknown or not present; never interpret as numeric zero
00-0038621,00-0038621,4427095,,DeMario Douglas,WR,NE,espn_id_to_nflverse_gsis,1.0,False,False,ESPN Market Freeze origin/codex/espn-market-freeze-2026-08-31 + nflverse players,espn_2026_candidate_20260831T214508Z_6e169d4c54c0,,unresolved,False,False,demariodouglas,DeMario Douglas,NE,panel_gsis_to_nflverse_players,1.0,False,False,nflverse players + annual rosters; panel GSIS preferred,,,,,,,,,,,,,,,,,,,,,,,False,high_exact_espn_id_to_gsis_id,blank/NA means unknown or not present; never interpret as numeric zero
00-0035535,00-0035535,3916945,,Darius Slayton,WR,NYG,espn_id_to_nflverse_gsis,1.0,False,False,ESPN Market Freeze origin/codex/espn-market-freeze-2026-08-31 + nflverse players,espn_2026_candidate_20260831T214508Z_6e169d4c54c0,,unresolved,False,False,dariusslayton,Darius Slayton,NYG,panel_gsis_to_nflverse_players,1.0,False,False,nflverse players + annual rosters; panel GSIS preferred,,,,,,,,,,,,,,,,,,,,,,,False,high_exact_espn_id_to_gsis_id,blank/NA means unknown or not present; never interpret as numeric zero
00-0038685,00-0038685,3149687,,Chris Brooks,RB,GB,espn_id_to_nflverse_gsis,1.0,False,False,ESPN Market Freeze origin/codex/espn-market-freeze-2026-08-31 + nflverse players,espn_2026_candidate_20260831T214508Z_6e169d4c54c0,,unresolved,False,False,chrisbrooks,Chris Brooks,GB,panel_gsis_to_nflverse_players,1.0,False,False,nflverse players + annual rosters; panel GSIS preferred,,,,,,,,,,,,,,,,,,,,,,,False,high_exact_espn_id_to_gsis_id,blank/NA means unknown or not present; never interpret as numeric zero
00-0041013,00-0041013,4832955,184,Emmett Johnson,RB,KC,espn_id_to_nflverse_gsis,1.0,False,False,ESPN Market Freeze origin/codex/espn-market-freeze-2026-08-31 + nflverse players,espn_2026_candidate_20260831T214508Z_6e169d4c54c0,draft-command:184,exact stable-ID match,False,False,,,,,,,,,,,,,,,,,,,,,,,,,,,,,,,False,high_exact_espn_id_to_gsis_id,blank/NA means unknown or not present; never interpret as numeric zero
00-0039798,00-0039798,4695404,,Isaiah Davis,RB,NYJ,espn_id_to_nflverse_gsis,1.0,False,False,ESPN Market Freeze origin/codex/espn-market-freeze-2026-08-31 + nflverse players,espn_2026_candidate_20260831T214508Z_6e169d4c54c0,,unresolved,False,False,isaiahdavis,Isaiah Davis,NYJ,panel_gsis_to_nflverse_players,1.0,False,False,nflverse players + annual rosters; panel GSIS preferred,ESPN:QUESTIONABLE|NFLVERSE:ACT,QUESTIONABLE,,,False,False,False,,,uncertain_pending_official_week1_report,,,https://lm-api-reads.fantasy.espn.com/apis/v3/games/ffl/seasons/2026/segments/0/leaguedefaults/1?view=kona_player_info,https://github.com/nflverse/nflverse-data/releases/download/players/players.csv|https://github.com/nflverse/nflverse-data/releases/download/rosters/roster_2026.csv,2026-08-31,2026-08-31T23:22:51.244996+00:00,medium_pre_week1_designation,False,True,Current overlay only; no production games adjustment or historical-table insertion is authorized.,343,170.58,True,high_exact_espn_id_to_gsis_id,blank/NA means unknown or not present; never interpret as numeric zero
00-0040238,00-0040238,4911851,,LeQuint Allen Jr.,RB,JAX,espn_id_to_nflverse_gsis,1.0,False,False,ESPN Market Freeze origin/codex/espn-market-freeze-2026-08-31 + nflverse players,espn_2026_candidate_20260831T214508Z_6e169d4c54c0,,unresolved,False,False,lequintallen,LeQuint Allen Jr.,JAC,panel_gsis_to_nflverse_players,1.0,False,False,nflverse players + annual rosters; panel GSIS preferred,ESPN:QUESTIONABLE|NFLVERSE:ACT,QUESTIONABLE,,,False,False,False,,,uncertain_pending_official_week1_report,,,https://lm-api-reads.fantasy.espn.com/apis/v3/games/ffl/seasons/2026/segments/0/leaguedefaults/1?view=kona_player_info,https://github.com/nflverse/nflverse-data/releases/download/players/players.csv|https://github.com/nflverse/nflverse-data/releases/download/rosters/roster_2026.csv,2026-08-31,2026-08-31T23:22:51.244996+00:00,medium_pre_week1_designation,False,True,Current overlay only; no production games adjustment or historical-table insertion is authorized.,344,170.33,True,high_exact_espn_id_to_gsis_id,blank/NA means unknown or not present; never interpret as numeric zero
00-0039299,00-0039299,4429835,,George Holani,RB,SEA,espn_id_to_nflverse_gsis,1.0,False,False,ESPN Market Freeze origin/codex/espn-market-freeze-2026-08-31 + nflverse players,espn_2026_candidate_20260831T214508Z_6e169d4c54c0,,unresolved,False,False,georgeholani,George Holani,SEA,panel_gsis_to_nflverse_players,1.0,False,False,nflverse players + annual rosters; panel GSIS preferred,,,,,,,,,,,,,,,,,,,,,,,False,high_exact_espn_id_to_gsis_id,blank/NA means unknown or not present; never interpret as numeric zero
00-0039384,00-0039384,4360516,195,Tyrone Tracy Jr.,RB,NYG,espn_id_to_nflverse_gsis,1.0,False,False,ESPN Market Freeze origin/codex/espn-market-freeze-2026-08-31 + nflverse players,espn_2026_candidate_20260831T214508Z_6e169d4c54c0,draft-command:195,exact stable-ID match,False,False,tyronetracy,Tyrone Tracy Jr.,NYG,panel_gsis_to_nflverse_players,1.0,False,False,nflverse players + annual rosters; panel GSIS preferred,ESPN:QUESTIONABLE|NFLVERSE:ACT,QUESTIONABLE,,,False,False,False,,,uncertain_pending_official_week1_report,,,https://lm-api-reads.fantasy.espn.com/apis/v3/games/ffl/seasons/2026/segments/0/leaguedefaults/1?view=kona_player_info,https://github.com/nflverse/nflverse-data/releases/download/players/players.csv|https://github.com/nflverse/nflverse-data/releases/download/rosters/roster_2026.csv,2026-08-31,2026-08-31T23:22:51.244996+00:00,medium_pre_week1_designation,False,True,Current overlay only; no production games adjustment or historical-table insertion is authorized.,346,170.34,True,high_exact_espn_id_to_gsis_id,blank/NA means unknown or not present; never interpret as numeric zero
00-0038951,00-0038951,4430871,,Sean Tucker,RB,TB,espn_id_to_nflverse_gsis,1.0,False,False,ESPN Market Freeze origin/codex/espn-market-freeze-2026-08-31 + nflverse players,espn_2026_candidate_20260831T214508Z_6e169d4c54c0,,unresolved,False,False,seantucker,Sean Tucker,TB,panel_gsis_to_nflverse_players,1.0,False,False,nflverse players + annual rosters; panel GSIS preferred,,,,,,,,,,,,,,,,,,,,,,,False,high_exact_espn_id_to_gsis_id,blank/NA means unknown or not present; never interpret as numeric zero
00-0041125,00-0041125,4686468,,Seth McGowan,RB,IND,espn_id_to_nflverse_gsis,1.0,False,False,ESPN Market Freeze origin/codex/espn-market-freeze-2026-08-31 + nflverse players,espn_2026_candidate_20260831T214508Z_6e169d4c54c0,,unresolved,False,False,,,,,,,,,,,,,,,,,,,,,,,,,,,,,,,False,high_exact_espn_id_to_gsis_id,blank/NA means unknown or not present; never interpret as numeric zero
00-0040177,00-0040177,4685397,,Jordan James,RB,SF,espn_id_to_nflverse_gsis,1.0,False,False,ESPN Market Freeze origin/codex/espn-market-freeze-2026-08-31 + nflverse players,espn_2026_candidate_20260831T214508Z_6e169d4c54c0,,unresolved,False,False,jordanjames,Jordan James,SF,panel_gsis_to_nflverse_players,1.0,False,False,nflverse players + annual rosters; panel GSIS preferred,,,,,,,,,,,,,,,,,,,,,,,False,high_exact_espn_id_to_gsis_id,blank/NA means unknown or not present; never interpret as numeric zero
00-0039746,00-0039746,4431545,,Will Shipley,RB,PHI,espn_id_to_nflverse_gsis,1.0,False,False,ESPN Market Freeze origin/codex/espn-market-freeze-2026-08-31 + nflverse players,espn_2026_candidate_20260831T214508Z_6e169d4c54c0,,unresolved,False,False,willshipley,Will Shipley,PHI,panel_gsis_to_nflverse_players,1.0,False,False,nflverse players + annual rosters; panel GSIS preferred,,,,,,,,,,,,,,,,,,,,,,,False,high_exact_espn_id_to_gsis_id,blank/NA means unknown or not present; never interpret as numeric zero
00-0038896,00-0038896,4383429,,Jacob Saylors,RB,DET,espn_id_to_nflverse_gsis,1.0,False,False,ESPN Market Freeze origin/codex/espn-market-freeze-2026-08-31 + nflverse players,espn_2026_candidate_20260831T214508Z_6e169d4c54c0,,unresolved,False,False,jacobsaylors,Jacob Saylors,DET,panel_gsis_to_nflverse_players,1.0,False,False,nflverse players + annual rosters; panel GSIS preferred,,,,,,,,,,,,,,,,,,,,,,,False,high_exact_espn_id_to_gsis_id,blank/NA means unknown or not present; never interpret as numeric zero
00-0040886,00-0040886,4685555,196,Nicholas Singleton,RB,TEN,espn_id_to_nflverse_gsis,1.0,False,False,ESPN Market Freeze origin/codex/espn-market-freeze-2026-08-31 + nflverse players,espn_2026_candidate_20260831T214508Z_6e169d4c54c0,draft-command:196,exact stable-ID match,False,False,,,,,,,,,,,,,,,,,,,,,,,,,,,,,,,False,high_exact_espn_id_to_gsis_id,blank/NA means unknown or not present; never interpret as numeric zero
00-0038551,00-0038551,4599739,,Kendre Miller,RB,NO,espn_id_to_nflverse_gsis,1.0,False,False,ESPN Market Freeze origin/codex/espn-market-freeze-2026-08-31 + nflverse players,espn_2026_candidate_20260831T214508Z_6e169d4c54c0,,unresolved,False,False,kendremiller,Kendre Miller,NO,panel_gsis_to_nflverse_players,1.0,False,False,nflverse players + annual rosters; panel GSIS preferred,,,,,,,,,,,,,,,,,,,,,,,False,high_exact_espn_id_to_gsis_id,blank/NA means unknown or not present; never interpret as numeric zero
00-0041040,00-0041040,5081432,,Antonio Williams,WR,WAS,espn_id_to_nflverse_gsis,1.0,False,False,ESPN Market Freeze origin/codex/espn-market-freeze-2026-08-31 + nflverse players,espn_2026_candidate_20260831T214508Z_6e169d4c54c0,,unresolved,False,False,,,,,,,,,,,,,,,,,,,,,,,,,,,,,,,False,high_exact_espn_id_to_gsis_id,blank/NA means unknown or not present; never interpret as numeric zero
00-0038104,00-0038104,4362921,,Tyquan Thornton,WR,KC,espn_id_to_nflverse_gsis,1.0,False,False,ESPN Market Freeze origin/codex/espn-market-freeze-2026-08-31 + nflverse players,espn_2026_candidate_20260831T214508Z_6e169d4c54c0,,unresolved,False,False,tyquanthornton,Tyquan Thornton,KC,panel_gsis_to_nflverse_players,1.0,False,False,nflverse players + annual rosters; panel GSIS preferred,,,,,,,,,,,,,,,,,,,,,,,False,high_exact_espn_id_to_gsis_id,blank/NA means unknown or not present; never interpret as numeric zero
00-0037252,00-0037252,4367209,185,Greg Dulcich,TE,MIA,espn_id_to_nflverse_gsis,1.0,False,False,ESPN Market Freeze origin/codex/espn-market-freeze-2026-08-31 + nflverse players,espn_2026_candidate_20260831T214508Z_6e169d4c54c0,draft-command:185,exact stable-ID match,False,False,gregdulcich,Greg Dulcich,MIA,panel_gsis_to_nflverse_players,1.0,False,False,nflverse players + annual rosters; panel GSIS preferred,,,,,,,,,,,,,,,,,,,,,,,False,high_exact_espn_id_to_gsis_id,blank/NA means unknown or not present; never interpret as numeric zero
00-0031610,00-0031610,2576925,,Darren Waller,TE,CAR,espn_id_to_nflverse_gsis,1.0,False,False,ESPN Market Freeze origin/codex/espn-market-freeze-2026-08-31 + nflverse players,espn_2026_candidate_20260831T214508Z_6e169d4c54c0,,unresolved,False,False,darrenwaller,Darren Waller,MIA,panel_gsis_to_nflverse_players,1.0,False,False,nflverse players + annual rosters; panel GSIS preferred,,,,,,,,,,,,,,,,,,,,,,,False,high_exact_espn_id_to_gsis_id,blank/NA means unknown or not present; never interpret as numeric zero
00-0038129,00-0038129,4243331,,Cade Otton,TE,TB,espn_id_to_nflverse_gsis,1.0,False,False,ESPN Market Freeze origin/codex/espn-market-freeze-2026-08-31 + nflverse players,espn_2026_candidate_20260831T214508Z_6e169d4c54c0,,unresolved,False,False,cadeotton,Cade Otton,TB,panel_gsis_to_nflverse_players,1.0,False,False,nflverse players + annual rosters; panel GSIS preferred,,,,,,,,,,,,,,,,,,,,,,,False,high_exact_espn_id_to_gsis_id,blank/NA means unknown or not present; never interpret as numeric zero
00-0039901,00-0039901,4635008,,Keon Coleman,WR,BUF,espn_id_to_nflverse_gsis,1.0,False,False,ESPN Market Freeze origin/codex/espn-market-freeze-2026-08-31 + nflverse players,espn_2026_candidate_20260831T214508Z_6e169d4c54c0,,unresolved,False,False,keoncoleman,Keon Coleman,BUF,panel_gsis_to_nflverse_players,1.0,False,False,nflverse players + annual rosters; panel GSIS preferred,ESPN:QUESTIONABLE|NFLVERSE:ACT,QUESTIONABLE,,,False,False,False,,,uncertain_pending_official_week1_report,,,https://lm-api-reads.fantasy.espn.com/apis/v3/games/ffl/seasons/2026/segments/0/leaguedefaults/1?view=kona_player_info,https://github.com/nflverse/nflverse-data/releases/download/players/players.csv|https://github.com/nflverse/nflverse-data/releases/download/rosters/roster_2026.csv,2026-08-31,2026-08-31T23:22:51.244996+00:00,medium_pre_week1_designation,False,True,Current overlay only; no production games adjustment or historical-table insertion is authorized.,369,170.32,True,high_exact_espn_id_to_gsis_id,blank/NA means unknown or not present; never interpret as numeric zero
00-0040669,00-0040669,5123663,,Isaac TeSlaa,WR,DET,espn_id_to_nflverse_gsis,1.0,False,False,ESPN Market Freeze origin/codex/espn-market-freeze-2026-08-31 + nflverse players,espn_2026_candidate_20260831T214508Z_6e169d4c54c0,,unresolved,False,False,isaacteslaa,Isaac TeSlaa,DET,panel_gsis_to_nflverse_players,1.0,False,False,nflverse players + annual rosters; panel GSIS preferred,,,,,,,,,,,,,,,,,,,,,,,False,high_exact_espn_id_to_gsis_id,blank/NA means unknown or not present; never interpret as numeric zero
00-0040134,00-0040134,4600981,176,Pat Bryant,WR,DEN,espn_id_to_nflverse_gsis,1.0,False,False,ESPN Market Freeze origin/codex/espn-market-freeze-2026-08-31 + nflverse players,espn_2026_candidate_20260831T214508Z_6e169d4c54c0,draft-command:176,exact stable-ID match,False,False,patbryant,Pat Bryant,DEN,panel_gsis_to_nflverse_players,1.0,False,False,nflverse players + annual rosters; panel GSIS preferred,,,,,,,,,,,,,,,,,,,,,,,False,high_exact_espn_id_to_gsis_id,blank/NA means unknown or not present; never interpret as numeric zero
00-0038976,00-0038976,4686472,,Marvin Mims Jr.,WR,DEN,espn_id_to_nflverse_gsis,1.0,False,False,ESPN Market Freeze origin/codex/espn-market-freeze-2026-08-31 + nflverse players,espn_2026_candidate_20260831T214508Z_6e169d4c54c0,,unresolved,False,False,marvinmims,Marvin Mims Jr.,DEN,panel_gsis_to_nflverse_players,1.0,False,False,nflverse players + annual rosters; panel GSIS preferred,ESPN:QUESTIONABLE|NFLVERSE:ACT,QUESTIONABLE,,,False,False,False,,,uncertain_pending_official_week1_report,,,https://lm-api-reads.fantasy.espn.com/apis/v3/games/ffl/seasons/2026/segments/0/leaguedefaults/1?view=kona_player_info,https://github.com/nflverse/nflverse-data/releases/download/players/players.csv|https://github.com/nflverse/nflverse-data/releases/download/rosters/roster_2026.csv,2026-08-31,2026-08-31T23:22:51.244996+00:00,medium_pre_week1_designation,False,True,Current overlay only; no production games adjustment or historical-table insertion is authorized.,372,170.16,True,high_exact_espn_id_to_gsis_id,blank/NA means unknown or not present; never interpret as numeric zero
00-0040208,00-0040208,4429299,,Tahj Brooks,RB,CIN,espn_id_to_nflverse_gsis,1.0,False,False,ESPN Market Freeze origin/codex/espn-market-freeze-2026-08-31 + nflverse players,espn_2026_candidate_20260831T214508Z_6e169d4c54c0,,unresolved,False,False,tahjbrooks,Tahj Brooks,CIN,panel_gsis_to_nflverse_players,1.0,False,False,nflverse players + annual rosters; panel GSIS preferred,,,,,,,,,,,,,,,,,,,,,,,False,high_exact_espn_id_to_gsis_id,blank/NA means unknown or not present; never interpret as numeric zero
00-0041104,00-0041104,4832846,,Demond Claiborne,RB,MIN,espn_id_to_nflverse_gsis,1.0,False,False,ESPN Market Freeze origin/codex/espn-market-freeze-2026-08-31 + nflverse players,espn_2026_candidate_20260831T214508Z_6e169d4c54c0,,unresolved,False,False,,,,,,,,,,,,,,,,,,,,,,,,,,,,,,,False,high_exact_espn_id_to_gsis_id,blank/NA means unknown or not present; never interpret as numeric zero
00-0030565,00-0030565,15864,,Geno Smith,QB,NYJ,espn_id_to_nflverse_gsis,1.0,False,False,ESPN Market Freeze origin/codex/espn-market-freeze-2026-08-31 + nflverse players,espn_2026_candidate_20260831T214508Z_6e169d4c54c0,,unresolved,False,False,genosmith,Geno Smith,LV,panel_gsis_to_nflverse_players,1.0,False,False,nflverse players + annual rosters; panel GSIS preferred,,,,,,,,,,,,,,,,,,,,,,,False,high_exact_espn_id_to_gsis_id,blank/NA means unknown or not present; never interpret as numeric zero
00-0041562,00-0041562,4837248,,Fernando Mendoza,QB,LV,espn_id_to_nflverse_gsis,1.0,False,False,ESPN Market Freeze origin/codex/espn-market-freeze-2026-08-31 + nflverse players,espn_2026_candidate_20260831T214508Z_6e169d4c54c0,,unresolved,False,False,,,,,,,,,,,,,,,,,,,,,,,,,,,,,,,False,high_exact_espn_id_to_gsis_id,blank/NA means unknown or not present; never interpret as numeric zero
00-0023459,00-0023459,8439,,Aaron Rodgers,QB,PIT,espn_id_to_nflverse_gsis,1.0,False,False,ESPN Market Freeze origin/codex/espn-market-freeze-2026-08-31 + nflverse players,espn_2026_candidate_20260831T214508Z_6e169d4c54c0,,unresolved,False,False,aaronrodgers,Aaron Rodgers,PIT,panel_gsis_to_nflverse_players,1.0,False,False,nflverse players + annual rosters; panel GSIS preferred,,,,,,,,,,,,,,,,,,,,,,,False,high_exact_espn_id_to_gsis_id,blank/NA means unknown or not present; never interpret as numeric zero
00-0033537,00-0033537,3122840,,Deshaun Watson,QB,CLE,espn_id_to_nflverse_gsis,1.0,False,False,ESPN Market Freeze origin/codex/espn-market-freeze-2026-08-31 + nflverse players,espn_2026_candidate_20260831T214508Z_6e169d4c54c0,,unresolved,False,False,deshaunwatson,Deshaun Watson,CLE,panel_gsis_to_nflverse_players,1.0,False,False,nflverse players + annual rosters; panel GSIS preferred,,,,,,,,,,,,,,,,,,,,,,,False,high_exact_espn_id_to_gsis_id,blank/NA means unknown or not present; never interpret as numeric zero
00-0038619,00-0038619,4368003,,Andrei Iosivas,WR,CIN,espn_id_to_nflverse_gsis,1.0,False,False,ESPN Market Freeze origin/codex/espn-market-freeze-2026-08-31 + nflverse players,espn_2026_candidate_20260831T214508Z_6e169d4c54c0,,unresolved,False,False,andreiiosivas,Andrei Iosivas,CIN,panel_gsis_to_nflverse_players,1.0,False,False,nflverse players + annual rosters; panel GSIS preferred,,,,,,,,,,,,,,,,,,,,,,,False,high_exact_espn_id_to_gsis_id,blank/NA means unknown or not present; never interpret as numeric zero
00-0041529,00-0041529,4685307,,Kevin Coleman Jr.,WR,MIA,espn_id_to_nflverse_gsis,1.0,False,False,ESPN Market Freeze origin/codex/espn-market-freeze-2026-08-31 + nflverse players,espn_2026_candidate_20260831T214508Z_6e169d4c54c0,,unresolved,False,False,,,,,,,,,,,,,,,,,,,,,,,,,,,,,,,False,high_exact_espn_id_to_gsis_id,blank/NA means unknown or not present; never interpret as numeric zero
00-0037801,00-0037801,3676833,,KaVontae Turpin,WR,DAL,espn_id_to_nflverse_gsis,1.0,False,False,ESPN Market Freeze origin/codex/espn-market-freeze-2026-08-31 + nflverse players,espn_2026_candidate_20260831T214508Z_6e169d4c54c0,,unresolved,False,False,kavontaeturpin,KaVontae Turpin,DAL,panel_gsis_to_nflverse_players,1.0,False,False,nflverse players + annual rosters; panel GSIS preferred,,,,,,,,,,,,,,,,,,,,,,,False,high_exact_espn_id_to_gsis_id,blank/NA means unknown or not present; never interpret as numeric zero
00-0040729,00-0040729,4603186,,Jack Bech,WR,LV,espn_id_to_nflverse_gsis,1.0,False,False,ESPN Market Freeze origin/codex/espn-market-freeze-2026-08-31 + nflverse players,espn_2026_candidate_20260831T214508Z_6e169d4c54c0,,unresolved,False,False,jackbech,Jack Bech,LV,panel_gsis_to_nflverse_players,1.0,False,False,nflverse players + annual rosters; panel GSIS preferred,,,,,,,,,,,,,,,,,,,,,,,False,high_exact_espn_id_to_gsis_id,blank/NA means unknown or not present; never interpret as numeric zero
00-0040648,00-0040648,4597703,,Tory Horton,WR,SEA,espn_id_to_nflverse_gsis,1.0,False,False,ESPN Market Freeze origin/codex/espn-market-freeze-2026-08-31 + nflverse players,espn_2026_candidate_20260831T214508Z_6e169d4c54c0,,unresolved,False,False,toryhorton,Tory Horton,SEA,panel_gsis_to_nflverse_players,1.0,False,False,nflverse players + annual rosters; panel GSIS preferred,ESPN:QUESTIONABLE|NFLVERSE:ACT,QUESTIONABLE,,,False,False,False,,,uncertain_pending_official_week1_report,,,https://lm-api-reads.fantasy.espn.com/apis/v3/games/ffl/seasons/2026/segments/0/leaguedefaults/1?view=kona_player_info,https://github.com/nflverse/nflverse-data/releases/download/players/players.csv|https://github.com/nflverse/nflverse-data/releases/download/rosters/roster_2026.csv,2026-08-31,2026-08-31T23:22:51.244996+00:00,medium_pre_week1_designation,False,True,Current overlay only; no production games adjustment or historical-table insertion is authorized.,395,170.21,True,high_exact_espn_id_to_gsis_id,blank/NA means unknown or not present; never interpret as numeric zero
00-0039796,00-0039796,4690013,,Rasheen Ali,RB,BAL,espn_id_to_nflverse_gsis,1.0,False,False,ESPN Market Freeze origin/codex/espn-market-freeze-2026-08-31 + nflverse players,espn_2026_candidate_20260831T214508Z_6e169d4c54c0,,unresolved,False,False,rasheenali,Rasheen Ali,BAL,panel_gsis_to_nflverse_players,1.0,False,False,nflverse players + annual rosters; panel GSIS preferred,,,,,,,,,,,,,,,,,,,,,,,False,high_exact_espn_id_to_gsis_id,blank/NA means unknown or not present; never interpret as numeric zero
00-0041096,00-0041096,4685246,199,Kaytron Allen,RB,WAS,espn_id_to_nflverse_gsis,1.0,False,False,ESPN Market Freeze origin/codex/espn-market-freeze-2026-08-31 + nflverse players,espn_2026_candidate_20260831T214508Z_6e169d4c54c0,draft-command:199,exact stable-ID match,False,False,,,,,,,,,,,,,,,,,,,,,,,,,,,,,,,False,high_exact_espn_id_to_gsis_id,blank/NA means unknown or not present; never interpret as numeric zero
00-0040179,00-0040179,4874509,,DJ Giddens,RB,IND,espn_id_to_nflverse_gsis,1.0,False,False,ESPN Market Freeze origin/codex/espn-market-freeze-2026-08-31 + nflverse players,espn_2026_candidate_20260831T214508Z_6e169d4c54c0,,unresolved,False,False,djgiddens,DJ Giddens,IND,panel_gsis_to_nflverse_players,1.0,False,False,nflverse players + annual rosters; panel GSIS preferred,,,,,,,,,,,,,,,,,,,,,,,False,high_exact_espn_id_to_gsis_id,blank/NA means unknown or not present; never interpret as numeric zero
00-0038797,00-0038797,4887558,,Emanuel Wilson,RB,SEA,espn_id_to_nflverse_gsis,1.0,False,False,ESPN Market Freeze origin/codex/espn-market-freeze-2026-08-31 + nflverse players,espn_2026_candidate_20260831T214508Z_6e169d4c54c0,,unresolved,False,False,emanuelwilson,Emanuel Wilson,GB,panel_gsis_to_nflverse_players,1.0,False,False,nflverse players + annual rosters; panel GSIS preferred,ESPN:QUESTIONABLE|NFLVERSE:ACT,QUESTIONABLE,,,False,False,False,,,uncertain_pending_official_week1_report,,,https://lm-api-reads.fantasy.espn.com/apis/v3/games/ffl/seasons/2026/segments/0/leaguedefaults/1?view=kona_player_info,https://github.com/nflverse/nflverse-data/releases/download/players/players.csv|https://github.com/nflverse/nflverse-data/releases/download/rosters/roster_2026.csv,2026-08-31,2026-08-31T23:22:51.244996+00:00,medium_pre_week1_designation,False,True,Current overlay only; no production games adjustment or historical-table insertion is authorized.,399,170.21,True,high_exact_espn_id_to_gsis_id,blank/NA means unknown or not present; never interpret as numeric zero
00-0040142,00-0040142,4819231,,Kaleb Johnson,RB,GB,espn_id_to_nflverse_gsis,1.0,False,False,ESPN Market Freeze origin/codex/espn-market-freeze-2026-08-31 + nflverse players,espn_2026_candidate_20260831T214508Z_6e169d4c54c0,,unresolved,False,False,kalebjohnson,Kaleb Johnson,PIT,panel_gsis_to_nflverse_players,1.0,False,False,nflverse players + annual rosters; panel GSIS preferred,,,,,,,,,,,,,,,,,,,,,,,False,high_exact_espn_id_to_gsis_id,blank/NA means unknown or not present; never interpret as numeric zero
00-0036842,00-0036842,4035537,,Kene Nwangwu,RB,NYJ,espn_id_to_nflverse_gsis,1.0,False,False,ESPN Market Freeze origin/codex/espn-market-freeze-2026-08-31 + nflverse players,espn_2026_candidate_20260831T214508Z_6e169d4c54c0,,unresolved,False,False,kenenwangwu,Kene Nwangwu,NYJ,panel_gsis_to_nflverse_players,1.0,False,False,nflverse players + annual rosters; panel GSIS preferred,,,,,,,,,,,,,,,,,,,,,,,False,high_exact_espn_id_to_gsis_id,blank/NA means unknown or not present; never interpret as numeric zero
00-0037157,00-0037157,4427728,,Bam Knight,RB,ARI,espn_id_to_nflverse_gsis,1.0,False,False,ESPN Market Freeze origin/codex/espn-market-freeze-2026-08-31 + nflverse players,espn_2026_candidate_20260831T214508Z_6e169d4c54c0,,unresolved,False,False,zonovanknight,Zonovan Knight,ARI,panel_gsis_to_nflverse_players,1.0,False,False,nflverse players + annual rosters; panel GSIS preferred,,,,,,,,,,,,,,,,,,,,,,,False,high_exact_espn_id_to_gsis_id,blank/NA means unknown or not present; never interpret as numeric zero
00-0039364,00-0039364,4912274,,Sione Vaki,RB,DET,espn_id_to_nflverse_gsis,1.0,False,False,ESPN Market Freeze origin/codex/espn-market-freeze-2026-08-31 + nflverse players,espn_2026_candidate_20260831T214508Z_6e169d4c54c0,,unresolved,False,False,sionevaki,Sione Vaki,DET,panel_gsis_to_nflverse_players,1.0,False,False,nflverse players + annual rosters; panel GSIS preferred,,,,,,,,,,,,,,,,,,,,,,,False,high_exact_espn_id_to_gsis_id,blank/NA means unknown or not present; never interpret as numeric zero
00-0041048,00-0041048,5220680,,Ted Hurst III,WR,TB,espn_id_to_nflverse_gsis,1.0,False,False,ESPN Market Freeze origin/codex/espn-market-freeze-2026-08-31 + nflverse players,espn_2026_candidate_20260831T214508Z_6e169d4c54c0,,unresolved,False,False,,,,,,,,,,,,,,,,,,,,,,,,,,,,,,,False,high_exact_espn_id_to_gsis_id,blank/NA means unknown or not present; never interpret as numeric zero
00-0033881,00-0033881,3051876,,Evan Engram,TE,DEN,espn_id_to_nflverse_gsis,1.0,False,False,ESPN Market Freeze origin/codex/espn-market-freeze-2026-08-31 + nflverse players,espn_2026_candidate_20260831T214508Z_6e169d4c54c0,,unresolved,False,False,evanengram,Evan Engram,DEN,panel_gsis_to_nflverse_players,1.0,False,False,nflverse players + annual rosters; panel GSIS preferred,,,,,,,,,,,,,,,,,,,,,,,False,high_exact_espn_id_to_gsis_id,blank/NA means unknown or not present; never interpret as numeric zero
00-0033885,00-0033885,3123076,,David Njoku,TE,LAC,espn_id_to_nflverse_gsis,1.0,False,False,ESPN Market Freeze origin/codex/espn-market-freeze-2026-08-31 + nflverse players,espn_2026_candidate_20260831T214508Z_6e169d4c54c0,,unresolved,False,False,davidnjoku,David Njoku,CLE,panel_gsis_to_nflverse_players,1.0,False,False,nflverse players + annual rosters; panel GSIS preferred,,,,,,,,,,,,,,,,,,,,,,,False,high_exact_espn_id_to_gsis_id,blank/NA means unknown or not present; never interpret as numeric zero
00-0040189,00-0040189,4595342,,Oronde Gadsden,TE,LAC,espn_id_to_nflverse_gsis,1.0,False,False,ESPN Market Freeze origin/codex/espn-market-freeze-2026-08-31 + nflverse players,espn_2026_candidate_20260831T214508Z_6e169d4c54c0,,unresolved,False,False,orondegadsden,Oronde Gadsden II,LAC,panel_gsis_to_nflverse_players,1.0,False,False,nflverse players + annual rosters; panel GSIS preferred,,,,,,,,,,,,,,,,,,,,,,,False,high_exact_espn_id_to_gsis_id,blank/NA means unknown or not present; never interpret as numeric zero
00-0034829,00-0034829,3116164,,Mike Gesicki,TE,CIN,espn_id_to_nflverse_gsis,1.0,False,False,ESPN Market Freeze origin/codex/espn-market-freeze-2026-08-31 + nflverse players,espn_2026_candidate_20260831T214508Z_6e169d4c54c0,,unresolved,False,False,mikegesicki,Mike Gesicki,CIN,panel_gsis_to_nflverse_players,1.0,False,False,nflverse players + annual rosters; panel GSIS preferred,,,,,,,,,,,,,,,,,,,,,,,False,high_exact_espn_id_to_gsis_id,blank/NA means unknown or not present; never interpret as numeric zero
00-0039066,00-0039066,4429086,,Michael Mayer,TE,LV,espn_id_to_nflverse_gsis,1.0,False,False,ESPN Market Freeze origin/codex/espn-market-freeze-2026-08-31 + nflverse players,espn_2026_candidate_20260831T214508Z_6e169d4c54c0,,unresolved,False,False,michaelmayer,Michael Mayer,LV,panel_gsis_to_nflverse_players,1.0,False,False,nflverse players + annual rosters; panel GSIS preferred,,,,,,,,,,,,,,,,,,,,,,,False,high_exact_espn_id_to_gsis_id,blank/NA means unknown or not present; never interpret as numeric zero
00-0036309,00-0036309,4040655,,Darnell Mooney,WR,NYG,espn_id_to_nflverse_gsis,1.0,False,False,ESPN Market Freeze origin/codex/espn-market-freeze-2026-08-31 + nflverse players,espn_2026_candidate_20260831T214508Z_6e169d4c54c0,,unresolved,False,False,darnellmooney,Darnell Mooney,ATL,panel_gsis_to_nflverse_players,1.0,False,False,nflverse players + annual rosters; panel GSIS preferred,,,,,,,,,,,,,,,,,,,,,,,False,high_exact_espn_id_to_gsis_id,blank/NA means unknown or not present; never interpret as numeric zero
00-0033555,00-0033555,2991662,,Mack Hollins,WR,NE,espn_id_to_nflverse_gsis,1.0,False,False,ESPN Market Freeze origin/codex/espn-market-freeze-2026-08-31 + nflverse players,espn_2026_candidate_20260831T214508Z_6e169d4c54c0,,unresolved,False,False,mackhollins,Mack Hollins,NE,panel_gsis_to_nflverse_players,1.0,False,False,nflverse players + annual rosters; panel GSIS preferred,,,,,,,,,,,,,,,,,,,,,,,False,high_exact_espn_id_to_gsis_id,blank/NA means unknown or not present; never interpret as numeric zero
00-0036212,00-0036212,4241479,,Tua Tagovailoa,QB,ATL,espn_id_to_nflverse_gsis,1.0,False,False,ESPN Market Freeze origin/codex/espn-market-freeze-2026-08-31 + nflverse players,espn_2026_candidate_20260831T214508Z_6e169d4c54c0,,unresolved,False,False,tuatagovailoa,Tua Tagovailoa,MIA,panel_gsis_to_nflverse_players,1.0,False,False,nflverse players + annual rosters; panel GSIS preferred,,,,,,,,,,,,,,,,,,,,,,,False,high_exact_espn_id_to_gsis_id,blank/NA means unknown or not present; never interpret as numeric zero
00-0040668,00-0040668,4432762,,Shedeur Sanders,QB,CLE,espn_id_to_nflverse_gsis,1.0,False,False,ESPN Market Freeze origin/codex/espn-market-freeze-2026-08-31 + nflverse players,espn_2026_candidate_20260831T214508Z_6e169d4c54c0,,unresolved,False,False,shedeursanders,Shedeur Sanders,CLE,panel_gsis_to_nflverse_players,1.0,False,False,nflverse players + annual rosters; panel GSIS preferred,,,,,,,,,,,,,,,,,,,,,,,False,high_exact_espn_id_to_gsis_id,blank/NA means unknown or not present; never interpret as numeric zero
00-0029604,00-0029604,14880,,Kirk Cousins,QB,LV,espn_id_to_nflverse_gsis,1.0,False,False,ESPN Market Freeze origin/codex/espn-market-freeze-2026-08-31 + nflverse players,espn_2026_candidate_20260831T214508Z_6e169d4c54c0,,unresolved,False,False,kirkcousins,Kirk Cousins,ATL,panel_gsis_to_nflverse_players,1.0,False,False,nflverse players + annual rosters; panel GSIS preferred,,,,,,,,,,,,,,,,,,,,,,,False,high_exact_espn_id_to_gsis_id,blank/NA means unknown or not present; never interpret as numeric zero
00-0039407,00-0039407,4366963,,Dylan Laube,RB,LV,espn_id_to_nflverse_gsis,1.0,False,False,ESPN Market Freeze origin/codex/espn-market-freeze-2026-08-31 + nflverse players,espn_2026_candidate_20260831T214508Z_6e169d4c54c0,,unresolved,False,False,dylanlaube,Dylan Laube,LV,panel_gsis_to_nflverse_players,1.0,False,False,nflverse players + annual rosters; panel GSIS preferred,,,,,,,,,,,,,,,,,,,,,,,False,high_exact_espn_id_to_gsis_id,blank/NA means unknown or not present; never interpret as numeric zero
00-0037085,00-0037085,4362748,,Tyler Badie,RB,DEN,espn_id_to_nflverse_gsis,1.0,False,False,ESPN Market Freeze origin/codex/espn-market-freeze-2026-08-31 + nflverse players,espn_2026_candidate_20260831T214508Z_6e169d4c54c0,,unresolved,False,False,tylerbadie,Tyler Badie,DEN,panel_gsis_to_nflverse_players,1.0,False,False,nflverse players + annual rosters; panel GSIS preferred,,,,,,,,,,,,,,,,,,,,,,,False,high_exact_espn_id_to_gsis_id,blank/NA means unknown or not present; never interpret as numeric zero
00-0040888,00-0040888,4685526,,Adam Randall,RB,BAL,espn_id_to_nflverse_gsis,1.0,False,False,ESPN Market Freeze origin/codex/espn-market-freeze-2026-08-31 + nflverse players,espn_2026_candidate_20260831T214508Z_6e169d4c54c0,,unresolved,False,False,,,,,,,,,ESPN:INJURY_RESERVE|NFLVERSE:ACT,INJURY_RESERVE,back; wrist/hand/finger,,False,False,True,,,unavailable,5_or_later_if_designated_to_return; otherwise unknown,,https://lm-api-reads.fantasy.espn.com/apis/v3/games/ffl/seasons/2026/segments/0/leaguedefaults/1?view=kona_player_info,https://github.com/nflverse/nflverse-data/releases/download/players/players.csv|https://github.com/nflverse/nflverse-data/releases/download/rosters/roster_2026.csv,2026-08-31,2026-08-31T23:22:51.244996+00:00,high_direct_status,False,True,Current overlay only; no production games adjustment or historical-table insertion is authorized.,434,170.33,True,high_exact_espn_id_to_gsis_id,blank/NA means unknown or not present; never interpret as numeric zero
00-0033553,00-0033553,3045147,,James Conner,RB,ARI,espn_id_to_nflverse_gsis,1.0,False,False,ESPN Market Freeze origin/codex/espn-market-freeze-2026-08-31 + nflverse players,espn_2026_candidate_20260831T214508Z_6e169d4c54c0,,unresolved,False,False,jamesconner,James Conner,ARI,panel_gsis_to_nflverse_players,1.0,False,False,nflverse players + annual rosters; panel GSIS preferred,ESPN:INJURY_RESERVE|NFLVERSE:ACT,INJURY_RESERVE,foot/toe; back,reported season-ending,False,False,True,,,unavailable,5_or_later_if_designated_to_return; otherwise unknown,,https://lm-api-reads.fantasy.espn.com/apis/v3/games/ffl/seasons/2026/segments/0/leaguedefaults/1?view=kona_player_info,https://github.com/nflverse/nflverse-data/releases/download/players/players.csv|https://github.com/nflverse/nflverse-data/releases/download/rosters/roster_2026.csv,2026-08-31,2026-08-31T23:22:51.244996+00:00,high_direct_status,False,True,Current overlay only; no production games adjustment or historical-table insertion is authorized.,435,170.16,True,high_exact_espn_id_to_gsis_id,blank/NA means unknown or not present; never interpret as numeric zero
00-0041490,00-0041490,5081508,,Eli Heidenreich,RB,PIT,espn_id_to_nflverse_gsis,1.0,False,False,ESPN Market Freeze origin/codex/espn-market-freeze-2026-08-31 + nflverse players,espn_2026_candidate_20260831T214508Z_6e169d4c54c0,,unresolved,False,False,,,,,,,,,,,,,,,,,,,,,,,,,,,,,,,False,high_exact_espn_id_to_gsis_id,blank/NA means unknown or not present; never interpret as numeric zero
00-0041129,00-0041129,4685477,,Jam Miller,RB,FA,espn_id_to_nflverse_gsis,1.0,False,False,ESPN Market Freeze origin/codex/espn-market-freeze-2026-08-31 + nflverse players,espn_2026_candidate_20260831T214508Z_6e169d4c54c0,,unresolved,False,False,,,,,,,,,ESPN:QUESTIONABLE|NFLVERSE:ACT,QUESTIONABLE,,,False,False,False,,,uncertain_pending_official_week1_report,,,https://lm-api-reads.fantasy.espn.com/apis/v3/games/ffl/seasons/2026/segments/0/leaguedefaults/1?view=kona_player_info,https://github.com/nflverse/nflverse-data/releases/download/players/players.csv|https://github.com/nflverse/nflverse-data/releases/download/rosters/roster_2026.csv,2026-08-31,2026-08-31T23:22:51.244996+00:00,medium_pre_week1_designation,False,True,Current overlay only; no production games adjustment or historical-table insertion is authorized.,437,169.99,True,high_exact_espn_id_to_gsis_id,blank/NA means unknown or not present; never interpret as numeric zero
00-0039921,00-0039921,4429275,,Trey Benson,RB,ARI,espn_id_to_nflverse_gsis,1.0,False,False,ESPN Market Freeze origin/codex/espn-market-freeze-2026-08-31 + nflverse players,espn_2026_candidate_20260831T214508Z_6e169d4c54c0,,unresolved,False,False,treybenson,Trey Benson,ARI,panel_gsis_to_nflverse_players,1.0,False,False,nflverse players + annual rosters; panel GSIS preferred,ESPN:INJURY_RESERVE|NFLVERSE:RES,INJURY_RESERVE,knee; back,return timeline discussed,False,False,True,,,unavailable,5_or_later_if_designated_to_return; otherwise unknown,,https://lm-api-reads.fantasy.espn.com/apis/v3/games/ffl/seasons/2026/segments/0/leaguedefaults/1?view=kona_player_info,https://github.com/nflverse/nflverse-data/releases/download/players/players.csv|https://github.com/nflverse/nflverse-data/releases/download/rosters/roster_2026.csv,2026-08-31,2026-08-31T23:22:51.244996+00:00,high_direct_status,False,True,Current overlay only; no production games adjustment or historical-table insertion is authorized.,438,169.97,True,high_exact_espn_id_to_gsis_id,blank/NA means unknown or not present; never interpret as numeric zero
00-0039917,00-0039917,4360423,,Michael Penix Jr.,QB,ATL,espn_id_to_nflverse_gsis,1.0,False,False,ESPN Market Freeze origin/codex/espn-market-freeze-2026-08-31 + nflverse players,espn_2026_candidate_20260831T214508Z_6e169d4c54c0,,unresolved,False,False,michaelpenix,Michael Penix Jr.,ATL,panel_gsis_to_nflverse_players,1.0,False,False,nflverse players + annual rosters; panel GSIS preferred,ESPN:QUESTIONABLE|NFLVERSE:ACT,QUESTIONABLE,,,False,False,False,,,uncertain_pending_official_week1_report,,,https://lm-api-reads.fantasy.espn.com/apis/v3/games/ffl/seasons/2026/segments/0/leaguedefaults/1?view=kona_player_info,https://github.com/nflverse/nflverse-data/releases/download/players/players.csv|https://github.com/nflverse/nflverse-data/releases/download/rosters/roster_2026.csv,2026-08-31,2026-08-31T23:22:51.244996+00:00,medium_pre_week1_designation,False,True,Current overlay only; no production games adjustment or historical-table insertion is authorized.,440,170.1,True,high_exact_espn_id_to_gsis_id,blank/NA means unknown or not present; never interpret as numeric zero
00-0037112,00-0037112,4259147,,Jake Tonges,TE,SF,espn_id_to_nflverse_gsis,1.0,False,False,ESPN Market Freeze origin/codex/espn-market-freeze-2026-08-31 + nflverse players,espn_2026_candidate_20260831T214508Z_6e169d4c54c0,,unresolved,False,False,jaketonges,Jake Tonges,SF,panel_gsis_to_nflverse_players,1.0,False,False,nflverse players + annual rosters; panel GSIS preferred,,,,,,,,,,,,,,,,,,,,,,,False,high_exact_espn_id_to_gsis_id,blank/NA means unknown or not present; never interpret as numeric zero
00-0036244,00-0036244,4242557,,Colby Parkinson,TE,LAR,espn_id_to_nflverse_gsis,1.0,False,False,ESPN Market Freeze origin/codex/espn-market-freeze-2026-08-31 + nflverse players,espn_2026_candidate_20260831T214508Z_6e169d4c54c0,,unresolved,False,False,colbyparkinson,Colby Parkinson,LA,panel_gsis_to_nflverse_players,1.0,False,False,nflverse players + annual rosters; panel GSIS preferred,,,,,,,,,,,,,,,,,,,,,,,False,high_exact_espn_id_to_gsis_id,blank/NA means unknown or not present; never interpret as numeric zero
00-0039814,00-0039814,4427834,,Erick All Jr.,TE,CIN,espn_id_to_nflverse_gsis,1.0,False,False,ESPN Market Freeze origin/codex/espn-market-freeze-2026-08-31 + nflverse players,espn_2026_candidate_20260831T214508Z_6e169d4c54c0,,unresolved,False,False,erickall,Erick All Jr.,CIN,panel_gsis_to_nflverse_players,1.0,False,False,nflverse players + annual rosters; panel GSIS preferred,,,,,,,,,,,,,,,,,,,,,,,False,high_exact_espn_id_to_gsis_id,blank/NA means unknown or not present; never interpret as numeric zero
00-0038558,00-0038558,4430802,,Darnell Washington,TE,PIT,espn_id_to_nflverse_gsis,1.0,False,False,ESPN Market Freeze origin/codex/espn-market-freeze-2026-08-31 + nflverse players,espn_2026_candidate_20260831T214508Z_6e169d4c54c0,,unresolved,False,False,darnellwashington,Darnell Washington,PIT,panel_gsis_to_nflverse_players,1.0,False,False,nflverse players + annual rosters; panel GSIS preferred,,,,,,,,,,,,,,,,,,,,,,,False,high_exact_espn_id_to_gsis_id,blank/NA means unknown or not present; never interpret as numeric zero
00-0039923,00-0039923,4433970,,J.J. McCarthy,QB,MIN,espn_id_to_nflverse_gsis,1.0,False,False,ESPN Market Freeze origin/codex/espn-market-freeze-2026-08-31 + nflverse players,espn_2026_candidate_20260831T214508Z_6e169d4c54c0,,unresolved,False,False,jjmccarthy,J.J. McCarthy,MIN,panel_gsis_to_nflverse_players,1.0,False,False,nflverse players + annual rosters; panel GSIS preferred,ESPN:QUESTIONABLE|NFLVERSE:ACT,QUESTIONABLE,,,False,False,False,,,uncertain_pending_official_week1_report,,,https://lm-api-reads.fantasy.espn.com/apis/v3/games/ffl/seasons/2026/segments/0/leaguedefaults/1?view=kona_player_info,https://github.com/nflverse/nflverse-data/releases/download/players/players.csv|https://github.com/nflverse/nflverse-data/releases/download/rosters/roster_2026.csv,2026-08-31,2026-08-31T23:22:51.244996+00:00,medium_pre_week1_designation,False,True,Current overlay only; no production games adjustment or historical-table insertion is authorized.,447,169.88,True,high_exact_espn_id_to_gsis_id,blank/NA means unknown or not present; never interpret as numeric zero
00-0041561,00-0041561,4430841,,Carson Beck,QB,ARI,espn_id_to_nflverse_gsis,1.0,False,False,ESPN Market Freeze origin/codex/espn-market-freeze-2026-08-31 + nflverse players,espn_2026_candidate_20260831T214508Z_6e169d4c54c0,,unresolved,False,False,,,,,,,,,,,,,,,,,,,,,,,,,,,,,,,False,high_exact_espn_id_to_gsis_id,blank/NA means unknown or not present; never interpret as numeric zero
00-0036945,00-0036945,4362887,,Justin Fields,QB,KC,espn_id_to_nflverse_gsis,1.0,False,False,ESPN Market Freeze origin/codex/espn-market-freeze-2026-08-31 + nflverse players,espn_2026_candidate_20260831T214508Z_6e169d4c54c0,,unresolved,False,False,justinfields,Justin Fields,NYJ,panel_gsis_to_nflverse_players,1.0,False,False,nflverse players + annual rosters; panel GSIS preferred,,,,,,,,,,,,,,,,,,,,,,,False,high_exact_espn_id_to_gsis_id,blank/NA means unknown or not present; never interpret as numeric zero
00-0026158,00-0026158,11252,,Joe Flacco,QB,CIN,espn_id_to_nflverse_gsis,1.0,False,False,ESPN Market Freeze origin/codex/espn-market-freeze-2026-08-31 + nflverse players,espn_2026_candidate_20260831T214508Z_6e169d4c54c0,,unresolved,False,False,joeflacco,Joe Flacco,IND,panel_gsis_to_nflverse_players,1.0,False,False,nflverse players + annual rosters; panel GSIS preferred,,,,,,,,,,,,,,,,,,,,,,,False,high_exact_espn_id_to_gsis_id,blank/NA means unknown or not present; never interpret as numeric zero
00-0036972,00-0036972,4241464,,Mac Jones,QB,SF,espn_id_to_nflverse_gsis,1.0,False,False,ESPN Market Freeze origin/codex/espn-market-freeze-2026-08-31 + nflverse players,espn_2026_candidate_20260831T214508Z_6e169d4c54c0,,unresolved,False,False,macjones,Mac Jones,SF,panel_gsis_to_nflverse_players,1.0,False,False,nflverse players + annual rosters; panel GSIS preferred,,,,,,,,,,,,,,,,,,,,,,,False,high_exact_espn_id_to_gsis_id,blank/NA means unknown or not present; never interpret as numeric zero
00-0041398,00-0041398,4693370,,Riley Nowakowski,RB,PIT,espn_id_to_nflverse_gsis,1.0,False,False,ESPN Market Freeze origin/codex/espn-market-freeze-2026-08-31 + nflverse players,espn_2026_candidate_20260831T214508Z_6e169d4c54c0,,unresolved,False,False,,,,,,,,,,,,,,,,,,,,,,,,,,,,,,,False,high_exact_espn_id_to_gsis_id,blank/NA means unknown or not present; never interpret as numeric zero
00-0029892,00-0029892,16002,,Kyle Juszczyk,RB,SF,espn_id_to_nflverse_gsis,1.0,False,False,ESPN Market Freeze origin/codex/espn-market-freeze-2026-08-31 + nflverse players,espn_2026_candidate_20260831T214508Z_6e169d4c54c0,,unresolved,False,False,kylejuszczyk,Kyle Juszczyk,SF,panel_gsis_to_nflverse_players,1.0,False,False,nflverse players + annual rosters; panel GSIS preferred,ESPN:QUESTIONABLE|NFLVERSE:ACT,QUESTIONABLE,,,False,False,False,,,uncertain_pending_official_week1_report,,,https://lm-api-reads.fantasy.espn.com/apis/v3/games/ffl/seasons/2026/segments/0/leaguedefaults/1?view=kona_player_info,https://github.com/nflverse/nflverse-data/releases/download/players/players.csv|https://github.com/nflverse/nflverse-data/releases/download/rosters/roster_2026.csv,2026-08-31,2026-08-31T23:22:51.244996+00:00,medium_pre_week1_designation,False,True,Current overlay only; no production games adjustment or historical-table insertion is authorized.,457,169.96,True,high_exact_espn_id_to_gsis_id,blank/NA means unknown or not present; never interpret as numeric zero
00-0038738,00-0038738,4383396,,Hunter Luepke,RB,DAL,espn_id_to_nflverse_gsis,1.0,False,False,ESPN Market Freeze origin/codex/espn-market-freeze-2026-08-31 + nflverse players,espn_2026_candidate_20260831T214508Z_6e169d4c54c0,,unresolved,False,False,hunterluepke,Hunter Luepke,DAL,panel_gsis_to_nflverse_players,1.0,False,False,nflverse players + annual rosters; panel GSIS preferred,,,,,,,,,,,,,,,,,,,,,,,False,high_exact_espn_id_to_gsis_id,blank/NA means unknown or not present; never interpret as numeric zero
00-0035689,00-0035689,3930086,,Dawson Knox,TE,BUF,espn_id_to_nflverse_gsis,1.0,False,False,ESPN Market Freeze origin/codex/espn-market-freeze-2026-08-31 + nflverse players,espn_2026_candidate_20260831T214508Z_6e169d4c54c0,,unresolved,False,False,dawsonknox,Dawson Knox,BUF,panel_gsis_to_nflverse_players,1.0,False,False,nflverse players + annual rosters; panel GSIS preferred,,,,,,,,,,,,,,,,,,,,,,,False,high_exact_espn_id_to_gsis_id,blank/NA means unknown or not present; never interpret as numeric zero
00-0040739,00-0040739,4678006,,Elijah Arroyo,TE,SEA,espn_id_to_nflverse_gsis,1.0,False,False,ESPN Market Freeze origin/codex/espn-market-freeze-2026-08-31 + nflverse players,espn_2026_candidate_20260831T214508Z_6e169d4c54c0,,unresolved,False,False,elijaharroyo,Elijah Arroyo,SEA,panel_gsis_to_nflverse_players,1.0,False,False,nflverse players + annual rosters; panel GSIS preferred,,,,,,,,,,,,,,,,,,,,,,,False,high_exact_espn_id_to_gsis_id,blank/NA means unknown or not present; never interpret as numeric zero
00-0040736,00-0040736,4808766,,Mason Taylor,TE,NYJ,espn_id_to_nflverse_gsis,1.0,False,False,ESPN Market Freeze origin/codex/espn-market-freeze-2026-08-31 + nflverse players,espn_2026_candidate_20260831T214508Z_6e169d4c54c0,,unresolved,False,False,masontaylor,Mason Taylor,NYJ,panel_gsis_to_nflverse_players,1.0,False,False,nflverse players + annual rosters; panel GSIS preferred,,,,,,,,,,,,,,,,,,,,,,,False,high_exact_espn_id_to_gsis_id,blank/NA means unknown or not present; never interpret as numeric zero
00-0039847,00-0039847,4429148,,Theo Johnson,TE,NYG,espn_id_to_nflverse_gsis,1.0,False,False,ESPN Market Freeze origin/codex/espn-market-freeze-2026-08-31 + nflverse players,espn_2026_candidate_20260831T214508Z_6e169d4c54c0,,unresolved,False,False,theojohnson,Theo Johnson,NYG,panel_gsis_to_nflverse_players,1.0,False,False,nflverse players + annual rosters; panel GSIS preferred,ESPN:QUESTIONABLE|NFLVERSE:ACT,QUESTIONABLE,,,False,False,False,,,uncertain_pending_official_week1_report,,,https://lm-api-reads.fantasy.espn.com/apis/v3/games/ffl/seasons/2026/segments/0/leaguedefaults/1?view=kona_player_info,https://github.com/nflverse/nflverse-data/releases/download/players/players.csv|https://github.com/nflverse/nflverse-data/releases/download/rosters/roster_2026.csv,2026-08-31,2026-08-31T23:22:51.244996+00:00,medium_pre_week1_designation,False,True,Current overlay only; no production games adjustment or historical-table insertion is authorized.,465,170.13,True,high_exact_espn_id_to_gsis_id,blank/NA means unknown or not present; never interpret as numeric zero
00-0036290,00-0036290,4258595,,Cole Kmet,TE,CHI,espn_id_to_nflverse_gsis,1.0,False,False,ESPN Market Freeze origin/codex/espn-market-freeze-2026-08-31 + nflverse players,espn_2026_candidate_20260831T214508Z_6e169d4c54c0,,unresolved,False,False,colekmet,Cole Kmet,CHI,panel_gsis_to_nflverse_players,1.0,False,False,nflverse players + annual rosters; panel GSIS preferred,,,,,,,,,,,,,,,,,,,,,,,False,high_exact_espn_id_to_gsis_id,blank/NA means unknown or not present; never interpret as numeric zero
00-0039356,00-0039356,4431588,,Ja'Tavion Sanders,TE,CAR,espn_id_to_nflverse_gsis,1.0,False,False,ESPN Market Freeze origin/codex/espn-market-freeze-2026-08-31 + nflverse players,espn_2026_candidate_20260831T214508Z_6e169d4c54c0,,unresolved,False,False,jatavionsanders,Ja'Tavion Sanders,CAR,panel_gsis_to_nflverse_players,1.0,False,False,nflverse players + annual rosters; panel GSIS preferred,,,,,,,,,,,,,,,,,,,,,,,False,high_exact_espn_id_to_gsis_id,blank/NA means unknown or not present; never interpret as numeric zero
00-0036637,00-0036637,4240472,,Noah Gray,TE,KC,espn_id_to_nflverse_gsis,1.0,False,False,ESPN Market Freeze origin/codex/espn-market-freeze-2026-08-31 + nflverse players,espn_2026_candidate_20260831T214508Z_6e169d4c54c0,,unresolved,False,False,noahgray,Noah Gray,KC,panel_gsis_to_nflverse_players,1.0,False,False,nflverse players + annual rosters; panel GSIS preferred,,,,,,,,,,,,,,,,,,,,,,,False,high_exact_espn_id_to_gsis_id,blank/NA means unknown or not present; never interpret as numeric zero
00-0041483,00-0041483,4431574,,Eli Stowers,TE,PHI,espn_id_to_nflverse_gsis,1.0,False,False,ESPN Market Freeze origin/codex/espn-market-freeze-2026-08-31 + nflverse players,espn_2026_candidate_20260831T214508Z_6e169d4c54c0,,unresolved,False,False,,,,,,,,,ESPN:QUESTIONABLE|NFLVERSE:ACT,QUESTIONABLE,,,False,False,False,,,uncertain_pending_official_week1_report,,,https://lm-api-reads.fantasy.espn.com/apis/v3/games/ffl/seasons/2026/segments/0/leaguedefaults/1?view=kona_player_info,https://github.com/nflverse/nflverse-data/releases/download/players/players.csv|https://github.com/nflverse/nflverse-data/releases/download/rosters/roster_2026.csv,2026-08-31,2026-08-31T23:22:51.244996+00:00,medium_pre_week1_designation,False,True,Current overlay only; no production games adjustment or historical-table insertion is authorized.,469,169.97,True,high_exact_espn_id_to_gsis_id,blank/NA means unknown or not present; never interpret as numeric zero
00-0033110,00-0033110,2573401,,Tyler Higbee,TE,LAR,espn_id_to_nflverse_gsis,1.0,False,False,ESPN Market Freeze origin/codex/espn-market-freeze-2026-08-31 + nflverse players,espn_2026_candidate_20260831T214508Z_6e169d4c54c0,,unresolved,False,False,tylerhigbee,Tyler Higbee,LAR,panel_gsis_to_nflverse_players,1.0,False,False,nflverse players + annual rosters; panel GSIS preferred,,,,,,,,,,,,,,,,,,,,,,,False,high_exact_espn_id_to_gsis_id,blank/NA means unknown or not present; never interpret as numeric zero
00-0041510,00-0041510,4833029,,Max Klare,TE,LAR,espn_id_to_nflverse_gsis,1.0,False,False,ESPN Market Freeze origin/codex/espn-market-freeze-2026-08-31 + nflverse players,espn_2026_candidate_20260831T214508Z_6e169d4c54c0,,unresolved,False,False,,,,,,,,,,,,,,,,,,,,,,,,,,,,,,,False,high_exact_espn_id_to_gsis_id,blank/NA means unknown or not present; never interpret as numeric zero
00-0041395,00-0041395,4831959,,Eli Raridon,TE,NE,espn_id_to_nflverse_gsis,1.0,False,False,ESPN Market Freeze origin/codex/espn-market-freeze-2026-08-31 + nflverse players,espn_2026_candidate_20260831T214508Z_6e169d4c54c0,,unresolved,False,False,,,,,,,,,,,,,,,,,,,,,,,,,,,,,,,False,high_exact_espn_id_to_gsis_id,blank/NA means unknown or not present; never interpret as numeric zero
00-0037005,00-0037005,4372780,,Tommy Tremble,TE,CAR,espn_id_to_nflverse_gsis,1.0,False,False,ESPN Market Freeze origin/codex/espn-market-freeze-2026-08-31 + nflverse players,espn_2026_candidate_20260831T214508Z_6e169d4c54c0,,unresolved,False,False,tommytremble,Tommy Tremble,CAR,panel_gsis_to_nflverse_players,1.0,False,False,nflverse players + annual rosters; panel GSIS preferred,,,,,,,,,,,,,,,,,,,,,,,False,high_exact_espn_id_to_gsis_id,blank/NA means unknown or not present; never interpret as numeric zero
00-0041568,00-0041568,4685522,,Ty Simpson,QB,LAR,espn_id_to_nflverse_gsis,1.0,False,False,ESPN Market Freeze origin/codex/espn-market-freeze-2026-08-31 + nflverse players,espn_2026_candidate_20260831T214508Z_6e169d4c54c0,,unresolved,False,False,,,,,,,,,,,,,,,,,,,,,,,,,,,,,,,False,high_exact_espn_id_to_gsis_id,blank/NA means unknown or not present; never interpret as numeric zero
00-0031503,00-0031503,2969939,,Jameis Winston,QB,NYG,espn_id_to_nflverse_gsis,1.0,False,False,ESPN Market Freeze origin/codex/espn-market-freeze-2026-08-31 + nflverse players,espn_2026_candidate_20260831T214508Z_6e169d4c54c0,,unresolved,False,False,jameiswinston,Jameis Winston,NYG,panel_gsis_to_nflverse_players,1.0,False,False,nflverse players + annual rosters; panel GSIS preferred,,,,,,,,,,,,,,,,,,,,,,,False,high_exact_espn_id_to_gsis_id,blank/NA means unknown or not present; never interpret as numeric zero
00-0039164,00-0039164,4429084,,Anthony Richardson Sr.,QB,IND,espn_id_to_nflverse_gsis,1.0,False,False,ESPN Market Freeze origin/codex/espn-market-freeze-2026-08-31 + nflverse players,espn_2026_candidate_20260831T214508Z_6e169d4c54c0,,unresolved,False,False,anthonyrichardson,Anthony Richardson Sr.,IND,panel_gsis_to_nflverse_players,1.0,False,False,nflverse players + annual rosters; panel GSIS preferred,,,,,,,,,,,,,,,,,,,,,,,False,high_exact_espn_id_to_gsis_id,blank/NA means unknown or not present; never interpret as numeric zero
00-0041251,00-0041251,4596472,,Jalon Daniels,QB,TB,espn_id_to_nflverse_gsis,1.0,False,False,ESPN Market Freeze origin/codex/espn-market-freeze-2026-08-31 + nflverse players,espn_2026_candidate_20260831T214508Z_6e169d4c54c0,,unresolved,False,False,,,,,,,,,,,,,,,,,,,,,,,,,,,,,,,False,high_exact_espn_id_to_gsis_id,blank/NA means unknown or not present; never interpret as numeric zero
00-0035264,00-0035264,3892775,,Jarrett Stidham,QB,DEN,espn_id_to_nflverse_gsis,1.0,False,False,ESPN Market Freeze origin/codex/espn-market-freeze-2026-08-31 + nflverse players,espn_2026_candidate_20260831T214508Z_6e169d4c54c0,,unresolved,False,False,jarrettstidham,Jarrett Stidham,DEN,panel_gsis_to_nflverse_players,1.0,False,False,nflverse players + annual rosters; panel GSIS preferred,,,,,,,,,,,,,,,,,,,,,,,False,high_exact_espn_id_to_gsis_id,blank/NA means unknown or not present; never interpret as numeric zero
00-0038476,00-0038476,4240391,,Tommy DeVito,QB,NE,espn_id_to_nflverse_gsis,1.0,False,False,ESPN Market Freeze origin/codex/espn-market-freeze-2026-08-31 + nflverse players,espn_2026_candidate_20260831T214508Z_6e169d4c54c0,,unresolved,False,False,tommydevito,Tommy DeVito,NYG,panel_gsis_to_nflverse_players,1.0,False,False,nflverse players + annual rosters; panel GSIS preferred,,,,,,,,,,,,,,,,,,,,,,,False,high_exact_espn_id_to_gsis_id,blank/NA means unknown or not present; never interpret as numeric zero
00-0032268,00-0032268,2576980,,Marcus Mariota,QB,WAS,espn_id_to_nflverse_gsis,1.0,False,False,ESPN Market Freeze origin/codex/espn-market-freeze-2026-08-31 + nflverse players,espn_2026_candidate_20260831T214508Z_6e169d4c54c0,,unresolved,False,False,marcusmariota,Marcus Mariota,WAS,panel_gsis_to_nflverse_players,1.0,False,False,nflverse players + annual rosters; panel GSIS preferred,ESPN:QUESTIONABLE|NFLVERSE:ACT,QUESTIONABLE,,,False,False,False,,,uncertain_pending_official_week1_report,,,https://lm-api-reads.fantasy.espn.com/apis/v3/games/ffl/seasons/2026/segments/0/leaguedefaults/1?view=kona_player_info,https://github.com/nflverse/nflverse-data/releases/download/players/players.csv|https://github.com/nflverse/nflverse-data/releases/download/rosters/roster_2026.csv,2026-08-31,2026-08-31T23:22:51.244996+00:00,medium_pre_week1_designation,False,True,Current overlay only; no production games adjustment or historical-table insertion is authorized.,483,169.99,True,high_exact_espn_id_to_gsis_id,blank/NA means unknown or not present; never interpret as numeric zero
00-0038416,00-0038416,4434153,,Tyson Bagent,QB,CHI,espn_id_to_nflverse_gsis,1.0,False,False,ESPN Market Freeze origin/codex/espn-market-freeze-2026-08-31 + nflverse players,espn_2026_candidate_20260831T214508Z_6e169d4c54c0,,unresolved,False,False,tysonbagent,Tyson Bagent,CHI,panel_gsis_to_nflverse_players,1.0,False,False,nflverse players + annual rosters; panel GSIS preferred,,,,,,,,,,,,,,,,,,,,,,,False,high_exact_espn_id_to_gsis_id,blank/NA means unknown or not present; never interpret as numeric zero
00-0037077,00-0037077,4426875,,Sam Howell,QB,DAL,espn_id_to_nflverse_gsis,1.0,False,False,ESPN Market Freeze origin/codex/espn-market-freeze-2026-08-31 + nflverse players,espn_2026_candidate_20260831T214508Z_6e169d4c54c0,,unresolved,False,False,samhowell,Sam Howell,PHI,panel_gsis_to_nflverse_players,1.0,False,False,nflverse players + annual rosters; panel GSIS preferred,,,,,,,,,,,,,,,,,,,,,,,False,high_exact_espn_id_to_gsis_id,blank/NA means unknown or not present; never interpret as numeric zero
00-0038400,00-0038400,4685201,,Tanner McKee,QB,PHI,espn_id_to_nflverse_gsis,1.0,False,False,ESPN Market Freeze origin/codex/espn-market-freeze-2026-08-31 + nflverse players,espn_2026_candidate_20260831T214508Z_6e169d4c54c0,,unresolved,False,False,tannermckee,Tanner McKee,PHI,panel_gsis_to_nflverse_players,1.0,False,False,nflverse players + annual rosters; panel GSIS preferred,,,,,,,,,,,,,,,,,,,,,,,False,high_exact_espn_id_to_gsis_id,blank/NA means unknown or not present; never interpret as numeric zero
00-0040890,00-0040890,4912218,,Cyrus Allen,WR,KC,espn_id_to_nflverse_gsis,1.0,False,False,ESPN Market Freeze origin/codex/espn-market-freeze-2026-08-31 + nflverse players,espn_2026_candidate_20260831T214508Z_6e169d4c54c0,,unresolved,False,False,,,,,,,,,,,,,,,,,,,,,,,,,,,,,,,False,high_exact_espn_id_to_gsis_id,blank/NA means unknown or not present; never interpret as numeric zero
00-0040131,00-0040131,4613202,,Kyle Williams,WR,NE,espn_id_to_nflverse_gsis,1.0,False,False,ESPN Market Freeze origin/codex/espn-market-freeze-2026-08-31 + nflverse players,espn_2026_candidate_20260831T214508Z_6e169d4c54c0,,unresolved,False,False,kylewilliams,Kyle Williams,NE,panel_gsis_to_nflverse_players,1.0,False,False,nflverse players + annual rosters; panel GSIS preferred,,,,,,,,,,,,,,,,,,,,,,,False,high_exact_espn_id_to_gsis_id,blank/NA means unknown or not present; never interpret as numeric zero
00-0039868,00-0039868,4431280,,Troy Franklin,WR,DEN,espn_id_to_nflverse_gsis,1.0,False,False,ESPN Market Freeze origin/codex/espn-market-freeze-2026-08-31 + nflverse players,espn_2026_candidate_20260831T214508Z_6e169d4c54c0,,unresolved,False,False,troyfranklin,Troy Franklin,DEN,panel_gsis_to_nflverse_players,1.0,False,False,nflverse players + annual rosters; panel GSIS preferred,,,,,,,,,,,,,,,,,,,,,,,False,high_exact_espn_id_to_gsis_id,blank/NA means unknown or not present; never interpret as numeric zero
00-0036988,00-0036988,4242433,,Joshua Palmer,WR,BUF,espn_id_to_nflverse_gsis,1.0,True,True,ESPN Market Freeze origin/codex/espn-market-freeze-2026-08-31 + nflverse players,espn_2026_candidate_20260831T214508Z_6e169d4c54c0,,unresolved,True,False,joshuapalmer,Joshua Palmer,BUF,panel_gsis_to_nflverse_players,1.0,False,False,nflverse players + annual rosters; panel GSIS preferred,,,,,,,,,,,,,,,,,,,,,,,False,stable_id_match_with_metadata_conflict_manual_review,blank/NA means unknown or not present; never interpret as numeric zero
00-0033307,00-0033307,3045523,,Kendrick Bourne,WR,ARI,espn_id_to_nflverse_gsis,1.0,False,False,ESPN Market Freeze origin/codex/espn-market-freeze-2026-08-31 + nflverse players,espn_2026_candidate_20260831T214508Z_6e169d4c54c0,,unresolved,False,False,kendrickbourne,Kendrick Bourne,FA,panel_gsis_to_nflverse_players,1.0,False,False,nflverse players + annual rosters; panel GSIS preferred,,,,,,,,,,,,,,,,,,,,,,,False,high_exact_espn_id_to_gsis_id,blank/NA means unknown or not present; never interpret as numeric zero
00-0040894,00-0040894,5150247,,Malik Benson,WR,LV,espn_id_to_nflverse_gsis,1.0,False,False,ESPN Market Freeze origin/codex/espn-market-freeze-2026-08-31 + nflverse players,espn_2026_candidate_20260831T214508Z_6e169d4c54c0,,unresolved,False,False,,,,,,,,,,,,,,,,,,,,,,,,,,,,,,,False,high_exact_espn_id_to_gsis_id,blank/NA means unknown or not present; never interpret as numeric zero
00-0032464,00-0032464,2973405,,Kalif Raymond,WR,CHI,espn_id_to_nflverse_gsis,1.0,False,False,ESPN Market Freeze origin/codex/espn-market-freeze-2026-08-31 + nflverse players,espn_2026_candidate_20260831T214508Z_6e169d4c54c0,,unresolved,False,False,kalifraymond,Kalif Raymond,DET,panel_gsis_to_nflverse_players,1.0,False,False,nflverse players + annual rosters; panel GSIS preferred,,,,,,,,,,,,,,,,,,,,,,,False,high_exact_espn_id_to_gsis_id,blank/NA means unknown or not present; never interpret as numeric zero
00-0036626,00-0036626,4361577,,Dyami Brown,WR,WAS,espn_id_to_nflverse_gsis,1.0,False,False,ESPN Market Freeze origin/codex/espn-market-freeze-2026-08-31 + nflverse players,espn_2026_candidate_20260831T214508Z_6e169d4c54c0,,unresolved,False,False,dyamibrown,Dyami Brown,JAC,panel_gsis_to_nflverse_players,1.0,False,False,nflverse players + annual rosters; panel GSIS preferred,,,,,,,,,,,,,,,,,,,,,,,False,high_exact_espn_id_to_gsis_id,blank/NA means unknown or not present; never interpret as numeric zero
00-0037742,00-0037742,4567156,,Treylon Burks,WR,WAS,espn_id_to_nflverse_gsis,1.0,False,False,ESPN Market Freeze origin/codex/espn-market-freeze-2026-08-31 + nflverse players,espn_2026_candidate_20260831T214508Z_6e169d4c54c0,,unresolved,False,False,treylonburks,Treylon Burks,WAS,panel_gsis_to_nflverse_players,1.0,False,False,nflverse players + annual rosters; panel GSIS preferred,,,,,,,,,,,,,,,,,,,,,,,False,high_exact_espn_id_to_gsis_id,blank/NA means unknown or not present; never interpret as numeric zero
00-0039792,00-0039792,4696882,,Devontez Walker,WR,BAL,espn_id_to_nflverse_gsis,1.0,False,False,ESPN Market Freeze origin/codex/espn-market-freeze-2026-08-31 + nflverse players,espn_2026_candidate_20260831T214508Z_6e169d4c54c0,,unresolved,False,False,devontezwalker,Devontez Walker,BAL,panel_gsis_to_nflverse_players,1.0,False,False,nflverse players + annual rosters; panel GSIS preferred,,,,,,,,,,,,,,,,,,,,,,,False,high_exact_espn_id_to_gsis_id,blank/NA means unknown or not present; never interpret as numeric zero
00-0032392,00-0032392,3043275,,Austin Hooper,TE,ATL,espn_id_to_nflverse_gsis,1.0,False,False,ESPN Market Freeze origin/codex/espn-market-freeze-2026-08-31 + nflverse players,espn_2026_candidate_20260831T214508Z_6e169d4c54c0,,unresolved,False,False,austinhooper,Austin Hooper,NE,panel_gsis_to_nflverse_players,1.0,False,False,nflverse players + annual rosters; panel GSIS preferred,,,,,,,,,,,,,,,,,,,,,,,False,high_exact_espn_id_to_gsis_id,blank/NA means unknown or not present; never interpret as numeric zero
00-0039041,00-0039041,4426844,,Elijah Higgins,TE,ARI,espn_id_to_nflverse_gsis,1.0,False,False,ESPN Market Freeze origin/codex/espn-market-freeze-2026-08-31 + nflverse players,espn_2026_candidate_20260831T214508Z_6e169d4c54c0,,unresolved,False,False,elijahhiggins,Elijah Higgins,ARI,panel_gsis_to_nflverse_players,1.0,False,False,nflverse players + annual rosters; panel GSIS preferred,,,,,,,,,,,,,,,,,,,,,,,False,high_exact_espn_id_to_gsis_id,blank/NA means unknown or not present; never interpret as numeric zero
00-0040009,00-0040009,4431487,,Savion Williams,WR,GB,espn_id_to_nflverse_gsis,1.0,False,False,ESPN Market Freeze origin/codex/espn-market-freeze-2026-08-31 + nflverse players,espn_2026_candidate_20260831T214508Z_6e169d4c54c0,,unresolved,False,False,savionwilliams,Savion Williams,GB,panel_gsis_to_nflverse_players,1.0,False,False,nflverse players + annual rosters; panel GSIS preferred,ESPN:INJURY_RESERVE|NFLVERSE:ACT,INJURY_RESERVE,wrist/hand/finger,,False,False,True,,,unavailable,5_or_later_if_designated_to_return; otherwise unknown,,https://lm-api-reads.fantasy.espn.com/apis/v3/games/ffl/seasons/2026/segments/0/leaguedefaults/1?view=kona_player_info,https://github.com/nflverse/nflverse-data/releases/download/players/players.csv|https://github.com/nflverse/nflverse-data/releases/download/rosters/roster_2026.csv,2026-08-31,2026-08-31T23:22:51.244996+00:00,high_direct_status,False,True,Current overlay only; no production games adjustment or historical-table insertion is authorized.,1012,170.05,True,high_exact_espn_id_to_gsis_id,blank/NA means unknown or not present; never interpret as numeric zero
00-0041524,00-0041524,4880236,,Will Kacmarek,TE,MIA,espn_id_to_nflverse_gsis,1.0,False,False,ESPN Market Freeze origin/codex/espn-market-freeze-2026-08-31 + nflverse players,espn_2026_candidate_20260831T214508Z_6e169d4c54c0,,unresolved,False,False,,,,,,,,,ESPN:QUESTIONABLE|NFLVERSE:ACT,QUESTIONABLE,,,False,False,False,,,uncertain_pending_official_week1_report,,,https://lm-api-reads.fantasy.espn.com/apis/v3/games/ffl/seasons/2026/segments/0/leaguedefaults/1?view=kona_player_info,https://github.com/nflverse/nflverse-data/releases/download/players/players.csv|https://github.com/nflverse/nflverse-data/releases/download/rosters/roster_2026.csv,2026-08-31,2026-08-31T23:22:51.244996+00:00,medium_pre_week1_designation,False,True,Current overlay only; no production games adjustment or historical-table insertion is authorized.,1016,169.98,True,high_exact_espn_id_to_gsis_id,blank/NA means unknown or not present; never interpret as numeric zero
00-0040705,00-0040705,4431268,,Chimere Dike,WR,TEN,espn_id_to_nflverse_gsis,1.0,False,False,ESPN Market Freeze origin/codex/espn-market-freeze-2026-08-31 + nflverse players,espn_2026_candidate_20260831T214508Z_6e169d4c54c0,,unresolved,False,False,chimeredike,Chimere Dike,TEN,panel_gsis_to_nflverse_players,1.0,False,False,nflverse players + annual rosters; panel GSIS preferred,,,,,,,,,,,,,,,,,,,,,,,False,high_exact_espn_id_to_gsis_id,blank/NA means unknown or not present; never interpret as numeric zero
00-0041067,00-0041067,4879276,,Bryce Lance,WR,NO,espn_id_to_nflverse_gsis,1.0,False,False,ESPN Market Freeze origin/codex/espn-market-freeze-2026-08-31 + nflverse players,espn_2026_candidate_20260831T214508Z_6e169d4c54c0,,unresolved,False,False,,,,,,,,,,,,,,,,,,,,,,,,,,,,,,,False,high_exact_espn_id_to_gsis_id,blank/NA means unknown or not present; never interpret as numeric zero
00-0033858,00-0033858,3054212,,Jonnu Smith,TE,GB,espn_id_to_nflverse_gsis,1.0,False,False,ESPN Market Freeze origin/codex/espn-market-freeze-2026-08-31 + nflverse players,espn_2026_candidate_20260831T214508Z_6e169d4c54c0,,unresolved,False,False,jonnusmith,Jonnu Smith,PIT,panel_gsis_to_nflverse_players,1.0,False,False,nflverse players + annual rosters; panel GSIS preferred,,,,,,,,,,,,,,,,,,,,,,,False,high_exact_espn_id_to_gsis_id,blank/NA means unknown or not present; never interpret as numeric zero
00-0035631,00-0035631,3127310,,Drew Sample,TE,CIN,espn_id_to_nflverse_gsis,1.0,False,False,ESPN Market Freeze origin/codex/espn-market-freeze-2026-08-31 + nflverse players,espn_2026_candidate_20260831T214508Z_6e169d4c54c0,,unresolved,False,False,drewsample,Drew Sample,CIN,panel_gsis_to_nflverse_players,1.0,False,False,nflverse players + annual rosters; panel GSIS preferred,,,,,,,,,,,,,,,,,,,,,,,False,high_exact_espn_id_to_gsis_id,blank/NA means unknown or not present; never interpret as numeric zero
00-0035249,00-0035249,3921690,,Josh Oliver,TE,MIN,espn_id_to_nflverse_gsis,1.0,False,False,ESPN Market Freeze origin/codex/espn-market-freeze-2026-08-31 + nflverse players,espn_2026_candidate_20260831T214508Z_6e169d4c54c0,,unresolved,False,False,josholiver,Josh Oliver,MIN,panel_gsis_to_nflverse_players,1.0,False,False,nflverse players + annual rosters; panel GSIS preferred,,,,,,,,,,,,,,,,,,,,,,,False,high_exact_espn_id_to_gsis_id,blank/NA means unknown or not present; never interpret as numeric zero
00-0036422,00-0036422,3911853,,Adam Trautman,TE,DEN,espn_id_to_nflverse_gsis,1.0,False,False,ESPN Market Freeze origin/codex/espn-market-freeze-2026-08-31 + nflverse players,espn_2026_candidate_20260831T214508Z_6e169d4c54c0,,unresolved,False,False,adamtrautman,Adam Trautman,DEN,panel_gsis_to_nflverse_players,1.0,False,False,nflverse players + annual rosters; panel GSIS preferred,,,,,,,,,,,,,,,,,,,,,,,False,high_exact_espn_id_to_gsis_id,blank/NA means unknown or not present; never interpret as numeric zero
00-0040164,00-0040164,4602667,,Jaylin Lane,WR,WAS,espn_id_to_nflverse_gsis,1.0,False,False,ESPN Market Freeze origin/codex/espn-market-freeze-2026-08-31 + nflverse players,espn_2026_candidate_20260831T214508Z_6e169d4c54c0,,unresolved,False,False,jaylinlane,Jaylin Lane,WAS,panel_gsis_to_nflverse_players,1.0,False,False,nflverse players + annual rosters; panel GSIS preferred,,,,,,,,,,,,,,,,,,,,,,,False,high_exact_espn_id_to_gsis_id,blank/NA means unknown or not present; never interpret as numeric zero
00-0041051,00-0041051,4869748,,Zavion Thomas,WR,CHI,espn_id_to_nflverse_gsis,1.0,False,False,ESPN Market Freeze origin/codex/espn-market-freeze-2026-08-31 + nflverse players,espn_2026_candidate_20260831T214508Z_6e169d4c54c0,,unresolved,False,False,,,,,,,,,,,,,,,,,,,,,,,,,,,,,,,False,high_exact_espn_id_to_gsis_id,blank/NA means unknown or not present; never interpret as numeric zero
00-0038046,00-0038046,4241263,,Charlie Kolar,TE,LAC,espn_id_to_nflverse_gsis,1.0,False,False,ESPN Market Freeze origin/codex/espn-market-freeze-2026-08-31 + nflverse players,espn_2026_candidate_20260831T214508Z_6e169d4c54c0,,unresolved,False,False,charliekolar,Charlie Kolar,BAL,panel_gsis_to_nflverse_players,1.0,False,False,nflverse players + annual rosters; panel GSIS preferred,,,,,,,,,,,,,,,,,,,,,,,False,high_exact_espn_id_to_gsis_id,blank/NA means unknown or not present; never interpret as numeric zero
00-0035644,00-0035644,4036131,,Noah Fant,TE,NO,espn_id_to_nflverse_gsis,1.0,False,False,ESPN Market Freeze origin/codex/espn-market-freeze-2026-08-31 + nflverse players,espn_2026_candidate_20260831T214508Z_6e169d4c54c0,,unresolved,False,False,noahfant,Noah Fant,CIN,panel_gsis_to_nflverse_players,1.0,False,False,nflverse players + annual rosters; panel GSIS preferred,,,,,,,,,,,,,,,,,,,,,,,False,high_exact_espn_id_to_gsis_id,blank/NA means unknown or not present; never interpret as numeric zero
00-0040782,00-0040782,4808839,,Isaiah Bond,WR,CLE,espn_id_to_nflverse_gsis,1.0,False,False,ESPN Market Freeze origin/codex/espn-market-freeze-2026-08-31 + nflverse players,espn_2026_candidate_20260831T214508Z_6e169d4c54c0,,unresolved,False,False,isaiahbond,Isaiah Bond,CLE,panel_gsis_to_nflverse_players,1.0,False,False,nflverse players + annual rosters; panel GSIS preferred,ESPN:QUESTIONABLE|NFLVERSE:ACT,QUESTIONABLE,,,False,False,False,,,uncertain_pending_official_week1_report,,,https://lm-api-reads.fantasy.espn.com/apis/v3/games/ffl/seasons/2026/segments/0/leaguedefaults/1?view=kona_player_info,https://github.com/nflverse/nflverse-data/releases/download/players/players.csv|https://github.com/nflverse/nflverse-data/releases/download/rosters/roster_2026.csv,2026-08-31,2026-08-31T23:22:51.244996+00:00,medium_pre_week1_designation,False,True,Current overlay only; no production games adjustment or historical-table insertion is authorized.,1041,169.99,True,high_exact_espn_id_to_gsis_id,blank/NA means unknown or not present; never interpret as numeric zero
00-0039359,00-0039359,4426496,,Cade Stover,TE,HOU,espn_id_to_nflverse_gsis,1.0,False,False,ESPN Market Freeze origin/codex/espn-market-freeze-2026-08-31 + nflverse players,espn_2026_candidate_20260831T214508Z_6e169d4c54c0,,unresolved,False,False,cadestover,Cade Stover,HOU,panel_gsis_to_nflverse_players,1.0,False,False,nflverse players + annual rosters; panel GSIS preferred,,,,,,,,,,,,,,,,,,,,,,,False,high_exact_espn_id_to_gsis_id,blank/NA means unknown or not present; never interpret as numeric zero
00-0036628,00-0036628,4048228,,John Bates,TE,WAS,espn_id_to_nflverse_gsis,1.0,False,False,ESPN Market Freeze origin/codex/espn-market-freeze-2026-08-31 + nflverse players,espn_2026_candidate_20260831T214508Z_6e169d4c54c0,,unresolved,False,False,johnbates,John Bates,WAS,panel_gsis_to_nflverse_players,1.0,False,False,nflverse players + annual rosters; panel GSIS preferred,ESPN:QUESTIONABLE|NFLVERSE:ACT,QUESTIONABLE,,,False,False,False,,,uncertain_pending_official_week1_report,,,https://lm-api-reads.fantasy.espn.com/apis/v3/games/ffl/seasons/2026/segments/0/leaguedefaults/1?view=kona_player_info,https://github.com/nflverse/nflverse-data/releases/download/players/players.csv|https://github.com/nflverse/nflverse-data/releases/download/rosters/roster_2026.csv,2026-08-31,2026-08-31T23:22:51.244996+00:00,medium_pre_week1_designation,False,True,Current overlay only; no production games adjustment or historical-table insertion is authorized.,1045,169.98,True,high_exact_espn_id_to_gsis_id,blank/NA means unknown or not present; never interpret as numeric zero
00-0041443,00-0041443,4683153,,Skyler Bell,WR,BUF,espn_id_to_nflverse_gsis,1.0,False,False,ESPN Market Freeze origin/codex/espn-market-freeze-2026-08-31 + nflverse players,espn_2026_candidate_20260831T214508Z_6e169d4c54c0,,unresolved,False,False,,,,,,,,,,,,,,,,,,,,,,,,,,,,,,,False,high_exact_espn_id_to_gsis_id,blank/NA means unknown or not present; never interpret as numeric zero
00-0035662,00-0035662,4241372,,Hollywood Brown,WR,PHI,espn_id_to_nflverse_gsis,1.0,True,True,ESPN Market Freeze origin/codex/espn-market-freeze-2026-08-31 + nflverse players,espn_2026_candidate_20260831T214508Z_6e169d4c54c0,,unresolved,True,False,marquisebrown,Marquise Brown,KC,panel_gsis_to_nflverse_players,1.0,False,False,nflverse players + annual rosters; panel GSIS preferred,,,,,,,,,,,,,,,,,,,,,,,False,stable_id_match_with_metadata_conflict_manual_review,blank/NA means unknown or not present; never interpret as numeric zero
00-0035208,00-0035208,3917914,,Olamide Zaccheaus,WR,ATL,espn_id_to_nflverse_gsis,1.0,False,False,ESPN Market Freeze origin/codex/espn-market-freeze-2026-08-31 + nflverse players,espn_2026_candidate_20260831T214508Z_6e169d4c54c0,,unresolved,False,False,olamidezaccheaus,Olamide Zaccheaus,CHI,panel_gsis_to_nflverse_players,1.0,False,False,nflverse players + annual rosters; panel GSIS preferred,,,,,,,,,,,,,,,,,,,,,,,False,high_exact_espn_id_to_gsis_id,blank/NA means unknown or not present; never interpret as numeric zero
00-0035021,00-0035021,4061956,,Ashton Dulin,WR,IND,espn_id_to_nflverse_gsis,1.0,False,False,ESPN Market Freeze origin/codex/espn-market-freeze-2026-08-31 + nflverse players,espn_2026_candidate_20260831T214508Z_6e169d4c54c0,,unresolved,False,False,ashtondulin,Ashton Dulin,IND,panel_gsis_to_nflverse_players,1.0,False,False,nflverse players + annual rosters; panel GSIS preferred,,,,,,,,,,,,,,,,,,,,,,,False,high_exact_espn_id_to_gsis_id,blank/NA means unknown or not present; never interpret as numeric zero
00-0039451,00-0039451,4569371,,Isaiah Williams,WR,NYJ,espn_id_to_nflverse_gsis,1.0,False,False,ESPN Market Freeze origin/codex/espn-market-freeze-2026-08-31 + nflverse players,espn_2026_candidate_20260831T214508Z_6e169d4c54c0,,unresolved,False,False,isaiahwilliams,Isaiah Williams,NYJ,panel_gsis_to_nflverse_players,1.0,False,False,nflverse players + annual rosters; panel GSIS preferred,,,,,,,,,,,,,,,,,,,,,,,False,high_exact_espn_id_to_gsis_id,blank/NA means unknown or not present; never interpret as numeric zero
00-0036849,00-0036849,4360797,,Tutu Atwell,WR,LAR,espn_id_to_nflverse_gsis,1.0,False,False,ESPN Market Freeze origin/codex/espn-market-freeze-2026-08-31 + nflverse players,espn_2026_candidate_20260831T214508Z_6e169d4c54c0,,unresolved,False,False,tutuatwell,Tutu Atwell,LAR,panel_gsis_to_nflverse_players,1.0,False,False,nflverse players + annual rosters; panel GSIS preferred,,,,,,,,,,,,,,,,,,,,,,,False,high_exact_espn_id_to_gsis_id,blank/NA means unknown or not present; never interpret as numeric zero
00-0041069,00-0041069,5092508,,Colbie Young,WR,CIN,espn_id_to_nflverse_gsis,1.0,False,False,ESPN Market Freeze origin/codex/espn-market-freeze-2026-08-31 + nflverse players,espn_2026_candidate_20260831T214508Z_6e169d4c54c0,,unresolved,False,False,,,,,,,,,,,,,,,,,,,,,,,,,,,,,,,False,high_exact_espn_id_to_gsis_id,blank/NA means unknown or not present; never interpret as numeric zero
00-0034613,00-0034613,3050481,,Tanner Hudson,TE,CIN,espn_id_to_nflverse_gsis,1.0,False,False,ESPN Market Freeze origin/codex/espn-market-freeze-2026-08-31 + nflverse players,espn_2026_candidate_20260831T214508Z_6e169d4c54c0,,unresolved,False,False,tannerhudson,Tanner Hudson,CIN,panel_gsis_to_nflverse_players,1.0,False,False,nflverse players + annual rosters; panel GSIS preferred,,,,,,,,,,,,,,,,,,,,,,,False,high_exact_espn_id_to_gsis_id,blank/NA means unknown or not present; never interpret as numeric zero
00-0039739,00-0039739,4431492,,Roman Wilson,WR,PIT,espn_id_to_nflverse_gsis,1.0,False,False,ESPN Market Freeze origin/codex/espn-market-freeze-2026-08-31 + nflverse players,espn_2026_candidate_20260831T214508Z_6e169d4c54c0,,unresolved,False,False,romanwilson,Roman Wilson,PIT,panel_gsis_to_nflverse_players,1.0,False,False,nflverse players + annual rosters; panel GSIS preferred,,,,,,,,,,,,,,,,,,,,,,,False,high_exact_espn_id_to_gsis_id,blank/NA means unknown or not present; never interpret as numeric zero
00-0038547,00-0038547,4372096,,Luke Schoonmaker,TE,DAL,espn_id_to_nflverse_gsis,1.0,False,False,ESPN Market Freeze origin/codex/espn-market-freeze-2026-08-31 + nflverse players,espn_2026_candidate_20260831T214508Z_6e169d4c54c0,,unresolved,False,False,lukeschoonmaker,Luke Schoonmaker,DAL,panel_gsis_to_nflverse_players,1.0,False,False,nflverse players + annual rosters; panel GSIS preferred,,,,,,,,,,,,,,,,,,,,,,,False,high_exact_espn_id_to_gsis_id,blank/NA means unknown or not present; never interpret as numeric zero
00-0033217,00-0033217,2998565,,Mo Alie-Cox,TE,IND,espn_id_to_nflverse_gsis,1.0,False,False,ESPN Market Freeze origin/codex/espn-market-freeze-2026-08-31 + nflverse players,espn_2026_candidate_20260831T214508Z_6e169d4c54c0,,unresolved,False,False,moaliecox,Mo Alie-Cox,IND,panel_gsis_to_nflverse_players,1.0,False,False,nflverse players + annual rosters; panel GSIS preferred,,,,,,,,,,,,,,,,,,,,,,,False,high_exact_espn_id_to_gsis_id,blank/NA means unknown or not present; never interpret as numeric zero
00-0041550,00-0041550,4685553,,Brenen Thompson,WR,LAC,espn_id_to_nflverse_gsis,1.0,False,False,ESPN Market Freeze origin/codex/espn-market-freeze-2026-08-31 + nflverse players,espn_2026_candidate_20260831T214508Z_6e169d4c54c0,,unresolved,False,False,,,,,,,,,ESPN:QUESTIONABLE|NFLVERSE:ACT,QUESTIONABLE,,,False,False,False,,,uncertain_pending_official_week1_report,,,https://lm-api-reads.fantasy.espn.com/apis/v3/games/ffl/seasons/2026/segments/0/leaguedefaults/1?view=kona_player_info,https://github.com/nflverse/nflverse-data/releases/download/players/players.csv|https://github.com/nflverse/nflverse-data/releases/download/rosters/roster_2026.csv,2026-08-31,2026-08-31T23:22:51.244996+00:00,medium_pre_week1_designation,False,True,Current overlay only; no production games adjustment or historical-table insertion is authorized.,1079,169.98,True,high_exact_espn_id_to_gsis_id,blank/NA means unknown or not present; never interpret as numeric zero
00-0040194,00-0040194,4573699,,Jackson Hawes,TE,BUF,espn_id_to_nflverse_gsis,1.0,False,False,ESPN Market Freeze origin/codex/espn-market-freeze-2026-08-31 + nflverse players,espn_2026_candidate_20260831T214508Z_6e169d4c54c0,,unresolved,False,False,jacksonhawes,Jackson Hawes,BUF,panel_gsis_to_nflverse_players,1.0,False,False,nflverse players + annual rosters; panel GSIS preferred,,,,,,,,,,,,,,,,,,,,,,,False,high_exact_espn_id_to_gsis_id,blank/NA means unknown or not present; never interpret as numeric zero
00-0038115,00-0038115,4361516,,Daniel Bellinger,TE,TEN,espn_id_to_nflverse_gsis,1.0,False,False,ESPN Market Freeze origin/codex/espn-market-freeze-2026-08-31 + nflverse players,espn_2026_candidate_20260831T214508Z_6e169d4c54c0,,unresolved,False,False,danielbellinger,Daniel Bellinger,NYG,panel_gsis_to_nflverse_players,1.0,False,False,nflverse players + annual rosters; panel GSIS preferred,,,,,,,,,,,,,,,,,,,,,,,False,high_exact_espn_id_to_gsis_id,blank/NA means unknown or not present; never interpret as numeric zero
00-0039912,00-0039912,4690923,,Ben Sinnott,TE,WAS,espn_id_to_nflverse_gsis,1.0,False,False,ESPN Market Freeze origin/codex/espn-market-freeze-2026-08-31 + nflverse players,espn_2026_candidate_20260831T214508Z_6e169d4c54c0,,unresolved,False,False,bensinnott,Ben Sinnott,WAS,panel_gsis_to_nflverse_players,1.0,False,False,nflverse players + annual rosters; panel GSIS preferred,ESPN:QUESTIONABLE|NFLVERSE:ACT,QUESTIONABLE,,,False,False,False,,,uncertain_pending_official_week1_report,,,https://lm-api-reads.fantasy.espn.com/apis/v3/games/ffl/seasons/2026/segments/0/leaguedefaults/1?view=kona_player_info,https://github.com/nflverse/nflverse-data/releases/download/players/players.csv|https://github.com/nflverse/nflverse-data/releases/download/rosters/roster_2026.csv,2026-08-31,2026-08-31T23:22:51.244996+00:00,medium_pre_week1_designation,False,True,Current overlay only; no production games adjustment or historical-table insertion is authorized.,1087,169.99,True,high_exact_espn_id_to_gsis_id,blank/NA means unknown or not present; never interpret as numeric zero
00-0037805,00-0037805,4361372,,Jeremy Ruckert,TE,NYJ,espn_id_to_nflverse_gsis,1.0,False,False,ESPN Market Freeze origin/codex/espn-market-freeze-2026-08-31 + nflverse players,espn_2026_candidate_20260831T214508Z_6e169d4c54c0,,unresolved,False,False,jeremyruckert,Jeremy Ruckert,NYJ,panel_gsis_to_nflverse_players,1.0,False,False,nflverse players + annual rosters; panel GSIS preferred,,,,,,,,,,,,,,,,,,,,,,,False,high_exact_espn_id_to_gsis_id,blank/NA means unknown or not present; never interpret as numeric zero
00-0040876,00-0040876,5088338,,Elijah Sarratt,WR,BAL,espn_id_to_nflverse_gsis,1.0,False,False,ESPN Market Freeze origin/codex/espn-market-freeze-2026-08-31 + nflverse players,espn_2026_candidate_20260831T214508Z_6e169d4c54c0,,unresolved,False,False,,,,,,,,,,,,,,,,,,,,,,,,,,,,,,,False,high_exact_espn_id_to_gsis_id,blank/NA means unknown or not present; never interpret as numeric zero
00-0031235,00-0031235,16733,,Odell Beckham Jr.,WR,NYG,espn_id_to_nflverse_gsis,1.0,False,False,ESPN Market Freeze origin/codex/espn-market-freeze-2026-08-31 + nflverse players,espn_2026_candidate_20260831T214508Z_6e169d4c54c0,,unresolved,False,False,odellbeckham,Odell Beckham Jr.,MIA,panel_gsis_to_nflverse_players,1.0,False,False,nflverse players + annual rosters; panel GSIS preferred,,,,,,,,,,,,,,,,,,,,,,,False,high_exact_espn_id_to_gsis_id,blank/NA means unknown or not present; never interpret as numeric zero
00-0040170,00-0040170,4883647,,Elic Ayomanor,WR,TEN,espn_id_to_nflverse_gsis,1.0,False,False,ESPN Market Freeze origin/codex/espn-market-freeze-2026-08-31 + nflverse players,espn_2026_candidate_20260831T214508Z_6e169d4c54c0,,unresolved,False,False,elicayomanor,Elic Ayomanor,TEN,panel_gsis_to_nflverse_players,1.0,False,False,nflverse players + annual rosters; panel GSIS preferred,,,,,,,,,,,,,,,,,,,,,,,False,high_exact_espn_id_to_gsis_id,blank/NA means unknown or not present; never interpret as numeric zero
00-0034798,00-0034798,3052897,,Durham Smythe,TE,BAL,espn_id_to_nflverse_gsis,1.0,False,False,ESPN Market Freeze origin/codex/espn-market-freeze-2026-08-31 + nflverse players,espn_2026_candidate_20260831T214508Z_6e169d4c54c0,,unresolved,False,False,durhamsmythe,Durham Smythe,CHI,panel_gsis_to_nflverse_players,1.0,False,False,nflverse players + annual rosters; panel GSIS preferred,,,,,,,,,,,,,,,,,,,,,,,False,high_exact_espn_id_to_gsis_id,blank/NA means unknown or not present; never interpret as numeric zero
00-0039751,00-0039751,4569382,,Jordan Whittington,WR,LAR,espn_id_to_nflverse_gsis,1.0,False,False,ESPN Market Freeze origin/codex/espn-market-freeze-2026-08-31 + nflverse players,espn_2026_candidate_20260831T214508Z_6e169d4c54c0,,unresolved,False,False,jordanwhittington,Jordan Whittington,LAR,panel_gsis_to_nflverse_players,1.0,False,False,nflverse players + annual rosters; panel GSIS preferred,,,,,,,,,,,,,,,,,,,,,,,False,high_exact_espn_id_to_gsis_id,blank/NA means unknown or not present; never interpret as numeric zero
00-0040237,00-0040237,4608810,,Tez Johnson,WR,TB,espn_id_to_nflverse_gsis,1.0,False,False,ESPN Market Freeze origin/codex/espn-market-freeze-2026-08-31 + nflverse players,espn_2026_candidate_20260831T214508Z_6e169d4c54c0,,unresolved,False,False,tezjohnson,Tez Johnson,TB,panel_gsis_to_nflverse_players,1.0,False,False,nflverse players + annual rosters; panel GSIS preferred,,,,,,,,,,,,,,,,,,,,,,,False,high_exact_espn_id_to_gsis_id,blank/NA means unknown or not present; never interpret as numeric zero
00-0040218,00-0040218,4708486,,Jimmy Horn Jr.,WR,CAR,espn_id_to_nflverse_gsis,1.0,False,False,ESPN Market Freeze origin/codex/espn-market-freeze-2026-08-31 + nflverse players,espn_2026_candidate_20260831T214508Z_6e169d4c54c0,,unresolved,False,False,jimmyhorn,Jimmy Horn Jr.,CAR,panel_gsis_to_nflverse_players,1.0,False,False,nflverse players + annual rosters; panel GSIS preferred,,,,,,,,,,,,,,,,,,,,,,,False,high_exact_espn_id_to_gsis_id,blank/NA means unknown or not present; never interpret as numeric zero
00-0039074,00-0039074,4426553,,Davis Allen,TE,LAR,espn_id_to_nflverse_gsis,1.0,False,False,ESPN Market Freeze origin/codex/espn-market-freeze-2026-08-31 + nflverse players,espn_2026_candidate_20260831T214508Z_6e169d4c54c0,,unresolved,False,False,davisallen,Davis Allen,LAR,panel_gsis_to_nflverse_players,1.0,False,False,nflverse players + annual rosters; panel GSIS preferred,ESPN:QUESTIONABLE|NFLVERSE:ACT,QUESTIONABLE,,,False,False,False,,,uncertain_pending_official_week1_report,,,https://lm-api-reads.fantasy.espn.com/apis/v3/games/ffl/seasons/2026/segments/0/leaguedefaults/1?view=kona_player_info,https://github.com/nflverse/nflverse-data/releases/download/players/players.csv|https://github.com/nflverse/nflverse-data/releases/download/rosters/roster_2026.csv,2026-08-31,2026-08-31T23:22:51.244996+00:00,medium_pre_week1_designation,False,True,Current overlay only; no production games adjustment or historical-table insertion is authorized.,1133,169.98,True,high_exact_espn_id_to_gsis_id,blank/NA means unknown or not present; never interpret as numeric zero
00-0040590,00-0040590,4710855,,Konata Mumpfield,WR,LAR,espn_id_to_nflverse_gsis,1.0,False,False,ESPN Market Freeze origin/codex/espn-market-freeze-2026-08-31 + nflverse players,espn_2026_candidate_20260831T214508Z_6e169d4c54c0,,unresolved,False,False,konatamumpfield,Konata Mumpfield,LA,panel_gsis_to_nflverse_players,1.0,False,False,nflverse players + annual rosters; panel GSIS preferred,,,,,,,,,,,,,,,,,,,,,,,False,high_exact_espn_id_to_gsis_id,blank/NA means unknown or not present; never interpret as numeric zero
00-0034981,00-0034981,3843945,,Foster Moreau,TE,HOU,espn_id_to_nflverse_gsis,1.0,False,False,ESPN Market Freeze origin/codex/espn-market-freeze-2026-08-31 + nflverse players,espn_2026_candidate_20260831T214508Z_6e169d4c54c0,,unresolved,False,False,fostermoreau,Foster Moreau,NO,panel_gsis_to_nflverse_players,1.0,False,False,nflverse players + annual rosters; panel GSIS preferred,,,,,,,,,,,,,,,,,,,,,,,False,high_exact_espn_id_to_gsis_id,blank/NA means unknown or not present; never interpret as numeric zero
00-0032775,00-0032775,3043116,,Demarcus Robinson,WR,SF,espn_id_to_nflverse_gsis,1.0,False,False,ESPN Market Freeze origin/codex/espn-market-freeze-2026-08-31 + nflverse players,espn_2026_candidate_20260831T214508Z_6e169d4c54c0,,unresolved,False,False,demarcusrobinson,Demarcus Robinson,SF,panel_gsis_to_nflverse_players,1.0,False,False,nflverse players + annual rosters; panel GSIS preferred,,,,,,,,,,,,,,,,,,,,,,,False,high_exact_espn_id_to_gsis_id,blank/NA means unknown or not present; never interpret as numeric zero
00-0038783,00-0038783,4383440,,Nate Adkins,TE,DEN,espn_id_to_nflverse_gsis,1.0,False,False,ESPN Market Freeze origin/codex/espn-market-freeze-2026-08-31 + nflverse players,espn_2026_candidate_20260831T214508Z_6e169d4c54c0,,unresolved,False,False,nateadkins,Nate Adkins,DEN,panel_gsis_to_nflverse_players,1.0,False,False,nflverse players + annual rosters; panel GSIS preferred,,,,,,,,,,,,,,,,,,,,,,,False,high_exact_espn_id_to_gsis_id,blank/NA means unknown or not present; never interpret as numeric zero
00-0036754,00-0036754,4242392,,Brock Wright,TE,DET,espn_id_to_nflverse_gsis,1.0,False,False,ESPN Market Freeze origin/codex/espn-market-freeze-2026-08-31 + nflverse players,espn_2026_candidate_20260831T214508Z_6e169d4c54c0,,unresolved,False,False,brockwright,Brock Wright,DET,panel_gsis_to_nflverse_players,1.0,False,False,nflverse players + annual rosters; panel GSIS preferred,,,,,,,,,,,,,,,,,,,,,,,False,high_exact_espn_id_to_gsis_id,blank/NA means unknown or not present; never interpret as numeric zero
00-0041503,00-0041503,4686248,,Nate Boerkircher,TE,JAX,espn_id_to_nflverse_gsis,1.0,False,False,ESPN Market Freeze origin/codex/espn-market-freeze-2026-08-31 + nflverse players,espn_2026_candidate_20260831T214508Z_6e169d4c54c0,,unresolved,False,False,,,,,,,,,,,,,,,,,,,,,,,,,,,,,,,False,high_exact_espn_id_to_gsis_id,blank/NA means unknown or not present; never interpret as numeric zero
00-0039355,00-0039355,4426948,,Luke McCaffrey,WR,WAS,espn_id_to_nflverse_gsis,1.0,False,False,ESPN Market Freeze origin/codex/espn-market-freeze-2026-08-31 + nflverse players,espn_2026_candidate_20260831T214508Z_6e169d4c54c0,,unresolved,False,False,lukemccaffrey,Luke McCaffrey,WAS,panel_gsis_to_nflverse_players,1.0,False,False,nflverse players + annual rosters; panel GSIS preferred,,,,,,,,,,,,,,,,,,,,,,,False,high_exact_espn_id_to_gsis_id,blank/NA means unknown or not present; never interpret as numeric zero
00-0040646,00-0040646,5082630,,Jalen Royals,WR,KC,espn_id_to_nflverse_gsis,1.0,False,False,ESPN Market Freeze origin/codex/espn-market-freeze-2026-08-31 + nflverse players,espn_2026_candidate_20260831T214508Z_6e169d4c54c0,,unresolved,False,False,jalenroyals,Jalen Royals,KC,panel_gsis_to_nflverse_players,1.0,False,False,nflverse players + annual rosters; panel GSIS preferred,,,,,,,,,,,,,,,,,,,,,,,False,high_exact_espn_id_to_gsis_id,blank/NA means unknown or not present; never interpret as numeric zero
00-0040184,00-0040184,4430870,,KeAndre Lambert-Smith,WR,LAC,espn_id_to_nflverse_gsis,1.0,False,False,ESPN Market Freeze origin/codex/espn-market-freeze-2026-08-31 + nflverse players,espn_2026_candidate_20260831T214508Z_6e169d4c54c0,,unresolved,False,False,keandrelambertsmith,KeAndre Lambert-Smith,LAC,panel_gsis_to_nflverse_players,1.0,False,False,nflverse players + annual rosters; panel GSIS preferred,,,,,,,,,,,,,,,,,,,,,,,False,high_exact_espn_id_to_gsis_id,blank/NA means unknown or not present; never interpret as numeric zero
00-0039050,00-0039050,4372505,,Payne Durham,TE,TB,espn_id_to_nflverse_gsis,1.0,False,False,ESPN Market Freeze origin/codex/espn-market-freeze-2026-08-31 + nflverse players,espn_2026_candidate_20260831T214508Z_6e169d4c54c0,,unresolved,False,False,paynedurham,Payne Durham,TB,panel_gsis_to_nflverse_players,1.0,False,False,nflverse players + annual rosters; panel GSIS preferred,,,,,,,,,,,,,,,,,,,,,,,False,high_exact_espn_id_to_gsis_id,blank/NA means unknown or not present; never interpret as numeric zero
00-0041041,00-0041041,4702559,,Oscar Delp,TE,NO,espn_id_to_nflverse_gsis,1.0,False,False,ESPN Market Freeze origin/codex/espn-market-freeze-2026-08-31 + nflverse players,espn_2026_candidate_20260831T214508Z_6e169d4c54c0,,unresolved,False,False,,,,,,,,,ESPN:QUESTIONABLE|NFLVERSE:ACT,QUESTIONABLE,,,False,False,False,,,uncertain_pending_official_week1_report,,,https://lm-api-reads.fantasy.espn.com/apis/v3/games/ffl/seasons/2026/segments/0/leaguedefaults/1?view=kona_player_info,https://github.com/nflverse/nflverse-data/releases/download/players/players.csv|https://github.com/nflverse/nflverse-data/releases/download/rosters/roster_2026.csv,2026-08-31,2026-08-31T23:22:51.244996+00:00,medium_pre_week1_designation,False,True,Current overlay only; no production games adjustment or historical-table insertion is authorized.,1147,169.99,True,high_exact_espn_id_to_gsis_id,blank/NA means unknown or not present; never interpret as numeric zero
00-0041099,00-0041099,4698597,,Barion Brown,WR,NO,espn_id_to_nflverse_gsis,1.0,False,False,ESPN Market Freeze origin/codex/espn-market-freeze-2026-08-31 + nflverse players,espn_2026_candidate_20260831T214508Z_6e169d4c54c0,,unresolved,False,False,,,,,,,,,,,,,,,,,,,,,,,,,,,,,,,False,high_exact_espn_id_to_gsis_id,blank/NA means unknown or not present; never interpret as numeric zero
00-0032951,00-0032951,3051889,,Laquon Treadwell,WR,IND,espn_id_to_nflverse_gsis,1.0,False,False,ESPN Market Freeze origin/codex/espn-market-freeze-2026-08-31 + nflverse players,espn_2026_candidate_20260831T214508Z_6e169d4c54c0,,unresolved,False,False,laquontreadwell,Laquon Treadwell,IND,panel_gsis_to_nflverse_players,1.0,False,False,nflverse players + annual rosters; panel GSIS preferred,,,,,,,,,,,,,,,,,,,,,,,False,high_exact_espn_id_to_gsis_id,blank/NA means unknown or not present; never interpret as numeric zero
00-0035125,00-0035125,3917668,,Alec Ingold,RB,LAC,espn_id_to_nflverse_gsis,1.0,False,False,ESPN Market Freeze origin/codex/espn-market-freeze-2026-08-31 + nflverse players,espn_2026_candidate_20260831T214508Z_6e169d4c54c0,,unresolved,False,False,alecingold,Alec Ingold,MIA,panel_gsis_to_nflverse_players,1.0,False,False,nflverse players + annual rosters; panel GSIS preferred,,,,,,,,,,,,,,,,,,,,,,,False,high_exact_espn_id_to_gsis_id,blank/NA means unknown or not present; never interpret as numeric zero
00-0040581,00-0040581,4432775,,Dont'e Thornton Jr.,WR,LV,espn_id_to_nflverse_gsis,1.0,False,False,ESPN Market Freeze origin/codex/espn-market-freeze-2026-08-31 + nflverse players,espn_2026_candidate_20260831T214508Z_6e169d4c54c0,,unresolved,False,False,dontethornton,Dont'e Thornton Jr.,LV,panel_gsis_to_nflverse_players,1.0,False,False,nflverse players + annual rosters; panel GSIS preferred,ESPN:QUESTIONABLE|NFLVERSE:ACT,QUESTIONABLE,,,False,False,False,,,uncertain_pending_official_week1_report,,,https://lm-api-reads.fantasy.espn.com/apis/v3/games/ffl/seasons/2026/segments/0/leaguedefaults/1?view=kona_player_info,https://github.com/nflverse/nflverse-data/releases/download/players/players.csv|https://github.com/nflverse/nflverse-data/releases/download/rosters/roster_2026.csv,2026-08-31,2026-08-31T23:22:51.244996+00:00,medium_pre_week1_designation,False,True,Current overlay only; no production games adjustment or historical-table insertion is authorized.,1164,169.99,True,high_exact_espn_id_to_gsis_id,blank/NA means unknown or not present; never interpret as numeric zero
00-0037091,00-0037091,4259305,,Bo Melton,WR,GB,espn_id_to_nflverse_gsis,1.0,False,False,ESPN Market Freeze origin/codex/espn-market-freeze-2026-08-31 + nflverse players,espn_2026_candidate_20260831T214508Z_6e169d4c54c0,,unresolved,False,False,bomelton,Bo Melton,GB,panel_gsis_to_nflverse_players,1.0,False,False,nflverse players + annual rosters; panel GSIS preferred,,,,,,,,,,,,,,,,,,,,,,,False,high_exact_espn_id_to_gsis_id,blank/NA means unknown or not present; never interpret as numeric zero
00-0038710,00-0038710,4362018,,Blake Whiteheart,TE,CLE,espn_id_to_nflverse_gsis,1.0,False,False,ESPN Market Freeze origin/codex/espn-market-freeze-2026-08-31 + nflverse players,espn_2026_candidate_20260831T214508Z_6e169d4c54c0,,unresolved,False,False,blakewhiteheart,Blake Whiteheart,CLE,panel_gsis_to_nflverse_players,1.0,False,False,nflverse players + annual rosters; panel GSIS preferred,,,,,,,,,,,,,,,,,,,,,,,False,high_exact_espn_id_to_gsis_id,blank/NA means unknown or not present; never interpret as numeric zero
00-0038809,00-0038809,4373030,,Ben Sims,TE,MIA,espn_id_to_nflverse_gsis,1.0,False,False,ESPN Market Freeze origin/codex/espn-market-freeze-2026-08-31 + nflverse players,espn_2026_candidate_20260831T214508Z_6e169d4c54c0,,unresolved,False,False,bensims,Ben Sims,MIN,panel_gsis_to_nflverse_players,1.0,False,False,nflverse players + annual rosters; panel GSIS preferred,ESPN:QUESTIONABLE|NFLVERSE:ACT,QUESTIONABLE,,,False,False,False,,,uncertain_pending_official_week1_report,,,https://lm-api-reads.fantasy.espn.com/apis/v3/games/ffl/seasons/2026/segments/0/leaguedefaults/1?view=kona_player_info,https://github.com/nflverse/nflverse-data/releases/download/players/players.csv|https://github.com/nflverse/nflverse-data/releases/download/rosters/roster_2026.csv,2026-08-31,2026-08-31T23:22:51.244996+00:00,medium_pre_week1_designation,False,True,Current overlay only; no production games adjustment or historical-table insertion is authorized.,1173,169.99,True,high_exact_espn_id_to_gsis_id,blank/NA means unknown or not present; never interpret as numeric zero
00-0039920,00-0039920,4613104,,Malachi Corley,WR,CLE,espn_id_to_nflverse_gsis,1.0,False,False,ESPN Market Freeze origin/codex/espn-market-freeze-2026-08-31 + nflverse players,espn_2026_candidate_20260831T214508Z_6e169d4c54c0,,unresolved,False,False,malachicorley,Malachi Corley,CLE,panel_gsis_to_nflverse_players,1.0,False,False,nflverse players + annual rosters; panel GSIS preferred,,,,,,,,,,,,,,,,,,,,,,,False,high_exact_espn_id_to_gsis_id,blank/NA means unknown or not present; never interpret as numeric zero
00-0037231,00-0037231,4372758,,Kevin Austin Jr.,WR,NO,espn_id_to_nflverse_gsis,1.0,False,False,ESPN Market Freeze origin/codex/espn-market-freeze-2026-08-31 + nflverse players,espn_2026_candidate_20260831T214508Z_6e169d4c54c0,,unresolved,False,False,kevinaustin,Kevin Austin Jr.,NO,panel_gsis_to_nflverse_players,1.0,False,False,nflverse players + annual rosters; panel GSIS preferred,,,,,,,,,,,,,,,,,,,,,,,False,high_exact_espn_id_to_gsis_id,blank/NA means unknown or not present; never interpret as numeric zero
00-0037524,00-0037524,4245144,,Tay Martin,WR,DET,espn_id_to_nflverse_gsis,1.0,False,False,ESPN Market Freeze origin/codex/espn-market-freeze-2026-08-31 + nflverse players,espn_2026_candidate_20260831T214508Z_6e169d4c54c0,,unresolved,False,False,taymartin,Tay Martin,WAS,panel_gsis_to_nflverse_players,1.0,False,False,nflverse players + annual rosters; panel GSIS preferred,,,,,,,,,,,,,,,,,,,,,,,False,high_exact_espn_id_to_gsis_id,blank/NA means unknown or not present; never interpret as numeric zero
00-0038573,00-0038573,4362477,,Derius Davis,WR,LAC,espn_id_to_nflverse_gsis,1.0,False,False,ESPN Market Freeze origin/codex/espn-market-freeze-2026-08-31 + nflverse players,espn_2026_candidate_20260831T214508Z_6e169d4c54c0,,unresolved,False,False,deriusdavis,Derius Davis,LAC,panel_gsis_to_nflverse_players,1.0,False,False,nflverse players + annual rosters; panel GSIS preferred,,,,,,,,,,,,,,,,,,,,,,,False,high_exact_espn_id_to_gsis_id,blank/NA means unknown or not present; never interpret as numeric zero
00-0038359,00-0038359,4386544,,Xavier Smith,WR,LAR,espn_id_to_nflverse_gsis,1.0,False,False,ESPN Market Freeze origin/codex/espn-market-freeze-2026-08-31 + nflverse players,espn_2026_candidate_20260831T214508Z_6e169d4c54c0,,unresolved,False,False,xaviersmith,Xavier Smith,LA,panel_gsis_to_nflverse_players,1.0,False,False,nflverse players + annual rosters; panel GSIS preferred,,,,,,,,,,,,,,,,,,,,,,,False,high_exact_espn_id_to_gsis_id,blank/NA means unknown or not present; never interpret as numeric zero
00-0036727,00-0036727,3929914,,Adam Prentice,RB,FA,espn_id_to_nflverse_gsis,1.0,False,False,ESPN Market Freeze origin/codex/espn-market-freeze-2026-08-31 + nflverse players,espn_2026_candidate_20260831T214508Z_6e169d4c54c0,,unresolved,False,False,,,,,,,,,,,,,,,,,,,,,,,,,,,,,,,False,high_exact_espn_id_to_gsis_id,blank/NA means unknown or not present; never interpret as numeric zero
00-0039365,00-0039365,4575665,,Jacob Cowing,WR,SF,espn_id_to_nflverse_gsis,1.0,False,False,ESPN Market Freeze origin/codex/espn-market-freeze-2026-08-31 + nflverse players,espn_2026_candidate_20260831T214508Z_6e169d4c54c0,,unresolved,False,False,jacobcowing,Jacob Cowing,SF,panel_gsis_to_nflverse_players,1.0,False,False,nflverse players + annual rosters; panel GSIS preferred,ESPN:QUESTIONABLE|NFLVERSE:ACT,QUESTIONABLE,,,False,False,False,,,uncertain_pending_official_week1_report,,,https://lm-api-reads.fantasy.espn.com/apis/v3/games/ffl/seasons/2026/segments/0/leaguedefaults/1?view=kona_player_info,https://github.com/nflverse/nflverse-data/releases/download/players/players.csv|https://github.com/nflverse/nflverse-data/releases/download/rosters/roster_2026.csv,2026-08-31,2026-08-31T23:22:51.244996+00:00,medium_pre_week1_designation,False,True,Current overlay only; no production games adjustment or historical-table insertion is authorized.,1208,169.99,True,high_exact_espn_id_to_gsis_id,blank/NA means unknown or not present; never interpret as numeric zero
00-0037304,00-0037304,4241961,,Connor Heyward,RB,LV,espn_id_to_nflverse_gsis,1.0,False,False,ESPN Market Freeze origin/codex/espn-market-freeze-2026-08-31 + nflverse players,espn_2026_candidate_20260831T214508Z_6e169d4c54c0,,unresolved,False,False,connorheyward,Connor Heyward,PIT,panel_gsis_to_nflverse_players,1.0,True,True,nflverse players + annual rosters; panel GSIS preferred,,,,,,,,,,,,,,,,,,,,,,,False,high_exact_espn_id_to_gsis_id,blank/NA means unknown or not present; never interpret as numeric zero
00-0040785,00-0040785,4384852,,Dohnte Meyers,WR,CIN,espn_id_to_nflverse_gsis,1.0,False,False,ESPN Market Freeze origin/codex/espn-market-freeze-2026-08-31 + nflverse players,espn_2026_candidate_20260831T214508Z_6e169d4c54c0,,unresolved,False,False,,,,,,,,,,,,,,,,,,,,,,,,,,,,,,,False,high_exact_espn_id_to_gsis_id,blank/NA means unknown or not present; never interpret as numeric zero
00-0031595,00-0031595,2515270,,Michael Burton,RB,CLE,espn_id_to_nflverse_gsis,1.0,False,False,ESPN Market Freeze origin/codex/espn-market-freeze-2026-08-31 + nflverse players,espn_2026_candidate_20260831T214508Z_6e169d4c54c0,,unresolved,False,False,michaelburton,Michael Burton,DEN,panel_gsis_to_nflverse_players,1.0,False,False,nflverse players + annual rosters; panel GSIS preferred,,,,,,,,,,,,,,,,,,,,,,,False,high_exact_espn_id_to_gsis_id,blank/NA means unknown or not present; never interpret as numeric zero
00-0040563,00-0040563,4695193,,Efton Chism III,WR,NE,espn_id_to_nflverse_gsis,1.0,False,False,ESPN Market Freeze origin/codex/espn-market-freeze-2026-08-31 + nflverse players,espn_2026_candidate_20260831T214508Z_6e169d4c54c0,,unresolved,False,False,eftonchism,Efton Chism III,NE,panel_gsis_to_nflverse_players,1.0,False,False,nflverse players + annual rosters; panel GSIS preferred,,,,,,,,,,,,,,,,,,,,,,,False,high_exact_espn_id_to_gsis_id,blank/NA means unknown or not present; never interpret as numeric zero
00-0041081,00-0041081,4878695,,Max Bredeson,RB,MIN,espn_id_to_nflverse_gsis,1.0,False,False,ESPN Market Freeze origin/codex/espn-market-freeze-2026-08-31 + nflverse players,espn_2026_candidate_20260831T214508Z_6e169d4c54c0,,unresolved,False,False,,,,,,,,,,,,,,,,,,,,,,,,,,,,,,,False,high_exact_espn_id_to_gsis_id,blank/NA means unknown or not present; never interpret as numeric zero
00-0039530,00-0039530,4360967,,Brevyn Spann-Ford,TE,DAL,espn_id_to_nflverse_gsis,1.0,False,False,ESPN Market Freeze origin/codex/espn-market-freeze-2026-08-31 + nflverse players,espn_2026_candidate_20260831T214508Z_6e169d4c54c0,,unresolved,False,False,brevynspannford,Brevyn Spann-Ford,DAL,panel_gsis_to_nflverse_players,1.0,False,False,nflverse players + annual rosters; panel GSIS preferred,,,,,,,,,,,,,,,,,,,,,,,False,high_exact_espn_id_to_gsis_id,blank/NA means unknown or not present; never interpret as numeric zero
00-0041565,00-0041565,4714771,,Drew Allar,QB,PIT,espn_id_to_nflverse_gsis,1.0,False,False,ESPN Market Freeze origin/codex/espn-market-freeze-2026-08-31 + nflverse players,espn_2026_candidate_20260831T214508Z_6e169d4c54c0,,unresolved,False,False,,,,,,,,,,,,,,,,,,,,,,,,,,,,,,,False,high_exact_espn_id_to_gsis_id,blank/NA means unknown or not present; never interpret as numeric zero
00-0037012,00-0037012,4383351,,Trey Lance,QB,LAC,espn_id_to_nflverse_gsis,1.0,False,False,ESPN Market Freeze origin/codex/espn-market-freeze-2026-08-31 + nflverse players,espn_2026_candidate_20260831T214508Z_6e169d4c54c0,,unresolved,False,False,treylance,Trey Lance,LAC,panel_gsis_to_nflverse_players,1.0,False,False,nflverse players + annual rosters; panel GSIS preferred,,,,,,,,,,,,,,,,,,,,,,,False,high_exact_espn_id_to_gsis_id,blank/NA means unknown or not present; never interpret as numeric zero
00-0040390,00-0040390,4602788,,Jackson Meeks,TE,DET,espn_id_to_nflverse_gsis,1.0,True,True,ESPN Market Freeze origin/codex/espn-market-freeze-2026-08-31 + nflverse players,espn_2026_candidate_20260831T214508Z_6e169d4c54c0,,unresolved,False,True,,,,,,,,,,,,,,,,,,,,,,,,,,,,,,,False,stable_id_match_with_metadata_conflict_manual_review,blank/NA means unknown or not present; never interpret as numeric zero
00-0040206,00-0040206,4683423,,Riley Leonard,QB,IND,espn_id_to_nflverse_gsis,1.0,False,False,ESPN Market Freeze origin/codex/espn-market-freeze-2026-08-31 + nflverse players,espn_2026_candidate_20260831T214508Z_6e169d4c54c0,,unresolved,False,False,rileyleonard,Riley Leonard,IND,panel_gsis_to_nflverse_players,1.0,False,False,nflverse players + annual rosters; panel GSIS preferred,,,,,,,,,,,,,,,,,,,,,,,False,high_exact_espn_id_to_gsis_id,blank/NA means unknown or not present; never interpret as numeric zero
00-0040234,00-0040234,4889929,,Quinn Ewers,QB,JAX,espn_id_to_nflverse_gsis,1.0,False,False,ESPN Market Freeze origin/codex/espn-market-freeze-2026-08-31 + nflverse players,espn_2026_candidate_20260831T214508Z_6e169d4c54c0,,unresolved,False,False,quinnewers,Quinn Ewers,MIA,panel_gsis_to_nflverse_players,1.0,False,False,nflverse players + annual rosters; panel GSIS preferred,,,,,,,,,,,,,,,,,,,,,,,False,high_exact_espn_id_to_gsis_id,blank/NA means unknown or not present; never interpret as numeric zero
00-0028118,00-0028118,14163,,Tyrod Taylor,QB,GB,espn_id_to_nflverse_gsis,1.0,False,False,ESPN Market Freeze origin/codex/espn-market-freeze-2026-08-31 + nflverse players,espn_2026_candidate_20260831T214508Z_6e169d4c54c0,,unresolved,False,False,tyrodtaylor,Tyrod Taylor,NYJ,panel_gsis_to_nflverse_players,1.0,False,False,nflverse players + annual rosters; panel GSIS preferred,,,,,,,,,,,,,,,,,,,,,,,False,high_exact_espn_id_to_gsis_id,blank/NA means unknown or not present; never interpret as numeric zero
00-0041084,00-0041084,4917427,,Tanner Koziol,TE,JAX,espn_id_to_nflverse_gsis,1.0,False,False,ESPN Market Freeze origin/codex/espn-market-freeze-2026-08-31 + nflverse players,espn_2026_candidate_20260831T214508Z_6e169d4c54c0,,unresolved,False,False,,,,,,,,,,,,,,,,,,,,,,,,,,,,,,,False,high_exact_espn_id_to_gsis_id,blank/NA means unknown or not present; never interpret as numeric zero
00-0037311,00-0037311,4034779,,Ko Kieft,TE,TB,espn_id_to_nflverse_gsis,1.0,False,False,ESPN Market Freeze origin/codex/espn-market-freeze-2026-08-31 + nflverse players,espn_2026_candidate_20260831T214508Z_6e169d4c54c0,,unresolved,False,False,kokieft,Ko Kieft,TB,panel_gsis_to_nflverse_players,1.0,False,False,nflverse players + annual rosters; panel GSIS preferred,,,,,,,,,,,,,,,,,,,,,,,False,high_exact_espn_id_to_gsis_id,blank/NA means unknown or not present; never interpret as numeric zero
00-0038102,00-0038102,4240703,,Kenny Pickett,QB,CAR,espn_id_to_nflverse_gsis,1.0,False,False,ESPN Market Freeze origin/codex/espn-market-freeze-2026-08-31 + nflverse players,espn_2026_candidate_20260831T214508Z_6e169d4c54c0,,unresolved,False,False,kennypickett,Kenny Pickett,LV,panel_gsis_to_nflverse_players,1.0,False,False,nflverse players + annual rosters; panel GSIS preferred,,,,,,,,,,,,,,,,,,,,,,,False,high_exact_espn_id_to_gsis_id,blank/NA means unknown or not present; never interpret as numeric zero
00-0040154,00-0040154,4565185,,Tai Felton,WR,MIN,espn_id_to_nflverse_gsis,1.0,False,False,ESPN Market Freeze origin/codex/espn-market-freeze-2026-08-31 + nflverse players,espn_2026_candidate_20260831T214508Z_6e169d4c54c0,,unresolved,False,False,taifelton,Tai Felton,MIN,panel_gsis_to_nflverse_players,1.0,False,False,nflverse players + annual rosters; panel GSIS preferred,,,,,,,,,,,,,,,,,,,,,,,False,high_exact_espn_id_to_gsis_id,blank/NA means unknown or not present; never interpret as numeric zero
00-0041100,00-0041100,4879194,,Josh Cameron,WR,JAX,espn_id_to_nflverse_gsis,1.0,False,False,ESPN Market Freeze origin/codex/espn-market-freeze-2026-08-31 + nflverse players,espn_2026_candidate_20260831T214508Z_6e169d4c54c0,,unresolved,False,False,,,,,,,,,,,,,,,,,,,,,,,,,,,,,,,False,high_exact_espn_id_to_gsis_id,blank/NA means unknown or not present; never interpret as numeric zero
00-0039376,00-0039376,4426339,,Spencer Rattler,QB,NO,espn_id_to_nflverse_gsis,1.0,False,False,ESPN Market Freeze origin/codex/espn-market-freeze-2026-08-31 + nflverse players,espn_2026_candidate_20260831T214508Z_6e169d4c54c0,,unresolved,False,False,spencerrattler,Spencer Rattler,NO,panel_gsis_to_nflverse_players,1.0,False,False,nflverse players + annual rosters; panel GSIS preferred,,,,,,,,,,,,,,,,,,,,,,,False,high_exact_espn_id_to_gsis_id,blank/NA means unknown or not present; never interpret as numeric zero
00-0041472,00-0041472,4695705,,Marlin Klein,TE,HOU,espn_id_to_nflverse_gsis,1.0,False,False,ESPN Market Freeze origin/codex/espn-market-freeze-2026-08-31 + nflverse players,espn_2026_candidate_20260831T214508Z_6e169d4c54c0,,unresolved,False,False,,,,,,,,,,,,,,,,,,,,,,,,,,,,,,,False,high_exact_espn_id_to_gsis_id,blank/NA means unknown or not present; never interpret as numeric zero
00-0038589,00-0038589,4360086,,Josh Whyle,TE,GB,espn_id_to_nflverse_gsis,1.0,False,False,ESPN Market Freeze origin/codex/espn-market-freeze-2026-08-31 + nflverse players,espn_2026_candidate_20260831T214508Z_6e169d4c54c0,,unresolved,False,False,joshwhyle,Josh Whyle,GB,panel_gsis_to_nflverse_players,1.0,False,False,nflverse players + annual rosters; panel GSIS preferred,,,,,,,,,,,,,,,,,,,,,,,False,high_exact_espn_id_to_gsis_id,blank/NA means unknown or not present; never interpret as numeric zero
00-0036887,00-0036887,4040612,,Luke Farrell,TE,SF,espn_id_to_nflverse_gsis,1.0,False,False,ESPN Market Freeze origin/codex/espn-market-freeze-2026-08-31 + nflverse players,espn_2026_candidate_20260831T214508Z_6e169d4c54c0,,unresolved,False,False,lukefarrell,Luke Farrell,SF,panel_gsis_to_nflverse_players,1.0,False,False,nflverse players + annual rosters; panel GSIS preferred,,,,,,,,,,,,,,,,,,,,,,,False,high_exact_espn_id_to_gsis_id,blank/NA means unknown or not present; never interpret as numeric zero
00-0037292,00-0037292,4722908,,Drew Ogletree,TE,IND,espn_id_to_nflverse_gsis,1.0,True,True,ESPN Market Freeze origin/codex/espn-market-freeze-2026-08-31 + nflverse players,espn_2026_candidate_20260831T214508Z_6e169d4c54c0,,unresolved,True,False,drewogletree,Drew Ogletree,IND,panel_gsis_to_nflverse_players,1.0,False,False,nflverse players + annual rosters; panel GSIS preferred,,,,,,,,,,,,,,,,,,,,,,,False,stable_id_match_with_metadata_conflict_manual_review,blank/NA means unknown or not present; never interpret as numeric zero
00-0041558,00-0041558,4685504,,Sam Roush,TE,CHI,espn_id_to_nflverse_gsis,1.0,False,False,ESPN Market Freeze origin/codex/espn-market-freeze-2026-08-31 + nflverse players,espn_2026_candidate_20260831T214508Z_6e169d4c54c0,,unresolved,False,False,,,,,,,,,,,,,,,,,,,,,,,,,,,,,,,False,high_exact_espn_id_to_gsis_id,blank/NA means unknown or not present; never interpret as numeric zero
00-0040277,00-0040277,5160110,,Jahdae Walker,WR,CHI,espn_id_to_nflverse_gsis,1.0,False,False,ESPN Market Freeze origin/codex/espn-market-freeze-2026-08-31 + nflverse players,espn_2026_candidate_20260831T214508Z_6e169d4c54c0,,unresolved,False,False,jahdaewalker,Jahdae Walker,CHI,panel_gsis_to_nflverse_players,1.0,False,False,nflverse players + annual rosters; panel GSIS preferred,,,,,,,,,,,,,,,,,,,,,,,False,high_exact_espn_id_to_gsis_id,blank/NA means unknown or not present; never interpret as numeric zero
00-0033949,00-0033949,3044720,,Joshua Dobbs,QB,DET,espn_id_to_nflverse_gsis,1.0,False,False,ESPN Market Freeze origin/codex/espn-market-freeze-2026-08-31 + nflverse players,espn_2026_candidate_20260831T214508Z_6e169d4c54c0,,unresolved,False,False,joshuadobbs,Joshua Dobbs,NE,panel_gsis_to_nflverse_players,1.0,False,False,nflverse players + annual rosters; panel GSIS preferred,,,,,,,,,,,,,,,,,,,,,,,False,high_exact_espn_id_to_gsis_id,blank/NA means unknown or not present; never interpret as numeric zero
00-0035993,00-0035993,4035671,,Tyler Huntley,QB,BAL,espn_id_to_nflverse_gsis,1.0,False,False,ESPN Market Freeze origin/codex/espn-market-freeze-2026-08-31 + nflverse players,espn_2026_candidate_20260831T214508Z_6e169d4c54c0,,unresolved,False,False,tylerhuntley,Tyler Huntley,FA,panel_gsis_to_nflverse_players,1.0,False,False,nflverse players + annual rosters; panel GSIS preferred,,,,,,,,,,,,,,,,,,,,,,,False,high_exact_espn_id_to_gsis_id,blank/NA means unknown or not present; never interpret as numeric zero
00-0040879,00-0040879,4432260,,Matthew Hibner,TE,BAL,espn_id_to_nflverse_gsis,1.0,False,False,ESPN Market Freeze origin/codex/espn-market-freeze-2026-08-31 + nflverse players,espn_2026_candidate_20260831T214508Z_6e169d4c54c0,,unresolved,False,False,,,,,,,,,,,,,,,,,,,,,,,,,,,,,,,False,high_exact_espn_id_to_gsis_id,blank/NA means unknown or not present; never interpret as numeric zero
00-0040887,00-0040887,4876132,,Josh Cuevas,TE,BAL,espn_id_to_nflverse_gsis,1.0,False,False,ESPN Market Freeze origin/codex/espn-market-freeze-2026-08-31 + nflverse players,espn_2026_candidate_20260831T214508Z_6e169d4c54c0,,unresolved,False,False,,,,,,,,,,,,,,,,,,,,,,,,,,,,,,,False,high_exact_espn_id_to_gsis_id,blank/NA means unknown or not present; never interpret as numeric zero
00-0033576,00-0033576,2975863,,Eric Saubert,TE,SEA,espn_id_to_nflverse_gsis,1.0,False,False,ESPN Market Freeze origin/codex/espn-market-freeze-2026-08-31 + nflverse players,espn_2026_candidate_20260831T214508Z_6e169d4c54c0,,unresolved,False,False,ericsaubert,Eric Saubert,SEA,panel_gsis_to_nflverse_players,1.0,False,False,nflverse players + annual rosters; panel GSIS preferred,,,,,,,,,,,,,,,,,,,,,,,False,high_exact_espn_id_to_gsis_id,blank/NA means unknown or not present; never interpret as numeric zero
00-0040024,00-0040024,4715355,,Darius Cooper,WR,PHI,espn_id_to_nflverse_gsis,1.0,False,False,ESPN Market Freeze origin/codex/espn-market-freeze-2026-08-31 + nflverse players,espn_2026_candidate_20260831T214508Z_6e169d4c54c0,,unresolved,False,False,dariuscooper,Darius Cooper,PHI,panel_gsis_to_nflverse_players,1.0,False,False,nflverse players + annual rosters; panel GSIS preferred,,,,,,,,,,,,,,,,,,,,,,,False,high_exact_espn_id_to_gsis_id,blank/NA means unknown or not present; never interpret as numeric zero
00-0034959,00-0034959,3125107,,Andrew Beck,RB,NYJ,espn_id_to_nflverse_gsis,1.0,False,False,ESPN Market Freeze origin/codex/espn-market-freeze-2026-08-31 + nflverse players,espn_2026_candidate_20260831T214508Z_6e169d4c54c0,,unresolved,False,False,andrewbeck,Andrew Beck,NYJ,panel_gsis_to_nflverse_players,1.0,True,True,nflverse players + annual rosters; panel GSIS preferred,,,,,,,,,,,,,,,,,,,,,,,False,high_exact_espn_id_to_gsis_id,blank/NA means unknown or not present; never interpret as numeric zero
00-0039062,00-0039062,4426485,,Jonathan Mingo,WR,DAL,espn_id_to_nflverse_gsis,1.0,False,False,ESPN Market Freeze origin/codex/espn-market-freeze-2026-08-31 + nflverse players,espn_2026_candidate_20260831T214508Z_6e169d4c54c0,,unresolved,False,False,jonathanmingo,Jonathan Mingo,DAL,panel_gsis_to_nflverse_players,1.0,False,False,nflverse players + annual rosters; panel GSIS preferred,,,,,,,,,,,,,,,,,,,,,,,False,high_exact_espn_id_to_gsis_id,blank/NA means unknown or not present; never interpret as numeric zero
00-0036898,00-0036898,4242546,,Davis Mills,QB,HOU,espn_id_to_nflverse_gsis,1.0,False,False,ESPN Market Freeze origin/codex/espn-market-freeze-2026-08-31 + nflverse players,espn_2026_candidate_20260831T214508Z_6e169d4c54c0,,unresolved,False,False,davismills,Davis Mills,HOU,panel_gsis_to_nflverse_players,1.0,False,False,nflverse players + annual rosters; panel GSIS preferred,,,,,,,,,,,,,,,,,,,,,,,False,high_exact_espn_id_to_gsis_id,blank/NA means unknown or not present; never interpret as numeric zero
00-0037004,00-0037004,4239944,,Hunter Long,TE,ARI,espn_id_to_nflverse_gsis,1.0,False,False,ESPN Market Freeze origin/codex/espn-market-freeze-2026-08-31 + nflverse players,espn_2026_candidate_20260831T214508Z_6e169d4c54c0,,unresolved,False,False,hunterlong,Hunter Long,JAX,panel_gsis_to_nflverse_players,1.0,False,False,nflverse players + annual rosters; panel GSIS preferred,,,,,,,,,,,,,,,,,,,,,,,False,high_exact_espn_id_to_gsis_id,blank/NA means unknown or not present; never interpret as numeric zero
00-0034365,00-0034365,4045305,,Ian Thomas,TE,LV,espn_id_to_nflverse_gsis,1.0,False,False,ESPN Market Freeze origin/codex/espn-market-freeze-2026-08-31 + nflverse players,espn_2026_candidate_20260831T214508Z_6e169d4c54c0,,unresolved,False,False,ianthomas,Ian Thomas,LV,panel_gsis_to_nflverse_players,1.0,False,False,nflverse players + annual rosters; panel GSIS preferred,,,,,,,,,,,,,,,,,,,,,,,False,high_exact_espn_id_to_gsis_id,blank/NA means unknown or not present; never interpret as numeric zero
00-0036429,00-0036429,4035020,,Charlie Woerner,TE,ATL,espn_id_to_nflverse_gsis,1.0,False,False,ESPN Market Freeze origin/codex/espn-market-freeze-2026-08-31 + nflverse players,espn_2026_candidate_20260831T214508Z_6e169d4c54c0,,unresolved,False,False,charliewoerner,Charlie Woerner,ATL,panel_gsis_to_nflverse_players,1.0,False,False,nflverse players + annual rosters; panel GSIS preferred,,,,,,,,,,,,,,,,,,,,,,,False,high_exact_espn_id_to_gsis_id,blank/NA means unknown or not present; never interpret as numeric zero
00-0041056,00-0041056,4685413,,Cade Klubnik,QB,NYJ,espn_id_to_nflverse_gsis,1.0,False,False,ESPN Market Freeze origin/codex/espn-market-freeze-2026-08-31 + nflverse players,espn_2026_candidate_20260831T214508Z_6e169d4c54c0,,unresolved,False,False,,,,,,,,,,,,,,,,,,,,,,,,,,,,,,,False,high_exact_espn_id_to_gsis_id,blank/NA means unknown or not present; never interpret as numeric zero
00-0033246,00-0033246,3052096,,Johnny Mundt,TE,PHI,espn_id_to_nflverse_gsis,1.0,False,False,ESPN Market Freeze origin/codex/espn-market-freeze-2026-08-31 + nflverse players,espn_2026_candidate_20260831T214508Z_6e169d4c54c0,,unresolved,False,False,johnnymundt,Johnny Mundt,JAC,panel_gsis_to_nflverse_players,1.0,False,False,nflverse players + annual rosters; panel GSIS preferred,,,,,,,,,,,,,,,,,,,,,,,False,high_exact_espn_id_to_gsis_id,blank/NA means unknown or not present; never interpret as numeric zero
00-0041131,00-0041131,4685540,,Carsen Ryan,TE,CLE,espn_id_to_nflverse_gsis,1.0,False,False,ESPN Market Freeze origin/codex/espn-market-freeze-2026-08-31 + nflverse players,espn_2026_candidate_20260831T214508Z_6e169d4c54c0,,unresolved,False,False,,,,,,,,,,,,,,,,,,,,,,,,,,,,,,,False,high_exact_espn_id_to_gsis_id,blank/NA means unknown or not present; never interpret as numeric zero
00-0041070,00-0041070,4869132,,Reggie Virgil,WR,ARI,espn_id_to_nflverse_gsis,1.0,False,False,ESPN Market Freeze origin/codex/espn-market-freeze-2026-08-31 + nflverse players,espn_2026_candidate_20260831T214508Z_6e169d4c54c0,,unresolved,False,False,,,,,,,,,,,,,,,,,,,,,,,,,,,,,,,False,high_exact_espn_id_to_gsis_id,blank/NA means unknown or not present; never interpret as numeric zero
00-0034577,00-0034577,3115293,,Kyle Allen,QB,BUF,espn_id_to_nflverse_gsis,1.0,False,False,ESPN Market Freeze origin/codex/espn-market-freeze-2026-08-31 + nflverse players,espn_2026_candidate_20260831T214508Z_6e169d4c54c0,,unresolved,False,False,kyleallen,Kyle Allen,DET,panel_gsis_to_nflverse_players,1.0,False,False,nflverse players + annual rosters; panel GSIS preferred,,,,,,,,,,,,,,,,,,,,,,,False,high_exact_espn_id_to_gsis_id,blank/NA means unknown or not present; never interpret as numeric zero
00-0040014,00-0040014,4433971,,Kyle McCord,QB,MIA,espn_id_to_nflverse_gsis,1.0,False,False,ESPN Market Freeze origin/codex/espn-market-freeze-2026-08-31 + nflverse players,espn_2026_candidate_20260831T214508Z_6e169d4c54c0,,unresolved,False,False,,,,,,,,,,,,,,,,,,,,,,,,,,,,,,,False,high_exact_espn_id_to_gsis_id,blank/NA means unknown or not present; never interpret as numeric zero
00-0038840,00-0038840,4360763,,Brycen Tremayne,WR,CAR,espn_id_to_nflverse_gsis,1.0,False,False,ESPN Market Freeze origin/codex/espn-market-freeze-2026-08-31 + nflverse players,espn_2026_candidate_20260831T214508Z_6e169d4c54c0,,unresolved,False,False,brycentremayne,Brycen Tremayne,CAR,panel_gsis_to_nflverse_players,1.0,False,False,nflverse players + annual rosters; panel GSIS preferred,,,,,,,,,,,,,,,,,,,,,,,False,high_exact_espn_id_to_gsis_id,blank/NA means unknown or not present; never interpret as numeric zero
00-0035704,00-0035704,3924327,,Drew Lock,QB,SEA,espn_id_to_nflverse_gsis,1.0,False,False,ESPN Market Freeze origin/codex/espn-market-freeze-2026-08-31 + nflverse players,espn_2026_candidate_20260831T214508Z_6e169d4c54c0,,unresolved,False,False,drewlock,Drew Lock,NYG,panel_gsis_to_nflverse_players,1.0,False,False,nflverse players + annual rosters; panel GSIS preferred,,,,,,,,,,,,,,,,,,,,,,,False,high_exact_espn_id_to_gsis_id,blank/NA means unknown or not present; never interpret as numeric zero
00-0036187,00-0036187,4039505,,Reggie Gilliam,RB,NE,espn_id_to_nflverse_gsis,1.0,False,False,ESPN Market Freeze origin/codex/espn-market-freeze-2026-08-31 + nflverse players,espn_2026_candidate_20260831T214508Z_6e169d4c54c0,,unresolved,False,False,reggiegilliam,Reggie Gilliam,BUF,panel_gsis_to_nflverse_players,1.0,False,False,nflverse players + annual rosters; panel GSIS preferred,,,,,,,,,,,,,,,,,,,,,,,False,high_exact_espn_id_to_gsis_id,blank/NA means unknown or not present; never interpret as numeric zero
00-0033869,00-0033869,3039707,,Mitchell Trubisky,QB,TEN,espn_id_to_nflverse_gsis,1.0,False,False,ESPN Market Freeze origin/codex/espn-market-freeze-2026-08-31 + nflverse players,espn_2026_candidate_20260831T214508Z_6e169d4c54c0,,unresolved,False,False,mitchelltrubisky,Mitchell Trubisky,PIT,panel_gsis_to_nflverse_players,1.0,False,False,nflverse players + annual rosters; panel GSIS preferred,ESPN:QUESTIONABLE|NFLVERSE:ACT,QUESTIONABLE,,,False,False,False,,,uncertain_pending_official_week1_report,,,https://lm-api-reads.fantasy.espn.com/apis/v3/games/ffl/seasons/2026/segments/0/leaguedefaults/1?view=kona_player_info,https://github.com/nflverse/nflverse-data/releases/download/players/players.csv|https://github.com/nflverse/nflverse-data/releases/download/rosters/roster_2026.csv,2026-08-31,2026-08-31T23:22:51.244996+00:00,medium_pre_week1_designation,False,True,Current overlay only; no production games adjustment or historical-table insertion is authorized.,1273,169.99,True,high_exact_espn_id_to_gsis_id,blank/NA means unknown or not present; never interpret as numeric zero
00-0033376,00-0033376,2975417,,Patrick Ricard,RB,NYG,espn_id_to_nflverse_gsis,1.0,False,False,ESPN Market Freeze origin/codex/espn-market-freeze-2026-08-31 + nflverse players,espn_2026_candidate_20260831T214508Z_6e169d4c54c0,,unresolved,False,False,patrickricard,Patrick Ricard,BAL,panel_gsis_to_nflverse_players,1.0,False,False,nflverse players + annual rosters; panel GSIS preferred,,,,,,,,,,,,,,,,,,,,,,,False,high_exact_espn_id_to_gsis_id,blank/NA means unknown or not present; never interpret as numeric zero
00-0035289,00-0035289,4038524,,Gardner Minshew II,QB,ARI,espn_id_to_nflverse_gsis,1.0,False,False,ESPN Market Freeze origin/codex/espn-market-freeze-2026-08-31 + nflverse players,espn_2026_candidate_20260831T214508Z_6e169d4c54c0,,unresolved,False,False,gardnerminshew,Gardner Minshew II,KC,panel_gsis_to_nflverse_players,1.0,False,False,nflverse players + annual rosters; panel GSIS preferred,,,,,,,,,,,,,,,,,,,,,,,False,high_exact_espn_id_to_gsis_id,blank/NA means unknown or not present; never interpret as numeric zero
,,2531358,,Chris Manhertz,TE,NYG,unmatched_espn_id,,True,True,ESPN Market Freeze origin/codex/espn-market-freeze-2026-08-31 + nflverse players,espn_2026_candidate_20260831T214508Z_6e169d4c54c0,,unresolved,False,False,mikedavis,Mike Davis,FA,unmatched,,True,True,nflverse players + annual rosters; panel GSIS preferred,,,,,,,,,,,,,,,,,,,,,,,False,unresolved_missing_gsis_id,blank/NA means unknown or not present; never interpret as numeric zero
00-0041397,00-0041397,5081338,,Kaden Wetjen,WR,PIT,espn_id_to_nflverse_gsis,1.0,False,False,ESPN Market Freeze origin/codex/espn-market-freeze-2026-08-31 + nflverse players,espn_2026_candidate_20260831T214508Z_6e169d4c54c0,,unresolved,False,False,,,,,,,,,,,,,,,,,,,,,,,,,,,,,,,False,high_exact_espn_id_to_gsis_id,blank/NA means unknown or not present; never interpret as numeric zero
00-0036862,00-0036862,4035656,,Ben Skowronek,WR,PIT,espn_id_to_nflverse_gsis,1.0,False,False,ESPN Market Freeze origin/codex/espn-market-freeze-2026-08-31 + nflverse players,espn_2026_candidate_20260831T214508Z_6e169d4c54c0,,unresolved,False,False,benskowronek,Ben Skowronek,PIT,panel_gsis_to_nflverse_players,1.0,False,False,nflverse players + annual rosters; panel GSIS preferred,ESPN:QUESTIONABLE|NFLVERSE:ACT,QUESTIONABLE,,,False,False,False,,,uncertain_pending_official_week1_report,,,https://lm-api-reads.fantasy.espn.com/apis/v3/games/ffl/seasons/2026/segments/0/leaguedefaults/1?view=kona_player_info,https://github.com/nflverse/nflverse-data/releases/download/players/players.csv|https://github.com/nflverse/nflverse-data/releases/download/rosters/roster_2026.csv,2026-08-31,2026-08-31T23:22:51.244996+00:00,medium_pre_week1_designation,False,True,Current overlay only; no production games adjustment or historical-table insertion is authorized.,1304,169.98,True,high_exact_espn_id_to_gsis_id,blank/NA means unknown or not present; never interpret as numeric zero
00-0039589,00-0039589,5097554,,Kameron Johnson,WR,TB,espn_id_to_nflverse_gsis,1.0,False,False,ESPN Market Freeze origin/codex/espn-market-freeze-2026-08-31 + nflverse players,espn_2026_candidate_20260831T214508Z_6e169d4c54c0,,unresolved,False,False,kameronjohnson,Kameron Johnson,TB,panel_gsis_to_nflverse_players,1.0,False,False,nflverse players + annual rosters; panel GSIS preferred,,,,,,,,,,,,,,,,,,,,,,,False,high_exact_espn_id_to_gsis_id,blank/NA means unknown or not present; never interpret as numeric zero
00-0040582,00-0040582,4429105,,Arian Smith,WR,NYJ,espn_id_to_nflverse_gsis,1.0,False,False,ESPN Market Freeze origin/codex/espn-market-freeze-2026-08-31 + nflverse players,espn_2026_candidate_20260831T214508Z_6e169d4c54c0,,unresolved,False,False,ariansmith,Arian Smith,NYJ,panel_gsis_to_nflverse_players,1.0,False,False,nflverse players + annual rosters; panel GSIS preferred,,,,,,,,,,,,,,,,,,,,,,,False,high_exact_espn_id_to_gsis_id,blank/NA means unknown or not present; never interpret as numeric zero
00-0034419,00-0034419,3123075,,Braxton Berrios,WR,FA,espn_id_to_nflverse_gsis,1.0,False,False,ESPN Market Freeze origin/codex/espn-market-freeze-2026-08-31 + nflverse players,espn_2026_candidate_20260831T214508Z_6e169d4c54c0,,unresolved,False,False,braxtonberrios,Braxton Berrios,HOU,panel_gsis_to_nflverse_players,1.0,False,False,nflverse players + annual rosters; panel GSIS preferred,,,,,,,,,,,,,,,,,,,,,,,False,high_exact_espn_id_to_gsis_id,blank/NA means unknown or not present; never interpret as numeric zero
00-0039603,00-0039603,4373273,,British Brooks,RB,HOU,espn_id_to_nflverse_gsis,1.0,False,False,ESPN Market Freeze origin/codex/espn-market-freeze-2026-08-31 + nflverse players,espn_2026_candidate_20260831T214508Z_6e169d4c54c0,,unresolved,False,False,britishbrooks,British Brooks,HOU,panel_gsis_to_nflverse_players,1.0,False,False,nflverse players + annual rosters; panel GSIS preferred,ESPN:QUESTIONABLE|NFLVERSE:ACT,QUESTIONABLE,,,False,False,False,,,uncertain_pending_official_week1_report,,,https://lm-api-reads.fantasy.espn.com/apis/v3/games/ffl/seasons/2026/segments/0/leaguedefaults/1?view=kona_player_info,https://github.com/nflverse/nflverse-data/releases/download/players/players.csv|https://github.com/nflverse/nflverse-data/releases/download/rosters/roster_2026.csv,2026-08-31,2026-08-31T23:22:51.244996+00:00,medium_pre_week1_designation,False,True,Current overlay only; no production games adjustment or historical-table insertion is authorized.,1323,169.99,True,high_exact_espn_id_to_gsis_id,blank/NA means unknown or not present; never interpret as numeric zero
00-0040534,00-0040534,4570738,,Ke'Shawn Williams,WR,CIN,espn_id_to_nflverse_gsis,1.0,False,False,ESPN Market Freeze origin/codex/espn-market-freeze-2026-08-31 + nflverse players,espn_2026_candidate_20260831T214508Z_6e169d4c54c0,,unresolved,False,False,keshawnwilliams,Ke'Shawn Williams,CIN,panel_gsis_to_nflverse_players,1.0,False,False,nflverse players + annual rosters; panel GSIS preferred,,,,,,,,,,,,,,,,,,,,,,,False,high_exact_espn_id_to_gsis_id,blank/NA means unknown or not present; never interpret as numeric zero
00-0040506,00-0040506,4430656,,Myles Price,WR,MIN,espn_id_to_nflverse_gsis,1.0,False,False,ESPN Market Freeze origin/codex/espn-market-freeze-2026-08-31 + nflverse players,espn_2026_candidate_20260831T214508Z_6e169d4c54c0,,unresolved,False,False,mylesprice,Myles Price,MIN,panel_gsis_to_nflverse_players,1.0,False,False,nflverse players + annual rosters; panel GSIS preferred,,,,,,,,,,,,,,,,,,,,,,,False,high_exact_espn_id_to_gsis_id,blank/NA means unknown or not present; never interpret as numeric zero
00-0040075,00-0040075,4690143,,LaJohntay Wester,WR,BAL,espn_id_to_nflverse_gsis,1.0,False,False,ESPN Market Freeze origin/codex/espn-market-freeze-2026-08-31 + nflverse players,espn_2026_candidate_20260831T214508Z_6e169d4c54c0,,unresolved,False,False,lajohntaywester,LaJohntay Wester,BAL,panel_gsis_to_nflverse_players,1.0,False,False,nflverse players + annual rosters; panel GSIS preferred,,,,,,,,,,,,,,,,,,,,,,,False,high_exact_espn_id_to_gsis_id,blank/NA means unknown or not present; never interpret as numeric zero
00-0036331,00-0036331,4039050,,Devin Duvernay,WR,ARI,espn_id_to_nflverse_gsis,1.0,False,False,ESPN Market Freeze origin/codex/espn-market-freeze-2026-08-31 + nflverse players,espn_2026_candidate_20260831T214508Z_6e169d4c54c0,,unresolved,False,False,devinduvernay,Devin Duvernay,CHI,panel_gsis_to_nflverse_players,1.0,False,False,nflverse players + annual rosters; panel GSIS preferred,,,,,,,,,,,,,,,,,,,,,,,False,high_exact_espn_id_to_gsis_id,blank/NA means unknown or not present; never interpret as numeric zero
00-0038519,00-0038519,4372716,,Nikko Remigio,WR,KC,espn_id_to_nflverse_gsis,1.0,False,False,ESPN Market Freeze origin/codex/espn-market-freeze-2026-08-31 + nflverse players,espn_2026_candidate_20260831T214508Z_6e169d4c54c0,,unresolved,False,False,nikkoremigio,Nikko Remigio,KC,panel_gsis_to_nflverse_players,1.0,False,False,nflverse players + annual rosters; panel GSIS preferred,,,,,,,,,,,,,,,,,,,,,,,False,high_exact_espn_id_to_gsis_id,blank/NA means unknown or not present; never interpret as numeric zero
00-0038090,00-0038090,4430191,,Skyy Moore,WR,GB,espn_id_to_nflverse_gsis,1.0,False,False,ESPN Market Freeze origin/codex/espn-market-freeze-2026-08-31 + nflverse players,espn_2026_candidate_20260831T214508Z_6e169d4c54c0,,unresolved,False,False,skyymoore,Skyy Moore,SF,panel_gsis_to_nflverse_players,1.0,False,False,nflverse players + annual rosters; panel GSIS preferred,,,,,,,,,,,,,,,,,,,,,,,False,high_exact_espn_id_to_gsis_id,blank/NA means unknown or not present; never interpret as numeric zero
00-0037093,00-0037093,4401805,,Dareke Young,WR,LV,espn_id_to_nflverse_gsis,1.0,False,False,ESPN Market Freeze origin/codex/espn-market-freeze-2026-08-31 + nflverse players,espn_2026_candidate_20260831T214508Z_6e169d4c54c0,,unresolved,False,False,darekeyoung,Dareke Young,SEA,panel_gsis_to_nflverse_players,1.0,False,False,nflverse players + annual rosters; panel GSIS preferred,,,,,,,,,,,,,,,,,,,,,,,False,high_exact_espn_id_to_gsis_id,blank/NA means unknown or not present; never interpret as numeric zero
00-0038640,00-0038640,4692835,,Jalen Brooks,WR,ARI,espn_id_to_nflverse_gsis,1.0,False,False,ESPN Market Freeze origin/codex/espn-market-freeze-2026-08-31 + nflverse players,espn_2026_candidate_20260831T214508Z_6e169d4c54c0,,unresolved,False,False,jalenbrooks,Jalen Brooks,ARI,panel_gsis_to_nflverse_players,1.0,False,False,nflverse players + annual rosters; panel GSIS preferred,,,,,,,,,,,,,,,,,,,,,,,False,high_exact_espn_id_to_gsis_id,blank/NA means unknown or not present; never interpret as numeric zero
00-0033757,00-0033757,2975674,,Robert Tonyan,TE,PIT,espn_id_to_nflverse_gsis,1.0,False,False,ESPN Market Freeze origin/codex/espn-market-freeze-2026-08-31 + nflverse players,espn_2026_candidate_20260831T214508Z_6e169d4c54c0,,unresolved,False,False,roberttonyan,Robert Tonyan,KC,panel_gsis_to_nflverse_players,1.0,False,False,nflverse players + annual rosters; panel GSIS preferred,,,,,,,,,,,,,,,,,,,,,,,False,high_exact_espn_id_to_gsis_id,blank/NA means unknown or not present; never interpret as numeric zero
00-0034407,00-0034407,3728262,,Ray-Ray McCloud III,WR,CHI,espn_id_to_nflverse_gsis,1.0,False,False,ESPN Market Freeze origin/codex/espn-market-freeze-2026-08-31 + nflverse players,espn_2026_candidate_20260831T214508Z_6e169d4c54c0,,unresolved,False,False,rayraymccloud,Ray-Ray McCloud III,ATL,panel_gsis_to_nflverse_players,1.0,False,False,nflverse players + annual rosters; panel GSIS preferred,ESPN:INJURY_RESERVE|NFLVERSE:ACT,INJURY_RESERVE,,,False,False,True,,,unavailable,5_or_later_if_designated_to_return; otherwise unknown,,https://lm-api-reads.fantasy.espn.com/apis/v3/games/ffl/seasons/2026/segments/0/leaguedefaults/1?view=kona_player_info,https://github.com/nflverse/nflverse-data/releases/download/players/players.csv|https://github.com/nflverse/nflverse-data/releases/download/rosters/roster_2026.csv,2026-08-31,2026-08-31T23:22:51.244996+00:00,high_direct_status,False,True,Current overlay only; no production games adjustment or historical-table insertion is authorized.,1335,169.97,True,high_exact_espn_id_to_gsis_id,blank/NA means unknown or not present; never interpret as numeric zero
00-0033662,00-0033662,2972515,,Cooper Rush,QB,ATL,espn_id_to_nflverse_gsis,1.0,False,False,ESPN Market Freeze origin/codex/espn-market-freeze-2026-08-31 + nflverse players,espn_2026_candidate_20260831T214508Z_6e169d4c54c0,,unresolved,False,False,cooperrush,Cooper Rush,BAL,panel_gsis_to_nflverse_players,1.0,False,False,nflverse players + annual rosters; panel GSIS preferred,,,,,,,,,,,,,,,,,,,,,,,False,high_exact_espn_id_to_gsis_id,blank/NA means unknown or not present; never interpret as numeric zero
00-0034771,00-0034771,3116407,,Mason Rudolph,QB,PIT,espn_id_to_nflverse_gsis,1.0,False,False,ESPN Market Freeze origin/codex/espn-market-freeze-2026-08-31 + nflverse players,espn_2026_candidate_20260831T214508Z_6e169d4c54c0,,unresolved,False,False,masonrudolph,Mason Rudolph,TEN,panel_gsis_to_nflverse_players,1.0,False,False,nflverse players + annual rosters; panel GSIS preferred,,,,,,,,,,,,,,,,,,,,,,,False,high_exact_espn_id_to_gsis_id,blank/NA means unknown or not present; never interpret as numeric zero
00-0033955,00-0033955,3127586,,Jeremy McNichols,RB,WAS,espn_id_to_nflverse_gsis,1.0,False,False,ESPN Market Freeze origin/codex/espn-market-freeze-2026-08-31 + nflverse players,espn_2026_candidate_20260831T214508Z_6e169d4c54c0,,unresolved,False,False,jeremymcnichols,Jeremy McNichols,WAS,panel_gsis_to_nflverse_players,1.0,False,False,nflverse players + annual rosters; panel GSIS preferred,ESPN:INJURY_RESERVE|NFLVERSE:ACT,INJURY_RESERVE,,,False,False,True,,,unavailable,5_or_later_if_designated_to_return; otherwise unknown,,https://lm-api-reads.fantasy.espn.com/apis/v3/games/ffl/seasons/2026/segments/0/leaguedefaults/1?view=kona_player_info,https://github.com/nflverse/nflverse-data/releases/download/players/players.csv|https://github.com/nflverse/nflverse-data/releases/download/rosters/roster_2026.csv,2026-08-31,2026-08-31T23:22:51.244996+00:00,high_direct_status,False,True,Current overlay only; no production games adjustment or historical-table insertion is authorized.,1338,169.99,True,high_exact_espn_id_to_gsis_id,blank/NA means unknown or not present; never interpret as numeric zero
00-0032104,00-0032104,2576336,,Ameer Abdullah,RB,JAX,espn_id_to_nflverse_gsis,1.0,False,False,ESPN Market Freeze origin/codex/espn-market-freeze-2026-08-31 + nflverse players,espn_2026_candidate_20260831T214508Z_6e169d4c54c0,,unresolved,False,False,ameerabdullah,Ameer Abdullah,IND,panel_gsis_to_nflverse_players,1.0,False,False,nflverse players + annual rosters; panel GSIS preferred,,,,,,,,,,,,,,,,,,,,,,,False,high_exact_espn_id_to_gsis_id,blank/NA means unknown or not present; never interpret as numeric zero
00-0035250,00-0035250,4040761,,Devin Singletary,RB,NYG,espn_id_to_nflverse_gsis,1.0,False,False,ESPN Market Freeze origin/codex/espn-market-freeze-2026-08-31 + nflverse players,espn_2026_candidate_20260831T214508Z_6e169d4c54c0,,unresolved,False,False,devinsingletary,Devin Singletary,NYG,panel_gsis_to_nflverse_players,1.0,False,False,nflverse players + annual rosters; panel GSIS preferred,,,,,,,,,,,,,,,,,,,,,,,False,high_exact_espn_id_to_gsis_id,blank/NA means unknown or not present; never interpret as numeric zero
00-0034775,00-0034775,3895856,,Christian Kirk,WR,SF,espn_id_to_nflverse_gsis,1.0,False,False,ESPN Market Freeze origin/codex/espn-market-freeze-2026-08-31 + nflverse players,espn_2026_candidate_20260831T214508Z_6e169d4c54c0,,unresolved,False,False,christiankirk,Christian Kirk,HOU,panel_gsis_to_nflverse_players,1.0,False,False,nflverse players + annual rosters; panel GSIS preferred,ESPN:INJURY_RESERVE|NFLVERSE:ACT,INJURY_RESERVE,,,False,False,True,,,unavailable,5_or_later_if_designated_to_return; otherwise unknown,,https://lm-api-reads.fantasy.espn.com/apis/v3/games/ffl/seasons/2026/segments/0/leaguedefaults/1?view=kona_player_info,https://github.com/nflverse/nflverse-data/releases/download/players/players.csv|https://github.com/nflverse/nflverse-data/releases/download/rosters/roster_2026.csv,2026-08-31,2026-08-31T23:22:51.244996+00:00,high_direct_status,False,True,Current overlay only; no production games adjustment or historical-table insertion is authorized.,1341,169.93,True,high_exact_espn_id_to_gsis_id,blank/NA means unknown or not present; never interpret as numeric zero
00-0033375,00-0033375,3134353,,Tim Patrick,WR,NYJ,espn_id_to_nflverse_gsis,1.0,False,False,ESPN Market Freeze origin/codex/espn-market-freeze-2026-08-31 + nflverse players,espn_2026_candidate_20260831T214508Z_6e169d4c54c0,,unresolved,False,False,timpatrick,Tim Patrick,JAC,panel_gsis_to_nflverse_players,1.0,False,False,nflverse players + annual rosters; panel GSIS preferred,,,,,,,,,,,,,,,,,,,,,,,False,high_exact_espn_id_to_gsis_id,blank/NA means unknown or not present; never interpret as numeric zero
00-0032950,00-0032950,2573079,,Carson Wentz,QB,MIN,espn_id_to_nflverse_gsis,1.0,False,False,ESPN Market Freeze origin/codex/espn-market-freeze-2026-08-31 + nflverse players,espn_2026_candidate_20260831T214508Z_6e169d4c54c0,,unresolved,False,False,carsonwentz,Carson Wentz,MIN,panel_gsis_to_nflverse_players,1.0,False,False,nflverse players + annual rosters; panel GSIS preferred,,,,,,,,,,,,,,,,,,,,,,,False,high_exact_espn_id_to_gsis_id,blank/NA means unknown or not present; never interpret as numeric zero
00-0027973,00-0027973,14012,,Andy Dalton,QB,PHI,espn_id_to_nflverse_gsis,1.0,False,False,ESPN Market Freeze origin/codex/espn-market-freeze-2026-08-31 + nflverse players,espn_2026_candidate_20260831T214508Z_6e169d4c54c0,,unresolved,False,False,andydalton,Andy Dalton,CAR,panel_gsis_to_nflverse_players,1.0,False,False,nflverse players + annual rosters; panel GSIS preferred,,,,,,,,,,,,,,,,,,,,,,,False,high_exact_espn_id_to_gsis_id,blank/NA means unknown or not present; never interpret as numeric zero
00-0028986,00-0028986,15168,,Case Keenum,QB,CHI,espn_id_to_nflverse_gsis,1.0,False,False,ESPN Market Freeze origin/codex/espn-market-freeze-2026-08-31 + nflverse players,espn_2026_candidate_20260831T214508Z_6e169d4c54c0,,unresolved,False,False,casekeenum,Case Keenum,HOU,panel_gsis_to_nflverse_players,1.0,False,False,nflverse players + annual rosters; panel GSIS preferred,,,,,,,,,,,,,,,,,,,,,,,False,high_exact_espn_id_to_gsis_id,blank/NA means unknown or not present; never interpret as numeric zero
00-0035406,00-0035406,4039057,,Lil'Jordan Humphrey,WR,DEN,espn_id_to_nflverse_gsis,1.0,False,False,ESPN Market Freeze origin/codex/espn-market-freeze-2026-08-31 + nflverse players,espn_2026_candidate_20260831T214508Z_6e169d4c54c0,,unresolved,False,False,liljordanhumphrey,Lil'Jordan Humphrey,DEN,panel_gsis_to_nflverse_players,1.0,False,False,nflverse players + annual rosters; panel GSIS preferred,,,,,,,,,,,,,,,,,,,,,,,False,high_exact_espn_id_to_gsis_id,blank/NA means unknown or not present; never interpret as numeric zero
00-0035645,00-0035645,4424106,,Gunner Olszewski,WR,NYG,espn_id_to_nflverse_gsis,1.0,False,False,ESPN Market Freeze origin/codex/espn-market-freeze-2026-08-31 + nflverse players,espn_2026_candidate_20260831T214508Z_6e169d4c54c0,,unresolved,False,False,gunnerolszewski,Gunner Olszewski,NYG,panel_gsis_to_nflverse_players,1.0,False,False,nflverse players + annual rosters; panel GSIS preferred,ESPN:INJURY_RESERVE|NFLVERSE:RES,INJURY_RESERVE,,,False,False,True,,,unavailable,5_or_later_if_designated_to_return; otherwise unknown,,https://lm-api-reads.fantasy.espn.com/apis/v3/games/ffl/seasons/2026/segments/0/leaguedefaults/1?view=kona_player_info,https://github.com/nflverse/nflverse-data/releases/download/players/players.csv|https://github.com/nflverse/nflverse-data/releases/download/rosters/roster_2026.csv,2026-08-31,2026-08-31T23:22:51.244996+00:00,high_direct_status,False,True,Current overlay only; no production games adjustment or historical-table insertion is authorized.,1347,169.99,True,high_exact_espn_id_to_gsis_id,blank/NA means unknown or not present; never interpret as numeric zero
00-0036261,00-0036261,4360438,,Brandon Aiyuk,WR,SF,espn_id_to_nflverse_gsis,1.0,False,False,ESPN Market Freeze origin/codex/espn-market-freeze-2026-08-31 + nflverse players,espn_2026_candidate_20260831T214508Z_6e169d4c54c0,,unresolved,False,False,brandonaiyuk,Brandon Aiyuk,SF,panel_gsis_to_nflverse_players,1.0,False,False,nflverse players + annual rosters; panel GSIS preferred,ESPN:OUT|NFLVERSE:UNMATCHED,OUT,knee; back,ACL recovery,False,False,False,,,unavailable,,,https://lm-api-reads.fantasy.espn.com/apis/v3/games/ffl/seasons/2026/segments/0/leaguedefaults/1?view=kona_player_info,https://github.com/nflverse/nflverse-data/releases/download/players/players.csv|https://github.com/nflverse/nflverse-data/releases/download/rosters/roster_2026.csv,2026-08-31,2026-08-31T23:22:51.244996+00:00,high_direct_status,False,True,Current overlay only; no production games adjustment or historical-table insertion is authorized.,1348,169.96,True,high_exact_espn_id_to_gsis_id,blank/NA means unknown or not present; never interpret as numeric zero
00-0036265,00-0036265,4239934,,AJ Dillon,RB,CAR,espn_id_to_nflverse_gsis,1.0,False,False,ESPN Market Freeze origin/codex/espn-market-freeze-2026-08-31 + nflverse players,espn_2026_candidate_20260831T214508Z_6e169d4c54c0,,unresolved,False,False,ajdillon,AJ Dillon,PHI,panel_gsis_to_nflverse_players,1.0,False,False,nflverse players + annual rosters; panel GSIS preferred,,,,,,,,,,,,,,,,,,,,,,,False,high_exact_espn_id_to_gsis_id,blank/NA means unknown or not present; never interpret as numeric zero
00-0036984,00-0036984,4241401,,Trey Sermon,RB,ATL,espn_id_to_nflverse_gsis,1.0,False,False,ESPN Market Freeze origin/codex/espn-market-freeze-2026-08-31 + nflverse players,espn_2026_candidate_20260831T214508Z_6e169d4c54c0,,unresolved,False,False,treysermon,Trey Sermon,PIT,panel_gsis_to_nflverse_players,1.0,False,False,nflverse players + annual rosters; panel GSIS preferred,ESPN:INJURY_RESERVE|NFLVERSE:RES,INJURY_RESERVE,,,False,False,True,,,unavailable,5_or_later_if_designated_to_return; otherwise unknown,,https://lm-api-reads.fantasy.espn.com/apis/v3/games/ffl/seasons/2026/segments/0/leaguedefaults/1?view=kona_player_info,https://github.com/nflverse/nflverse-data/releases/download/players/players.csv|https://github.com/nflverse/nflverse-data/releases/download/rosters/roster_2026.csv,2026-08-31,2026-08-31T23:22:51.244996+00:00,high_direct_status,False,True,Current overlay only; no production games adjustment or historical-table insertion is authorized.,1351,169.99,True,high_exact_espn_id_to_gsis_id,blank/NA means unknown or not present; never interpret as numeric zero
00-0036980,00-0036980,4372414,,Elijah Moore,WR,PHI,espn_id_to_nflverse_gsis,1.0,False,False,ESPN Market Freeze origin/codex/espn-market-freeze-2026-08-31 + nflverse players,espn_2026_candidate_20260831T214508Z_6e169d4c54c0,,unresolved,False,False,elijahmoore,Elijah Moore,BUF,panel_gsis_to_nflverse_players,1.0,False,False,nflverse players + annual rosters; panel GSIS preferred,,,,,,,,,,,,,,,,,,,,,,,False,high_exact_espn_id_to_gsis_id,blank/NA means unknown or not present; never interpret as numeric zero
00-0037013,00-0037013,4361259,,Zach Wilson,QB,NO,espn_id_to_nflverse_gsis,1.0,False,False,ESPN Market Freeze origin/codex/espn-market-freeze-2026-08-31 + nflverse players,espn_2026_candidate_20260831T214508Z_6e169d4c54c0,,unresolved,False,False,zachwilson,Zach Wilson,MIA,panel_gsis_to_nflverse_players,1.0,False,False,nflverse players + annual rosters; panel GSIS preferred,,,,,,,,,,,,,,,,,,,,,,,False,high_exact_espn_id_to_gsis_id,blank/NA means unknown or not present; never interpret as numeric zero
00-0036670,00-0036670,4374033,,Jermar Jefferson,RB,MIN,espn_id_to_nflverse_gsis,1.0,False,False,ESPN Market Freeze origin/codex/espn-market-freeze-2026-08-31 + nflverse players,espn_2026_candidate_20260831T214508Z_6e169d4c54c0,,unresolved,False,False,jermarjefferson,Jermar Jefferson,DET,panel_gsis_to_nflverse_players,1.0,False,False,nflverse players + annual rosters; panel GSIS preferred,ESPN:QUESTIONABLE|NFLVERSE:ACT,QUESTIONABLE,,,False,False,False,,,uncertain_pending_official_week1_report,,,https://lm-api-reads.fantasy.espn.com/apis/v3/games/ffl/seasons/2026/segments/0/leaguedefaults/1?view=kona_player_info,https://github.com/nflverse/nflverse-data/releases/download/players/players.csv|https://github.com/nflverse/nflverse-data/releases/download/rosters/roster_2026.csv,2026-08-31,2026-08-31T23:22:51.244996+00:00,medium_pre_week1_designation,False,True,Current overlay only; no production games adjustment or historical-table insertion is authorized.,1354,169.94,True,high_exact_espn_id_to_gsis_id,blank/NA means unknown or not present; never interpret as numeric zero
00-0036630,00-0036630,4241424,,Tylan Wallace,WR,CLE,espn_id_to_nflverse_gsis,1.0,False,False,ESPN Market Freeze origin/codex/espn-market-freeze-2026-08-31 + nflverse players,espn_2026_candidate_20260831T214508Z_6e169d4c54c0,,unresolved,False,False,tylanwallace,Tylan Wallace,BAL,panel_gsis_to_nflverse_players,1.0,False,False,nflverse players + annual rosters; panel GSIS preferred,,,,,,,,,,,,,,,,,,,,,,,False,high_exact_espn_id_to_gsis_id,blank/NA means unknown or not present; never interpret as numeric zero
00-0036876,00-0036876,4039160,,Kylen Granson,TE,TEN,espn_id_to_nflverse_gsis,1.0,False,False,ESPN Market Freeze origin/codex/espn-market-freeze-2026-08-31 + nflverse players,espn_2026_candidate_20260831T214508Z_6e169d4c54c0,,unresolved,False,False,kylengranson,Kylen Granson,PHI,panel_gsis_to_nflverse_players,1.0,False,False,nflverse players + annual rosters; panel GSIS preferred,,,,,,,,,,,,,,,,,,,,,,,False,high_exact_espn_id_to_gsis_id,blank/NA means unknown or not present; never interpret as numeric zero
00-0036646,00-0036646,4360739,,Simi Fehoko,WR,ARI,espn_id_to_nflverse_gsis,1.0,False,False,ESPN Market Freeze origin/codex/espn-market-freeze-2026-08-31 + nflverse players,espn_2026_candidate_20260831T214508Z_6e169d4c54c0,,unresolved,False,False,simifehoko,Simi Fehoko,ARI,panel_gsis_to_nflverse_players,1.0,False,False,nflverse players + annual rosters; panel GSIS preferred,,,,,,,,,,,,,,,,,,,,,,,False,high_exact_espn_id_to_gsis_id,blank/NA means unknown or not present; never interpret as numeric zero
00-0036879,00-0036879,4241820,,Sam Ehlinger,QB,DEN,espn_id_to_nflverse_gsis,1.0,False,False,ESPN Market Freeze origin/codex/espn-market-freeze-2026-08-31 + nflverse players,espn_2026_candidate_20260831T214508Z_6e169d4c54c0,,unresolved,False,False,samehlinger,Sam Ehlinger,IND,panel_gsis_to_nflverse_players,1.0,False,False,nflverse players + annual rosters; panel GSIS preferred,,,,,,,,,,,,,,,,,,,,,,,False,high_exact_espn_id_to_gsis_id,blank/NA means unknown or not present; never interpret as numeric zero
00-0036825,00-0036825,4034948,,Feleipe Franks,TE,CAR,espn_id_to_nflverse_gsis,1.0,False,False,ESPN Market Freeze origin/codex/espn-market-freeze-2026-08-31 + nflverse players,espn_2026_candidate_20260831T214508Z_6e169d4c54c0,,unresolved,False,False,feleipefranks,Feleipe Franks,CAR,panel_gsis_to_nflverse_players,1.0,False,False,nflverse players + annual rosters; panel GSIS preferred,,,,,,,,,,,,,,,,,,,,,,,False,high_exact_espn_id_to_gsis_id,blank/NA means unknown or not present; never interpret as numeric zero
00-0035045,00-0035045,4249030,,D.J. Montgomery,WR,IND,espn_id_to_nflverse_gsis,1.0,False,False,ESPN Market Freeze origin/codex/espn-market-freeze-2026-08-31 + nflverse players,espn_2026_candidate_20260831T214508Z_6e169d4c54c0,,unresolved,False,False,djmontgomery,D.J. Montgomery,IND,panel_gsis_to_nflverse_players,1.0,False,False,nflverse players + annual rosters; panel GSIS preferred,ESPN:INJURY_RESERVE|NFLVERSE:ACT,INJURY_RESERVE,,,False,False,True,,,unavailable,5_or_later_if_designated_to_return; otherwise unknown,,https://lm-api-reads.fantasy.espn.com/apis/v3/games/ffl/seasons/2026/segments/0/leaguedefaults/1?view=kona_player_info,https://github.com/nflverse/nflverse-data/releases/download/players/players.csv|https://github.com/nflverse/nflverse-data/releases/download/rosters/roster_2026.csv,2026-08-31,2026-08-31T23:22:51.244996+00:00,high_direct_status,False,True,Current overlay only; no production games adjustment or historical-table insertion is authorized.,1360,169.96,True,high_exact_espn_id_to_gsis_id,blank/NA means unknown or not present; never interpret as numeric zero
00-0035359,00-0035359,3871102,,David Sills V,WR,TB,espn_id_to_nflverse_gsis,1.0,False,False,ESPN Market Freeze origin/codex/espn-market-freeze-2026-08-31 + nflverse players,espn_2026_candidate_20260831T214508Z_6e169d4c54c0,,unresolved,False,False,davidsills,David Sills V,ATL,panel_gsis_to_nflverse_players,1.0,False,False,nflverse players + annual rosters; panel GSIS preferred,ESPN:INJURY_RESERVE|NFLVERSE:ACT,INJURY_RESERVE,,,False,False,True,,,unavailable,5_or_later_if_designated_to_return; otherwise unknown,,https://lm-api-reads.fantasy.espn.com/apis/v3/games/ffl/seasons/2026/segments/0/leaguedefaults/1?view=kona_player_info,https://github.com/nflverse/nflverse-data/releases/download/players/players.csv|https://github.com/nflverse/nflverse-data/releases/download/rosters/roster_2026.csv,2026-08-31,2026-08-31T23:22:51.244996+00:00,high_direct_status,False,True,Current overlay only; no production games adjustment or historical-table insertion is authorized.,1361,170,True,high_exact_espn_id_to_gsis_id,blank/NA means unknown or not present; never interpret as numeric zero
00-0037614,00-0037614,4567096,,John Metchie III,WR,CAR,espn_id_to_nflverse_gsis,1.0,False,False,ESPN Market Freeze origin/codex/espn-market-freeze-2026-08-31 + nflverse players,espn_2026_candidate_20260831T214508Z_6e169d4c54c0,,unresolved,False,False,johnmetchie,John Metchie III,PHI,panel_gsis_to_nflverse_players,1.0,False,False,nflverse players + annual rosters; panel GSIS preferred,,,,,,,,,,,,,,,,,,,,,,,False,high_exact_espn_id_to_gsis_id,blank/NA means unknown or not present; never interpret as numeric zero
00-0037755,00-0037755,4241410,,Jelani Woods,TE,NYJ,espn_id_to_nflverse_gsis,1.0,False,False,ESPN Market Freeze origin/codex/espn-market-freeze-2026-08-31 + nflverse players,espn_2026_candidate_20260831T214508Z_6e169d4c54c0,,unresolved,False,False,jelaniwoods,Jelani Woods,NYJ,panel_gsis_to_nflverse_players,1.0,False,False,nflverse players + annual rosters; panel GSIS preferred,,,,,,,,,,,,,,,,,,,,,,,False,high_exact_espn_id_to_gsis_id,blank/NA means unknown or not present; never interpret as numeric zero
00-0037837,00-0037837,4243389,,Calvin Austin III,WR,NYG,espn_id_to_nflverse_gsis,1.0,False,False,ESPN Market Freeze origin/codex/espn-market-freeze-2026-08-31 + nflverse players,espn_2026_candidate_20260831T214508Z_6e169d4c54c0,,unresolved,False,False,calvinaustin,Calvin Austin III,PIT,panel_gsis_to_nflverse_players,1.0,False,False,nflverse players + annual rosters; panel GSIS preferred,ESPN:INJURY_RESERVE|NFLVERSE:RES,INJURY_RESERVE,,,False,False,True,,,unavailable,5_or_later_if_designated_to_return; otherwise unknown,,https://lm-api-reads.fantasy.espn.com/apis/v3/games/ffl/seasons/2026/segments/0/leaguedefaults/1?view=kona_player_info,https://github.com/nflverse/nflverse-data/releases/download/players/players.csv|https://github.com/nflverse/nflverse-data/releases/download/rosters/roster_2026.csv,2026-08-31,2026-08-31T23:22:51.244996+00:00,high_direct_status,False,True,Current overlay only; no production games adjustment or historical-table insertion is authorized.,1364,169.99,True,high_exact_espn_id_to_gsis_id,blank/NA means unknown or not present; never interpret as numeric zero
00-0037086,00-0037086,4241374,,Grant Calcaterra,TE,PHI,espn_id_to_nflverse_gsis,1.0,False,False,ESPN Market Freeze origin/codex/espn-market-freeze-2026-08-31 + nflverse players,espn_2026_candidate_20260831T214508Z_6e169d4c54c0,,unresolved,False,False,grantcalcaterra,Grant Calcaterra,PHI,panel_gsis_to_nflverse_players,1.0,False,False,nflverse players + annual rosters; panel GSIS preferred,ESPN:INJURY_RESERVE|NFLVERSE:ACT,INJURY_RESERVE,,,False,False,True,,,unavailable,5_or_later_if_designated_to_return; otherwise unknown,,https://lm-api-reads.fantasy.espn.com/apis/v3/games/ffl/seasons/2026/segments/0/leaguedefaults/1?view=kona_player_info,https://github.com/nflverse/nflverse-data/releases/download/players/players.csv|https://github.com/nflverse/nflverse-data/releases/download/rosters/roster_2026.csv,2026-08-31,2026-08-31T23:22:51.244996+00:00,high_direct_status,False,True,Current overlay only; no production games adjustment or historical-table insertion is authorized.,1365,169.99,True,high_exact_espn_id_to_gsis_id,blank/NA means unknown or not present; never interpret as numeric zero
00-0037078,00-0037078,4361438,,Cole Turner,TE,MIA,espn_id_to_nflverse_gsis,1.0,False,False,ESPN Market Freeze origin/codex/espn-market-freeze-2026-08-31 + nflverse players,espn_2026_candidate_20260831T214508Z_6e169d4c54c0,,unresolved,False,False,coleturner,Cole Turner,WAS,panel_gsis_to_nflverse_players,1.0,False,False,nflverse players + annual rosters; panel GSIS preferred,ESPN:INJURY_RESERVE|NFLVERSE:RES,INJURY_RESERVE,,,False,False,True,,,unavailable,5_or_later_if_designated_to_return; otherwise unknown,,https://lm-api-reads.fantasy.espn.com/apis/v3/games/ffl/seasons/2026/segments/0/leaguedefaults/1?view=kona_player_info,https://github.com/nflverse/nflverse-data/releases/download/players/players.csv|https://github.com/nflverse/nflverse-data/releases/download/rosters/roster_2026.csv,2026-08-31,2026-08-31T23:22:51.244996+00:00,high_direct_status,False,True,Current overlay only; no production games adjustment or historical-table insertion is authorized.,1366,170,True,high_exact_espn_id_to_gsis_id,blank/NA means unknown or not present; never interpret as numeric zero
00-0037276,00-0037276,4242431,,Ty Chandler,RB,NO,espn_id_to_nflverse_gsis,1.0,False,False,ESPN Market Freeze origin/codex/espn-market-freeze-2026-08-31 + nflverse players,espn_2026_candidate_20260831T214508Z_6e169d4c54c0,,unresolved,False,False,tychandler,Ty Chandler,MIN,panel_gsis_to_nflverse_players,1.0,False,False,nflverse players + annual rosters; panel GSIS preferred,ESPN:INJURY_RESERVE|NFLVERSE:RES,INJURY_RESERVE,,,False,False,True,,,unavailable,5_or_later_if_designated_to_return; otherwise unknown,,https://lm-api-reads.fantasy.espn.com/apis/v3/games/ffl/seasons/2026/segments/0/leaguedefaults/1?view=kona_player_info,https://github.com/nflverse/nflverse-data/releases/download/players/players.csv|https://github.com/nflverse/nflverse-data/releases/download/rosters/roster_2026.csv,2026-08-31,2026-08-31T23:22:51.244996+00:00,high_direct_status,False,True,Current overlay only; no production games adjustment or historical-table insertion is authorized.,1367,169.99,True,high_exact_espn_id_to_gsis_id,blank/NA means unknown or not present; never interpret as numeric zero
00-0037327,00-0037327,4036419,,Skylar Thompson,QB,BAL,espn_id_to_nflverse_gsis,1.0,False,False,ESPN Market Freeze origin/codex/espn-market-freeze-2026-08-31 + nflverse players,espn_2026_candidate_20260831T214508Z_6e169d4c54c0,,unresolved,False,False,skylarthompson,Skylar Thompson,MIA,panel_gsis_to_nflverse_players,1.0,False,False,nflverse players + annual rosters; panel GSIS preferred,ESPN:INJURY_RESERVE|NFLVERSE:RES,INJURY_RESERVE,,,False,False,True,,,unavailable,5_or_later_if_designated_to_return; otherwise unknown,,https://lm-api-reads.fantasy.espn.com/apis/v3/games/ffl/seasons/2026/segments/0/leaguedefaults/1?view=kona_player_info,https://github.com/nflverse/nflverse-data/releases/download/players/players.csv|https://github.com/nflverse/nflverse-data/releases/download/rosters/roster_2026.csv,2026-08-31,2026-08-31T23:22:51.244996+00:00,high_direct_status,False,True,Current overlay only; no production games adjustment or historical-table insertion is authorized.,1368,170,True,high_exact_espn_id_to_gsis_id,blank/NA means unknown or not present; never interpret as numeric zero
00-0037329,00-0037329,4036032,,Brittain Brown,RB,CHI,espn_id_to_nflverse_gsis,1.0,False,False,ESPN Market Freeze origin/codex/espn-market-freeze-2026-08-31 + nflverse players,espn_2026_candidate_20260831T214508Z_6e169d4c54c0,,unresolved,False,False,brittainbrown,Brittain Brown,CHI,panel_gsis_to_nflverse_players,1.0,False,False,nflverse players + annual rosters; panel GSIS preferred,ESPN:INJURY_RESERVE|NFLVERSE:ACT,INJURY_RESERVE,,,False,False,True,,,unavailable,5_or_later_if_designated_to_return; otherwise unknown,,https://lm-api-reads.fantasy.espn.com/apis/v3/games/ffl/seasons/2026/segments/0/leaguedefaults/1?view=kona_player_info,https://github.com/nflverse/nflverse-data/releases/download/players/players.csv|https://github.com/nflverse/nflverse-data/releases/download/rosters/roster_2026.csv,2026-08-31,2026-08-31T23:22:51.244996+00:00,high_direct_status,False,True,Current overlay only; no production games adjustment or historical-table insertion is authorized.,1369,169.99,True,high_exact_espn_id_to_gsis_id,blank/NA means unknown or not present; never interpret as numeric zero
00-0037594,00-0037594,4367567,,Julius Chestnut,RB,TEN,espn_id_to_nflverse_gsis,1.0,False,False,ESPN Market Freeze origin/codex/espn-market-freeze-2026-08-31 + nflverse players,espn_2026_candidate_20260831T214508Z_6e169d4c54c0,,unresolved,False,False,juliuschestnut,Julius Chestnut,TEN,panel_gsis_to_nflverse_players,1.0,False,False,nflverse players + annual rosters; panel GSIS preferred,,,,,,,,,,,,,,,,,,,,,,,False,high_exact_espn_id_to_gsis_id,blank/NA means unknown or not present; never interpret as numeric zero
00-0036590,00-0036590,4244049,,Quintin Morris,TE,JAX,espn_id_to_nflverse_gsis,1.0,False,False,ESPN Market Freeze origin/codex/espn-market-freeze-2026-08-31 + nflverse players,espn_2026_candidate_20260831T214508Z_6e169d4c54c0,,unresolved,False,False,quintinmorris,Quintin Morris,JAX,panel_gsis_to_nflverse_players,1.0,False,False,nflverse players + annual rosters; panel GSIS preferred,,,,,,,,,,,,,,,,,,,,,,,False,high_exact_espn_id_to_gsis_id,blank/NA means unknown or not present; never interpret as numeric zero
00-0037557,00-0037557,4243003,,Ronnie Rivers,RB,LAR,espn_id_to_nflverse_gsis,1.0,False,False,ESPN Market Freeze origin/codex/espn-market-freeze-2026-08-31 + nflverse players,espn_2026_candidate_20260831T214508Z_6e169d4c54c0,,unresolved,False,False,ronnierivers,Ronnie Rivers,LAR,panel_gsis_to_nflverse_players,1.0,False,False,nflverse players + annual rosters; panel GSIS preferred,,,,,,,,,,,,,,,,,,,,,,,False,high_exact_espn_id_to_gsis_id,blank/NA means unknown or not present; never interpret as numeric zero
00-0037031,00-0037031,4916349,,Nikola Kalinic,TE,CHI,espn_id_to_nflverse_gsis,1.0,False,False,ESPN Market Freeze origin/codex/espn-market-freeze-2026-08-31 + nflverse players,espn_2026_candidate_20260831T214508Z_6e169d4c54c0,,unresolved,False,False,nikolakalinic,Nikola Kalinic,CHI,panel_gsis_to_nflverse_players,1.0,False,False,nflverse players + annual rosters; panel GSIS preferred,ESPN:INJURY_RESERVE|NFLVERSE:RES,INJURY_RESERVE,,,False,False,True,,,unavailable,5_or_later_if_designated_to_return; otherwise unknown,,https://lm-api-reads.fantasy.espn.com/apis/v3/games/ffl/seasons/2026/segments/0/leaguedefaults/1?view=kona_player_info,https://github.com/nflverse/nflverse-data/releases/download/players/players.csv|https://github.com/nflverse/nflverse-data/releases/download/rosters/roster_2026.csv,2026-08-31,2026-08-31T23:22:51.244996+00:00,high_direct_status,False,True,Current overlay only; no production games adjustment or historical-table insertion is authorized.,1373,170,True,high_exact_espn_id_to_gsis_id,blank/NA means unknown or not present; never interpret as numeric zero
00-0039021,00-0039021,4426386,,Roschon Johnson,RB,CHI,espn_id_to_nflverse_gsis,1.0,False,False,ESPN Market Freeze origin/codex/espn-market-freeze-2026-08-31 + nflverse players,espn_2026_candidate_20260831T214508Z_6e169d4c54c0,,unresolved,False,False,roschonjohnson,Roschon Johnson,CHI,panel_gsis_to_nflverse_players,1.0,False,False,nflverse players + annual rosters; panel GSIS preferred,,,,,,,,,,,,,,,,,,,,,,,False,high_exact_espn_id_to_gsis_id,blank/NA means unknown or not present; never interpret as numeric zero
00-0039144,00-0039144,4428085,,Luke Musgrave,TE,GB,espn_id_to_nflverse_gsis,1.0,False,False,ESPN Market Freeze origin/codex/espn-market-freeze-2026-08-31 + nflverse players,espn_2026_candidate_20260831T214508Z_6e169d4c54c0,,unresolved,False,False,lukemusgrave,Luke Musgrave,GB,panel_gsis_to_nflverse_players,1.0,False,False,nflverse players + annual rosters; panel GSIS preferred,ESPN:OUT|NFLVERSE:A02,OUT,,,False,False,False,,,unavailable,,,https://lm-api-reads.fantasy.espn.com/apis/v3/games/ffl/seasons/2026/segments/0/leaguedefaults/1?view=kona_player_info,https://github.com/nflverse/nflverse-data/releases/download/players/players.csv|https://github.com/nflverse/nflverse-data/releases/download/rosters/roster_2026.csv,2026-08-31,2026-08-31T23:22:51.244996+00:00,high_direct_status,False,True,Current overlay only; no production games adjustment or historical-table insertion is authorized.,1375,169.98,True,high_exact_espn_id_to_gsis_id,blank/NA means unknown or not present; never interpret as numeric zero
00-0039107,00-0039107,4259553,,Stetson Bennett IV,QB,LAR,espn_id_to_nflverse_gsis,1.0,False,False,ESPN Market Freeze origin/codex/espn-market-freeze-2026-08-31 + nflverse players,espn_2026_candidate_20260831T214508Z_6e169d4c54c0,,unresolved,False,False,,,,,,,,,,,,,,,,,,,,,,,,,,,,,,,False,high_exact_espn_id_to_gsis_id,blank/NA means unknown or not present; never interpret as numeric zero
00-0038590,00-0038590,4361426,,Justin Shorter,WR,LV,espn_id_to_nflverse_gsis,1.0,True,True,ESPN Market Freeze origin/codex/espn-market-freeze-2026-08-31 + nflverse players,espn_2026_candidate_20260831T214508Z_6e169d4c54c0,,unresolved,False,True,justinshorter,Justin Shorter,LV,panel_gsis_to_nflverse_players,1.0,False,False,nflverse players + annual rosters; panel GSIS preferred,ESPN:INJURY_RESERVE|NFLVERSE:RES,INJURY_RESERVE,,,False,False,True,,,unavailable,5_or_later_if_designated_to_return; otherwise unknown,,https://lm-api-reads.fantasy.espn.com/apis/v3/games/ffl/seasons/2026/segments/0/leaguedefaults/1?view=kona_player_info,https://github.com/nflverse/nflverse-data/releases/download/players/players.csv|https://github.com/nflverse/nflverse-data/releases/download/rosters/roster_2026.csv,2026-08-31,2026-08-31T23:22:51.244996+00:00,high_direct_status,False,True,Current overlay only; no production games adjustment or historical-table insertion is authorized.,1377,170,True,stable_id_match_with_metadata_conflict_manual_review,blank/NA means unknown or not present; never interpret as numeric zero
00-0038394,00-0038394,4362523,,Will Mallory,TE,IND,espn_id_to_nflverse_gsis,1.0,False,False,ESPN Market Freeze origin/codex/espn-market-freeze-2026-08-31 + nflverse players,espn_2026_candidate_20260831T214508Z_6e169d4c54c0,,unresolved,False,False,willmallory,Will Mallory,IND,panel_gsis_to_nflverse_players,1.0,False,False,nflverse players + annual rosters; panel GSIS preferred,ESPN:INJURY_RESERVE|NFLVERSE:ACT,INJURY_RESERVE,,,False,False,True,,,unavailable,5_or_later_if_designated_to_return; otherwise unknown,,https://lm-api-reads.fantasy.espn.com/apis/v3/games/ffl/seasons/2026/segments/0/leaguedefaults/1?view=kona_player_info,https://github.com/nflverse/nflverse-data/releases/download/players/players.csv|https://github.com/nflverse/nflverse-data/releases/download/rosters/roster_2026.csv,2026-08-31,2026-08-31T23:22:51.244996+00:00,high_direct_status,False,True,Current overlay only; no production games adjustment or historical-table insertion is authorized.,1378,170,True,high_exact_espn_id_to_gsis_id,blank/NA means unknown or not present; never interpret as numeric zero
00-0038614,00-0038614,4373684,,Scott Matlock,RB,LAC,espn_id_to_nflverse_gsis,1.0,True,True,ESPN Market Freeze origin/codex/espn-market-freeze-2026-08-31 + nflverse players,espn_2026_candidate_20260831T214508Z_6e169d4c54c0,,unresolved,False,True,,,,,,,,,ESPN:INJURY_RESERVE|NFLVERSE:ACT,INJURY_RESERVE,,,False,False,True,,,unavailable,5_or_later_if_designated_to_return; otherwise unknown,,https://lm-api-reads.fantasy.espn.com/apis/v3/games/ffl/seasons/2026/segments/0/leaguedefaults/1?view=kona_player_info,https://github.com/nflverse/nflverse-data/releases/download/players/players.csv|https://github.com/nflverse/nflverse-data/releases/download/rosters/roster_2026.csv,2026-08-31,2026-08-31T23:22:51.244996+00:00,high_direct_status,False,True,Current overlay only; no production games adjustment or historical-table insertion is authorized.,1379,169.99,True,stable_id_match_with_metadata_conflict_manual_review,blank/NA means unknown or not present; never interpret as numeric zero
00-0038579,00-0038579,4260394,,Aidan O'Connell,QB,LV,espn_id_to_nflverse_gsis,1.0,False,False,ESPN Market Freeze origin/codex/espn-market-freeze-2026-08-31 + nflverse players,espn_2026_candidate_20260831T214508Z_6e169d4c54c0,,unresolved,False,False,aidanoconnell,Aidan O'Connell,LV,panel_gsis_to_nflverse_players,1.0,False,False,nflverse players + annual rosters; panel GSIS preferred,,,,,,,,,,,,,,,,,,,,,,,False,high_exact_espn_id_to_gsis_id,blank/NA means unknown or not present; never interpret as numeric zero
00-0038643,00-0038643,4360290,,Brayden Willis,TE,SF,espn_id_to_nflverse_gsis,1.0,False,False,ESPN Market Freeze origin/codex/espn-market-freeze-2026-08-31 + nflverse players,espn_2026_candidate_20260831T214508Z_6e169d4c54c0,,unresolved,False,False,braydenwillis,Brayden Willis,SF,panel_gsis_to_nflverse_players,1.0,False,False,nflverse players + annual rosters; panel GSIS preferred,ESPN:QUESTIONABLE|NFLVERSE:ACT,QUESTIONABLE,,,False,False,False,,,uncertain_pending_official_week1_report,,,https://lm-api-reads.fantasy.espn.com/apis/v3/games/ffl/seasons/2026/segments/0/leaguedefaults/1?view=kona_player_info,https://github.com/nflverse/nflverse-data/releases/download/players/players.csv|https://github.com/nflverse/nflverse-data/releases/download/rosters/roster_2026.csv,2026-08-31,2026-08-31T23:22:51.244996+00:00,medium_pre_week1_designation,False,True,Current overlay only; no production games adjustment or historical-table insertion is authorized.,1381,170,True,high_exact_espn_id_to_gsis_id,blank/NA means unknown or not present; never interpret as numeric zero
00-0038720,00-0038720,4365395,,Julian Hill,TE,NE,espn_id_to_nflverse_gsis,1.0,False,False,ESPN Market Freeze origin/codex/espn-market-freeze-2026-08-31 + nflverse players,espn_2026_candidate_20260831T214508Z_6e169d4c54c0,,unresolved,False,False,julianhill,Julian Hill,MIA,panel_gsis_to_nflverse_players,1.0,False,False,nflverse players + annual rosters; panel GSIS preferred,ESPN:INJURY_RESERVE|NFLVERSE:RES,INJURY_RESERVE,,,False,False,True,,,unavailable,5_or_later_if_designated_to_return; otherwise unknown,,https://lm-api-reads.fantasy.espn.com/apis/v3/games/ffl/seasons/2026/segments/0/leaguedefaults/1?view=kona_player_info,https://github.com/nflverse/nflverse-data/releases/download/players/players.csv|https://github.com/nflverse/nflverse-data/releases/download/rosters/roster_2026.csv,2026-08-31,2026-08-31T23:22:51.244996+00:00,high_direct_status,False,True,Current overlay only; no production games adjustment or historical-table insertion is authorized.,1384,170,True,high_exact_espn_id_to_gsis_id,blank/NA means unknown or not present; never interpret as numeric zero
00-0037156,00-0037156,3929636,,Irv Charles,WR,SEA,espn_id_to_nflverse_gsis,1.0,True,True,ESPN Market Freeze origin/codex/espn-market-freeze-2026-08-31 + nflverse players,espn_2026_candidate_20260831T214508Z_6e169d4c54c0,,unresolved,True,False,irvincharles,Irvin Charles,NYJ,panel_gsis_to_nflverse_players,1.0,False,False,nflverse players + annual rosters; panel GSIS preferred,ESPN:INJURY_RESERVE|NFLVERSE:ACT,INJURY_RESERVE,,,False,False,True,,,unavailable,5_or_later_if_designated_to_return; otherwise unknown,,https://lm-api-reads.fantasy.espn.com/apis/v3/games/ffl/seasons/2026/segments/0/leaguedefaults/1?view=kona_player_info,https://github.com/nflverse/nflverse-data/releases/download/players/players.csv|https://github.com/nflverse/nflverse-data/releases/download/rosters/roster_2026.csv,2026-08-31,2026-08-31T23:22:51.244996+00:00,high_direct_status,False,True,Current overlay only; no production games adjustment or historical-table insertion is authorized.,1385,170,True,stable_id_match_with_metadata_conflict_manual_review,blank/NA means unknown or not present; never interpret as numeric zero
00-0038752,00-0038752,4360405,,Jake Bobo,WR,SEA,espn_id_to_nflverse_gsis,1.0,False,False,ESPN Market Freeze origin/codex/espn-market-freeze-2026-08-31 + nflverse players,espn_2026_candidate_20260831T214508Z_6e169d4c54c0,,unresolved,False,False,jakebobo,Jake Bobo,SEA,panel_gsis_to_nflverse_players,1.0,False,False,nflverse players + annual rosters; panel GSIS preferred,ESPN:INJURY_RESERVE|NFLVERSE:RES,INJURY_RESERVE,,,False,False,True,,,unavailable,5_or_later_if_designated_to_return; otherwise unknown,,https://lm-api-reads.fantasy.espn.com/apis/v3/games/ffl/seasons/2026/segments/0/leaguedefaults/1?view=kona_player_info,https://github.com/nflverse/nflverse-data/releases/download/players/players.csv|https://github.com/nflverse/nflverse-data/releases/download/rosters/roster_2026.csv,2026-08-31,2026-08-31T23:22:51.244996+00:00,high_direct_status,False,True,Current overlay only; no production games adjustment or historical-table insertion is authorized.,1386,169.98,True,high_exact_espn_id_to_gsis_id,blank/NA means unknown or not present; never interpret as numeric zero
00-0038735,00-0038735,4242442,,Princeton Fant,TE,DAL,espn_id_to_nflverse_gsis,1.0,False,False,ESPN Market Freeze origin/codex/espn-market-freeze-2026-08-31 + nflverse players,espn_2026_candidate_20260831T214508Z_6e169d4c54c0,,unresolved,False,False,princetonfant,Princeton Fant,DAL,panel_gsis_to_nflverse_players,1.0,False,False,nflverse players + annual rosters; panel GSIS preferred,ESPN:INJURY_RESERVE|NFLVERSE:RES,INJURY_RESERVE,,,False,False,True,,,unavailable,5_or_later_if_designated_to_return; otherwise unknown,,https://lm-api-reads.fantasy.espn.com/apis/v3/games/ffl/seasons/2026/segments/0/leaguedefaults/1?view=kona_player_info,https://github.com/nflverse/nflverse-data/releases/download/players/players.csv|https://github.com/nflverse/nflverse-data/releases/download/rosters/roster_2026.csv,2026-08-31,2026-08-31T23:22:51.244996+00:00,high_direct_status,False,True,Current overlay only; no production games adjustment or historical-table insertion is authorized.,1387,170,True,high_exact_espn_id_to_gsis_id,blank/NA means unknown or not present; never interpret as numeric zero
00-0038488,00-0038488,4243176,,Brady Russell,RB,SEA,espn_id_to_nflverse_gsis,1.0,False,False,ESPN Market Freeze origin/codex/espn-market-freeze-2026-08-31 + nflverse players,espn_2026_candidate_20260831T214508Z_6e169d4c54c0,,unresolved,False,False,bradyrussell,Brady Russell,SEA,panel_gsis_to_nflverse_players,1.0,False,False,nflverse players + annual rosters; panel GSIS preferred,,,,,,,,,,,,,,,,,,,,,,,False,high_exact_espn_id_to_gsis_id,blank/NA means unknown or not present; never interpret as numeric zero
00-0038824,00-0038824,4369466,,Ryan Miller,WR,MIA,espn_id_to_nflverse_gsis,1.0,False,False,ESPN Market Freeze origin/codex/espn-market-freeze-2026-08-31 + nflverse players,espn_2026_candidate_20260831T214508Z_6e169d4c54c0,,unresolved,False,False,ryanmiller,Ryan Miller,TB,panel_gsis_to_nflverse_players,1.0,False,False,nflverse players + annual rosters; panel GSIS preferred,,,,,,,,,,,,,,,,,,,,,,,False,high_exact_espn_id_to_gsis_id,blank/NA means unknown or not present; never interpret as numeric zero
00-0036463,00-0036463,4369886,,Chris Blair,WR,ATL,espn_id_to_nflverse_gsis,1.0,False,False,ESPN Market Freeze origin/codex/espn-market-freeze-2026-08-31 + nflverse players,espn_2026_candidate_20260831T214508Z_6e169d4c54c0,,unresolved,False,False,chrisblair,Chris Blair,ATL,panel_gsis_to_nflverse_players,1.0,False,False,nflverse players + annual rosters; panel GSIS preferred,,,,,,,,,,,,,,,,,,,,,,,False,high_exact_espn_id_to_gsis_id,blank/NA means unknown or not present; never interpret as numeric zero
00-0039916,00-0039916,4428209,,Ricky Pearsall,WR,SF,espn_id_to_nflverse_gsis,1.0,False,False,ESPN Market Freeze origin/codex/espn-market-freeze-2026-08-31 + nflverse players,espn_2026_candidate_20260831T214508Z_6e169d4c54c0,,unresolved,False,False,rickypearsall,Ricky Pearsall,SF,panel_gsis_to_nflverse_players,1.0,False,False,nflverse players + annual rosters; panel GSIS preferred,ESPN:INJURY_RESERVE|NFLVERSE:RES,INJURY_RESERVE,knee,,False,False,True,,,unavailable,5_or_later_if_designated_to_return; otherwise unknown,,https://lm-api-reads.fantasy.espn.com/apis/v3/games/ffl/seasons/2026/segments/0/leaguedefaults/1?view=kona_player_info,https://github.com/nflverse/nflverse-data/releases/download/players/players.csv|https://github.com/nflverse/nflverse-data/releases/download/rosters/roster_2026.csv,2026-08-31,2026-08-31T23:22:51.244996+00:00,high_direct_status,False,True,Current overlay only; no production games adjustment or historical-table insertion is authorized.,1391,169.94,True,high_exact_espn_id_to_gsis_id,blank/NA means unknown or not present; never interpret as numeric zero
00-0039737,00-0039737,4696700,,Tip Reiman,TE,ARI,espn_id_to_nflverse_gsis,1.0,False,False,ESPN Market Freeze origin/codex/espn-market-freeze-2026-08-31 + nflverse players,espn_2026_candidate_20260831T214508Z_6e169d4c54c0,,unresolved,False,False,tipreiman,Tip Reiman,ARI,panel_gsis_to_nflverse_players,1.0,False,False,nflverse players + annual rosters; panel GSIS preferred,ESPN:OUT|NFLVERSE:A02,OUT,,,False,False,False,,,unavailable,,,https://lm-api-reads.fantasy.espn.com/apis/v3/games/ffl/seasons/2026/segments/0/leaguedefaults/1?view=kona_player_info,https://github.com/nflverse/nflverse-data/releases/download/players/players.csv|https://github.com/nflverse/nflverse-data/releases/download/rosters/roster_2026.csv,2026-08-31,2026-08-31T23:22:51.244996+00:00,high_direct_status,False,True,Current overlay only; no production games adjustment or historical-table insertion is authorized.,1392,170,True,high_exact_espn_id_to_gsis_id,blank/NA means unknown or not present; never interpret as numeric zero
00-0039363,00-0039363,4372561,,Isaac Guerendo,RB,SF,espn_id_to_nflverse_gsis,1.0,False,False,ESPN Market Freeze origin/codex/espn-market-freeze-2026-08-31 + nflverse players,espn_2026_candidate_20260831T214508Z_6e169d4c54c0,,unresolved,False,False,isaacguerendo,Isaac Guerendo,SF,panel_gsis_to_nflverse_players,1.0,False,False,nflverse players + annual rosters; panel GSIS preferred,ESPN:OUT|NFLVERSE:A02,OUT,,,False,False,False,,,unavailable,,,https://lm-api-reads.fantasy.espn.com/apis/v3/games/ffl/seasons/2026/segments/0/leaguedefaults/1?view=kona_player_info,https://github.com/nflverse/nflverse-data/releases/download/players/players.csv|https://github.com/nflverse/nflverse-data/releases/download/rosters/roster_2026.csv,2026-08-31,2026-08-31T23:22:51.244996+00:00,high_direct_status,False,True,Current overlay only; no production games adjustment or historical-table insertion is authorized.,1393,170.1,True,high_exact_espn_id_to_gsis_id,blank/NA means unknown or not present; never interpret as numeric zero
