season,capture_timestamp_utc,capture_timestamp_cdt,snapshot_status,source_id,source_url,source_tier,scoring_format_key,espn_player_id,raw_player_name,normalized_player_name,nfl_team,primary_position,eligibility,espn_official_ppr_rank,espn_live_draft_room_rank,espn_adp,espn_adp_rank,raw_ownership_draft_fields,rank_adp_gap,draft_command_player_id,canonical_research_player_id,mapping_method,mapping_confidence,unresolved_reason,notes,raw_record_hash,snapshot_id
2026,2026-08-31T21:45:08Z,2026-08-31T16:45:08-05:00,candidate,espn-fantasy-api-kona-player-info-2026-ppr,https://lm-api-reads.fantasy.espn.com/apis/v3/games/ffl/seasons/2026/segments/0/leaguedefaults/1?view=kona_player_info,1,PPR,4429795,Jahmyr Gibbs,jahmyr gibbs,DET,RB,"[2,3,23,7,20,21]",1,,1.35,,"{""draftRanksByRankType.PPR"":{""auctionValue"":57,""published"":false,""rank"":1,""rankSourceId"":0,""rankType"":""PPR"",""slotId"":0},""ownership"":{""activityLevel"":null,""auctionValueAverage"":70.55,""auctionValueAverageChange"":0.56,""averageDraftPosition"":1.35,""averageDraftPositionPercentChange"":0.03,""date"":1788211818147,""leagueType"":0,""percentChange"":0.02,""percentOwned"":99.93,""percentStarted"":99.77}}",0.35,1,draft-command:1,exact stable-ID match,1.0,,Live ESPN draft-room order was not separately observable from the public API capture.,6f3c16a7ab2d2e34855d5cbbea5890b555d53727699b848d863d3fe1e9f17772,espn_2026_candidate_20260831T214508Z_6e169d4c54c0
2026,2026-08-31T21:45:08Z,2026-08-31T16:45:08-05:00,candidate,espn-fantasy-api-kona-player-info-2026-ppr,https://lm-api-reads.fantasy.espn.com/apis/v3/games/ffl/seasons/2026/segments/0/leaguedefaults/1?view=kona_player_info,1,PPR,4430807,Bijan Robinson,bijan robinson,ATL,RB,"[2,3,23,7,20,21]",2,,2.39,,"{""draftRanksByRankType.PPR"":{""auctionValue"":56,""published"":false,""rank"":2,""rankSourceId"":0,""rankType"":""PPR"",""slotId"":0},""ownership"":{""activityLevel"":null,""auctionValueAverage"":68.34,""auctionValueAverageChange"":0.36,""averageDraftPosition"":2.39,""averageDraftPositionPercentChange"":0.03,""date"":1788211818199,""leagueType"":0,""percentChange"":0.02,""percentOwned"":99.9,""percentStarted"":99.7}}",0.39,2,draft-command:2,exact stable-ID match,1.0,,Live ESPN draft-room order was not separately observable from the public API capture.,7fd33acf6baa13aa8190bbe72788141eae812ae72a104f11a2146353cb273882,espn_2026_candidate_20260831T214508Z_6e169d4c54c0
2026,2026-08-31T21:45:08Z,2026-08-31T16:45:08-05:00,candidate,espn-fantasy-api-kona-player-info-2026-ppr,https://lm-api-reads.fantasy.espn.com/apis/v3/games/ffl/seasons/2026/segments/0/leaguedefaults/1?view=kona_player_info,1,PPR,4362628,Ja'Marr Chase,ja marr chase,CIN,WR,"[3,4,5,23,7,20,21]",3,,4.3,,"{""draftRanksByRankType.PPR"":{""auctionValue"":56,""published"":false,""rank"":3,""rankSourceId"":0,""rankType"":""PPR"",""slotId"":0},""ownership"":{""activityLevel"":null,""auctionValueAverage"":62.86,""auctionValueAverageChange"":0.22,""averageDraftPosition"":4.3,""averageDraftPositionPercentChange"":-0.09,""date"":1788211817586,""leagueType"":0,""percentChange"":0.02,""percentOwned"":99.91,""percentStarted"":99.29}}",1.3,3,draft-command:3,exact stable-ID match,1.0,,Live ESPN draft-room order was not separately observable from the public API capture.,c095c2680e67cf287189467676b8a361d4040aa7dc5bbe85221e7a258544b343,espn_2026_candidate_20260831T214508Z_6e169d4c54c0
2026,2026-08-31T21:45:08Z,2026-08-31T16:45:08-05:00,candidate,espn-fantasy-api-kona-player-info-2026-ppr,https://lm-api-reads.fantasy.espn.com/apis/v3/games/ffl/seasons/2026/segments/0/leaguedefaults/1?view=kona_player_info,1,PPR,4426515,Puka Nacua,puka nacua,LAR,WR,"[3,4,5,23,7,20,21]",4,,5.28,,"{""draftRanksByRankType.PPR"":{""auctionValue"":55,""published"":false,""rank"":4,""rankSourceId"":0,""rankType"":""PPR"",""slotId"":0},""ownership"":{""activityLevel"":null,""auctionValueAverage"":60.31,""auctionValueAverageChange"":0.28,""averageDraftPosition"":5.28,""averageDraftPositionPercentChange"":0.0,""date"":1788211817868,""leagueType"":0,""percentChange"":0.02,""percentOwned"":99.9,""percentStarted"":99.05}}",1.28,4,draft-command:4,exact stable-ID match,1.0,,Live ESPN draft-room order was not separately observable from the public API capture.,9cd5452ffca96ea6b8607be22778085bc2102d67cb8c0ecee62e2d946a05880f,espn_2026_candidate_20260831T214508Z_6e169d4c54c0
2026,2026-08-31T21:45:08Z,2026-08-31T16:45:08-05:00,candidate,espn-fantasy-api-kona-player-info-2026-ppr,https://lm-api-reads.fantasy.espn.com/apis/v3/games/ffl/seasons/2026/segments/0/leaguedefaults/1?view=kona_player_info,1,PPR,4242335,Jonathan Taylor,jonathan taylor,IND,RB,"[2,3,23,7,20,21]",5,,6.43,,"{""draftRanksByRankType.PPR"":{""auctionValue"":54,""published"":false,""rank"":5,""rankSourceId"":0,""rankType"":""PPR"",""slotId"":0},""ownership"":{""activityLevel"":null,""auctionValueAverage"":58.59,""auctionValueAverageChange"":0.74,""averageDraftPosition"":6.43,""averageDraftPositionPercentChange"":0.35,""date"":1788211817005,""leagueType"":0,""percentChange"":0.02,""percentOwned"":99.88,""percentStarted"":99.45}}",1.43,6,draft-command:6,exact stable-ID match,1.0,,Live ESPN draft-room order was not separately observable from the public API capture.,ae2041492498673200488270651abd214234c326b89785af4a3982e9aeb7352c,espn_2026_candidate_20260831T214508Z_6e169d4c54c0
2026,2026-08-31T21:45:08Z,2026-08-31T16:45:08-05:00,candidate,espn-fantasy-api-kona-player-info-2026-ppr,https://lm-api-reads.fantasy.espn.com/apis/v3/games/ffl/seasons/2026/segments/0/leaguedefaults/1?view=kona_player_info,1,PPR,4430878,Jaxon Smith-Njigba,jaxon smith njigba,SEA,WR,"[3,4,5,23,7,20,21]",6,,6.15,,"{""draftRanksByRankType.PPR"":{""auctionValue"":53,""published"":false,""rank"":6,""rankSourceId"":0,""rankType"":""PPR"",""slotId"":0},""ownership"":{""activityLevel"":null,""auctionValueAverage"":60.14,""auctionValueAverageChange"":0.29,""averageDraftPosition"":6.15,""averageDraftPositionPercentChange"":-0.13,""date"":1788211818222,""leagueType"":0,""percentChange"":0.02,""percentOwned"":99.91,""percentStarted"":99.66}}",0.15,7,draft-command:7,exact stable-ID match,1.0,,Live ESPN draft-room order was not separately observable from the public API capture.,66f77650a57e303b9528505f50773964d8ac1cff2ba189b930321e3e37010b73,espn_2026_candidate_20260831T214508Z_6e169d4c54c0
2026,2026-08-31T21:45:08Z,2026-08-31T16:45:08-05:00,candidate,espn-fantasy-api-kona-player-info-2026-ppr,https://lm-api-reads.fantasy.espn.com/apis/v3/games/ffl/seasons/2026/segments/0/leaguedefaults/1?view=kona_player_info,1,PPR,3117251,Christian McCaffrey,christian mccaffrey,SF,RB,"[2,3,23,7,20,21]",7,,7.66,,"{""draftRanksByRankType.PPR"":{""auctionValue"":52,""published"":false,""rank"":7,""rankSourceId"":0,""rankType"":""PPR"",""slotId"":0},""ownership"":{""activityLevel"":null,""auctionValueAverage"":56.54,""auctionValueAverageChange"":0.41,""averageDraftPosition"":7.66,""averageDraftPositionPercentChange"":-0.08,""date"":1788211815874,""leagueType"":0,""percentChange"":0.02,""percentOwned"":99.89,""percentStarted"":98.97}}",0.66,5,draft-command:5,exact stable-ID match,1.0,,Live ESPN draft-room order was not separately observable from the public API capture.,2b50b2de28c40dd000812937ace984f026c805eed6d34f376ea5548cf5cbe085,espn_2026_candidate_20260831T214508Z_6e169d4c54c0
2026,2026-08-31T21:45:08Z,2026-08-31T16:45:08-05:00,candidate,espn-fantasy-api-kona-player-info-2026-ppr,https://lm-api-reads.fantasy.espn.com/apis/v3/games/ffl/seasons/2026/segments/0/leaguedefaults/1?view=kona_player_info,1,PPR,4374302,Amon-Ra St. Brown,amon ra st brown,DET,WR,"[3,4,5,23,7,20,21]",8,,8.34,,"{""draftRanksByRankType.PPR"":{""auctionValue"":52,""published"":false,""rank"":8,""rankSourceId"":0,""rankType"":""PPR"",""slotId"":0},""ownership"":{""activityLevel"":null,""auctionValueAverage"":57.83,""auctionValueAverageChange"":0.43,""averageDraftPosition"":8.34,""averageDraftPositionPercentChange"":-0.03,""date"":1788211817721,""leagueType"":0,""percentChange"":0.02,""percentOwned"":99.91,""percentStarted"":99.65}}",0.34,8,draft-command:8,exact stable-ID match,1.0,,Live ESPN draft-room order was not separately observable from the public API capture.,de3a3ba6fe4834858f246efffcaca64246b6610e1a662f2bd131772f9003b8fa,espn_2026_candidate_20260831T214508Z_6e169d4c54c0
2026,2026-08-31T21:45:08Z,2026-08-31T16:45:08-05:00,candidate,espn-fantasy-api-kona-player-info-2026-ppr,https://lm-api-reads.fantasy.espn.com/apis/v3/games/ffl/seasons/2026/segments/0/leaguedefaults/1?view=kona_player_info,1,PPR,4379399,James Cook III,james cook,BUF,RB,"[2,3,23,7,20,21]",9,,10.57,,"{""draftRanksByRankType.PPR"":{""auctionValue"":51,""published"":false,""rank"":9,""rankSourceId"":0,""rankType"":""PPR"",""slotId"":0},""ownership"":{""activityLevel"":null,""auctionValueAverage"":53.47,""auctionValueAverageChange"":1.11,""averageDraftPosition"":10.57,""averageDraftPositionPercentChange"":0.52,""date"":1788211817732,""leagueType"":0,""percentChange"":0.03,""percentOwned"":99.88,""percentStarted"":97.62}}",1.57,9,draft-command:9,exact stable-ID match,1.0,,Live ESPN draft-room order was not separately observable from the public API capture.,39fee356514e8675a7de8b29b1cbd1638d4a932c4a1c53163d7d0c2a532c08a5,espn_2026_candidate_20260831T214508Z_6e169d4c54c0
2026,2026-08-31T21:45:08Z,2026-08-31T16:45:08-05:00,candidate,espn-fantasy-api-kona-player-info-2026-ppr,https://lm-api-reads.fantasy.espn.com/apis/v3/games/ffl/seasons/2026/segments/0/leaguedefaults/1?view=kona_player_info,1,PPR,4429160,De'Von Achane,de von achane,MIA,RB,"[2,3,23,7,20,21]",10,,12.12,,"{""draftRanksByRankType.PPR"":{""auctionValue"":50,""published"":false,""rank"":10,""rankSourceId"":0,""rankType"":""PPR"",""slotId"":0},""ownership"":{""activityLevel"":null,""auctionValueAverage"":49.56,""auctionValueAverageChange"":0.26,""averageDraftPosition"":12.12,""averageDraftPositionPercentChange"":-0.05,""date"":1788211818094,""leagueType"":0,""percentChange"":0.03,""percentOwned"":99.84,""percentStarted"":99.15}}",2.12,12,draft-command:12,exact stable-ID match,1.0,,Live ESPN draft-room order was not separately observable from the public API capture.,0c3b755c5e52f1485dd23a37f3246659ce790c5a89666f2fbc3c06f7e035ae18,espn_2026_candidate_20260831T214508Z_6e169d4c54c0
2026,2026-08-31T21:45:08Z,2026-08-31T16:45:08-05:00,candidate,espn-fantasy-api-kona-player-info-2026-ppr,https://lm-api-reads.fantasy.espn.com/apis/v3/games/ffl/seasons/2026/segments/0/leaguedefaults/1?view=kona_player_info,1,PPR,4241389,CeeDee Lamb,ceedee lamb,DAL,WR,"[3,4,5,23,7,20,21]",11,,11.66,,"{""draftRanksByRankType.PPR"":{""auctionValue"":48,""published"":false,""rank"":11,""rankSourceId"":0,""rankType"":""PPR"",""slotId"":0},""ownership"":{""activityLevel"":null,""auctionValueAverage"":51.42,""auctionValueAverageChange"":0.17,""averageDraftPosition"":11.66,""averageDraftPositionPercentChange"":-0.31,""date"":1788211816898,""leagueType"":0,""percentChange"":0.02,""percentOwned"":99.9,""percentStarted"":99.46}}",0.66,10,draft-command:10,exact stable-ID match,1.0,,Live ESPN draft-room order was not separately observable from the public API capture.,e2fd0be8cc31f82b2ade6076f79e812e3a09320ff1d070c36f1e338f35bdf352,espn_2026_candidate_20260831T214508Z_6e169d4c54c0
2026,2026-08-31T21:45:08Z,2026-08-31T16:45:08-05:00,candidate,espn-fantasy-api-kona-player-info-2026-ppr,https://lm-api-reads.fantasy.espn.com/apis/v3/games/ffl/seasons/2026/segments/0/leaguedefaults/1?view=kona_player_info,1,PPR,4262921,Justin Jefferson,justin jefferson,MIN,WR,"[3,4,5,23,7,20,21]",12,,12.63,,"{""draftRanksByRankType.PPR"":{""auctionValue"":46,""published"":false,""rank"":12,""rankSourceId"":0,""rankType"":""PPR"",""slotId"":0},""ownership"":{""activityLevel"":null,""auctionValueAverage"":50.91,""auctionValueAverageChange"":0.29,""averageDraftPosition"":12.63,""averageDraftPositionPercentChange"":-0.16,""date"":1788211817268,""leagueType"":0,""percentChange"":0.03,""percentOwned"":99.87,""percentStarted"":99.39}}",0.63,11,draft-command:11,exact stable-ID match,1.0,,Live ESPN draft-room order was not separately observable from the public API capture.,4756937929587e4f3118bbdccce1c3b82f48f556686669ba2f355f7ff2cacaa7,espn_2026_candidate_20260831T214508Z_6e169d4c54c0
2026,2026-08-31T21:45:08Z,2026-08-31T16:45:08-05:00,candidate,espn-fantasy-api-kona-player-info-2026-ppr,https://lm-api-reads.fantasy.espn.com/apis/v3/games/ffl/seasons/2026/segments/0/leaguedefaults/1?view=kona_player_info,1,PPR,4685382,Omarion Hampton,omarion hampton,LAC,RB,"[2,3,23,7,20,21]",13,,19.87,,"{""draftRanksByRankType.PPR"":{""auctionValue"":45,""published"":false,""rank"":13,""rankSourceId"":0,""rankType"":""PPR"",""slotId"":0},""ownership"":{""activityLevel"":null,""auctionValueAverage"":41.37,""auctionValueAverageChange"":1.66,""averageDraftPosition"":19.87,""averageDraftPositionPercentChange"":1.67,""date"":1788211819036,""leagueType"":0,""percentChange"":0.1,""percentOwned"":99.42,""percentStarted"":95.62}}",6.87,15,draft-command:15,exact stable-ID match,1.0,,Live ESPN draft-room order was not separately observable from the public API capture.,d362a0d98d08f921ea398488c69a0cff2c5051be4224902f7af6a4e35eafaf3d,espn_2026_candidate_20260831T214508Z_6e169d4c54c0
2026,2026-08-31T21:45:08Z,2026-08-31T16:45:08-05:00,candidate,espn-fantasy-api-kona-player-info-2026-ppr,https://lm-api-reads.fantasy.espn.com/apis/v3/games/ffl/seasons/2026/segments/0/leaguedefaults/1?view=kona_player_info,1,PPR,4362238,Chase Brown,chase brown,CIN,RB,"[2,3,23,7,20,21]",14,,17.64,,"{""draftRanksByRankType.PPR"":{""auctionValue"":43,""published"":false,""rank"":14,""rankSourceId"":0,""rankType"":""PPR"",""slotId"":0},""ownership"":{""activityLevel"":null,""auctionValueAverage"":42.92,""auctionValueAverageChange"":1.43,""averageDraftPosition"":17.64,""averageDraftPositionPercentChange"":1.28,""date"":1788211817553,""leagueType"":0,""percentChange"":0.09,""percentOwned"":99.43,""percentStarted"":95.16}}",3.64,14,draft-command:14,exact stable-ID match,1.0,,Live ESPN draft-room order was not separately observable from the public API capture.,01f9f6b263a618d2ea200a2239d16742aa8883a418bbfb77cd7308886212137a,espn_2026_candidate_20260831T214508Z_6e169d4c54c0
2026,2026-08-31T21:45:08Z,2026-08-31T16:45:08-05:00,candidate,espn-fantasy-api-kona-player-info-2026-ppr,https://lm-api-reads.fantasy.espn.com/apis/v3/games/ffl/seasons/2026/segments/0/leaguedefaults/1?view=kona_player_info,1,PPR,3929630,Saquon Barkley,saquon barkley,PHI,RB,"[2,3,23,7,20,21]",15,,14.2,,"{""draftRanksByRankType.PPR"":{""auctionValue"":42,""published"":false,""rank"":15,""rankSourceId"":0,""rankType"":""PPR"",""slotId"":0},""ownership"":{""activityLevel"":null,""auctionValueAverage"":47.25,""auctionValueAverageChange"":1.26,""averageDraftPosition"":14.2,""averageDraftPositionPercentChange"":0.36,""date"":1788211816309,""leagueType"":0,""percentChange"":0.03,""percentOwned"":99.84,""percentStarted"":98.71}}",-0.8,13,draft-command:13,exact stable-ID match,1.0,,Live ESPN draft-room order was not separately observable from the public API capture.,897e66b225e8fe1ee6ced96e9a27528f10867b151fc611a50254bb967d6aecc8,espn_2026_candidate_20260831T214508Z_6e169d4c54c0
2026,2026-08-31T21:45:08Z,2026-08-31T16:45:08-05:00,candidate,espn-fantasy-api-kona-player-info-2026-ppr,https://lm-api-reads.fantasy.espn.com/apis/v3/games/ffl/seasons/2026/segments/0/leaguedefaults/1?view=kona_player_info,1,PPR,3043078,Derrick Henry,derrick henry,BAL,RB,"[2,3,23,7,20,21]",16,,16.96,,"{""draftRanksByRankType.PPR"":{""auctionValue"":40,""published"":false,""rank"":16,""rankSourceId"":0,""rankType"":""PPR"",""slotId"":0},""ownership"":{""activityLevel"":null,""auctionValueAverage"":42.5,""auctionValueAverageChange"":1.0,""averageDraftPosition"":16.96,""averageDraftPositionPercentChange"":0.52,""date"":1788211815641,""leagueType"":0,""percentChange"":0.04,""percentOwned"":99.79,""percentStarted"":97.7}}",0.96,16,draft-command:16,exact stable-ID match,1.0,,Live ESPN draft-room order was not separately observable from the public API capture.,ba1a3f8e03f79ffc915a52c17927ad97819a729eb6473609807b4a50050d2787,espn_2026_candidate_20260831T214508Z_6e169d4c54c0
2026,2026-08-31T21:45:08Z,2026-08-31T16:45:08-05:00,candidate,espn-fantasy-api-kona-player-info-2026-ppr,https://lm-api-reads.fantasy.espn.com/apis/v3/games/ffl/seasons/2026/segments/0/leaguedefaults/1?view=kona_player_info,1,PPR,4426502,Drake London,drake london,ATL,WR,"[3,4,5,23,7,20,21]",17,,19.91,,"{""draftRanksByRankType.PPR"":{""auctionValue"":38,""published"":false,""rank"":17,""rankSourceId"":0,""rankType"":""PPR"",""slotId"":0},""ownership"":{""activityLevel"":null,""auctionValueAverage"":37.84,""auctionValueAverageChange"":-0.43,""averageDraftPosition"":19.91,""averageDraftPositionPercentChange"":-0.43,""date"":1788211817860,""leagueType"":0,""percentChange"":0.04,""percentOwned"":99.72,""percentStarted"":97.46}}",2.91,17,draft-command:17,exact stable-ID match,1.0,,Live ESPN draft-room order was not separately observable from the public API capture.,7c2522a0203aafeab952d0fefa8eaaa03b132e6e09dee280bc299beb10660d35,espn_2026_candidate_20260831T214508Z_6e169d4c54c0
2026,2026-08-31T21:45:08Z,2026-08-31T16:45:08-05:00,candidate,espn-fantasy-api-kona-player-info-2026-ppr,https://lm-api-reads.fantasy.espn.com/apis/v3/games/ffl/seasons/2026/segments/0/leaguedefaults/1?view=kona_player_info,1,PPR,4890973,Ashton Jeanty,ashton jeanty,LV,RB,"[2,3,23,7,20,21]",18,,21.41,,"{""draftRanksByRankType.PPR"":{""auctionValue"":37,""published"":false,""rank"":18,""rankSourceId"":0,""rankType"":""PPR"",""slotId"":0},""ownership"":{""activityLevel"":null,""auctionValueAverage"":38.35,""auctionValueAverageChange"":-0.73,""averageDraftPosition"":21.41,""averageDraftPositionPercentChange"":-0.73,""date"":1788211819476,""leagueType"":0,""percentChange"":0.03,""percentOwned"":99.64,""percentStarted"":95.12}}",3.41,18,draft-command:18,exact stable-ID match,1.0,,Live ESPN draft-room order was not separately observable from the public API capture.,8a4c6714f1ee82d0284a83967a147d54f9ae849a67aa0d3af1d2cdbd4c1a398e,espn_2026_candidate_20260831T214508Z_6e169d4c54c0
2026,2026-08-31T21:45:08Z,2026-08-31T16:45:08-05:00,candidate,espn-fantasy-api-kona-player-info-2026-ppr,https://lm-api-reads.fantasy.espn.com/apis/v3/games/ffl/seasons/2026/segments/0/leaguedefaults/1?view=kona_player_info,1,PPR,4047646,A.J. Brown,a j brown,NE,WR,"[3,4,5,23,7,20,21]",19,,21.93,,"{""draftRanksByRankType.PPR"":{""auctionValue"":36,""published"":false,""rank"":19,""rankSourceId"":0,""rankType"":""PPR"",""slotId"":0},""ownership"":{""activityLevel"":null,""auctionValueAverage"":36.42,""auctionValueAverageChange"":1.08,""averageDraftPosition"":21.93,""averageDraftPositionPercentChange"":1.45,""date"":1788211816755,""leagueType"":0,""percentChange"":0.06,""percentOwned"":99.63,""percentStarted"":92.78}}",2.93,20,draft-command:20,exact stable-ID match,1.0,,Live ESPN draft-room order was not separately observable from the public API capture.,c36c9c9f12121840b53929856845cb3f06f0180fcf1fc8fefe3d2611f5ddd053,espn_2026_candidate_20260831T214508Z_6e169d4c54c0
2026,2026-08-31T21:45:08Z,2026-08-31T16:45:08-05:00,candidate,espn-fantasy-api-kona-player-info-2026-ppr,https://lm-api-reads.fantasy.espn.com/apis/v3/games/ffl/seasons/2026/segments/0/leaguedefaults/1?view=kona_player_info,1,PPR,4361307,Trey McBride,trey mcbride,ARI,TE,"[5,6,23,7,20,21]",20,,22.34,,"{""draftRanksByRankType.PPR"":{""auctionValue"":35,""published"":false,""rank"":20,""rankSourceId"":0,""rankType"":""PPR"",""slotId"":0},""ownership"":{""activityLevel"":null,""auctionValueAverage"":34.58,""auctionValueAverageChange"":-0.29,""averageDraftPosition"":22.34,""averageDraftPositionPercentChange"":-0.54,""date"":1788211817422,""leagueType"":0,""percentChange"":0.03,""percentOwned"":99.87,""percentStarted"":99.4}}",2.34,23,draft-command:23,exact stable-ID match,1.0,,Live ESPN draft-room order was not separately observable from the public API capture.,45ac3f52ac82b96c278ce7b0302a015cb5740086ba67b56620c768426b0df8a7,espn_2026_candidate_20260831T214508Z_6e169d4c54c0
2026,2026-08-31T21:45:08Z,2026-08-31T16:45:08-05:00,candidate,espn-fantasy-api-kona-player-info-2026-ppr,https://lm-api-reads.fantasy.espn.com/apis/v3/games/ffl/seasons/2026/segments/0/leaguedefaults/1?view=kona_player_info,1,PPR,4870808,Jeremiyah Love,jeremiyah love,ARI,RB,"[25,2,3,23,7,20,21]",21,,25.79,,"{""draftRanksByRankType.PPR"":{""auctionValue"":34,""published"":false,""rank"":21,""rankSourceId"":0,""rankType"":""PPR"",""slotId"":0},""ownership"":{""activityLevel"":null,""auctionValueAverage"":34.24,""auctionValueAverageChange"":-0.55,""averageDraftPosition"":25.79,""averageDraftPositionPercentChange"":-0.78,""date"":1788211819399,""leagueType"":0,""percentChange"":0.06,""percentOwned"":99.35,""percentStarted"":93.21}}",4.79,27,draft-command:27,exact stable-ID match,1.0,,Live ESPN draft-room order was not separately observable from the public API capture.,bced721b21e55286e2db90c182cc6324c4322eaf55b5e67a66c87c06d393406b,espn_2026_candidate_20260831T214508Z_6e169d4c54c0
2026,2026-08-31T21:45:08Z,2026-08-31T16:45:08-05:00,candidate,espn-fantasy-api-kona-player-info-2026-ppr,https://lm-api-reads.fantasy.espn.com/apis/v3/games/ffl/seasons/2026/segments/0/leaguedefaults/1?view=kona_player_info,1,PPR,4432665,Brock Bowers,brock bowers,LV,TE,"[5,6,23,7,20,21]",22,,24,,"{""draftRanksByRankType.PPR"":{""auctionValue"":33,""published"":false,""rank"":22,""rankSourceId"":0,""rankType"":""PPR"",""slotId"":0},""ownership"":{""activityLevel"":null,""auctionValueAverage"":33.53,""auctionValueAverageChange"":0.37,""averageDraftPosition"":24.0,""averageDraftPositionPercentChange"":0.1,""date"":1788211818357,""leagueType"":0,""percentChange"":0.03,""percentOwned"":99.86,""percentStarted"":99.49}}",2.0,21,draft-command:21,exact stable-ID match,1.0,,Live ESPN draft-room order was not separately observable from the public API capture.,6b6551391923e04dbde3d9ff6ff731f3b5177f31030fe84e88ad2c724d849aae,espn_2026_candidate_20260831T214508Z_6e169d4c54c0
2026,2026-08-31T21:45:08Z,2026-08-31T16:45:08-05:00,candidate,espn-fantasy-api-kona-player-info-2026-ppr,https://lm-api-reads.fantasy.espn.com/apis/v3/games/ffl/seasons/2026/segments/0/leaguedefaults/1?view=kona_player_info,1,PPR,4258173,Nico Collins,nico collins,HOU,WR,"[3,4,5,23,7,20,21]",23,,25.95,,"{""draftRanksByRankType.PPR"":{""auctionValue"":32,""published"":false,""rank"":23,""rankSourceId"":0,""rankType"":""PPR"",""slotId"":0},""ownership"":{""activityLevel"":null,""auctionValueAverage"":32.84,""auctionValueAverageChange"":0.4,""averageDraftPosition"":25.95,""averageDraftPositionPercentChange"":0.28,""date"":1788211817193,""leagueType"":0,""percentChange"":0.05,""percentOwned"":99.64,""percentStarted"":96.02}}",2.95,22,draft-command:22,exact stable-ID match,1.0,,Live ESPN draft-room order was not separately observable from the public API capture.,5d487e214b83cbba8b75219ae061b0f2e97c185aee5d0431f01a690a0b6050df,espn_2026_candidate_20260831T214508Z_6e169d4c54c0
2026,2026-08-31T21:45:08Z,2026-08-31T16:45:08-05:00,candidate,espn-fantasy-api-kona-player-info-2026-ppr,https://lm-api-reads.fantasy.espn.com/apis/v3/games/ffl/seasons/2026/segments/0/leaguedefaults/1?view=kona_player_info,1,PPR,4361370,Chris Olave,chris olave,NO,WR,"[3,4,5,23,7,20,21]",24,,29.84,,"{""draftRanksByRankType.PPR"":{""auctionValue"":32,""published"":false,""rank"":24,""rankSourceId"":0,""rankType"":""PPR"",""slotId"":0},""ownership"":{""activityLevel"":null,""auctionValueAverage"":29.32,""auctionValueAverageChange"":0.39,""averageDraftPosition"":29.84,""averageDraftPositionPercentChange"":0.39,""date"":1788211817434,""leagueType"":0,""percentChange"":0.13,""percentOwned"":99.15,""percentStarted"":91.42}}",5.84,26,draft-command:26,exact stable-ID match,1.0,,Live ESPN draft-room order was not separately observable from the public API capture.,fd0594c0cc94fa687d34f478a57fe2ef2fdb97d36d439de3cb63904b09ab2e66,espn_2026_candidate_20260831T214508Z_6e169d4c54c0
2026,2026-08-31T21:45:08Z,2026-08-31T16:45:08-05:00,candidate,espn-fantasy-api-kona-player-info-2026-ppr,https://lm-api-reads.fantasy.espn.com/apis/v3/games/ffl/seasons/2026/segments/0/leaguedefaults/1?view=kona_player_info,1,PPR,4567048,Kenneth Walker III,kenneth walker,KC,RB,"[2,3,23,7,20,21]",25,,24.8,,"{""draftRanksByRankType.PPR"":{""auctionValue"":31,""published"":false,""rank"":25,""rankSourceId"":0,""rankType"":""PPR"",""slotId"":0},""ownership"":{""activityLevel"":null,""auctionValueAverage"":36.67,""auctionValueAverageChange"":-0.11,""averageDraftPosition"":24.8,""averageDraftPositionPercentChange"":-0.74,""date"":1788211818425,""leagueType"":0,""percentChange"":0.04,""percentOwned"":99.47,""percentStarted"":92.32}}",-0.2,19,draft-command:19,exact stable-ID match,1.0,,Live ESPN draft-room order was not separately observable from the public API capture.,3274c28415ca26b4d8f47df4c0aab51f016b8f153c6af58dd5b7ab75740fe5aa,espn_2026_candidate_20260831T214508Z_6e169d4c54c0
2026,2026-08-31T21:45:08Z,2026-08-31T16:45:08-05:00,candidate,espn-fantasy-api-kona-player-info-2026-ppr,https://lm-api-reads.fantasy.espn.com/apis/v3/games/ffl/seasons/2026/segments/0/leaguedefaults/1?view=kona_player_info,1,PPR,3918298,Josh Allen,josh allen,BUF,QB,"[0,7,20,21]",26,,19.6,,"{""draftRanksByRankType.PPR"":{""auctionValue"":30,""published"":false,""rank"":26,""rankSourceId"":0,""rankType"":""PPR"",""slotId"":0},""ownership"":{""activityLevel"":null,""auctionValueAverage"":38.52,""auctionValueAverageChange"":1.35,""averageDraftPosition"":19.6,""averageDraftPositionPercentChange"":0.7,""date"":1788211816269,""leagueType"":0,""percentChange"":0.02,""percentOwned"":99.9,""percentStarted"":97.69}}",-6.4,25,draft-command:25,exact stable-ID match,1.0,,Live ESPN draft-room order was not separately observable from the public API capture.,3350654ce3f6d00024f82820d09428f3acbe55ca97b9c75bc3e562ccd241fce5,espn_2026_candidate_20260831T214508Z_6e169d4c54c0
2026,2026-08-31T21:45:08Z,2026-08-31T16:45:08-05:00,candidate,espn-fantasy-api-kona-player-info-2026-ppr,https://lm-api-reads.fantasy.espn.com/apis/v3/games/ffl/seasons/2026/segments/0/leaguedefaults/1?view=kona_player_info,1,PPR,4428331,Rashee Rice,rashee rice,KC,WR,"[3,4,5,23,7,20,21]",27,,28.14,,"{""draftRanksByRankType.PPR"":{""auctionValue"":30,""published"":false,""rank"":27,""rankSourceId"":0,""rankType"":""PPR"",""slotId"":0},""ownership"":{""activityLevel"":null,""auctionValueAverage"":30.63,""auctionValueAverageChange"":-1.33,""averageDraftPosition"":28.14,""averageDraftPositionPercentChange"":-1.82,""date"":1788211817984,""leagueType"":0,""percentChange"":0.06,""percentOwned"":99.47,""percentStarted"":94.43}}",1.14,30,draft-command:30,exact stable-ID match,1.0,,Live ESPN draft-room order was not separately observable from the public API capture.,bb0a5526a093eaaf188555f21dc9716c51fe7ea46daa033646d95f40a8fa8f21,espn_2026_candidate_20260831T214508Z_6e169d4c54c0
2026,2026-08-31T21:45:08Z,2026-08-31T16:45:08-05:00,candidate,espn-fantasy-api-kona-player-info-2026-ppr,https://lm-api-reads.fantasy.espn.com/apis/v3/games/ffl/seasons/2026/segments/0/leaguedefaults/1?view=kona_player_info,1,PPR,4426354,George Pickens,george pickens,DAL,WR,"[3,4,5,23,7,20,21]",28,,28.65,,"{""draftRanksByRankType.PPR"":{""auctionValue"":29,""published"":false,""rank"":28,""rankSourceId"":0,""rankType"":""PPR"",""slotId"":0},""ownership"":{""activityLevel"":null,""auctionValueAverage"":29.47,""auctionValueAverageChange"":0.68,""averageDraftPosition"":28.65,""averageDraftPositionPercentChange"":0.63,""date"":1788211817805,""leagueType"":0,""percentChange"":0.05,""percentOwned"":99.68,""percentStarted"":93.65}}",0.65,24,draft-command:24,exact stable-ID match,1.0,,Live ESPN draft-room order was not separately observable from the public API capture.,8d76849e2471445fd72eb833b692b11715fb401082a315105d47cb432f89d792,espn_2026_candidate_20260831T214508Z_6e169d4c54c0
2026,2026-08-31T21:45:08Z,2026-08-31T16:45:08-05:00,candidate,espn-fantasy-api-kona-player-info-2026-ppr,https://lm-api-reads.fantasy.espn.com/apis/v3/games/ffl/seasons/2026/segments/0/leaguedefaults/1?view=kona_player_info,1,PPR,4569618,Garrett Wilson,garrett wilson,NYJ,WR,"[3,4,5,23,7,20,21]",29,,37.19,,"{""draftRanksByRankType.PPR"":{""auctionValue"":28,""published"":false,""rank"":29,""rankSourceId"":0,""rankType"":""PPR"",""slotId"":0},""ownership"":{""activityLevel"":null,""auctionValueAverage"":23.48,""auctionValueAverageChange"":-0.24,""averageDraftPosition"":37.19,""averageDraftPositionPercentChange"":-0.25,""date"":1788211818545,""leagueType"":0,""percentChange"":0.13,""percentOwned"":98.81,""percentStarted"":88.91}}",8.19,38,draft-command:38,exact stable-ID match,1.0,,Live ESPN draft-room order was not separately observable from the public API capture.,8532f9b958a75734a9f338b8dd67478b6d98dfdee144df450d8e7d88e567ff0d,espn_2026_candidate_20260831T214508Z_6e169d4c54c0
2026,2026-08-31T21:45:08Z,2026-08-31T16:45:08-05:00,candidate,espn-fantasy-api-kona-player-info-2026-ppr,https://lm-api-reads.fantasy.espn.com/apis/v3/games/ffl/seasons/2026/segments/0/leaguedefaults/1?view=kona_player_info,1,PPR,4427366,Breece Hall,breece hall,NYJ,RB,"[2,3,23,7,20,21]",30,,35.79,,"{""draftRanksByRankType.PPR"":{""auctionValue"":27,""published"":false,""rank"":30,""rankSourceId"":0,""rankType"":""PPR"",""slotId"":0},""ownership"":{""activityLevel"":null,""auctionValueAverage"":26.05,""auctionValueAverageChange"":-0.38,""averageDraftPosition"":35.79,""averageDraftPositionPercentChange"":-0.54,""date"":1788211817931,""leagueType"":0,""percentChange"":0.12,""percentOwned"":98.6,""percentStarted"":89.47}}",5.79,31,draft-command:31,exact stable-ID match,1.0,,Live ESPN draft-room order was not separately observable from the public API capture.,4e54f5967cb0cc975c4a5a3a11dc764b85b638710ef967859da45c8c90c9fcee,espn_2026_candidate_20260831T214508Z_6e169d4c54c0
2026,2026-08-31T21:45:08Z,2026-08-31T16:45:08-05:00,candidate,espn-fantasy-api-kona-player-info-2026-ppr,https://lm-api-reads.fantasy.espn.com/apis/v3/games/ffl/seasons/2026/segments/0/leaguedefaults/1?view=kona_player_info,1,PPR,4361579,Javonte Williams,javonte williams,DAL,RB,"[2,3,23,7,20,21]",31,,33.55,,"{""draftRanksByRankType.PPR"":{""auctionValue"":26,""published"":false,""rank"":31,""rankSourceId"":0,""rankType"":""PPR"",""slotId"":0},""ownership"":{""activityLevel"":null,""auctionValueAverage"":26.98,""auctionValueAverageChange"":0.43,""averageDraftPosition"":33.55,""averageDraftPositionPercentChange"":0.83,""date"":1788211817477,""leagueType"":0,""percentChange"":0.19,""percentOwned"":98.72,""percentStarted"":90.04}}",2.55,33,draft-command:33,exact stable-ID match,1.0,,Live ESPN draft-room order was not separately observable from the public API capture.,743a06f0faab9717a10807554890d52a4221cbd280a7f96bcf17fe8b55729b26,espn_2026_candidate_20260831T214508Z_6e169d4c54c0
2026,2026-08-31T21:45:08Z,2026-08-31T16:45:08-05:00,candidate,espn-fantasy-api-kona-player-info-2026-ppr,https://lm-api-reads.fantasy.espn.com/apis/v3/games/ffl/seasons/2026/segments/0/leaguedefaults/1?view=kona_player_info,1,PPR,4430737,Kyren Williams,kyren williams,LAR,RB,"[2,3,23,7,20,21]",32,,36.8,,"{""draftRanksByRankType.PPR"":{""auctionValue"":25,""published"":false,""rank"":32,""rankSourceId"":0,""rankType"":""PPR"",""slotId"":0},""ownership"":{""activityLevel"":null,""auctionValueAverage"":25.19,""auctionValueAverageChange"":0.89,""averageDraftPosition"":36.8,""averageDraftPositionPercentChange"":1.83,""date"":1788211818196,""leagueType"":0,""percentChange"":0.24,""percentOwned"":98.35,""percentStarted"":86.18}}",4.8,29,draft-command:29,exact stable-ID match,1.0,,Live ESPN draft-room order was not separately observable from the public API capture.,093f8b47b67f63c6365e432f2caffdf6666c767d819ab348842e2a3a83b58bec,espn_2026_candidate_20260831T214508Z_6e169d4c54c0
2026,2026-08-31T21:45:08Z,2026-08-31T16:45:08-05:00,candidate,espn-fantasy-api-kona-player-info-2026-ppr,https://lm-api-reads.fantasy.espn.com/apis/v3/games/ffl/seasons/2026/segments/0/leaguedefaults/1?view=kona_player_info,1,PPR,4595348,Malik Nabers,malik nabers,NYG,WR,"[3,4,5,23,7,20,21]",33,,34.54,,"{""draftRanksByRankType.PPR"":{""auctionValue"":24,""published"":false,""rank"":33,""rankSourceId"":0,""rankType"":""PPR"",""slotId"":0},""ownership"":{""activityLevel"":null,""auctionValueAverage"":27.61,""auctionValueAverageChange"":0.15,""averageDraftPosition"":34.54,""averageDraftPositionPercentChange"":-0.04,""date"":1788211818705,""leagueType"":0,""percentChange"":0.12,""percentOwned"":98.96,""percentStarted"":86.04}}",1.54,28,draft-command:28,exact stable-ID match,1.0,,Live ESPN draft-room order was not separately observable from the public API capture.,37682ea2276d28fdfaba89dd73c3e476435050891727ee7445677c4981ec5c69,espn_2026_candidate_20260831T214508Z_6e169d4c54c0
2026,2026-08-31T21:45:08Z,2026-08-31T16:45:08-05:00,candidate,espn-fantasy-api-kona-player-info-2026-ppr,https://lm-api-reads.fantasy.espn.com/apis/v3/games/ffl/seasons/2026/segments/0/leaguedefaults/1?view=kona_player_info,1,PPR,4239996,Travis Etienne Jr.,travis etienne,NO,RB,"[2,3,23,7,20,21]",34,,42.4,,"{""draftRanksByRankType.PPR"":{""auctionValue"":23,""published"":false,""rank"":34,""rankSourceId"":0,""rankType"":""PPR"",""slotId"":0},""ownership"":{""activityLevel"":null,""auctionValueAverage"":20.8,""auctionValueAverageChange"":0.23,""averageDraftPosition"":42.4,""averageDraftPositionPercentChange"":0.84,""date"":1788211816821,""leagueType"":0,""percentChange"":0.33,""percentOwned"":97.64,""percentStarted"":84.58}}",8.4,42,draft-command:42,exact stable-ID match,1.0,,Live ESPN draft-room order was not separately observable from the public API capture.,8dd6d5c5352d0d4e079b157db80e070290e2349f324b34ab265603d68d3928dd,espn_2026_candidate_20260831T214508Z_6e169d4c54c0
2026,2026-08-31T21:45:08Z,2026-08-31T16:45:08-05:00,candidate,espn-fantasy-api-kona-player-info-2026-ppr,https://lm-api-reads.fantasy.espn.com/apis/v3/games/ffl/seasons/2026/segments/0/leaguedefaults/1?view=kona_player_info,1,PPR,4241478,DeVonta Smith,devonta smith,PHI,WR,"[3,4,5,23,7,20,21]",35,,37.32,,"{""draftRanksByRankType.PPR"":{""auctionValue"":22,""published"":false,""rank"":35,""rankSourceId"":0,""rankType"":""PPR"",""slotId"":0},""ownership"":{""activityLevel"":null,""auctionValueAverage"":23.18,""auctionValueAverageChange"":0.38,""averageDraftPosition"":37.32,""averageDraftPositionPercentChange"":1.17,""date"":1788211816941,""leagueType"":0,""percentChange"":0.14,""percentOwned"":99.04,""percentStarted"":89.06}}",2.32,32,draft-command:32,exact stable-ID match,1.0,,Live ESPN draft-room order was not separately observable from the public API capture.,d563908c10a32d0e99508aff980451545ce068601b02710782dd5456ed97bb4f,espn_2026_candidate_20260831T214508Z_6e169d4c54c0
2026,2026-08-31T21:45:08Z,2026-08-31T16:45:08-05:00,candidate,espn-fantasy-api-kona-player-info-2026-ppr,https://lm-api-reads.fantasy.espn.com/apis/v3/games/ffl/seasons/2026/segments/0/leaguedefaults/1?view=kona_player_info,1,PPR,4685472,Tetairoa McMillan,tetairoa mcmillan,CAR,WR,"[3,4,5,23,7,20,21]",36,,41.76,,"{""draftRanksByRankType.PPR"":{""auctionValue"":22,""published"":false,""rank"":36,""rankSourceId"":0,""rankType"":""PPR"",""slotId"":0},""ownership"":{""activityLevel"":null,""auctionValueAverage"":20.27,""auctionValueAverageChange"":-0.13,""averageDraftPosition"":41.76,""averageDraftPositionPercentChange"":0.09,""date"":1788211819057,""leagueType"":0,""percentChange"":0.16,""percentOwned"":98.53,""percentStarted"":86.73}}",5.76,36,draft-command:36,exact stable-ID match,1.0,,Live ESPN draft-room order was not separately observable from the public API capture.,355bb5553aa890f5cfaf51a6653bb681913b336c3b5eaba143167d013ec83564,espn_2026_candidate_20260831T214508Z_6e169d4c54c0
2026,2026-08-31T21:45:08Z,2026-08-31T16:45:08-05:00,candidate,espn-fantasy-api-kona-player-info-2026-ppr,https://lm-api-reads.fantasy.espn.com/apis/v3/games/ffl/seasons/2026/segments/0/leaguedefaults/1?view=kona_player_info,1,PPR,4429615,Zay Flowers,zay flowers,BAL,WR,"[3,4,5,23,7,20,21]",38,,44.05,,"{""draftRanksByRankType.PPR"":{""auctionValue"":22,""published"":false,""rank"":38,""rankSourceId"":0,""rankType"":""PPR"",""slotId"":0},""ownership"":{""activityLevel"":null,""auctionValueAverage"":20.33,""auctionValueAverageChange"":-0.13,""averageDraftPosition"":44.05,""averageDraftPositionPercentChange"":-0.7,""date"":1788211818141,""leagueType"":0,""percentChange"":0.1,""percentOwned"":98.42,""percentStarted"":84.66}}",6.05,37,draft-command:37,exact stable-ID match,1.0,,Live ESPN draft-room order was not separately observable from the public API capture.,0ebd3deb98e12b0890603378de70101a3ffdb9f6181fdc1498b2606a0a10a226,espn_2026_candidate_20260831T214508Z_6e169d4c54c0
2026,2026-08-31T21:45:08Z,2026-08-31T16:45:08-05:00,candidate,espn-fantasy-api-kona-player-info-2026-ppr,https://lm-api-reads.fantasy.espn.com/apis/v3/games/ffl/seasons/2026/segments/0/leaguedefaults/1?view=kona_player_info,1,PPR,4567750,Emeka Egbuka,emeka egbuka,TB,WR,"[3,4,5,23,7,20,21]",39,,45.46,,"{""draftRanksByRankType.PPR"":{""auctionValue"":21,""published"":false,""rank"":39,""rankSourceId"":0,""rankType"":""PPR"",""slotId"":0},""ownership"":{""activityLevel"":null,""auctionValueAverage"":20.32,""auctionValueAverageChange"":0.39,""averageDraftPosition"":45.46,""averageDraftPositionPercentChange"":1.05,""date"":1788211818471,""leagueType"":0,""percentChange"":0.21,""percentOwned"":97.81,""percentStarted"":81.25}}",6.46,41,draft-command:41,exact stable-ID match,1.0,,Live ESPN draft-room order was not separately observable from the public API capture.,ca3c3bb89c4c9519e23636834d1ac5a15fd17e05dd29ec83f576242c43fcc43a,espn_2026_candidate_20260831T214508Z_6e169d4c54c0
2026,2026-08-31T21:45:08Z,2026-08-31T16:45:08-05:00,candidate,espn-fantasy-api-kona-player-info-2026-ppr,https://lm-api-reads.fantasy.espn.com/apis/v3/games/ffl/seasons/2026/segments/0/leaguedefaults/1?view=kona_player_info,1,PPR,4685702,Quinshon Judkins,quinshon judkins,CLE,RB,"[2,3,23,7,20,21]",40,,50.27,,"{""draftRanksByRankType.PPR"":{""auctionValue"":21,""published"":false,""rank"":40,""rankSourceId"":0,""rankType"":""PPR"",""slotId"":0},""ownership"":{""activityLevel"":null,""auctionValueAverage"":17.61,""auctionValueAverageChange"":0.18,""averageDraftPosition"":50.27,""averageDraftPositionPercentChange"":1.84,""date"":1788211819093,""leagueType"":0,""percentChange"":0.47,""percentOwned"":96.14,""percentStarted"":75.09}}",10.27,47,draft-command:47,exact stable-ID match,1.0,,Live ESPN draft-room order was not separately observable from the public API capture.,293268763c2464f7fb3a0b04ecb4a4be825299110972c9213a2efe60f9bd7692,espn_2026_candidate_20260831T214508Z_6e169d4c54c0
2026,2026-08-31T21:45:08Z,2026-08-31T16:45:08-05:00,candidate,espn-fantasy-api-kona-player-info-2026-ppr,https://lm-api-reads.fantasy.espn.com/apis/v3/games/ffl/seasons/2026/segments/0/leaguedefaults/1?view=kona_player_info,1,PPR,4612826,Ladd McConkey,ladd mcconkey,LAC,WR,"[3,4,5,23,7,20,21]",41,,46.73,,"{""draftRanksByRankType.PPR"":{""auctionValue"":20,""published"":false,""rank"":41,""rankSourceId"":0,""rankType"":""PPR"",""slotId"":0},""ownership"":{""activityLevel"":null,""auctionValueAverage"":19.9,""auctionValueAverageChange"":0.78,""averageDraftPosition"":46.73,""averageDraftPositionPercentChange"":1.33,""date"":1788211818932,""leagueType"":0,""percentChange"":0.35,""percentOwned"":97.18,""percentStarted"":79.11}}",5.73,39,draft-command:39,exact stable-ID match,1.0,,Live ESPN draft-room order was not separately observable from the public API capture.,3b0f8e624962b3c5bb6241234ea240c2c2bf9a93b3b48c173d5e6f75d1df04c4,espn_2026_candidate_20260831T214508Z_6e169d4c54c0
2026,2026-08-31T21:45:08Z,2026-08-31T16:45:08-05:00,candidate,espn-fantasy-api-kona-player-info-2026-ppr,https://lm-api-reads.fantasy.espn.com/apis/v3/games/ffl/seasons/2026/segments/0/leaguedefaults/1?view=kona_player_info,1,PPR,4696981,Cam Skattebo,cam skattebo,NYG,RB,"[2,3,23,7,20,21]",42,,45.49,,"{""draftRanksByRankType.PPR"":{""auctionValue"":19,""published"":false,""rank"":42,""rankSourceId"":0,""rankType"":""PPR"",""slotId"":0},""ownership"":{""activityLevel"":null,""auctionValueAverage"":18.15,""auctionValueAverageChange"":-0.17,""averageDraftPosition"":45.49,""averageDraftPositionPercentChange"":-0.01,""date"":1788211819235,""leagueType"":0,""percentChange"":0.16,""percentOwned"":98.46,""percentStarted"":83.73}}",3.49,45,draft-command:45,exact stable-ID match,1.0,,Live ESPN draft-room order was not separately observable from the public API capture.,92697f0124fbe55cbd839607308f5603741d9bb0bab4e3a948c262cd3177a850,espn_2026_candidate_20260831T214508Z_6e169d4c54c0
2026,2026-08-31T21:45:08Z,2026-08-31T16:45:08-05:00,candidate,espn-fantasy-api-kona-player-info-2026-ppr,https://lm-api-reads.fantasy.espn.com/apis/v3/games/ffl/seasons/2026/segments/0/leaguedefaults/1?view=kona_player_info,1,PPR,4723086,Colston Loveland,colston loveland,CHI,TE,"[5,6,23,7,20,21]",43,,42.89,,"{""draftRanksByRankType.PPR"":{""auctionValue"":19,""published"":false,""rank"":43,""rankSourceId"":0,""rankType"":""PPR"",""slotId"":0},""ownership"":{""activityLevel"":null,""auctionValueAverage"":17.76,""auctionValueAverageChange"":0.77,""averageDraftPosition"":42.89,""averageDraftPositionPercentChange"":0.69,""date"":1788211819301,""leagueType"":0,""percentChange"":0.07,""percentOwned"":99.51,""percentStarted"":96.77}}",-0.11,40,draft-command:40,exact stable-ID match,1.0,,Live ESPN draft-room order was not separately observable from the public API capture.,6555ba5c9004ae71552e8f2fe13d017e8c6d929381121814f29f4cb2277c3608,espn_2026_candidate_20260831T214508Z_6e169d4c54c0
2026,2026-08-31T21:45:08Z,2026-08-31T16:45:08-05:00,candidate,espn-fantasy-api-kona-player-info-2026-ppr,https://lm-api-reads.fantasy.espn.com/apis/v3/games/ffl/seasons/2026/segments/0/leaguedefaults/1?view=kona_player_info,1,PPR,4239993,Tee Higgins,tee higgins,CIN,WR,"[3,4,5,23,7,20,21]",44,,51.29,,"{""draftRanksByRankType.PPR"":{""auctionValue"":18,""published"":false,""rank"":44,""rankSourceId"":0,""rankType"":""PPR"",""slotId"":0},""ownership"":{""activityLevel"":null,""auctionValueAverage"":16.16,""auctionValueAverageChange"":0.53,""averageDraftPosition"":51.29,""averageDraftPositionPercentChange"":1.46,""date"":1788211816812,""leagueType"":0,""percentChange"":0.37,""percentOwned"":96.93,""percentStarted"":74.56}}",7.29,35,draft-command:35,exact stable-ID match,1.0,,Live ESPN draft-room order was not separately observable from the public API capture.,acc8e5977b574c60a5348c509ffff42b439856d5de07e37e1d0cf365b4307d81,espn_2026_candidate_20260831T214508Z_6e169d4c54c0
2026,2026-08-31T21:45:08Z,2026-08-31T16:45:08-05:00,candidate,espn-fantasy-api-kona-player-info-2026-ppr,https://lm-api-reads.fantasy.espn.com/apis/v3/games/ffl/seasons/2026/segments/0/leaguedefaults/1?view=kona_player_info,1,PPR,16800,Davante Adams,davante adams,LAR,WR,"[3,4,5,23,7,20,21]",45,,46.3,,"{""draftRanksByRankType.PPR"":{""auctionValue"":17,""published"":false,""rank"":45,""rankSourceId"":0,""rankType"":""PPR"",""slotId"":0},""ownership"":{""activityLevel"":null,""auctionValueAverage"":17.46,""auctionValueAverageChange"":0.03,""averageDraftPosition"":46.3,""averageDraftPositionPercentChange"":0.15,""date"":1788211815224,""leagueType"":0,""percentChange"":0.17,""percentOwned"":98.42,""percentStarted"":83.83}}",1.3,48,draft-command:48,exact stable-ID match,1.0,,Live ESPN draft-room order was not separately observable from the public API capture.,698b2070bf9da2e899455ac6624c5fdd0990adebbe5ce7e077dabdb577dad78e,espn_2026_candidate_20260831T214508Z_6e169d4c54c0
2026,2026-08-31T21:45:08Z,2026-08-31T16:45:08-05:00,candidate,espn-fantasy-api-kona-player-info-2026-ppr,https://lm-api-reads.fantasy.espn.com/apis/v3/games/ffl/seasons/2026/segments/0/leaguedefaults/1?view=kona_player_info,1,PPR,4372016,Jaylen Waddle,jaylen waddle,DEN,WR,"[3,4,5,23,7,20,21]",46,,52.74,,"{""draftRanksByRankType.PPR"":{""auctionValue"":17,""published"":false,""rank"":46,""rankSourceId"":0,""rankType"":""PPR"",""slotId"":0},""ownership"":{""activityLevel"":null,""auctionValueAverage"":16.27,""auctionValueAverageChange"":0.46,""averageDraftPosition"":52.74,""averageDraftPositionPercentChange"":1.24,""date"":1788211817660,""leagueType"":0,""percentChange"":0.43,""percentOwned"":96.29,""percentStarted"":67.61}}",6.74,43,draft-command:43,exact stable-ID match,1.0,,Live ESPN draft-room order was not separately observable from the public API capture.,da3d16d82b8b680c341b288e899f50523f1716d161136a35d2156fa580211225,espn_2026_candidate_20260831T214508Z_6e169d4c54c0
2026,2026-08-31T21:45:08Z,2026-08-31T16:45:08-05:00,candidate,espn-fantasy-api-kona-player-info-2026-ppr,https://lm-api-reads.fantasy.espn.com/apis/v3/games/ffl/seasons/2026/segments/0/leaguedefaults/1?view=kona_player_info,1,PPR,4259545,D'Andre Swift,d andre swift,CHI,RB,"[2,3,23,7,20,21]",47,,54.71,,"{""draftRanksByRankType.PPR"":{""auctionValue"":15,""published"":false,""rank"":47,""rankSourceId"":0,""rankType"":""PPR"",""slotId"":0},""ownership"":{""activityLevel"":null,""auctionValueAverage"":15.03,""auctionValueAverageChange"":1.03,""averageDraftPosition"":54.71,""averageDraftPositionPercentChange"":3.21,""date"":1788211817238,""leagueType"":0,""percentChange"":0.77,""percentOwned"":94.52,""percentStarted"":66.55}}",7.71,46,draft-command:46,exact stable-ID match,1.0,,Live ESPN draft-room order was not separately observable from the public API capture.,c018df9238aa73722c47f15d8aed6a2b1718a770a74390c61a36459f065e1160,espn_2026_candidate_20260831T214508Z_6e169d4c54c0
2026,2026-08-31T21:45:08Z,2026-08-31T16:45:08-05:00,candidate,espn-fantasy-api-kona-player-info-2026-ppr,https://lm-api-reads.fantasy.espn.com/apis/v3/games/ffl/seasons/2026/segments/0/leaguedefaults/1?view=kona_player_info,1,PPR,4882093,Bhayshul Tuten,bhayshul tuten,JAX,RB,"[2,3,23,7,20,21]",48,,63.77,,"{""draftRanksByRankType.PPR"":{""auctionValue"":15,""published"":false,""rank"":48,""rankSourceId"":0,""rankType"":""PPR"",""slotId"":0},""ownership"":{""activityLevel"":null,""auctionValueAverage"":12.43,""auctionValueAverageChange"":0.75,""averageDraftPosition"":63.77,""averageDraftPositionPercentChange"":3.08,""date"":1788211819468,""leagueType"":0,""percentChange"":0.9,""percentOwned"":92.39,""percentStarted"":52.37}}",15.77,57,draft-command:57,exact stable-ID match,1.0,,Live ESPN draft-room order was not separately observable from the public API capture.,ba5f1990353d86f2be25ee78569a4bf93800c9584d747dcd7e03d54eecb80e89,espn_2026_candidate_20260831T214508Z_6e169d4c54c0
2026,2026-08-31T21:45:08Z,2026-08-31T16:45:08-05:00,candidate,espn-fantasy-api-kona-player-info-2026-ppr,https://lm-api-reads.fantasy.espn.com/apis/v3/games/ffl/seasons/2026/segments/0/leaguedefaults/1?view=kona_player_info,1,PPR,3916387,Lamar Jackson,lamar jackson,BAL,QB,"[0,7,20,21]",49,,35.4,,"{""draftRanksByRankType.PPR"":{""auctionValue"":14,""published"":false,""rank"":49,""rankSourceId"":0,""rankType"":""PPR"",""slotId"":0},""ownership"":{""activityLevel"":null,""auctionValueAverage"":23.0,""auctionValueAverageChange"":1.15,""averageDraftPosition"":35.4,""averageDraftPositionPercentChange"":1.04,""date"":1788211816218,""leagueType"":0,""percentChange"":0.04,""percentOwned"":99.77,""percentStarted"":94.48}}",-13.6,44,draft-command:44,exact stable-ID match,1.0,,Live ESPN draft-room order was not separately observable from the public API capture.,87553ad3de972891b25e52c0d99689792e32e259181222351d6c57661a1e8dd2,espn_2026_candidate_20260831T214508Z_6e169d4c54c0
2026,2026-08-31T21:45:08Z,2026-08-31T16:45:08-05:00,candidate,espn-fantasy-api-kona-player-info-2026-ppr,https://lm-api-reads.fantasy.espn.com/apis/v3/games/ffl/seasons/2026/segments/0/leaguedefaults/1?view=kona_player_info,1,PPR,4596448,Bucky Irving,bucky irving,TB,RB,"[2,3,23,7,20,21]",50,,56.88,,"{""draftRanksByRankType.PPR"":{""auctionValue"":13,""published"":false,""rank"":50,""rankSourceId"":0,""rankType"":""PPR"",""slotId"":0},""ownership"":{""activityLevel"":null,""auctionValueAverage"":14.72,""auctionValueAverageChange"":-0.36,""averageDraftPosition"":56.88,""averageDraftPositionPercentChange"":-0.49,""date"":1788211818727,""leagueType"":0,""percentChange"":0.34,""percentOwned"":96.02,""percentStarted"":70.27}}",6.88,49,draft-command:49,exact stable-ID match,1.0,,Live ESPN draft-room order was not separately observable from the public API capture.,2197edcc62688324c208bf9af5a6207f7fa9ec08213e0ca22bafc83516df091e,espn_2026_candidate_20260831T214508Z_6e169d4c54c0
2026,2026-08-31T21:45:08Z,2026-08-31T16:45:08-05:00,candidate,espn-fantasy-api-kona-player-info-2026-ppr,https://lm-api-reads.fantasy.espn.com/apis/v3/games/ffl/seasons/2026/segments/0/leaguedefaults/1?view=kona_player_info,1,PPR,4035538,David Montgomery,david montgomery,HOU,RB,"[2,3,23,7,20,21]",51,,63.7,,"{""draftRanksByRankType.PPR"":{""auctionValue"":13,""published"":false,""rank"":51,""rankSourceId"":0,""rankType"":""PPR"",""slotId"":0},""ownership"":{""activityLevel"":null,""auctionValueAverage"":11.62,""auctionValueAverageChange"":0.4,""averageDraftPosition"":63.7,""averageDraftPositionPercentChange"":2.36,""date"":1788211816422,""leagueType"":0,""percentChange"":0.8,""percentOwned"":93.57,""percentStarted"":54.4}}",12.7,53,draft-command:53,exact stable-ID match,1.0,,Live ESPN draft-room order was not separately observable from the public API capture.,cd99c0d141f0e365660b71dea49bb08cb38e343cd2780079b16c9f769cf59445,espn_2026_candidate_20260831T214508Z_6e169d4c54c0
2026,2026-08-31T21:45:08Z,2026-08-31T16:45:08-05:00,candidate,espn-fantasy-api-kona-player-info-2026-ppr,https://lm-api-reads.fantasy.espn.com/apis/v3/games/ffl/seasons/2026/segments/0/leaguedefaults/1?view=kona_player_info,1,PPR,3121422,Terry McLaurin,terry mclaurin,WAS,WR,"[3,4,5,23,7,20,21]",52,,60.98,,"{""draftRanksByRankType.PPR"":{""auctionValue"":12,""published"":false,""rank"":52,""rankSourceId"":0,""rankType"":""PPR"",""slotId"":0},""ownership"":{""activityLevel"":null,""auctionValueAverage"":11.81,""auctionValueAverageChange"":-0.34,""averageDraftPosition"":60.98,""averageDraftPositionPercentChange"":-0.04,""date"":1788211815907,""leagueType"":0,""percentChange"":0.4,""percentOwned"":95.51,""percentStarted"":63.39}}",8.98,51,draft-command:51,exact stable-ID match,1.0,,Live ESPN draft-room order was not separately observable from the public API capture.,46782b23e744ed076adb4c5ef74831e2f03bb63ab291d305bd7947ecc64cfab6,espn_2026_candidate_20260831T214508Z_6e169d4c54c0
2026,2026-08-31T21:45:08Z,2026-08-31T16:45:08-05:00,candidate,espn-fantasy-api-kona-player-info-2026-ppr,https://lm-api-reads.fantasy.espn.com/apis/v3/games/ffl/seasons/2026/segments/0/leaguedefaults/1?view=kona_player_info,1,PPR,3915416,DJ Moore,dj moore,BUF,WR,"[3,4,5,23,7,20,21]",53,,62.27,,"{""draftRanksByRankType.PPR"":{""auctionValue"":11,""published"":false,""rank"":53,""rankSourceId"":0,""rankType"":""PPR"",""slotId"":0},""ownership"":{""activityLevel"":null,""auctionValueAverage"":12.49,""auctionValueAverageChange"":0.17,""averageDraftPosition"":62.27,""averageDraftPositionPercentChange"":0.54,""date"":1788211816188,""leagueType"":0,""percentChange"":0.57,""percentOwned"":94.6,""percentStarted"":53.88}}",9.27,54,draft-command:54,exact stable-ID match,1.0,,Live ESPN draft-room order was not separately observable from the public API capture.,57cd0eacb285790bebaccd95f7ae78b710afc8bcb04224d9469b44b9594046cb,espn_2026_candidate_20260831T214508Z_6e169d4c54c0
2026,2026-08-31T21:45:08Z,2026-08-31T16:45:08-05:00,candidate,espn-fantasy-api-kona-player-info-2026-ppr,https://lm-api-reads.fantasy.espn.com/apis/v3/games/ffl/seasons/2026/segments/0/leaguedefaults/1?view=kona_player_info,1,PPR,4685512,Jadarian Price,jadarian price,SEA,RB,"[25,2,3,23,7,20,21]",54,,69.95,,"{""draftRanksByRankType.PPR"":{""auctionValue"":11,""published"":false,""rank"":54,""rankSourceId"":0,""rankType"":""PPR"",""slotId"":0},""ownership"":{""activityLevel"":null,""auctionValueAverage"":12.16,""auctionValueAverageChange"":0.73,""averageDraftPosition"":69.95,""averageDraftPositionPercentChange"":2.12,""date"":1788211819068,""leagueType"":0,""percentChange"":0.81,""percentOwned"":92.56,""percentStarted"":52.99}}",15.95,63,draft-command:63,exact stable-ID match,1.0,,Live ESPN draft-room order was not separately observable from the public API capture.,145f3f55fea1f7d6b52c0b79ccac610e62465a8a566a4eab78c26e44b245b2a5,espn_2026_candidate_20260831T214508Z_6e169d4c54c0
2026,2026-08-31T21:45:08Z,2026-08-31T16:45:08-05:00,candidate,espn-fantasy-api-kona-player-info-2026-ppr,https://lm-api-reads.fantasy.espn.com/apis/v3/games/ffl/seasons/2026/segments/0/leaguedefaults/1?view=kona_player_info,1,PPR,4426388,Jameson Williams,jameson williams,DET,WR,"[3,4,5,23,7,20,21]",55,,64.64,,"{""draftRanksByRankType.PPR"":{""auctionValue"":10,""published"":false,""rank"":55,""rankSourceId"":0,""rankType"":""PPR"",""slotId"":0},""ownership"":{""activityLevel"":null,""auctionValueAverage"":10.55,""auctionValueAverageChange"":0.06,""averageDraftPosition"":64.64,""averageDraftPositionPercentChange"":1.05,""date"":1788211817819,""leagueType"":0,""percentChange"":0.49,""percentOwned"":94.83,""percentStarted"":55.12}}",9.64,55,draft-command:55,exact stable-ID match,1.0,,Live ESPN draft-room order was not separately observable from the public API capture.,f73394400b32b5c437ec674af2394e6e3f29b782e986916ac654c9c2d2e92ad1,espn_2026_candidate_20260831T214508Z_6e169d4c54c0
2026,2026-08-31T21:45:08Z,2026-08-31T16:45:08-05:00,candidate,espn-fantasy-api-kona-player-info-2026-ppr,https://lm-api-reads.fantasy.espn.com/apis/v3/games/ffl/seasons/2026/segments/0/leaguedefaults/1?view=kona_player_info,1,PPR,4431459,Tyler Warren,tyler warren,IND,TE,"[5,6,23,7,20,21]",56,,51.93,,"{""draftRanksByRankType.PPR"":{""auctionValue"":10,""published"":false,""rank"":56,""rankSourceId"":0,""rankType"":""PPR"",""slotId"":0},""ownership"":{""activityLevel"":null,""auctionValueAverage"":12.51,""auctionValueAverageChange"":-0.02,""averageDraftPosition"":51.93,""averageDraftPositionPercentChange"":-0.34,""date"":1788211818280,""leagueType"":0,""percentChange"":0.07,""percentOwned"":99.02,""percentStarted"":93.8}}",-4.07,50,draft-command:50,exact stable-ID match,1.0,,Live ESPN draft-room order was not separately observable from the public API capture.,41e97420f5313209fe14d1ea2fb8edd4ff82b23553ef2ed3c382faea84802b95,espn_2026_candidate_20260831T214508Z_6e169d4c54c0
2026,2026-08-31T21:45:08Z,2026-08-31T16:45:08-05:00,candidate,espn-fantasy-api-kona-player-info-2026-ppr,https://lm-api-reads.fantasy.espn.com/apis/v3/games/ffl/seasons/2026/segments/0/leaguedefaults/1?view=kona_player_info,1,PPR,4431299,Rome Odunze,rome odunze,CHI,WR,"[3,4,5,23,7,20,21]",58,,64.78,,"{""draftRanksByRankType.PPR"":{""auctionValue"":10,""published"":false,""rank"":58,""rankSourceId"":0,""rankType"":""PPR"",""slotId"":0},""ownership"":{""activityLevel"":null,""auctionValueAverage"":10.82,""auctionValueAverageChange"":-0.15,""averageDraftPosition"":64.78,""averageDraftPositionPercentChange"":0.18,""date"":1788211818257,""leagueType"":0,""percentChange"":0.54,""percentOwned"":94.34,""percentStarted"":56.04}}",6.78,58,draft-command:58,exact stable-ID match,1.0,,Live ESPN draft-room order was not separately observable from the public API capture.,9873a7813142a77f412a7505504f48fe364820f25926ea68d795e28356468db9,espn_2026_candidate_20260831T214508Z_6e169d4c54c0
2026,2026-08-31T21:45:08Z,2026-08-31T16:45:08-05:00,candidate,espn-fantasy-api-kona-player-info-2026-ppr,https://lm-api-reads.fantasy.espn.com/apis/v3/games/ffl/seasons/2026/segments/0/leaguedefaults/1?view=kona_player_info,1,PPR,4426348,Jayden Daniels,jayden daniels,WAS,QB,"[0,7,20,21]",60,,52.59,,"{""draftRanksByRankType.PPR"":{""auctionValue"":10,""published"":false,""rank"":60,""rankSourceId"":0,""rankType"":""PPR"",""slotId"":0},""ownership"":{""activityLevel"":null,""auctionValueAverage"":14.87,""auctionValueAverageChange"":0.35,""averageDraftPosition"":52.59,""averageDraftPositionPercentChange"":-0.48,""date"":1788211817794,""leagueType"":0,""percentChange"":0.1,""percentOwned"":98.9,""percentStarted"":82.52}}",-7.41,60,draft-command:60,exact stable-ID match,1.0,,Live ESPN draft-room order was not separately observable from the public API capture.,bb3aff69f3213f6d7dc3c5684ad16e562d476c531a16930adce79a74fc055b2a,espn_2026_candidate_20260831T214508Z_6e169d4c54c0
2026,2026-08-31T21:45:08Z,2026-08-31T16:45:08-05:00,candidate,espn-fantasy-api-kona-player-info-2026-ppr,https://lm-api-reads.fantasy.espn.com/apis/v3/games/ffl/seasons/2026/segments/0/leaguedefaults/1?view=kona_player_info,1,PPR,4431452,Drake Maye,drake maye,NE,QB,"[0,7,20,21]",62,,47.43,,"{""draftRanksByRankType.PPR"":{""auctionValue"":9,""published"":false,""rank"":62,""rankSourceId"":0,""rankType"":""PPR"",""slotId"":0},""ownership"":{""activityLevel"":null,""auctionValueAverage"":16.02,""auctionValueAverageChange"":0.42,""averageDraftPosition"":47.43,""averageDraftPositionPercentChange"":0.01,""date"":1788211818276,""leagueType"":0,""percentChange"":0.08,""percentOwned"":99.29,""percentStarted"":80.43}}",-14.57,56,draft-command:56,exact stable-ID match,1.0,,Live ESPN draft-room order was not separately observable from the public API capture.,824d56e3b1954aa64a2ecc2be0292b78fa09ac9dc7f4be162d2feb7d3511d34c,espn_2026_candidate_20260831T214508Z_6e169d4c54c0
2026,2026-08-31T21:45:08Z,2026-08-31T16:45:08-05:00,candidate,espn-fantasy-api-kona-player-info-2026-ppr,https://lm-api-reads.fantasy.espn.com/apis/v3/games/ffl/seasons/2026/segments/0/leaguedefaults/1?view=kona_player_info,1,PPR,4432710,TreVeyon Henderson,treveyon henderson,NE,RB,"[2,3,23,7,20,21]",64,,79.65,,"{""draftRanksByRankType.PPR"":{""auctionValue"":9,""published"":false,""rank"":64,""rankSourceId"":0,""rankType"":""PPR"",""slotId"":0},""ownership"":{""activityLevel"":null,""auctionValueAverage"":7.28,""auctionValueAverageChange"":-0.06,""averageDraftPosition"":79.65,""averageDraftPositionPercentChange"":-0.11,""date"":1788211818368,""leagueType"":0,""percentChange"":0.49,""percentOwned"":91.9,""percentStarted"":34.15}}",15.65,61,draft-command:61,exact stable-ID match,1.0,,Live ESPN draft-room order was not separately observable from the public API capture.,743b9a8b0a3f6e7741db05f784d997bb164dbb246bddcb546cd4ac9611ba364f,espn_2026_candidate_20260831T214508Z_6e169d4c54c0
2026,2026-08-31T21:45:08Z,2026-08-31T16:45:08-05:00,candidate,espn-fantasy-api-kona-player-info-2026-ppr,https://lm-api-reads.fantasy.espn.com/apis/v3/games/ffl/seasons/2026/segments/0/leaguedefaults/1?view=kona_player_info,1,PPR,4685278,Luther Burden III,luther burden,CHI,WR,"[3,4,5,23,7,20,21]",66,,76.14,,"{""draftRanksByRankType.PPR"":{""auctionValue"":9,""published"":false,""rank"":66,""rankSourceId"":0,""rankType"":""PPR"",""slotId"":0},""ownership"":{""activityLevel"":null,""auctionValueAverage"":8.67,""auctionValueAverageChange"":0.08,""averageDraftPosition"":76.14,""averageDraftPositionPercentChange"":0.55,""date"":1788211819018,""leagueType"":0,""percentChange"":0.58,""percentOwned"":92.04,""percentStarted"":35.53}}",10.14,52,draft-command:52,exact stable-ID match,1.0,,Live ESPN draft-room order was not separately observable from the public API capture.,124f209b82a173e4a288ed18645968e0d89e9ab29143f66de86a5bde35970c7c,espn_2026_candidate_20260831T214508Z_6e169d4c54c0
2026,2026-08-31T21:45:08Z,2026-08-31T16:45:08-05:00,candidate,espn-fantasy-api-kona-player-info-2026-ppr,https://lm-api-reads.fantasy.espn.com/apis/v3/games/ffl/seasons/2026/segments/0/leaguedefaults/1?view=kona_player_info,1,PPR,4871023,Carnell Tate,carnell tate,TEN,WR,"[25,3,4,5,23,7,20,21]",67,,76.89,,"{""draftRanksByRankType.PPR"":{""auctionValue"":8,""published"":false,""rank"":67,""rankSourceId"":0,""rankType"":""PPR"",""slotId"":0},""ownership"":{""activityLevel"":null,""auctionValueAverage"":7.04,""auctionValueAverageChange"":-0.06,""averageDraftPosition"":76.89,""averageDraftPositionPercentChange"":0.53,""date"":1788211819416,""leagueType"":0,""percentChange"":0.5,""percentOwned"":92.87,""percentStarted"":39.04}}",9.89,66,draft-command:66,exact stable-ID match,1.0,,Live ESPN draft-room order was not separately observable from the public API capture.,aea9e2ad4e5392d37a112191089d6cc58ee25c27ca5d60fd626cfb106a71951b,espn_2026_candidate_20260831T214508Z_6e169d4c54c0
2026,2026-08-31T21:45:08Z,2026-08-31T16:45:08-05:00,candidate,espn-fantasy-api-kona-player-info-2026-ppr,https://lm-api-reads.fantasy.espn.com/apis/v3/games/ffl/seasons/2026/segments/0/leaguedefaults/1?view=kona_player_info,1,PPR,16737,Mike Evans,mike evans,SF,WR,"[3,4,5,23,7,20,21]",68,,86.54,,"{""draftRanksByRankType.PPR"":{""auctionValue"":8,""published"":false,""rank"":68,""rankSourceId"":0,""rankType"":""PPR"",""slotId"":0},""ownership"":{""activityLevel"":null,""auctionValueAverage"":5.97,""auctionValueAverageChange"":0.27,""averageDraftPosition"":86.54,""averageDraftPositionPercentChange"":2.45,""date"":1788211815213,""leagueType"":0,""percentChange"":0.88,""percentOwned"":89.44,""percentStarted"":22.23}}",18.54,62,draft-command:62,exact stable-ID match,1.0,,Live ESPN draft-room order was not separately observable from the public API capture.,22c1196d488ef2de2ce78ae4de047d9bb88caa99fdb42c7c447611118286f8e5,espn_2026_candidate_20260831T214508Z_6e169d4c54c0
2026,2026-08-31T21:45:08Z,2026-08-31T16:45:08-05:00,candidate,espn-fantasy-api-kona-player-info-2026-ppr,https://lm-api-reads.fantasy.espn.com/apis/v3/games/ffl/seasons/2026/segments/0/leaguedefaults/1?view=kona_player_info,1,PPR,4569173,Rhamondre Stevenson,rhamondre stevenson,NE,RB,"[2,3,23,7,20,21]",69,,80.63,,"{""draftRanksByRankType.PPR"":{""auctionValue"":8,""published"":false,""rank"":69,""rankSourceId"":0,""rankType"":""PPR"",""slotId"":0},""ownership"":{""activityLevel"":null,""auctionValueAverage"":6.43,""auctionValueAverageChange"":0.24,""averageDraftPosition"":80.63,""averageDraftPositionPercentChange"":1.29,""date"":1788211818516,""leagueType"":0,""percentChange"":1.14,""percentOwned"":89.11,""percentStarted"":26.25}}",11.63,70,draft-command:70,exact stable-ID match,1.0,,Live ESPN draft-room order was not separately observable from the public API capture.,0f32fc5b5d45120c16244ad0c5bac88f99a841de928b200f4551cd6295e1d26f,espn_2026_candidate_20260831T214508Z_6e169d4c54c0
2026,2026-08-31T21:45:08Z,2026-08-31T16:45:08-05:00,candidate,espn-fantasy-api-kona-player-info-2026-ppr,https://lm-api-reads.fantasy.espn.com/apis/v3/games/ffl/seasons/2026/segments/0/leaguedefaults/1?view=kona_player_info,1,PPR,3915511,Joe Burrow,joe burrow,CIN,QB,"[0,7,20,21]",70,,54.51,,"{""draftRanksByRankType.PPR"":{""auctionValue"":7,""published"":false,""rank"":70,""rankSourceId"":0,""rankType"":""PPR"",""slotId"":0},""ownership"":{""activityLevel"":null,""auctionValueAverage"":13.88,""auctionValueAverageChange"":0.74,""averageDraftPosition"":54.51,""averageDraftPositionPercentChange"":1.27,""date"":1788211816194,""leagueType"":0,""percentChange"":0.35,""percentOwned"":97.56,""percentStarted"":86.36}}",-15.49,59,draft-command:59,exact stable-ID match,1.0,,Live ESPN draft-room order was not separately observable from the public API capture.,2f08ac5119b5fdca1c1392808edfbc3525d0c14857cc003f138d2061a03438cd,espn_2026_candidate_20260831T214508Z_6e169d4c54c0
2026,2026-08-31T21:45:08Z,2026-08-31T16:45:08-05:00,candidate,espn-fantasy-api-kona-player-info-2026-ppr,https://lm-api-reads.fantasy.espn.com/apis/v3/games/ffl/seasons/2026/segments/0/leaguedefaults/1?view=kona_player_info,1,PPR,4432708,Marvin Harrison Jr.,marvin harrison,ARI,WR,"[3,4,5,23,7,20,21]",72,,79.84,,"{""draftRanksByRankType.PPR"":{""auctionValue"":7,""published"":false,""rank"":72,""rankSourceId"":0,""rankType"":""PPR"",""slotId"":0},""ownership"":{""activityLevel"":null,""auctionValueAverage"":6.88,""auctionValueAverageChange"":0.26,""averageDraftPosition"":79.84,""averageDraftPositionPercentChange"":1.9,""date"":1788211818366,""leagueType"":0,""percentChange"":0.87,""percentOwned"":90.86,""percentStarted"":28.84}}",7.84,67,draft-command:67,exact stable-ID match,1.0,,Live ESPN draft-room order was not separately observable from the public API capture.,2d9558059faafd3c89d476ae4dd11e0ce4ae0d46df15f11320d874068cc90a28,espn_2026_candidate_20260831T214508Z_6e169d4c54c0
2026,2026-08-31T21:45:08Z,2026-08-31T16:45:08-05:00,candidate,espn-fantasy-api-kona-player-info-2026-ppr,https://lm-api-reads.fantasy.espn.com/apis/v3/games/ffl/seasons/2026/segments/0/leaguedefaults/1?view=kona_player_info,1,PPR,4035687,Michael Pittman Jr.,michael pittman,PIT,WR,"[3,4,5,23,7,20,21]",73,,90.15,,"{""draftRanksByRankType.PPR"":{""auctionValue"":7,""published"":false,""rank"":73,""rankSourceId"":0,""rankType"":""PPR"",""slotId"":0},""ownership"":{""activityLevel"":null,""auctionValueAverage"":4.34,""auctionValueAverageChange"":-0.01,""averageDraftPosition"":90.15,""averageDraftPositionPercentChange"":0.4,""date"":1788211816534,""leagueType"":0,""percentChange"":0.67,""percentOwned"":89.39,""percentStarted"":23.34}}",17.15,86,draft-command:86,exact stable-ID match,1.0,,Live ESPN draft-room order was not separately observable from the public API capture.,9137ff9cd540f415c4bb6866f13a7570f02db5a795ef46457df1b78ac307d991,espn_2026_candidate_20260831T214508Z_6e169d4c54c0
2026,2026-08-31T21:45:08Z,2026-08-31T16:45:08-05:00,candidate,espn-fantasy-api-kona-player-info-2026-ppr,https://lm-api-reads.fantasy.espn.com/apis/v3/games/ffl/seasons/2026/segments/0/leaguedefaults/1?view=kona_player_info,1,PPR,3916148,Tony Pollard,tony pollard,TEN,RB,"[2,3,23,7,20,21]",74,,92.4,,"{""draftRanksByRankType.PPR"":{""auctionValue"":7,""published"":false,""rank"":74,""rankSourceId"":0,""rankType"":""PPR"",""slotId"":0},""ownership"":{""activityLevel"":null,""auctionValueAverage"":4.72,""auctionValueAverageChange"":0.4,""averageDraftPosition"":92.4,""averageDraftPositionPercentChange"":4.36,""date"":1788211816211,""leagueType"":0,""percentChange"":1.03,""percentOwned"":88.05,""percentStarted"":24.33}}",18.4,77,draft-command:77,exact stable-ID match,1.0,,Live ESPN draft-room order was not separately observable from the public API capture.,d212d9ee7333c327ecbc70009a6c33fd57e80444b92223afd49cc93b76eea035,espn_2026_candidate_20260831T214508Z_6e169d4c54c0
2026,2026-08-31T21:45:08Z,2026-08-31T16:45:08-05:00,candidate,espn-fantasy-api-kona-player-info-2026-ppr,https://lm-api-reads.fantasy.espn.com/apis/v3/games/ffl/seasons/2026/segments/0/leaguedefaults/1?view=kona_player_info,1,PPR,4047650,DK Metcalf,dk metcalf,PIT,WR,"[3,4,5,23,7,20,21]",75,,85.6,,"{""draftRanksByRankType.PPR"":{""auctionValue"":6,""published"":false,""rank"":75,""rankSourceId"":0,""rankType"":""PPR"",""slotId"":0},""ownership"":{""activityLevel"":null,""auctionValueAverage"":5.4,""auctionValueAverageChange"":0.02,""averageDraftPosition"":85.6,""averageDraftPositionPercentChange"":0.43,""date"":1788211816761,""leagueType"":0,""percentChange"":0.65,""percentOwned"":91.17,""percentStarted"":29.62}}",10.6,73,draft-command:73,exact stable-ID match,1.0,,Live ESPN draft-room order was not separately observable from the public API capture.,7092dcc609ace0b3da1cd950a549816c89b6f74f4eb2eec165e8b67fbe8cdd34,espn_2026_candidate_20260831T214508Z_6e169d4c54c0
2026,2026-08-31T21:45:08Z,2026-08-31T16:45:08-05:00,candidate,espn-fantasy-api-kona-player-info-2026-ppr,https://lm-api-reads.fantasy.espn.com/apis/v3/games/ffl/seasons/2026/segments/0/leaguedefaults/1?view=kona_player_info,1,PPR,4040715,Jalen Hurts,jalen hurts,PHI,QB,"[0,7,20,21]",76,,53.91,,"{""draftRanksByRankType.PPR"":{""auctionValue"":6,""published"":false,""rank"":76,""rankSourceId"":0,""rankType"":""PPR"",""slotId"":0},""ownership"":{""activityLevel"":null,""auctionValueAverage"":13.4,""auctionValueAverageChange"":0.18,""averageDraftPosition"":53.91,""averageDraftPositionPercentChange"":-0.74,""date"":1788211816687,""leagueType"":0,""percentChange"":0.21,""percentOwned"":98.19,""percentStarted"":91.26}}",-22.09,64,draft-command:64,exact stable-ID match,1.0,,Live ESPN draft-room order was not separately observable from the public API capture.,1dbf24801df9314b7de6069af09add43fb6cbfe7a81c651d6f7df37d1e873c21,espn_2026_candidate_20260831T214508Z_6e169d4c54c0
2026,2026-08-31T21:45:08Z,2026-08-31T16:45:08-05:00,candidate,espn-fantasy-api-kona-player-info-2026-ppr,https://lm-api-reads.fantasy.espn.com/apis/v3/games/ffl/seasons/2026/segments/0/leaguedefaults/1?view=kona_player_info,1,PPR,5083076,Harold Fannin Jr.,harold fannin,CLE,TE,"[5,6,23,7,20,21]",77,,71.35,,"{""draftRanksByRankType.PPR"":{""auctionValue"":6,""published"":false,""rank"":77,""rankSourceId"":0,""rankType"":""PPR"",""slotId"":0},""ownership"":{""activityLevel"":null,""auctionValueAverage"":5.54,""auctionValueAverageChange"":0.09,""averageDraftPosition"":71.35,""averageDraftPositionPercentChange"":1.33,""date"":1788211819539,""leagueType"":0,""percentChange"":0.61,""percentOwned"":94.56,""percentStarted"":82.57}}",-5.65,71,draft-command:71,exact stable-ID match,1.0,,Live ESPN draft-room order was not separately observable from the public API capture.,2e8c7c8dc7cfe8776827cef705e6e9c7015bd8f6f52bda4eecb8be8d3a4c6948,espn_2026_candidate_20260831T214508Z_6e169d4c54c0
2026,2026-08-31T21:45:08Z,2026-08-31T16:45:08-05:00,candidate,espn-fantasy-api-kona-player-info-2026-ppr,https://lm-api-reads.fantasy.espn.com/apis/v3/games/ffl/seasons/2026/segments/0/leaguedefaults/1?view=kona_player_info,1,PPR,3128429,Courtland Sutton,courtland sutton,DEN,WR,"[3,4,5,23,7,20,21]",78,,81.23,,"{""draftRanksByRankType.PPR"":{""auctionValue"":6,""published"":false,""rank"":78,""rankSourceId"":0,""rankType"":""PPR"",""slotId"":0},""ownership"":{""activityLevel"":null,""auctionValueAverage"":5.66,""auctionValueAverageChange"":-0.01,""averageDraftPosition"":81.23,""averageDraftPositionPercentChange"":-0.08,""date"":1788211816006,""leagueType"":0,""percentChange"":0.73,""percentOwned"":91.48,""percentStarted"":33.65}}",3.23,81,draft-command:81,exact stable-ID match,1.0,,Live ESPN draft-room order was not separately observable from the public API capture.,d9fbdeb1a60ec3fd608b9d4e7393665a4b95bf318ea865dd3e4a9c8aa28570d5,espn_2026_candidate_20260831T214508Z_6e169d4c54c0
2026,2026-08-31T21:45:08Z,2026-08-31T16:45:08-05:00,candidate,espn-fantasy-api-kona-player-info-2026-ppr,https://lm-api-reads.fantasy.espn.com/apis/v3/games/ffl/seasons/2026/segments/0/leaguedefaults/1?view=kona_player_info,1,PPR,4360248,Kyle Pitts Sr.,kyle pitts,ATL,TE,"[5,6,23,7,20,21]",79,,67.8,,"{""draftRanksByRankType.PPR"":{""auctionValue"":6,""published"":false,""rank"":79,""rankSourceId"":0,""rankType"":""PPR"",""slotId"":0},""ownership"":{""activityLevel"":null,""auctionValueAverage"":6.55,""auctionValueAverageChange"":0.0,""averageDraftPosition"":67.8,""averageDraftPositionPercentChange"":-0.72,""date"":1788211817292,""leagueType"":0,""percentChange"":0.32,""percentOwned"":96.38,""percentStarted"":83.92}}",-11.2,74,draft-command:74,exact stable-ID match,1.0,,Live ESPN draft-room order was not separately observable from the public API capture.,4cd3e47ca81da7196cbb19df37bd85db5975b70ae6d2cbb60e422d9f8e07f261,espn_2026_candidate_20260831T214508Z_6e169d4c54c0
2026,2026-08-31T21:45:08Z,2026-08-31T16:45:08-05:00,candidate,espn-fantasy-api-kona-player-info-2026-ppr,https://lm-api-reads.fantasy.espn.com/apis/v3/games/ffl/seasons/2026/segments/0/leaguedefaults/1?view=kona_player_info,1,PPR,2577417,Dak Prescott,dak prescott,DAL,QB,"[0,7,20,21]",80,,73.91,,"{""draftRanksByRankType.PPR"":{""auctionValue"":6,""published"":false,""rank"":80,""rankSourceId"":0,""rankType"":""PPR"",""slotId"":0},""ownership"":{""activityLevel"":null,""auctionValueAverage"":8.67,""auctionValueAverageChange"":0.55,""averageDraftPosition"":73.91,""averageDraftPositionPercentChange"":3.39,""date"":1788211815370,""leagueType"":0,""percentChange"":0.9,""percentOwned"":92.52,""percentStarted"":64.36}}",-6.09,75,draft-command:75,exact stable-ID match,1.0,,Live ESPN draft-room order was not separately observable from the public API capture.,5501652cc883d62d873462b73ba86fb228c31f8e657221f8c686c95d83764144,espn_2026_candidate_20260831T214508Z_6e169d4c54c0
2026,2026-08-31T21:45:08Z,2026-08-31T16:45:08-05:00,candidate,espn-fantasy-api-kona-player-info-2026-ppr,https://lm-api-reads.fantasy.espn.com/apis/v3/games/ffl/seasons/2026/segments/0/leaguedefaults/1?view=kona_player_info,1,PPR,4569987,Jaylen Warren,jaylen warren,PIT,RB,"[2,3,23,7,20,21]",81,,90.18,,"{""draftRanksByRankType.PPR"":{""auctionValue"":5,""published"":false,""rank"":81,""rankSourceId"":0,""rankType"":""PPR"",""slotId"":0},""ownership"":{""activityLevel"":null,""auctionValueAverage"":4.4,""auctionValueAverageChange"":0.3,""averageDraftPosition"":90.18,""averageDraftPositionPercentChange"":2.53,""date"":1788211818563,""leagueType"":0,""percentChange"":1.03,""percentOwned"":88.71,""percentStarted"":31.16}}",9.18,72,draft-command:72,exact stable-ID match,1.0,,Live ESPN draft-room order was not separately observable from the public API capture.,8abd13f88a79dc524d384c806fb7b7255c2636441c82c9d8b28562154ab97ca6,espn_2026_candidate_20260831T214508Z_6e169d4c54c0
2026,2026-08-31T21:45:08Z,2026-08-31T16:45:08-05:00,candidate,espn-fantasy-api-kona-player-info-2026-ppr,https://lm-api-reads.fantasy.espn.com/apis/v3/games/ffl/seasons/2026/segments/0/leaguedefaults/1?view=kona_player_info,1,PPR,4248528,Christian Watson,christian watson,GB,WR,"[3,4,5,23,7,20,21]",85,,90.73,,"{""draftRanksByRankType.PPR"":{""auctionValue"":5,""published"":false,""rank"":85,""rankSourceId"":0,""rankType"":""PPR"",""slotId"":0},""ownership"":{""activityLevel"":null,""auctionValueAverage"":5.46,""auctionValueAverageChange"":0.37,""averageDraftPosition"":90.73,""averageDraftPositionPercentChange"":1.73,""date"":1788211817120,""leagueType"":0,""percentChange"":0.98,""percentOwned"":88.13,""percentStarted"":19.04}}",5.73,65,draft-command:65,exact stable-ID match,1.0,,Live ESPN draft-room order was not separately observable from the public API capture.,1d4570ba4a2601353e8848f02c4ee311968a241d0ab174fa2d3b3f5868562840,espn_2026_candidate_20260831T214508Z_6e169d4c54c0
2026,2026-08-31T21:45:08Z,2026-08-31T16:45:08-05:00,candidate,espn-fantasy-api-kona-player-info-2026-ppr,https://lm-api-reads.fantasy.espn.com/apis/v3/games/ffl/seasons/2026/segments/0/leaguedefaults/1?view=kona_player_info,1,PPR,4432620,Parker Washington,parker washington,JAX,WR,"[3,4,5,23,7,20,21]",87,,90.79,,"{""draftRanksByRankType.PPR"":{""auctionValue"":5,""published"":false,""rank"":87,""rankSourceId"":0,""rankType"":""PPR"",""slotId"":0},""ownership"":{""activityLevel"":null,""auctionValueAverage"":5.75,""auctionValueAverageChange"":0.29,""averageDraftPosition"":90.79,""averageDraftPositionPercentChange"":1.32,""date"":1788211818352,""leagueType"":0,""percentChange"":1.04,""percentOwned"":87.5,""percentStarted"":16.75}}",3.79,69,draft-command:69,exact stable-ID match,1.0,,Live ESPN draft-room order was not separately observable from the public API capture.,3cc2f3fe998be2e3de9afc5cea6b059c214e189a88ed63d0a0775cb61037336c,espn_2026_candidate_20260831T214508Z_6e169d4c54c0
2026,2026-08-31T21:45:08Z,2026-08-31T16:45:08-05:00,candidate,espn-fantasy-api-kona-player-info-2026-ppr,https://lm-api-reads.fantasy.espn.com/apis/v3/games/ffl/seasons/2026/segments/0/leaguedefaults/1?view=kona_player_info,1,PPR,4371733,Kenny Gainwell,kenny gainwell,TB,RB,"[2,3,23,7,20,21]",88,,104.24,,"{""draftRanksByRankType.PPR"":{""auctionValue"":5,""published"":false,""rank"":88,""rankSourceId"":0,""rankType"":""PPR"",""slotId"":0},""ownership"":{""activityLevel"":null,""auctionValueAverage"":2.67,""auctionValueAverageChange"":0.21,""averageDraftPosition"":104.24,""averageDraftPositionPercentChange"":4.05,""date"":1788211817642,""leagueType"":0,""percentChange"":1.29,""percentOwned"":83.78,""percentStarted"":11.66}}",16.24,98,draft-command:98,exact stable-ID match,1.0,,Live ESPN draft-room order was not separately observable from the public API capture.,ba756f29e6ac8e83bb09004546575d996d4f7cae70e3873d17ed8f0c2bc7e285,espn_2026_candidate_20260831T214508Z_6e169d4c54c0
2026,2026-08-31T21:45:08Z,2026-08-31T16:45:08-05:00,candidate,espn-fantasy-api-kona-player-info-2026-ppr,https://lm-api-reads.fantasy.espn.com/apis/v3/games/ffl/seasons/2026/segments/0/leaguedefaults/1?view=kona_player_info,1,PPR,3040151,George Kittle,george kittle,SF,TE,"[5,6,23,7,20,21]",89,,78.09,,"{""draftRanksByRankType.PPR"":{""auctionValue"":4,""published"":false,""rank"":89,""rankSourceId"":0,""rankType"":""PPR"",""slotId"":0},""ownership"":{""activityLevel"":null,""auctionValueAverage"":4.98,""auctionValueAverageChange"":0.39,""averageDraftPosition"":78.09,""averageDraftPositionPercentChange"":4.0,""date"":1788208212666,""leagueType"":0,""percentChange"":1.21,""percentOwned"":92.02,""percentStarted"":37.03}}",-10.91,85,draft-command:85,exact stable-ID match,1.0,,Live ESPN draft-room order was not separately observable from the public API capture.,a7098fdff8a423f4e57a65dd357c2e871b0a6d8e3751188d6718663bd3db2463,espn_2026_candidate_20260831T214508Z_6e169d4c54c0
2026,2026-08-31T21:45:08Z,2026-08-31T16:45:08-05:00,candidate,espn-fantasy-api-kona-player-info-2026-ppr,https://lm-api-reads.fantasy.espn.com/apis/v3/games/ffl/seasons/2026/segments/0/leaguedefaults/1?view=kona_player_info,1,PPR,4429023,MarShawn Lloyd,marshawn lloyd,GB,RB,"[2,3,23,7,20,21]",90,,140.43,,"{""draftRanksByRankType.PPR"":{""auctionValue"":4,""published"":false,""rank"":90,""rankSourceId"":0,""rankType"":""PPR"",""slotId"":0},""ownership"":{""activityLevel"":null,""auctionValueAverage"":2.04,""auctionValueAverageChange"":1.2,""averageDraftPosition"":140.43,""averageDraftPositionPercentChange"":22.82,""date"":1788211818062,""leagueType"":0,""percentChange"":19.47,""percentOwned"":58.87,""percentStarted"":11.67}}",50.43,151,draft-command:151,exact stable-ID match,1.0,,Live ESPN draft-room order was not separately observable from the public API capture.,e6781e8cdd9537554e0fc1c75c7814e23a6db1639fc892d668f9a93f1683cb10,espn_2026_candidate_20260831T214508Z_6e169d4c54c0
2026,2026-08-31T21:45:08Z,2026-08-31T16:45:08-05:00,candidate,espn-fantasy-api-kona-player-info-2026-ppr,https://lm-api-reads.fantasy.espn.com/apis/v3/games/ffl/seasons/2026/segments/0/leaguedefaults/1?view=kona_player_info,1,PPR,4569587,Wan'Dale Robinson,wan dale robinson,TEN,WR,"[3,4,5,23,7,20,21]",91,,115.52,,"{""draftRanksByRankType.PPR"":{""auctionValue"":4,""published"":false,""rank"":91,""rankSourceId"":0,""rankType"":""PPR"",""slotId"":0},""ownership"":{""activityLevel"":null,""auctionValueAverage"":2.09,""auctionValueAverageChange"":0.04,""averageDraftPosition"":115.52,""averageDraftPositionPercentChange"":-0.57,""date"":1788211818534,""leagueType"":0,""percentChange"":0.49,""percentOwned"":81.32,""percentStarted"":6.28}}",24.52,103,draft-command:103,exact stable-ID match,1.0,,Live ESPN draft-room order was not separately observable from the public API capture.,f5d499dd208fc9a0e9c697781769ede3118e448ca439ccb13b11a1a3e20f3efb,espn_2026_candidate_20260831T214508Z_6e169d4c54c0
2026,2026-08-31T21:45:08Z,2026-08-31T16:45:08-05:00,candidate,espn-fantasy-api-kona-player-info-2026-ppr,https://lm-api-reads.fantasy.espn.com/apis/v3/games/ffl/seasons/2026/segments/0/leaguedefaults/1?view=kona_player_info,1,PPR,4430027,Sam LaPorta,sam laporta,DET,TE,"[5,6,23,7,20,21]",92,,72.7,,"{""draftRanksByRankType.PPR"":{""auctionValue"":4,""published"":false,""rank"":92,""rankSourceId"":0,""rankType"":""PPR"",""slotId"":0},""ownership"":{""activityLevel"":null,""auctionValueAverage"":6.01,""auctionValueAverageChange"":0.03,""averageDraftPosition"":72.7,""averageDraftPositionPercentChange"":-0.22,""date"":1788211818167,""leagueType"":0,""percentChange"":0.36,""percentOwned"":95.47,""percentStarted"":79.96}}",-19.3,68,draft-command:68,exact stable-ID match,1.0,,Live ESPN draft-room order was not separately observable from the public API capture.,7b2267b0020a40e11d278fd1dac3ad1122dbf87eeddacfdfc7a0806006b45b7e,espn_2026_candidate_20260831T214508Z_6e169d4c54c0
2026,2026-08-31T21:45:08Z,2026-08-31T16:45:08-05:00,candidate,espn-fantasy-api-kona-player-info-2026-ppr,https://lm-api-reads.fantasy.espn.com/apis/v3/games/ffl/seasons/2026/segments/0/leaguedefaults/1?view=kona_player_info,1,PPR,4047365,Josh Jacobs,josh jacobs,GB,RB,"[2,3,23,7,20,21]",93,,52.85,,"{""draftRanksByRankType.PPR"":{""auctionValue"":4,""published"":false,""rank"":93,""rankSourceId"":0,""rankType"":""PPR"",""slotId"":0},""ownership"":{""activityLevel"":null,""auctionValueAverage"":20.87,""auctionValueAverageChange"":-2.85,""averageDraftPosition"":52.85,""averageDraftPositionPercentChange"":-12.98,""date"":1788211816749,""leagueType"":0,""percentChange"":-1.61,""percentOwned"":96.3,""percentStarted"":46.99}}",-40.15,34,draft-command:34,exact stable-ID match,1.0,,Live ESPN draft-room order was not separately observable from the public API capture.,79323f2059f9422e63b168a5855a9e72b475764c9055e6373cbaaeb340e0d717,espn_2026_candidate_20260831T214508Z_6e169d4c54c0
2026,2026-08-31T21:45:08Z,2026-08-31T16:45:08-05:00,candidate,espn-fantasy-api-kona-player-info-2026-ppr,https://lm-api-reads.fantasy.espn.com/apis/v3/games/ffl/seasons/2026/segments/0/leaguedefaults/1?view=kona_player_info,1,PPR,4038815,Rico Dowdle,rico dowdle,PIT,RB,"[2,3,23,7,20,21]",95,,96.53,,"{""draftRanksByRankType.PPR"":{""auctionValue"":4,""published"":false,""rank"":95,""rankSourceId"":0,""rankType"":""PPR"",""slotId"":0},""ownership"":{""activityLevel"":null,""auctionValueAverage"":3.89,""auctionValueAverageChange"":0.18,""averageDraftPosition"":96.53,""averageDraftPositionPercentChange"":2.2,""date"":1788211816620,""leagueType"":0,""percentChange"":1.02,""percentOwned"":87.66,""percentStarted"":25.14}}",1.53,82,draft-command:82,exact stable-ID match,1.0,,Live ESPN draft-room order was not separately observable from the public API capture.,c7f1033807adbcb10fa754c6f0e6247f4718a8720e4f1742263a2d6fee53d7ab,espn_2026_candidate_20260831T214508Z_6e169d4c54c0
2026,2026-08-31T21:45:08Z,2026-08-31T16:45:08-05:00,candidate,espn-fantasy-api-kona-player-info-2026-ppr,https://lm-api-reads.fantasy.espn.com/apis/v3/games/ffl/seasons/2026/segments/0/leaguedefaults/1?view=kona_player_info,1,PPR,4360761,Michael Wilson,michael wilson,ARI,WR,"[3,4,5,23,7,20,21]",97,,101.93,,"{""draftRanksByRankType.PPR"":{""auctionValue"":4,""published"":false,""rank"":97,""rankSourceId"":0,""rankType"":""PPR"",""slotId"":0},""ownership"":{""activityLevel"":null,""auctionValueAverage"":3.01,""auctionValueAverageChange"":0.02,""averageDraftPosition"":101.93,""averageDraftPositionPercentChange"":0.61,""date"":1788211817367,""leagueType"":0,""percentChange"":0.87,""percentOwned"":85.54,""percentStarted"":10.86}}",4.93,83,draft-command:83,exact stable-ID match,1.0,,Live ESPN draft-room order was not separately observable from the public API capture.,98609ac091db3fe77aed1723cdc285ff98545cab12f411981252a2c8f755b91c,espn_2026_candidate_20260831T214508Z_6e169d4c54c0
2026,2026-08-31T21:45:08Z,2026-08-31T16:45:08-05:00,candidate,espn-fantasy-api-kona-player-info-2026-ppr,https://lm-api-reads.fantasy.espn.com/apis/v3/games/ffl/seasons/2026/segments/0/leaguedefaults/1?view=kona_player_info,1,PPR,4689114,Jaxson Dart,jaxson dart,NYG,QB,"[0,7,20,21]",100,,82.23,,"{""draftRanksByRankType.PPR"":{""auctionValue"":4,""published"":false,""rank"":100,""rankSourceId"":0,""rankType"":""PPR"",""slotId"":0},""ownership"":{""activityLevel"":null,""auctionValueAverage"":7.44,""auctionValueAverageChange"":0.29,""averageDraftPosition"":82.23,""averageDraftPositionPercentChange"":-1.76,""date"":1788211819176,""leagueType"":0,""percentChange"":0.37,""percentOwned"":93.79,""percentStarted"":67.02}}",-17.77,90,draft-command:90,exact stable-ID match,1.0,,Live ESPN draft-room order was not separately observable from the public API capture.,bdff917f2126898d6cda78e7b1385945a23409e67ec96bb685c1d4caa956fc48,espn_2026_candidate_20260831T214508Z_6e169d4c54c0
2026,2026-08-31T21:45:08Z,2026-08-31T16:45:08-05:00,candidate,espn-fantasy-api-kona-player-info-2026-ppr,https://lm-api-reads.fantasy.espn.com/apis/v3/games/ffl/seasons/2026/segments/0/leaguedefaults/1?view=kona_player_info,1,PPR,4038941,Justin Herbert,justin herbert,LAC,QB,"[0,7,20,21]",102,,89.6,,"{""draftRanksByRankType.PPR"":{""auctionValue"":4,""published"":false,""rank"":102,""rankSourceId"":0,""rankType"":""PPR"",""slotId"":0},""ownership"":{""activityLevel"":null,""auctionValueAverage"":6.89,""auctionValueAverageChange"":0.6,""averageDraftPosition"":89.6,""averageDraftPositionPercentChange"":5.25,""date"":1788211816628,""leagueType"":0,""percentChange"":1.09,""percentOwned"":90.22,""percentStarted"":53.78}}",-12.4,80,draft-command:80,exact stable-ID match,1.0,,Live ESPN draft-room order was not separately observable from the public API capture.,1dc63ad66e0a5aec6e090cb540167ba119cff75d61935b866e41d669ddf02d7f,espn_2026_candidate_20260831T214508Z_6e169d4c54c0
2026,2026-08-31T21:45:08Z,2026-08-31T16:45:08-05:00,candidate,espn-fantasy-api-kona-player-info-2026-ppr,https://lm-api-reads.fantasy.espn.com/apis/v3/games/ffl/seasons/2026/segments/0/leaguedefaults/1?view=kona_player_info,1,PPR,4678008,Jonathon Brooks,jonathon brooks,CAR,RB,"[2,3,23,7,20,21]",104,,107.18,,"{""draftRanksByRankType.PPR"":{""auctionValue"":3,""published"":false,""rank"":104,""rankSourceId"":0,""rankType"":""PPR"",""slotId"":0},""ownership"":{""activityLevel"":null,""auctionValueAverage"":3.9,""auctionValueAverageChange"":0.18,""averageDraftPosition"":107.18,""averageDraftPositionPercentChange"":2.31,""date"":1788211818944,""leagueType"":0,""percentChange"":1.44,""percentOwned"":81.99,""percentStarted"":8.88}}",3.18,88,draft-command:88,exact stable-ID match,1.0,,Live ESPN draft-room order was not separately observable from the public API capture.,ba8ee3a360c64a72c2e20ec9ef0aefbc2918fa5bb31d79dfee0fe2b3168d5eae,espn_2026_candidate_20260831T214508Z_6e169d4c54c0
2026,2026-08-31T21:45:08Z,2026-08-31T16:45:08-05:00,candidate,espn-fantasy-api-kona-player-info-2026-ppr,https://lm-api-reads.fantasy.espn.com/apis/v3/games/ffl/seasons/2026/segments/0/leaguedefaults/1?view=kona_player_info,1,PPR,2976212,Stefon Diggs,stefon diggs,WAS,WR,"[3,4,5,23,7,20,21]",106,,105.87,,"{""draftRanksByRankType.PPR"":{""auctionValue"":3,""published"":false,""rank"":106,""rankSourceId"":0,""rankType"":""PPR"",""slotId"":0},""ownership"":{""activityLevel"":null,""auctionValueAverage"":2.82,""auctionValueAverageChange"":0.23,""averageDraftPosition"":105.87,""averageDraftPositionPercentChange"":6.58,""date"":1788211815521,""leagueType"":0,""percentChange"":2.44,""percentOwned"":78.96,""percentStarted"":8.54}}",-0.13,92,draft-command:92,exact stable-ID match,1.0,,Live ESPN draft-room order was not separately observable from the public API capture.,ae191b487cdc36d7d79554842807b1bc6337f9665b241a19ed066f00b38d336b,espn_2026_candidate_20260831T214508Z_6e169d4c54c0
2026,2026-08-31T21:45:08Z,2026-08-31T16:45:08-05:00,candidate,espn-fantasy-api-kona-player-info-2026-ppr,https://lm-api-reads.fantasy.espn.com/apis/v3/games/ffl/seasons/2026/segments/0/leaguedefaults/1?view=kona_player_info,1,PPR,4431611,Caleb Williams,caleb williams,CHI,QB,"[0,7,20,21]",107,,92.41,,"{""draftRanksByRankType.PPR"":{""auctionValue"":3,""published"":false,""rank"":107,""rankSourceId"":0,""rankType"":""PPR"",""slotId"":0},""ownership"":{""activityLevel"":null,""auctionValueAverage"":7.1,""auctionValueAverageChange"":0.47,""averageDraftPosition"":92.41,""averageDraftPositionPercentChange"":0.29,""date"":1788211818318,""leagueType"":0,""percentChange"":0.63,""percentOwned"":90.23,""percentStarted"":48.39}}",-14.59,79,draft-command:79,exact stable-ID match,1.0,,Live ESPN draft-room order was not separately observable from the public API capture.,d3ff61ac7a4c72cc934262ebfddbe46a1b61b45d1eea38c6d207d2ffceafd5e4,espn_2026_candidate_20260831T214508Z_6e169d4c54c0
2026,2026-08-31T21:45:08Z,2026-08-31T16:45:08-05:00,candidate,espn-fantasy-api-kona-player-info-2026-ppr,https://lm-api-reads.fantasy.espn.com/apis/v3/games/ffl/seasons/2026/segments/0/leaguedefaults/1?view=kona_player_info,1,PPR,4241416,Chuba Hubbard,chuba hubbard,CAR,RB,"[2,3,23,7,20,21]",108,,109.05,,"{""draftRanksByRankType.PPR"":{""auctionValue"":3,""published"":false,""rank"":108,""rankSourceId"":0,""rankType"":""PPR"",""slotId"":0},""ownership"":{""activityLevel"":null,""auctionValueAverage"":2.53,""auctionValueAverageChange"":0.2,""averageDraftPosition"":109.05,""averageDraftPositionPercentChange"":4.0,""date"":1788211816915,""leagueType"":0,""percentChange"":1.04,""percentOwned"":83.71,""percentStarted"":11.52}}",1.05,84,draft-command:84,exact stable-ID match,1.0,,Live ESPN draft-room order was not separately observable from the public API capture.,5c1a4faf838006fd060e6d978532e089f32d2fdb5d2c02ad072d9f7f15de98b0,espn_2026_candidate_20260831T214508Z_6e169d4c54c0
2026,2026-08-31T21:45:08Z,2026-08-31T16:45:08-05:00,candidate,espn-fantasy-api-kona-player-info-2026-ppr,https://lm-api-reads.fantasy.espn.com/apis/v3/games/ffl/seasons/2026/segments/0/leaguedefaults/1?view=kona_player_info,1,PPR,4685415,Travis Hunter,travis hunter,JAX,WR,"[3,4,5,23,7,20,21,12,14,15]",109,,118.96,,"{""draftRanksByRankType.PPR"":{""auctionValue"":3,""published"":false,""rank"":109,""rankSourceId"":0,""rankType"":""PPR"",""slotId"":0},""ownership"":{""activityLevel"":null,""auctionValueAverage"":1.73,""auctionValueAverageChange"":0.06,""averageDraftPosition"":118.96,""averageDraftPositionPercentChange"":0.53,""date"":1788211819050,""leagueType"":0,""percentChange"":0.85,""percentOwned"":74.27,""percentStarted"":6.3}}",9.96,132,draft-command:132,exact stable-ID match,1.0,,Live ESPN draft-room order was not separately observable from the public API capture.,e6c74657691ad59e6b7de8d53b149b4d184bd8e3a3ddd9ac73cbbd28736ee7dc,espn_2026_candidate_20260831T214508Z_6e169d4c54c0
2026,2026-08-31T21:45:08Z,2026-08-31T16:45:08-05:00,candidate,espn-fantasy-api-kona-player-info-2026-ppr,https://lm-api-reads.fantasy.espn.com/apis/v3/games/ffl/seasons/2026/segments/0/leaguedefaults/1?view=kona_player_info,1,PPR,3042519,Aaron Jones Sr.,aaron jones,MIN,RB,"[2,3,23,7,20,21]",110,,116.7,,"{""draftRanksByRankType.PPR"":{""auctionValue"":3,""published"":false,""rank"":110,""rankSourceId"":0,""rankType"":""PPR"",""slotId"":0},""ownership"":{""activityLevel"":null,""auctionValueAverage"":2.01,""auctionValueAverageChange"":0.14,""averageDraftPosition"":116.7,""averageDraftPositionPercentChange"":4.55,""date"":1788211815624,""leagueType"":0,""percentChange"":1.3,""percentOwned"":80.13,""percentStarted"":8.38}}",6.7,114,draft-command:114,exact stable-ID match,1.0,,Live ESPN draft-room order was not separately observable from the public API capture.,e4f61733097a9b4cf7d2824f47d796db19a73e80fefac19886f4c147d9e2f5ae,espn_2026_candidate_20260831T214508Z_6e169d4c54c0
2026,2026-08-31T21:45:08Z,2026-08-31T16:45:08-05:00,candidate,espn-fantasy-api-kona-player-info-2026-ppr,https://lm-api-reads.fantasy.espn.com/apis/v3/games/ffl/seasons/2026/segments/0/leaguedefaults/1?view=kona_player_info,1,PPR,4360078,Alec Pierce,alec pierce,IND,WR,"[3,4,5,23,7,20,21]",111,,108.09,,"{""draftRanksByRankType.PPR"":{""auctionValue"":3,""published"":false,""rank"":111,""rankSourceId"":0,""rankType"":""PPR"",""slotId"":0},""ownership"":{""activityLevel"":null,""auctionValueAverage"":3.23,""auctionValueAverageChange"":-0.11,""averageDraftPosition"":108.09,""averageDraftPositionPercentChange"":-1.75,""date"":1788211817286,""leagueType"":0,""percentChange"":0.55,""percentOwned"":85.25,""percentStarted"":8.57}}",-2.91,93,draft-command:93,exact stable-ID match,1.0,,Live ESPN draft-room order was not separately observable from the public API capture.,a12e380ba8e4c4483eabbf464785f775c6d4597fd089288661886010ec6dbd4d,espn_2026_candidate_20260831T214508Z_6e169d4c54c0
2026,2026-08-31T21:45:08Z,2026-08-31T16:45:08-05:00,candidate,espn-fantasy-api-kona-player-info-2026-ppr,https://lm-api-reads.fantasy.espn.com/apis/v3/games/ffl/seasons/2026/segments/0/leaguedefaults/1?view=kona_player_info,1,PPR,3916433,Jakobi Meyers,jakobi meyers,JAX,WR,"[3,4,5,23,7,20,21]",112,,122.25,,"{""draftRanksByRankType.PPR"":{""auctionValue"":3,""published"":false,""rank"":112,""rankSourceId"":0,""rankType"":""PPR"",""slotId"":0},""ownership"":{""activityLevel"":null,""auctionValueAverage"":1.68,""auctionValueAverageChange"":-0.06,""averageDraftPosition"":122.25,""averageDraftPositionPercentChange"":-2.53,""date"":1788211816224,""leagueType"":0,""percentChange"":0.18,""percentOwned"":79.97,""percentStarted"":5.29}}",10.25,109,draft-command:109,exact stable-ID match,1.0,,Live ESPN draft-room order was not separately observable from the public API capture.,5735249bfb13b56b2cb64138ec98c0b014e5041485c9ac4850f4f78c77c35439,espn_2026_candidate_20260831T214508Z_6e169d4c54c0
2026,2026-08-31T21:45:08Z,2026-08-31T16:45:08-05:00,candidate,espn-fantasy-api-kona-player-info-2026-ppr,https://lm-api-reads.fantasy.espn.com/apis/v3/games/ffl/seasons/2026/segments/0/leaguedefaults/1?view=kona_player_info,1,PPR,4432773,Brian Thomas Jr.,brian thomas,JAX,WR,"[3,4,5,23,7,20,21]",114,,112.73,,"{""draftRanksByRankType.PPR"":{""auctionValue"":3,""published"":false,""rank"":114,""rankSourceId"":0,""rankType"":""PPR"",""slotId"":0},""ownership"":{""activityLevel"":null,""auctionValueAverage"":2.88,""auctionValueAverageChange"":-0.12,""averageDraftPosition"":112.73,""averageDraftPositionPercentChange"":-2.93,""date"":1788211818387,""leagueType"":0,""percentChange"":0.21,""percentOwned"":83.98,""percentStarted"":8.33}}",-1.27,78,draft-command:78,exact stable-ID match,1.0,,Live ESPN draft-room order was not separately observable from the public API capture.,8953103a0756090ca974c81e7ad29543573e08a9a9e4d49395566d736b4eeb00,espn_2026_candidate_20260831T214508Z_6e169d4c54c0
2026,2026-08-31T21:45:08Z,2026-08-31T16:45:08-05:00,candidate,espn-fantasy-api-kona-player-info-2026-ppr,https://lm-api-reads.fantasy.espn.com/apis/v3/games/ffl/seasons/2026/segments/0/leaguedefaults/1?view=kona_player_info,1,PPR,4701936,Matthew Golden,matthew golden,GB,WR,"[3,4,5,23,7,20,21]",117,,111.11,,"{""draftRanksByRankType.PPR"":{""auctionValue"":3,""published"":false,""rank"":117,""rankSourceId"":0,""rankType"":""PPR"",""slotId"":0},""ownership"":{""activityLevel"":null,""auctionValueAverage"":2.57,""auctionValueAverageChange"":-0.04,""averageDraftPosition"":111.11,""averageDraftPositionPercentChange"":-2.65,""date"":1788211819266,""leagueType"":0,""percentChange"":0.57,""percentOwned"":84.61,""percentStarted"":10.21}}",-5.89,108,draft-command:108,exact stable-ID match,1.0,,Live ESPN draft-room order was not separately observable from the public API capture.,f0ee095421502a8c8ab0f1e30812bf435ef5ea2663d0c86d85c37c45c2db6c61,espn_2026_candidate_20260831T214508Z_6e169d4c54c0
2026,2026-08-31T21:45:08Z,2026-08-31T16:45:08-05:00,candidate,espn-fantasy-api-kona-player-info-2026-ppr,https://lm-api-reads.fantasy.espn.com/apis/v3/games/ffl/seasons/2026/segments/0/leaguedefaults/1?view=kona_player_info,1,PPR,3116165,Chris Godwin Jr.,chris godwin,TB,WR,"[3,4,5,23,7,20,21]",118,,125.72,,"{""draftRanksByRankType.PPR"":{""auctionValue"":2,""published"":false,""rank"":118,""rankSourceId"":0,""rankType"":""PPR"",""slotId"":0},""ownership"":{""activityLevel"":null,""auctionValueAverage"":2.04,""auctionValueAverageChange"":0.15,""averageDraftPosition"":125.72,""averageDraftPositionPercentChange"":5.11,""date"":1788211815829,""leagueType"":0,""percentChange"":1.75,""percentOwned"":74.04,""percentStarted"":4.75}}",7.72,89,draft-command:89,exact stable-ID match,1.0,,Live ESPN draft-room order was not separately observable from the public API capture.,656a0e0f26856762df6bfa8a5bd3eb7eb0c9e9431333f30f2d205a667daa5190,espn_2026_candidate_20260831T214508Z_6e169d4c54c0
2026,2026-08-31T21:45:08Z,2026-08-31T16:45:08-05:00,candidate,espn-fantasy-api-kona-player-info-2026-ppr,https://lm-api-reads.fantasy.espn.com/apis/v3/games/ffl/seasons/2026/segments/0/leaguedefaults/1?view=kona_player_info,1,PPR,4429205,Jordan Addison,jordan addison,MIN,WR,"[3,4,5,23,7,20,21]",119,,119.85,,"{""draftRanksByRankType.PPR"":{""auctionValue"":2,""published"":false,""rank"":119,""rankSourceId"":0,""rankType"":""PPR"",""slotId"":0},""ownership"":{""activityLevel"":null,""auctionValueAverage"":2.18,""auctionValueAverageChange"":-0.01,""averageDraftPosition"":119.85,""averageDraftPositionPercentChange"":-1.5,""date"":1788211818114,""leagueType"":0,""percentChange"":0.63,""percentOwned"":80.56,""percentStarted"":5.79}}",0.85,95,draft-command:95,exact stable-ID match,1.0,,Live ESPN draft-room order was not separately observable from the public API capture.,e1028041ea6b86e89f4083b0571f16ba3268c75fd7d40be1fa636325ffd3d1e6,espn_2026_candidate_20260831T214508Z_6e169d4c54c0
2026,2026-08-31T21:45:08Z,2026-08-31T16:45:08-05:00,candidate,espn-fantasy-api-kona-player-info-2026-ppr,https://lm-api-reads.fantasy.espn.com/apis/v3/games/ffl/seasons/2026/segments/0/leaguedefaults/1?view=kona_player_info,1,PPR,4360310,Trevor Lawrence,trevor lawrence,JAX,QB,"[0,7,20,21]",120,,97.6,,"{""draftRanksByRankType.PPR"":{""auctionValue"":2,""published"":false,""rank"":120,""rankSourceId"":0,""rankType"":""PPR"",""slotId"":0},""ownership"":{""activityLevel"":null,""auctionValueAverage"":6.09,""auctionValueAverageChange"":0.14,""averageDraftPosition"":97.6,""averageDraftPositionPercentChange"":-1.77,""date"":1788211817303,""leagueType"":0,""percentChange"":0.56,""percentOwned"":88.56,""percentStarted"":47.84}}",-22.4,87,draft-command:87,exact stable-ID match,1.0,,Live ESPN draft-room order was not separately observable from the public API capture.,58e57a9a09f202ab5c3d8fbdd688692b993d3f701c8b2b753656a0947dfc8831,espn_2026_candidate_20260831T214508Z_6e169d4c54c0
2026,2026-08-31T21:45:08Z,2026-08-31T16:45:08-05:00,candidate,espn-fantasy-api-kona-player-info-2026-ppr,https://lm-api-reads.fantasy.espn.com/apis/v3/games/ffl/seasons/2026/segments/0/leaguedefaults/1?view=kona_player_info,1,PPR,4697815,Rachaad White,rachaad white,WAS,RB,"[2,3,23,7,20,21]",121,,126.06,,"{""draftRanksByRankType.PPR"":{""auctionValue"":2,""published"":false,""rank"":121,""rankSourceId"":0,""rankType"":""PPR"",""slotId"":0},""ownership"":{""activityLevel"":null,""auctionValueAverage"":1.54,""auctionValueAverageChange"":0.08,""averageDraftPosition"":126.06,""averageDraftPositionPercentChange"":2.71,""date"":1788211819250,""leagueType"":0,""percentChange"":0.82,""percentOwned"":74.32,""percentStarted"":3.19}}",5.06,111,draft-command:111,exact stable-ID match,1.0,,Live ESPN draft-room order was not separately observable from the public API capture.,2269be8e7795a485b47ad8201a8220915adb02efd94d86ebd6b7e25345fda91b,espn_2026_candidate_20260831T214508Z_6e169d4c54c0
2026,2026-08-31T21:45:08Z,2026-08-31T16:45:08-05:00,candidate,espn-fantasy-api-kona-player-info-2026-ppr,https://lm-api-reads.fantasy.espn.com/apis/v3/games/ffl/seasons/2026/segments/0/leaguedefaults/1?view=kona_player_info,1,PPR,4241985,J.K. Dobbins,j k dobbins,DEN,RB,"[2,3,23,7,20,21]",122,,113.11,,"{""draftRanksByRankType.PPR"":{""auctionValue"":2,""published"":false,""rank"":122,""rankSourceId"":0,""rankType"":""PPR"",""slotId"":0},""ownership"":{""activityLevel"":null,""auctionValueAverage"":3.08,""auctionValueAverageChange"":0.16,""averageDraftPosition"":113.11,""averageDraftPositionPercentChange"":0.76,""date"":1788211816965,""leagueType"":0,""percentChange"":0.94,""percentOwned"":82.8,""percentStarted"":9.62}}",-8.89,91,draft-command:91,exact stable-ID match,1.0,,Live ESPN draft-room order was not separately observable from the public API capture.,a1a02f2ffcac3568cd8155376d8da5e5e346fd7799f85fa81761075d121839d1,espn_2026_candidate_20260831T214508Z_6e169d4c54c0
2026,2026-08-31T21:45:08Z,2026-08-31T16:45:08-05:00,candidate,espn-fantasy-api-kona-player-info-2026-ppr,https://lm-api-reads.fantasy.espn.com/apis/v3/games/ffl/seasons/2026/segments/0/leaguedefaults/1?view=kona_player_info,1,PPR,4361741,Brock Purdy,brock purdy,SF,QB,"[0,7,20,21]",124,,109,,"{""draftRanksByRankType.PPR"":{""auctionValue"":2,""published"":false,""rank"":124,""rankSourceId"":0,""rankType"":""PPR"",""slotId"":0},""ownership"":{""activityLevel"":null,""auctionValueAverage"":4.69,""auctionValueAverageChange"":0.06,""averageDraftPosition"":109.0,""averageDraftPositionPercentChange"":-2.17,""date"":1788211817493,""leagueType"":0,""percentChange"":0.47,""percentOwned"":84.82,""percentStarted"":23.17}}",-15.0,104,draft-command:104,exact stable-ID match,1.0,,Live ESPN draft-room order was not separately observable from the public API capture.,2ae4ccb1ec0bc82f0d4086676b2e4ba3df247ebae694782c87ee1ac3cb2c2791,espn_2026_candidate_20260831T214508Z_6e169d4c54c0
2026,2026-08-31T21:45:08Z,2026-08-31T16:45:08-05:00,candidate,espn-fantasy-api-kona-player-info-2026-ppr,https://lm-api-reads.fantasy.espn.com/apis/v3/games/ffl/seasons/2026/segments/0/leaguedefaults/1?view=kona_player_info,1,PPR,4608686,Kyle Monangai,kyle monangai,CHI,RB,"[2,3,23,7,20,21]",125,,124.3,,"{""draftRanksByRankType.PPR"":{""auctionValue"":2,""published"":false,""rank"":125,""rankSourceId"":0,""rankType"":""PPR"",""slotId"":0},""ownership"":{""activityLevel"":null,""auctionValueAverage"":1.99,""auctionValueAverageChange"":0.06,""averageDraftPosition"":124.3,""averageDraftPositionPercentChange"":0.91,""date"":1788211818916,""leagueType"":0,""percentChange"":0.73,""percentOwned"":77.88,""percentStarted"":5.76}}",-0.7,99,draft-command:99,exact stable-ID match,1.0,,Live ESPN draft-room order was not separately observable from the public API capture.,782728c98ceba702dc8c3adb82ec4cbf4c18eb9e428652e35ab138834aa02ec1,espn_2026_candidate_20260831T214508Z_6e169d4c54c0
2026,2026-08-31T21:45:08Z,2026-08-31T16:45:08-05:00,candidate,espn-fantasy-api-kona-player-info-2026-ppr,https://lm-api-reads.fantasy.espn.com/apis/v3/games/ffl/seasons/2026/segments/0/leaguedefaults/1?view=kona_player_info,1,PPR,4572680,Tucker Kraft,tucker kraft,GB,TE,"[5,6,23,7,20,21]",126,,90.86,,"{""draftRanksByRankType.PPR"":{""auctionValue"":2,""published"":false,""rank"":126,""rankSourceId"":0,""rankType"":""PPR"",""slotId"":0},""ownership"":{""activityLevel"":null,""auctionValueAverage"":4.39,""auctionValueAverageChange"":-0.02,""averageDraftPosition"":90.86,""averageDraftPositionPercentChange"":-0.44,""date"":1788211818615,""leagueType"":0,""percentChange"":0.74,""percentOwned"":90.23,""percentStarted"":60.65}}",-35.14,76,draft-command:76,exact stable-ID match,1.0,,Live ESPN draft-room order was not separately observable from the public API capture.,c08c7e2f426e4166827b1185766f6194e5e128c95f770658db6156417b7e632d,espn_2026_candidate_20260831T214508Z_6e169d4c54c0
2026,2026-08-31T21:45:08Z,2026-08-31T16:45:08-05:00,candidate,espn-fantasy-api-kona-player-info-2026-ppr,https://lm-api-reads.fantasy.espn.com/apis/v3/games/ffl/seasons/2026/segments/0/leaguedefaults/1?view=kona_player_info,1,PPR,4688813,Josh Downs,josh downs,IND,WR,"[3,4,5,23,7,20,21]",127,,137.23,,"{""draftRanksByRankType.PPR"":{""auctionValue"":2,""published"":false,""rank"":127,""rankSourceId"":0,""rankType"":""PPR"",""slotId"":0},""ownership"":{""activityLevel"":null,""auctionValueAverage"":1.37,""auctionValueAverageChange"":0.0,""averageDraftPosition"":137.23,""averageDraftPositionPercentChange"":-0.28,""date"":1788211819167,""leagueType"":0,""percentChange"":-0.14,""percentOwned"":72.06,""percentStarted"":2.43}}",10.23,96,draft-command:96,exact stable-ID match,1.0,,Live ESPN draft-room order was not separately observable from the public API capture.,d29f051eb3a3f75a862ab671b8fc409d1e3b3a69f8cc2515b98d7f27a592c52d,espn_2026_candidate_20260831T214508Z_6e169d4c54c0
2026,2026-08-31T21:45:08Z,2026-08-31T16:45:08-05:00,candidate,espn-fantasy-api-kona-player-info-2026-ppr,https://lm-api-reads.fantasy.espn.com/apis/v3/games/ffl/seasons/2026/segments/0/leaguedefaults/1?view=kona_player_info,1,PPR,4373678,Khalil Shakir,khalil shakir,BUF,WR,"[3,4,5,23,7,20,21]",130,,139.72,,"{""draftRanksByRankType.PPR"":{""auctionValue"":2,""published"":false,""rank"":130,""rankSourceId"":0,""rankType"":""PPR"",""slotId"":0},""ownership"":{""activityLevel"":null,""auctionValueAverage"":1.16,""auctionValueAverageChange"":-0.07,""averageDraftPosition"":139.72,""averageDraftPositionPercentChange"":-4.54,""date"":1788211817695,""leagueType"":0,""percentChange"":-0.41,""percentOwned"":70.77,""percentStarted"":2.52}}",9.72,129,draft-command:129,exact stable-ID match,1.0,,Live ESPN draft-room order was not separately observable from the public API capture.,c0e91398b04876a2852eab3fd84358317d61d61f619081aabe6e446f4e57da73,espn_2026_candidate_20260831T214508Z_6e169d4c54c0
2026,2026-08-31T21:45:08Z,2026-08-31T16:45:08-05:00,candidate,espn-fantasy-api-kona-player-info-2026-ppr,https://lm-api-reads.fantasy.espn.com/apis/v3/games/ffl/seasons/2026/segments/0/leaguedefaults/1?view=kona_player_info,1,PPR,15847,Travis Kelce,travis kelce,KC,TE,"[5,6,23,7,20,21]",131,,95.18,,"{""draftRanksByRankType.PPR"":{""auctionValue"":2,""published"":false,""rank"":131,""rankSourceId"":0,""rankType"":""PPR"",""slotId"":0},""ownership"":{""activityLevel"":null,""auctionValueAverage"":3.13,""auctionValueAverageChange"":0.13,""averageDraftPosition"":95.18,""averageDraftPositionPercentChange"":0.61,""date"":1788211815133,""leagueType"":0,""percentChange"":0.77,""percentOwned"":90.02,""percentStarted"":51.75}}",-35.82,105,draft-command:105,exact stable-ID match,1.0,,Live ESPN draft-room order was not separately observable from the public API capture.,be5cb9a0133c1acc2200d633e768bb3665010308d1b162c88089eb3f1101bf96,espn_2026_candidate_20260831T214508Z_6e169d4c54c0
2026,2026-08-31T21:45:08Z,2026-08-31T16:45:08-05:00,candidate,espn-fantasy-api-kona-player-info-2026-ppr,https://lm-api-reads.fantasy.espn.com/apis/v3/games/ffl/seasons/2026/segments/0/leaguedefaults/1?view=kona_player_info,1,PPR,3139477,Patrick Mahomes,patrick mahomes,KC,QB,"[0,7,20,21]",132,,107.71,,"{""draftRanksByRankType.PPR"":{""auctionValue"":2,""published"":false,""rank"":132,""rankSourceId"":0,""rankType"":""PPR"",""slotId"":0},""ownership"":{""activityLevel"":null,""auctionValueAverage"":5.73,""auctionValueAverageChange"":0.15,""averageDraftPosition"":107.71,""averageDraftPositionPercentChange"":-0.56,""date"":1788211816057,""leagueType"":0,""percentChange"":0.57,""percentOwned"":86.22,""percentStarted"":19.96}}",-24.29,112,draft-command:112,exact stable-ID match,1.0,,Live ESPN draft-room order was not separately observable from the public API capture.,5937a84f182cf81d2ac62be9f99b4e13e51af62d5a824376601258a1d0c4e6e2,espn_2026_candidate_20260831T214508Z_6e169d4c54c0
2026,2026-08-31T21:45:08Z,2026-08-31T16:45:08-05:00,candidate,espn-fantasy-api-kona-player-info-2026-ppr,https://lm-api-reads.fantasy.espn.com/apis/v3/games/ffl/seasons/2026/segments/0/leaguedefaults/1?view=kona_player_info,1,PPR,4568490,RJ Harvey,rj harvey,DEN,RB,"[2,3,23,7,20,21]",133,,127.39,,"{""draftRanksByRankType.PPR"":{""auctionValue"":2,""published"":false,""rank"":133,""rankSourceId"":0,""rankType"":""PPR"",""slotId"":0},""ownership"":{""activityLevel"":null,""auctionValueAverage"":1.85,""auctionValueAverageChange"":0.07,""averageDraftPosition"":127.39,""averageDraftPositionPercentChange"":3.01,""date"":1788211818492,""leagueType"":0,""percentChange"":0.93,""percentOwned"":75.77,""percentStarted"":4.23}}",-5.61,94,draft-command:94,exact stable-ID match,1.0,,Live ESPN draft-room order was not separately observable from the public API capture.,36b26807746f5d5613ca63d0109af8d52efdaa6f18cd0da4c62736608a7fa137,espn_2026_candidate_20260831T214508Z_6e169d4c54c0
2026,2026-08-31T21:45:08Z,2026-08-31T16:45:08-05:00,candidate,espn-fantasy-api-kona-player-info-2026-ppr,https://lm-api-reads.fantasy.espn.com/apis/v3/games/ffl/seasons/2026/segments/0/leaguedefaults/1?view=kona_player_info,1,PPR,3121023,Dallas Goedert,dallas goedert,PHI,TE,"[5,6,23,7,20,21]",134,,104.08,,"{""draftRanksByRankType.PPR"":{""auctionValue"":2,""published"":false,""rank"":134,""rankSourceId"":0,""rankType"":""PPR"",""slotId"":0},""ownership"":{""activityLevel"":null,""auctionValueAverage"":2.29,""auctionValueAverageChange"":0.05,""averageDraftPosition"":104.08,""averageDraftPositionPercentChange"":-1.51,""date"":1788211815894,""leagueType"":0,""percentChange"":0.51,""percentOwned"":89.27,""percentStarted"":55.29}}",-29.92,117,draft-command:117,exact stable-ID match,1.0,,Live ESPN draft-room order was not separately observable from the public API capture.,e79b51fc8701bf3f4095f413956bb7961a7b2b8ac97e3d6fddeadb490f2788ee,espn_2026_candidate_20260831T214508Z_6e169d4c54c0
2026,2026-08-31T21:45:08Z,2026-08-31T16:45:08-05:00,candidate,espn-fantasy-api-kona-player-info-2026-ppr,https://lm-api-reads.fantasy.espn.com/apis/v3/games/ffl/seasons/2026/segments/0/leaguedefaults/1?view=kona_player_info,1,PPR,4870795,Makai Lemon,makai lemon,PHI,WR,"[25,3,4,5,23,7,20,21]",137,,133.17,,"{""draftRanksByRankType.PPR"":{""auctionValue"":2,""published"":false,""rank"":137,""rankSourceId"":0,""rankType"":""PPR"",""slotId"":0},""ownership"":{""activityLevel"":null,""auctionValueAverage"":1.58,""auctionValueAverageChange"":0.04,""averageDraftPosition"":133.17,""averageDraftPositionPercentChange"":2.48,""date"":1788211819394,""leagueType"":0,""percentChange"":0.62,""percentOwned"":74.92,""percentStarted"":3.77}}",-3.83,100,draft-command:100,exact stable-ID match,1.0,,Live ESPN draft-room order was not separately observable from the public API capture.,8d1c497887d40db34bfd211a2cdc7162ff10558bd2834d4b5f56bbbd8e019246,espn_2026_candidate_20260831T214508Z_6e169d4c54c0
2026,2026-08-31T21:45:08Z,2026-08-31T16:45:08-05:00,candidate,espn-fantasy-api-kona-player-info-2026-ppr,https://lm-api-reads.fantasy.espn.com/apis/v3/games/ffl/seasons/2026/segments/0/leaguedefaults/1?view=kona_player_info,1,PPR,4429096,Blake Corum,blake corum,LAR,RB,"[2,3,23,7,20,21]",138,,127.64,,"{""draftRanksByRankType.PPR"":{""auctionValue"":2,""published"":false,""rank"":138,""rankSourceId"":0,""rankType"":""PPR"",""slotId"":0},""ownership"":{""activityLevel"":null,""auctionValueAverage"":2.58,""auctionValueAverageChange"":0.16,""averageDraftPosition"":127.64,""averageDraftPositionPercentChange"":2.28,""date"":1788211818086,""leagueType"":0,""percentChange"":1.09,""percentOwned"":75.95,""percentStarted"":3.9}}",-10.36,97,draft-command:97,exact stable-ID match,1.0,,Live ESPN draft-room order was not separately observable from the public API capture.,894a81382b718d45d6cd0e129bb7a5c7445f63e0c8652331e73eb28bb453a350,espn_2026_candidate_20260831T214508Z_6e169d4c54c0
2026,2026-08-31T21:45:08Z,2026-08-31T16:45:08-05:00,candidate,espn-fantasy-api-kona-player-info-2026-ppr,https://lm-api-reads.fantasy.espn.com/apis/v3/games/ffl/seasons/2026/segments/0/leaguedefaults/1?view=kona_player_info,1,PPR,4426338,Bo Nix,bo nix,DEN,QB,"[0,7,20,21]",139,,99.49,,"{""draftRanksByRankType.PPR"":{""auctionValue"":2,""published"":false,""rank"":139,""rankSourceId"":0,""rankType"":""PPR"",""slotId"":0},""ownership"":{""activityLevel"":null,""auctionValueAverage"":6.23,""auctionValueAverageChange"":0.18,""averageDraftPosition"":99.49,""averageDraftPositionPercentChange"":-4.02,""date"":1788211817779,""leagueType"":0,""percentChange"":0.33,""percentOwned"":89.11,""percentStarted"":36.85}}",-39.51,113,draft-command:113,exact stable-ID match,1.0,,Live ESPN draft-room order was not separately observable from the public API capture.,bdfa2e4ec742d5847c883686af88de24b2331d1acecd2a69493f93e3948931dc,espn_2026_candidate_20260831T214508Z_6e169d4c54c0
2026,2026-08-31T21:45:08Z,2026-08-31T16:45:08-05:00,candidate,espn-fantasy-api-kona-player-info-2026-ppr,https://lm-api-reads.fantasy.espn.com/apis/v3/games/ffl/seasons/2026/segments/0/leaguedefaults/1?view=kona_player_info,1,PPR,4242355,Jake Ferguson,jake ferguson,DAL,TE,"[5,6,23,7,20,21]",140,,108.93,,"{""draftRanksByRankType.PPR"":{""auctionValue"":2,""published"":false,""rank"":140,""rankSourceId"":0,""rankType"":""PPR"",""slotId"":0},""ownership"":{""activityLevel"":null,""auctionValueAverage"":2.02,""auctionValueAverageChange"":0.06,""averageDraftPosition"":108.93,""averageDraftPositionPercentChange"":0.79,""date"":1788211817008,""leagueType"":0,""percentChange"":0.7,""percentOwned"":86.33,""percentStarted"":40.32}}",-31.07,119,draft-command:119,exact stable-ID match,1.0,,Live ESPN draft-room order was not separately observable from the public API capture.,f04a38951bb3a877447bc969513c0f06ddeec43940cffdff59ff6deebc3f6629,espn_2026_candidate_20260831T214508Z_6e169d4c54c0
2026,2026-08-31T21:45:08Z,2026-08-31T16:45:08-05:00,candidate,espn-fantasy-api-kona-player-info-2026-ppr,https://lm-api-reads.fantasy.espn.com/apis/v3/games/ffl/seasons/2026/segments/0/leaguedefaults/1?view=kona_player_info,1,PPR,12483,Matthew Stafford,matthew stafford,LAR,QB,"[0,7,20,21]",141,,90.69,,"{""draftRanksByRankType.PPR"":{""auctionValue"":2,""published"":false,""rank"":141,""rankSourceId"":0,""rankType"":""PPR"",""slotId"":0},""ownership"":{""activityLevel"":null,""auctionValueAverage"":6.3,""auctionValueAverageChange"":0.22,""averageDraftPosition"":90.69,""averageDraftPositionPercentChange"":-2.8,""date"":1788211814982,""leagueType"":0,""percentChange"":0.29,""percentOwned"":92.76,""percentStarted"":53.07}}",-50.31,106,draft-command:106,exact stable-ID match,1.0,,Live ESPN draft-room order was not separately observable from the public API capture.,1586f6695e65bbd8d32b1033dbb1cc6e3be88d7889d89693a6db1dc2348d04f2,espn_2026_candidate_20260831T214508Z_6e169d4c54c0
2026,2026-08-31T21:45:08Z,2026-08-31T16:45:08-05:00,candidate,espn-fantasy-api-kona-player-info-2026-ppr,https://lm-api-reads.fantasy.espn.com/apis/v3/games/ffl/seasons/2026/segments/0/leaguedefaults/1?view=kona_player_info,1,PPR,3917315,Kyler Murray,kyler murray,MIN,QB,"[0,7,20,21]",143,,139.8,,"{""draftRanksByRankType.PPR"":{""auctionValue"":2,""published"":false,""rank"":143,""rankSourceId"":0,""rankType"":""PPR"",""slotId"":0},""ownership"":{""activityLevel"":null,""auctionValueAverage"":2.84,""auctionValueAverageChange"":0.17,""averageDraftPosition"":139.8,""averageDraftPositionPercentChange"":1.82,""date"":1788211816250,""leagueType"":0,""percentChange"":2.01,""percentOwned"":62.97,""percentStarted"":10.39}}",-3.2,123,draft-command:123,exact stable-ID match,1.0,,Live ESPN draft-room order was not separately observable from the public API capture.,c61912fa804b45e7817caf319eec0fd0719cb39ab7281b9accdacbaf05318698,espn_2026_candidate_20260831T214508Z_6e169d4c54c0
2026,2026-08-31T21:45:08Z,2026-08-31T16:45:08-05:00,candidate,espn-fantasy-api-kona-player-info-2026-ppr,https://lm-api-reads.fantasy.espn.com/apis/v3/games/ffl/seasons/2026/segments/0/leaguedefaults/1?view=kona_player_info,1,PPR,4575131,Jacory Croskey-Merritt,jacory croskey merritt,WAS,RB,"[2,3,23,7,20,21]",145,,135.86,,"{""draftRanksByRankType.PPR"":{""auctionValue"":2,""published"":false,""rank"":145,""rankSourceId"":0,""rankType"":""PPR"",""slotId"":0},""ownership"":{""activityLevel"":null,""auctionValueAverage"":1.87,""auctionValueAverageChange"":0.04,""averageDraftPosition"":135.86,""averageDraftPositionPercentChange"":-1.26,""date"":1788211818652,""leagueType"":0,""percentChange"":0.4,""percentOwned"":71.19,""percentStarted"":2.62}}",-9.14,102,draft-command:102,exact stable-ID match,1.0,,Live ESPN draft-room order was not separately observable from the public API capture.,0386b2cc7ce66cb90fe941f143fbcc2d2538b3971b380ec67d8779df48154578,espn_2026_candidate_20260831T214508Z_6e169d4c54c0
2026,2026-08-31T21:45:08Z,2026-08-31T16:45:08-05:00,candidate,espn-fantasy-api-kona-player-info-2026-ppr,https://lm-api-reads.fantasy.espn.com/apis/v3/games/ffl/seasons/2026/segments/0/leaguedefaults/1?view=kona_player_info,1,PPR,4361050,Isaiah Likely,isaiah likely,NYG,TE,"[5,6,23,7,20,21]",147,,123.31,,"{""draftRanksByRankType.PPR"":{""auctionValue"":2,""published"":false,""rank"":147,""rankSourceId"":0,""rankType"":""PPR"",""slotId"":0},""ownership"":{""activityLevel"":null,""auctionValueAverage"":1.95,""auctionValueAverageChange"":0.09,""averageDraftPosition"":123.31,""averageDraftPositionPercentChange"":1.54,""date"":1788211817408,""leagueType"":0,""percentChange"":0.97,""percentOwned"":80.19,""percentStarted"":24.99}}",-23.69,115,draft-command:115,exact stable-ID match,1.0,,Live ESPN draft-room order was not separately observable from the public API capture.,4c1c186aac7501afb408bb0b561672bd82b67ea1cc598532a2c3e799b4134ba4,espn_2026_candidate_20260831T214508Z_6e169d4c54c0
2026,2026-08-31T21:45:08Z,2026-08-31T16:45:08-05:00,candidate,espn-fantasy-api-kona-player-info-2026-ppr,https://lm-api-reads.fantasy.espn.com/apis/v3/games/ffl/seasons/2026/segments/0/leaguedefaults/1?view=kona_player_info,1,PPR,4429025,Quentin Johnston,quentin johnston,LAC,WR,"[3,4,5,23,7,20,21]",148,,130,,"{""draftRanksByRankType.PPR"":{""auctionValue"":2,""published"":false,""rank"":148,""rankSourceId"":0,""rankType"":""PPR"",""slotId"":0},""ownership"":{""activityLevel"":null,""auctionValueAverage"":1.87,""auctionValueAverageChange"":0.14,""averageDraftPosition"":130.0,""averageDraftPositionPercentChange"":2.56,""date"":1788211818065,""leagueType"":0,""percentChange"":1.42,""percentOwned"":74.2,""percentStarted"":5.0}}",-18.0,101,draft-command:101,exact stable-ID match,1.0,,Live ESPN draft-room order was not separately observable from the public API capture.,52ff1068b047d3bb0778280733e3625510c34854c6264585437272c351187a94,espn_2026_candidate_20260831T214508Z_6e169d4c54c0
2026,2026-08-31T21:45:08Z,2026-08-31T16:45:08-05:00,candidate,espn-fantasy-api-kona-player-info-2026-ppr,https://lm-api-reads.fantasy.espn.com/apis/v3/games/ffl/seasons/2026/segments/0/leaguedefaults/1?view=kona_player_info,1,PPR,4362249,Jayden Reed,jayden reed,GB,WR,"[3,4,5,23,7,20,21]",150,,137.73,,"{""draftRanksByRankType.PPR"":{""auctionValue"":2,""published"":false,""rank"":150,""rankSourceId"":0,""rankType"":""PPR"",""slotId"":0},""ownership"":{""activityLevel"":null,""auctionValueAverage"":1.35,""auctionValueAverageChange"":-0.06,""averageDraftPosition"":137.73,""averageDraftPositionPercentChange"":-3.83,""date"":1788211817559,""leagueType"":0,""percentChange"":0.21,""percentOwned"":71.23,""percentStarted"":3.42}}",-12.27,110,draft-command:110,exact stable-ID match,1.0,,Live ESPN draft-room order was not separately observable from the public API capture.,470941aed755641c6e35c5c2fc742cb38e6d420cdff6804b4a7abd8af681a980,espn_2026_candidate_20260831T214508Z_6e169d4c54c0
2026,2026-08-31T21:45:08Z,2026-08-31T16:45:08-05:00,candidate,espn-fantasy-api-kona-player-info-2026-ppr,https://lm-api-reads.fantasy.espn.com/apis/v3/games/ffl/seasons/2026/segments/0/leaguedefaults/1?view=kona_player_info,1,PPR,4683062,Xavier Worthy,xavier worthy,KC,WR,"[3,4,5,23,7,20,21]",151,,129.28,,"{""draftRanksByRankType.PPR"":{""auctionValue"":1,""published"":false,""rank"":151,""rankSourceId"":0,""rankType"":""PPR"",""slotId"":0},""ownership"":{""activityLevel"":null,""auctionValueAverage"":1.6,""auctionValueAverageChange"":-0.01,""averageDraftPosition"":129.28,""averageDraftPositionPercentChange"":-1.41,""date"":1788211818971,""leagueType"":0,""percentChange"":1.04,""percentOwned"":75.77,""percentStarted"":4.15}}",-21.72,126,draft-command:126,exact stable-ID match,1.0,,Live ESPN draft-room order was not separately observable from the public API capture.,a8af50dade6d75a38605633a775ffc72f77dd679302402b457d65dde6794e3f0,espn_2026_candidate_20260831T214508Z_6e169d4c54c0
2026,2026-08-31T21:45:08Z,2026-08-31T16:45:08-05:00,candidate,espn-fantasy-api-kona-player-info-2026-ppr,https://lm-api-reads.fantasy.espn.com/apis/v3/games/ffl/seasons/2026/segments/0/leaguedefaults/1?view=kona_player_info,1,PPR,4710714,De'Zhaun Stribling,de zhaun stribling,SF,WR,"[25,3,4,5,23,7,20,21]",152,,141.89,,"{""draftRanksByRankType.PPR"":{""auctionValue"":1,""published"":false,""rank"":152,""rankSourceId"":0,""rankType"":""PPR"",""slotId"":0},""ownership"":{""activityLevel"":null,""auctionValueAverage"":2.01,""auctionValueAverageChange"":0.14,""averageDraftPosition"":141.89,""averageDraftPositionPercentChange"":2.39,""date"":1788211819291,""leagueType"":0,""percentChange"":3.61,""percentOwned"":55.45,""percentStarted"":1.42}}",-10.11,118,draft-command:118,exact stable-ID match,1.0,,Live ESPN draft-room order was not separately observable from the public API capture.,4fc1c4515ffcc64608b875902c22e8cafd031cb2fc155172c7737f559f00194c,espn_2026_candidate_20260831T214508Z_6e169d4c54c0
2026,2026-08-31T21:45:08Z,2026-08-31T16:45:08-05:00,candidate,espn-fantasy-api-kona-player-info-2026-ppr,https://lm-api-reads.fantasy.espn.com/apis/v3/games/ffl/seasons/2026/segments/0/leaguedefaults/1?view=kona_player_info,1,PPR,3116365,Mark Andrews,mark andrews,BAL,TE,"[5,6,23,7,20,21]",153,,125.66,,"{""draftRanksByRankType.PPR"":{""auctionValue"":1,""published"":false,""rank"":153,""rankSourceId"":0,""rankType"":""PPR"",""slotId"":0},""ownership"":{""activityLevel"":null,""auctionValueAverage"":1.56,""auctionValueAverageChange"":0.03,""averageDraftPosition"":125.66,""averageDraftPositionPercentChange"":-1.31,""date"":1788211815843,""leagueType"":0,""percentChange"":0.5,""percentOwned"":81.23,""percentStarted"":26.93}}",-27.34,125,draft-command:125,exact stable-ID match,1.0,,Live ESPN draft-room order was not separately observable from the public API capture.,09ca3c00acf422f008d17f6ecbea1b7d4401684e93df1347ab530a3909920113,espn_2026_candidate_20260831T214508Z_6e169d4c54c0
2026,2026-08-31T21:45:08Z,2026-08-31T16:45:08-05:00,candidate,espn-fantasy-api-kona-player-info-2026-ppr,https://lm-api-reads.fantasy.espn.com/apis/v3/games/ffl/seasons/2026/segments/0/leaguedefaults/1?view=kona_player_info,1,PPR,4361432,Romeo Doubs,romeo doubs,NE,WR,"[3,4,5,23,7,20,21]",154,,148.26,,"{""draftRanksByRankType.PPR"":{""auctionValue"":1,""published"":false,""rank"":154,""rankSourceId"":0,""rankType"":""PPR"",""slotId"":0},""ownership"":{""activityLevel"":null,""auctionValueAverage"":1.0,""auctionValueAverageChange"":0.03,""averageDraftPosition"":148.26,""averageDraftPositionPercentChange"":0.78,""date"":1788211817456,""leagueType"":0,""percentChange"":1.05,""percentOwned"":60.68,""percentStarted"":1.72}}",-5.74,122,draft-command:122,exact stable-ID match,1.0,,Live ESPN draft-room order was not separately observable from the public API capture.,2004fc53ea29ecc5514f66927868a410e05c7d7e019e2705a2698c0936801ae9,espn_2026_candidate_20260831T214508Z_6e169d4c54c0
2026,2026-08-31T21:45:08Z,2026-08-31T16:45:08-05:00,candidate,espn-fantasy-api-kona-player-info-2026-ppr,https://lm-api-reads.fantasy.espn.com/apis/v3/games/ffl/seasons/2026/segments/0/leaguedefaults/1?view=kona_player_info,1,PPR,4695883,Jalen Coker,jalen coker,CAR,WR,"[3,4,5,23,7,20,21]",156,,155.9,,"{""draftRanksByRankType.PPR"":{""auctionValue"":1,""published"":false,""rank"":156,""rankSourceId"":0,""rankType"":""PPR"",""slotId"":0},""ownership"":{""activityLevel"":null,""auctionValueAverage"":0.81,""auctionValueAverageChange"":0.03,""averageDraftPosition"":155.9,""averageDraftPositionPercentChange"":1.08,""date"":1788211819219,""leagueType"":0,""percentChange"":2.34,""percentOwned"":45.5,""percentStarted"":0.9}}",-0.1,121,draft-command:121,exact stable-ID match,1.0,,Live ESPN draft-room order was not separately observable from the public API capture.,af3e628f5f8e0105df90514815ae1292980f67dd0f39c4af8b0b2d60c81acde3,espn_2026_candidate_20260831T214508Z_6e169d4c54c0
2026,2026-08-31T21:45:08Z,2026-08-31T16:45:08-05:00,candidate,espn-fantasy-api-kona-player-info-2026-ppr,https://lm-api-reads.fantasy.espn.com/apis/v3/games/ffl/seasons/2026/segments/0/leaguedefaults/1?view=kona_player_info,1,PPR,4385690,Dalton Kincaid,dalton kincaid,BUF,TE,"[5,6,23,7,20,21]",157,,130.82,,"{""draftRanksByRankType.PPR"":{""auctionValue"":1,""published"":false,""rank"":157,""rankSourceId"":0,""rankType"":""PPR"",""slotId"":0},""ownership"":{""activityLevel"":null,""auctionValueAverage"":1.52,""auctionValueAverageChange"":0.05,""averageDraftPosition"":130.82,""averageDraftPositionPercentChange"":0.32,""date"":1788211817757,""leagueType"":0,""percentChange"":1.43,""percentOwned"":73.68,""percentStarted"":16.8}}",-26.18,107,draft-command:107,exact stable-ID match,1.0,,Live ESPN draft-room order was not separately observable from the public API capture.,6b814d79ea558f83bc9ef9c355ee9c8e4b4499ff5ca097954b335fc6fc58072d,espn_2026_candidate_20260831T214508Z_6e169d4c54c0
2026,2026-08-31T21:45:08Z,2026-08-31T16:45:08-05:00,candidate,espn-fantasy-api-kona-player-info-2026-ppr,https://lm-api-reads.fantasy.espn.com/apis/v3/games/ffl/seasons/2026/segments/0/leaguedefaults/1?view=kona_player_info,1,PPR,4360689,Tyler Shough,tyler shough,NO,QB,"[0,7,20,21]",158,,153.02,,"{""draftRanksByRankType.PPR"":{""auctionValue"":1,""published"":false,""rank"":158,""rankSourceId"":0,""rankType"":""PPR"",""slotId"":0},""ownership"":{""activityLevel"":null,""auctionValueAverage"":1.83,""auctionValueAverageChange"":0.1,""averageDraftPosition"":153.02,""averageDraftPositionPercentChange"":0.6,""date"":1788211817351,""leagueType"":0,""percentChange"":1.59,""percentOwned"":46.23,""percentStarted"":4.12}}",-4.98,138,draft-command:138,exact stable-ID match,1.0,,Live ESPN draft-room order was not separately observable from the public API capture.,2afd9c52745828b890cbb8d4b301cec17a21e9fe79a145c725acd086f2c6b84e,espn_2026_candidate_20260831T214508Z_6e169d4c54c0
2026,2026-08-31T21:45:08Z,2026-08-31T16:45:08-05:00,candidate,espn-fantasy-api-kona-player-info-2026-ppr,https://lm-api-reads.fantasy.espn.com/apis/v3/games/ffl/seasons/2026/segments/0/leaguedefaults/1?view=kona_player_info,1,PPR,3046779,Jared Goff,jared goff,DET,QB,"[0,7,20,21]",159,,136,,"{""draftRanksByRankType.PPR"":{""auctionValue"":1,""published"":false,""rank"":159,""rankSourceId"":0,""rankType"":""PPR"",""slotId"":0},""ownership"":{""activityLevel"":null,""auctionValueAverage"":2.81,""auctionValueAverageChange"":0.16,""averageDraftPosition"":136.0,""averageDraftPositionPercentChange"":0.16,""date"":1788211815709,""leagueType"":0,""percentChange"":1.29,""percentOwned"":68.25,""percentStarted"":11.94}}",-23.0,124,draft-command:124,exact stable-ID match,1.0,,Live ESPN draft-room order was not separately observable from the public API capture.,b48c2713c28f45a133a8698c716ed1b07f9a6191c0d6b88226d3eade28671f3c,espn_2026_candidate_20260831T214508Z_6e169d4c54c0
2026,2026-08-31T21:45:08Z,2026-08-31T16:45:08-05:00,candidate,espn-fantasy-api-kona-player-info-2026-ppr,https://lm-api-reads.fantasy.espn.com/apis/v3/games/ffl/seasons/2026/segments/0/leaguedefaults/1?view=kona_player_info,1,PPR,4428557,Tyjae Spears,tyjae spears,TEN,RB,"[2,3,23,7,20,21]",160,,146.85,,"{""draftRanksByRankType.PPR"":{""auctionValue"":1,""published"":false,""rank"":160,""rankSourceId"":0,""rankType"":""PPR"",""slotId"":0},""ownership"":{""activityLevel"":null,""auctionValueAverage"":0.84,""auctionValueAverageChange"":0.09,""averageDraftPosition"":146.85,""averageDraftPositionPercentChange"":3.49,""date"":1788211818004,""leagueType"":0,""percentChange"":3.82,""percentOwned"":50.18,""percentStarted"":1.8}}",-13.15,130,draft-command:130,exact stable-ID match,1.0,,Live ESPN draft-room order was not separately observable from the public API capture.,1eb879659791a65badfa692dd4ffed9a224d22ed6282ff0b280fedd089a9496c,espn_2026_candidate_20260831T214508Z_6e169d4c54c0
2026,2026-08-31T21:45:08Z,2026-08-31T16:45:08-05:00,candidate,espn-fantasy-api-kona-player-info-2026-ppr,https://lm-api-reads.fantasy.espn.com/apis/v3/games/ffl/seasons/2026/segments/0/leaguedefaults/1?view=kona_player_info,1,PPR,4360569,Jordan Mason,jordan mason,MIN,RB,"[2,3,23,7,20,21]",161,,139.34,,"{""draftRanksByRankType.PPR"":{""auctionValue"":1,""published"":false,""rank"":161,""rankSourceId"":0,""rankType"":""PPR"",""slotId"":0},""ownership"":{""activityLevel"":null,""auctionValueAverage"":2.08,""auctionValueAverageChange"":0.07,""averageDraftPosition"":139.34,""averageDraftPositionPercentChange"":-0.11,""date"":1788211817329,""leagueType"":0,""percentChange"":1.51,""percentOwned"":65.6,""percentStarted"":3.0}}",-21.66,116,draft-command:116,exact stable-ID match,1.0,,Live ESPN draft-room order was not separately observable from the public API capture.,006b1aaa76b25aafa97e6e0b3ac78f2d08dac9dab5859a54747bcf241378e3e0,espn_2026_candidate_20260831T214508Z_6e169d4c54c0
2026,2026-08-31T21:45:08Z,2026-08-31T16:45:08-05:00,candidate,espn-fantasy-api-kona-player-info-2026-ppr,https://lm-api-reads.fantasy.espn.com/apis/v3/games/ffl/seasons/2026/segments/0/leaguedefaults/1?view=kona_player_info,1,PPR,3126486,Deebo Samuel Sr.,deebo samuel,SF,WR,"[3,4,5,23,7,20,21]",163,,140.88,,"{""draftRanksByRankType.PPR"":{""auctionValue"":1,""published"":false,""rank"":163,""rankSourceId"":0,""rankType"":""PPR"",""slotId"":0},""ownership"":{""activityLevel"":null,""auctionValueAverage"":1.25,""auctionValueAverageChange"":-0.07,""averageDraftPosition"":140.88,""averageDraftPositionPercentChange"":-3.23,""date"":1788211815996,""leagueType"":0,""percentChange"":0.04,""percentOwned"":69.69,""percentStarted"":4.36}}",-22.12,133,draft-command:133,exact stable-ID match,1.0,,Live ESPN draft-room order was not separately observable from the public API capture.,ace5f2a7946a80bcd041c849834de37be972f0e638d4bfe20b3b74296fde84a2,espn_2026_candidate_20260831T214508Z_6e169d4c54c0
2026,2026-08-31T21:45:08Z,2026-08-31T16:45:08-05:00,candidate,espn-fantasy-api-kona-player-info-2026-ppr,https://lm-api-reads.fantasy.espn.com/apis/v3/games/ffl/seasons/2026/segments/0/leaguedefaults/1?view=kona_player_info,1,PPR,4870653,KC Concepcion,kc concepcion,CLE,WR,"[25,3,4,5,23,7,20,21]",164,,146.64,,"{""draftRanksByRankType.PPR"":{""auctionValue"":1,""published"":false,""rank"":164,""rankSourceId"":0,""rankType"":""PPR"",""slotId"":0},""ownership"":{""activityLevel"":null,""auctionValueAverage"":1.33,""auctionValueAverageChange"":0.06,""averageDraftPosition"":146.64,""averageDraftPositionPercentChange"":-0.61,""date"":1788211819383,""leagueType"":0,""percentChange"":0.53,""percentOwned"":65.12,""percentStarted"":1.84}}",-17.36,120,draft-command:120,exact stable-ID match,1.0,,Live ESPN draft-room order was not separately observable from the public API capture.,a00c3993340ce5b07fcba1852599eebe461f55befc072edd9792c31d4e61a8d7,espn_2026_candidate_20260831T214508Z_6e169d4c54c0
2026,2026-08-31T21:45:08Z,2026-08-31T16:45:08-05:00,candidate,espn-fantasy-api-kona-player-info-2026-ppr,https://lm-api-reads.fantasy.espn.com/apis/v3/games/ffl/seasons/2026/segments/0/leaguedefaults/1?view=kona_player_info,1,PPR,4426385,Zach Charbonnet,zach charbonnet,SEA,RB,"[2,3,23,7,20,21]",165,,153.16,,"{""draftRanksByRankType.PPR"":{""auctionValue"":1,""published"":false,""rank"":165,""rankSourceId"":0,""rankType"":""PPR"",""slotId"":0},""ownership"":{""activityLevel"":null,""auctionValueAverage"":1.12,""auctionValueAverageChange"":0.02,""averageDraftPosition"":153.16,""averageDraftPositionPercentChange"":0.49,""date"":1788211817813,""leagueType"":0,""percentChange"":0.43,""percentOwned"":55.89,""percentStarted"":0.55}}",-11.84,135,draft-command:135,exact stable-ID match,1.0,,Live ESPN draft-room order was not separately observable from the public API capture.,56b0d3f9e3007e6f028723746c8eeae00286605e1255b4aecd3a62abf3c08e3f,espn_2026_candidate_20260831T214508Z_6e169d4c54c0
2026,2026-08-31T21:45:08Z,2026-08-31T16:45:08-05:00,candidate,espn-fantasy-api-kona-player-info-2026-ppr,https://lm-api-reads.fantasy.espn.com/apis/v3/games/ffl/seasons/2026/segments/0/leaguedefaults/1?view=kona_player_info,1,PPR,4429059,Woody Marks,woody marks,HOU,RB,"[2,3,23,7,20,21]",167,,151.44,,"{""draftRanksByRankType.PPR"":{""auctionValue"":1,""published"":false,""rank"":167,""rankSourceId"":0,""rankType"":""PPR"",""slotId"":0},""ownership"":{""activityLevel"":null,""auctionValueAverage"":1.04,""auctionValueAverageChange"":-0.02,""averageDraftPosition"":151.44,""averageDraftPositionPercentChange"":-1.0,""date"":1788211818071,""leagueType"":0,""percentChange"":0.18,""percentOwned"":59.43,""percentStarted"":1.74}}",-15.56,134,draft-command:134,exact stable-ID match,1.0,,Live ESPN draft-room order was not separately observable from the public API capture.,5943aee1a4d01dfc7896e1b97aaf8924e2303b7308fedc69f2d673ef55ec0d7c,espn_2026_candidate_20260831T214508Z_6e169d4c54c0
2026,2026-08-31T21:45:08Z,2026-08-31T16:45:08-05:00,candidate,espn-fantasy-api-kona-player-info-2026-ppr,https://lm-api-reads.fantasy.espn.com/apis/v3/games/ffl/seasons/2026/segments/0/leaguedefaults/1?view=kona_player_info,1,PPR,4430834,Jalen McMillan,jalen mcmillan,TB,WR,"[3,4,5,23,7,20,21]",171,,165.09,,"{""draftRanksByRankType.PPR"":{""auctionValue"":1,""published"":false,""rank"":171,""rankSourceId"":0,""rankType"":""PPR"",""slotId"":0},""ownership"":{""activityLevel"":null,""auctionValueAverage"":0.46,""auctionValueAverageChange"":0.05,""averageDraftPosition"":165.09,""averageDraftPositionPercentChange"":1.07,""date"":1788211818210,""leagueType"":0,""percentChange"":2.6,""percentOwned"":26.92,""percentStarted"":0.36}}",-5.91,149,draft-command:149,exact stable-ID match,1.0,,Live ESPN draft-room order was not separately observable from the public API capture.,a39db0915b8f73d7cc31a98703ae616859eff1385fba9fb1f717815c170970af,espn_2026_candidate_20260831T214508Z_6e169d4c54c0
2026,2026-08-31T21:45:08Z,2026-08-31T16:45:08-05:00,candidate,espn-fantasy-api-kona-player-info-2026-ppr,https://lm-api-reads.fantasy.espn.com/apis/v3/games/ffl/seasons/2026/segments/0/leaguedefaults/1?view=kona_player_info,1,PPR,4702555,Jonah Coleman,jonah coleman,DEN,RB,"[25,2,3,23,7,20,21]",173,,169.21,,"{""draftRanksByRankType.PPR"":{""auctionValue"":1,""published"":false,""rank"":173,""rankSourceId"":0,""rankType"":""PPR"",""slotId"":0},""ownership"":{""activityLevel"":null,""auctionValueAverage"":0.46,""auctionValueAverageChange"":0.05,""averageDraftPosition"":169.21,""averageDraftPositionPercentChange"":0.17,""date"":1788211819270,""leagueType"":0,""percentChange"":1.44,""percentOwned"":15.69,""percentStarted"":0.27}}",-3.79,147,draft-command:147,exact stable-ID match,1.0,,Live ESPN draft-room order was not separately observable from the public API capture.,290a831c77287b18d17ce03a6f890c9923c454aa86989faa148cc332573aa1fd,espn_2026_candidate_20260831T214508Z_6e169d4c54c0
2026,2026-08-31T21:45:08Z,2026-08-31T16:45:08-05:00,candidate,espn-fantasy-api-kona-player-info-2026-ppr,https://lm-api-reads.fantasy.espn.com/apis/v3/games/ffl/seasons/2026/segments/0/leaguedefaults/1?view=kona_player_info,1,PPR,3052587,Baker Mayfield,baker mayfield,TB,QB,"[0,7,20,21]",175,,145.94,,"{""draftRanksByRankType.PPR"":{""auctionValue"":1,""published"":false,""rank"":175,""rankSourceId"":0,""rankType"":""PPR"",""slotId"":0},""ownership"":{""activityLevel"":null,""auctionValueAverage"":2.17,""auctionValueAverageChange"":0.12,""averageDraftPosition"":145.94,""averageDraftPositionPercentChange"":0.53,""date"":1788211815761,""leagueType"":0,""percentChange"":1.9,""percentOwned"":55.44,""percentStarted"":9.15}}",-29.06,131,draft-command:131,exact stable-ID match,1.0,,Live ESPN draft-room order was not separately observable from the public API capture.,c1892773c8af30ee4dd6d24077578c5cef01bfe6d95a80c070f089b36b6f6496,espn_2026_candidate_20260831T214508Z_6e169d4c54c0
2026,2026-08-31T21:45:08Z,2026-08-31T16:45:08-05:00,candidate,espn-fantasy-api-kona-player-info-2026-ppr,https://lm-api-reads.fantasy.espn.com/apis/v3/games/ffl/seasons/2026/segments/0/leaguedefaults/1?view=kona_player_info,1,PPR,4366031,Tank Dell,tank dell,HOU,WR,"[3,4,5,23,7,20,21]",176,,162.61,,"{""draftRanksByRankType.PPR"":{""auctionValue"":1,""published"":false,""rank"":176,""rankSourceId"":0,""rankType"":""PPR"",""slotId"":0},""ownership"":{""activityLevel"":null,""auctionValueAverage"":0.55,""auctionValueAverageChange"":-0.1,""averageDraftPosition"":162.61,""averageDraftPositionPercentChange"":-2.99,""date"":1788211817620,""leagueType"":0,""percentChange"":-0.46,""percentOwned"":34.76,""percentStarted"":0.38}}",-13.39,189,draft-command:189,exact stable-ID match,1.0,,Live ESPN draft-room order was not separately observable from the public API capture.,b54e04c6b300b33b6a329998000ac91771f7c4eb9962653d868afb4463d40899,espn_2026_candidate_20260831T214508Z_6e169d4c54c0
2026,2026-08-31T21:45:08Z,2026-08-31T16:45:08-05:00,candidate,espn-fantasy-api-kona-player-info-2026-ppr,https://lm-api-reads.fantasy.espn.com/apis/v3/games/ffl/seasons/2026/segments/0/leaguedefaults/1?view=kona_player_info,1,PPR,3917792,Daniel Jones,daniel jones,IND,QB,"[0,7,20,21]",177,,159.39,,"{""draftRanksByRankType.PPR"":{""auctionValue"":1,""published"":false,""rank"":177,""rankSourceId"":0,""rankType"":""PPR"",""slotId"":0},""ownership"":{""activityLevel"":null,""auctionValueAverage"":1.28,""auctionValueAverageChange"":0.07,""averageDraftPosition"":159.39,""averageDraftPositionPercentChange"":-0.5,""date"":1788211816260,""leagueType"":0,""percentChange"":1.27,""percentOwned"":36.56,""percentStarted"":2.64}}",-17.61,155,draft-command:155,exact stable-ID match,1.0,,Live ESPN draft-room order was not separately observable from the public API capture.,21c7a0cce15d007c06ce451e52300e43904748789b6b824fc0849be09ad43138,espn_2026_candidate_20260831T214508Z_6e169d4c54c0
2026,2026-08-31T21:45:08Z,2026-08-31T16:45:08-05:00,candidate,espn-fantasy-api-kona-player-info-2026-ppr,https://lm-api-reads.fantasy.espn.com/apis/v3/games/ffl/seasons/2026/segments/0/leaguedefaults/1?view=kona_player_info,1,PPR,4362619,Chris Rodriguez Jr.,chris rodriguez,JAX,RB,"[2,3,23,7,20,21]",183,,164.94,,"{""draftRanksByRankType.PPR"":{""auctionValue"":0,""published"":false,""rank"":183,""rankSourceId"":0,""rankType"":""PPR"",""slotId"":0},""ownership"":{""activityLevel"":null,""auctionValueAverage"":0.51,""auctionValueAverageChange"":0.01,""averageDraftPosition"":164.94,""averageDraftPositionPercentChange"":0.13,""date"":1788211817580,""leagueType"":0,""percentChange"":2.01,""percentOwned"":27.58,""percentStarted"":0.44}}",-18.06,128,draft-command:128,exact stable-ID match,1.0,,Live ESPN draft-room order was not separately observable from the public API capture.,42b6b82bbf2408d198e5a37c1cb40f2f8660f257dd150b669218e41d594572c8,espn_2026_candidate_20260831T214508Z_6e169d4c54c0
2026,2026-08-31T21:45:08Z,2026-08-31T16:45:08-05:00,candidate,espn-fantasy-api-kona-player-info-2026-ppr,https://lm-api-reads.fantasy.espn.com/apis/v3/games/ffl/seasons/2026/segments/0/leaguedefaults/1?view=kona_player_info,1,PPR,4361529,Isiah Pacheco,isiah pacheco,DET,RB,"[2,3,23,7,20,21]",184,,157.96,,"{""draftRanksByRankType.PPR"":{""auctionValue"":0,""published"":false,""rank"":184,""rankSourceId"":0,""rankType"":""PPR"",""slotId"":0},""ownership"":{""activityLevel"":null,""auctionValueAverage"":0.68,""auctionValueAverageChange"":0.07,""averageDraftPosition"":157.96,""averageDraftPositionPercentChange"":1.64,""date"":1788211817471,""leagueType"":0,""percentChange"":1.7,""percentOwned"":44.02,""percentStarted"":1.79}}",-26.04,156,draft-command:156,exact stable-ID match,1.0,,Live ESPN draft-room order was not separately observable from the public API capture.,4e638ac544014ce7ad32a21b086a4432c215636e61640efbe8f5df9cbc27ab61,espn_2026_candidate_20260831T214508Z_6e169d4c54c0
2026,2026-08-31T21:45:08Z,2026-08-31T16:45:08-05:00,candidate,espn-fantasy-api-kona-player-info-2026-ppr,https://lm-api-reads.fantasy.espn.com/apis/v3/games/ffl/seasons/2026/segments/0/leaguedefaults/1?view=kona_player_info,1,PPR,3054850,Alvin Kamara,alvin kamara,NO,RB,"[2,3,23,7,20,21]",189,,160.27,,"{""draftRanksByRankType.PPR"":{""auctionValue"":0,""published"":false,""rank"":189,""rankSourceId"":0,""rankType"":""PPR"",""slotId"":0},""ownership"":{""activityLevel"":null,""auctionValueAverage"":0.61,""auctionValueAverageChange"":0.0,""averageDraftPosition"":160.27,""averageDraftPositionPercentChange"":-0.16,""date"":1788211815776,""leagueType"":0,""percentChange"":0.21,""percentOwned"":41.92,""percentStarted"":0.88}}",-28.73,153,draft-command:153,exact stable-ID match,1.0,,Live ESPN draft-room order was not separately observable from the public API capture.,3b0a39a160c9b15d9b39ddd1fb9264fb3fd9623bd842df1c62951ee07e5a7dc8,espn_2026_candidate_20260831T214508Z_6e169d4c54c0
2026,2026-08-31T21:45:08Z,2026-08-31T16:45:08-05:00,candidate,espn-fantasy-api-kona-player-info-2026-ppr,https://lm-api-reads.fantasy.espn.com/apis/v3/games/ffl/seasons/2026/segments/0/leaguedefaults/1?view=kona_player_info,1,PPR,3929645,Juwan Johnson,juwan johnson,NO,TE,"[5,6,23,7,20,21]",191,,158.95,,"{""draftRanksByRankType.PPR"":{""auctionValue"":0,""published"":false,""rank"":191,""rankSourceId"":0,""rankType"":""PPR"",""slotId"":0},""ownership"":{""activityLevel"":null,""auctionValueAverage"":0.54,""auctionValueAverageChange"":0.05,""averageDraftPosition"":158.95,""averageDraftPositionPercentChange"":1.43,""date"":1788211816312,""leagueType"":0,""percentChange"":2.78,""percentOwned"":38.41,""percentStarted"":6.46}}",-32.05,142,draft-command:142,exact stable-ID match,1.0,,Live ESPN draft-room order was not separately observable from the public API capture.,06625d4307cc51015b09d7aded9fc44410993417f54c4468701824cb9914fdc1,espn_2026_candidate_20260831T214508Z_6e169d4c54c0
2026,2026-08-31T21:45:08Z,2026-08-31T16:45:08-05:00,candidate,espn-fantasy-api-kona-player-info-2026-ppr,https://lm-api-reads.fantasy.espn.com/apis/v3/games/ffl/seasons/2026/segments/0/leaguedefaults/1?view=kona_player_info,1,PPR,3046439,Hunter Henry,hunter henry,NE,TE,"[5,6,23,7,20,21]",192,,151.43,,"{""draftRanksByRankType.PPR"":{""auctionValue"":0,""published"":false,""rank"":192,""rankSourceId"":0,""rankType"":""PPR"",""slotId"":0},""ownership"":{""activityLevel"":null,""auctionValueAverage"":0.73,""auctionValueAverageChange"":-0.06,""averageDraftPosition"":151.43,""averageDraftPositionPercentChange"":-2.4,""date"":1788211815704,""leagueType"":0,""percentChange"":-0.41,""percentOwned"":57.99,""percentStarted"":7.88}}",-40.57,139,draft-command:139,exact stable-ID match,1.0,,Live ESPN draft-room order was not separately observable from the public API capture.,a44250a90820c4e4acc7c25ea1d59c128fad41ff4fc1af264c03e89dbab7d9ba,espn_2026_candidate_20260831T214508Z_6e169d4c54c0
2026,2026-08-31T21:45:08Z,2026-08-31T16:45:08-05:00,candidate,espn-fantasy-api-kona-player-info-2026-ppr,https://lm-api-reads.fantasy.espn.com/apis/v3/games/ffl/seasons/2026/segments/0/leaguedefaults/1?view=kona_player_info,1,PPR,4373626,Tyler Allgeier,tyler allgeier,ARI,RB,"[2,3,23,7,20,21]",195,,162.78,,"{""draftRanksByRankType.PPR"":{""auctionValue"":0,""published"":false,""rank"":195,""rankSourceId"":0,""rankType"":""PPR"",""slotId"":0},""ownership"":{""activityLevel"":null,""auctionValueAverage"":0.6,""auctionValueAverageChange"":0.02,""averageDraftPosition"":162.78,""averageDraftPositionPercentChange"":0.25,""date"":1788211817692,""leagueType"":0,""percentChange"":2.28,""percentOwned"":32.57,""percentStarted"":0.7}}",-32.22,136,draft-command:136,exact stable-ID match,1.0,,Live ESPN draft-room order was not separately observable from the public API capture.,421a061bb651b2596a8e9da1159388837e2891d0ef29200a6f0c1fc773df573f,espn_2026_candidate_20260831T214508Z_6e169d4c54c0
2026,2026-08-31T21:45:08Z,2026-08-31T16:45:08-05:00,candidate,espn-fantasy-api-kona-player-info-2026-ppr,https://lm-api-reads.fantasy.espn.com/apis/v3/games/ffl/seasons/2026/segments/0/leaguedefaults/1?view=kona_player_info,1,PPR,4036133,T.J. Hockenson,t j hockenson,MIN,TE,"[5,6,23,7,20,21]",199,,147.94,,"{""draftRanksByRankType.PPR"":{""auctionValue"":0,""published"":false,""rank"":199,""rankSourceId"":0,""rankType"":""PPR"",""slotId"":0},""ownership"":{""activityLevel"":null,""auctionValueAverage"":0.84,""auctionValueAverageChange"":-0.07,""averageDraftPosition"":147.94,""averageDraftPositionPercentChange"":-4.45,""date"":1788211816560,""leagueType"":0,""percentChange"":-1.17,""percentOwned"":66.0,""percentStarted"":11.47}}",-51.06,161,draft-command:161,exact stable-ID match,1.0,,Live ESPN draft-room order was not separately observable from the public API capture.,a09a49d6af05231bad783c72a1b1e2729389ccc805ee601e8e90406122612daf,espn_2026_candidate_20260831T214508Z_6e169d4c54c0
2026,2026-08-31T21:45:08Z,2026-08-31T16:45:08-05:00,candidate,espn-fantasy-api-kona-player-info-2026-ppr,https://lm-api-reads.fantasy.espn.com/apis/v3/games/ffl/seasons/2026/segments/0/leaguedefaults/1?view=kona_player_info,1,PPR,5083315,Kenyon Sadiq,kenyon sadiq,NYJ,TE,"[25,5,6,23,7,20,21]",200,,161.1,,"{""draftRanksByRankType.PPR"":{""auctionValue"":0,""published"":false,""rank"":200,""rankSourceId"":0,""rankType"":""PPR"",""slotId"":0},""ownership"":{""activityLevel"":null,""auctionValueAverage"":0.56,""auctionValueAverageChange"":-0.09,""averageDraftPosition"":161.1,""averageDraftPositionPercentChange"":-4.09,""date"":1788211819620,""leagueType"":0,""percentChange"":-3.31,""percentOwned"":52.36,""percentStarted"":4.95}}",-38.9,173,draft-command:173,exact stable-ID match,1.0,,Live ESPN draft-room order was not separately observable from the public API capture.,1839ed94cb4485f877fa4b76b45851c3a7198f533e7dd007aa4c3693285e6140,espn_2026_candidate_20260831T214508Z_6e169d4c54c0
2026,2026-08-31T21:45:08Z,2026-08-31T16:45:08-05:00,candidate,espn-fantasy-api-kona-player-info-2026-ppr,https://lm-api-reads.fantasy.espn.com/apis/v3/games/ffl/seasons/2026/segments/0/leaguedefaults/1?view=kona_player_info,1,PPR,15818,Keenan Allen,keenan allen,IND,WR,"[3,4,5,23,7,20,21]",201,,165.62,,"{""draftRanksByRankType.PPR"":{""auctionValue"":0,""published"":false,""rank"":201,""rankSourceId"":0,""rankType"":""PPR"",""slotId"":0},""ownership"":{""activityLevel"":null,""auctionValueAverage"":0.36,""auctionValueAverageChange"":0.0,""averageDraftPosition"":165.62,""averageDraftPositionPercentChange"":0.03,""date"":1788211815117,""leagueType"":0,""percentChange"":1.59,""percentOwned"":25.31,""percentStarted"":0.51}}",-35.38,143,draft-command:143,exact stable-ID match,1.0,,Live ESPN draft-room order was not separately observable from the public API capture.,7c34084900211c8ba7cf7b0d52acd4df1f1a1c78e9e140a1f6cc5d66f781d1aa,espn_2026_candidate_20260831T214508Z_6e169d4c54c0
2026,2026-08-31T21:45:08Z,2026-08-31T16:45:08-05:00,candidate,espn-fantasy-api-kona-player-info-2026-ppr,https://lm-api-reads.fantasy.espn.com/apis/v3/games/ffl/seasons/2026/segments/0/leaguedefaults/1?view=kona_player_info,1,PPR,4036378,Jordan Love,jordan love,GB,QB,"[0,7,20,21]",203,,155.67,,"{""draftRanksByRankType.PPR"":{""auctionValue"":0,""published"":false,""rank"":203,""rankSourceId"":0,""rankType"":""PPR"",""slotId"":0},""ownership"":{""activityLevel"":null,""auctionValueAverage"":1.72,""auctionValueAverageChange"":0.18,""averageDraftPosition"":155.67,""averageDraftPositionPercentChange"":0.71,""date"":1788211816575,""leagueType"":0,""percentChange"":2.42,""percentOwned"":38.19,""percentStarted"":5.16}}",-47.33,137,draft-command:137,exact stable-ID match,1.0,,Live ESPN draft-room order was not separately observable from the public API capture.,bbd95db36f4caa7576558d897bf589a2d175d85416641b27ac7cb631b932244d,espn_2026_candidate_20260831T214508Z_6e169d4c54c0
2026,2026-08-31T21:45:08Z,2026-08-31T16:45:08-05:00,candidate,espn-fantasy-api-kona-player-info-2026-ppr,https://lm-api-reads.fantasy.espn.com/apis/v3/games/ffl/seasons/2026/segments/0/leaguedefaults/1?view=kona_player_info,1,PPR,3925357,Calvin Ridley,calvin ridley,TEN,WR,"[3,4,5,23,7,20,21]",205,,168.34,,"{""draftRanksByRankType.PPR"":{""auctionValue"":0,""published"":false,""rank"":205,""rankSourceId"":0,""rankType"":""PPR"",""slotId"":0},""ownership"":{""activityLevel"":null,""auctionValueAverage"":0.27,""auctionValueAverageChange"":0.0,""averageDraftPosition"":168.34,""averageDraftPositionPercentChange"":-0.07,""date"":1788211816298,""leagueType"":0,""percentChange"":1.41,""percentOwned"":24.94,""percentStarted"":0.47}}",-36.66,192,draft-command:192,exact stable-ID match,1.0,,Live ESPN draft-room order was not separately observable from the public API capture.,c537d32f2c0c5358649efadde61af3d376c898d5fe1c59b2108ecc359d1f1134,espn_2026_candidate_20260831T214508Z_6e169d4c54c0
2026,2026-08-31T21:45:08Z,2026-08-31T16:45:08-05:00,candidate,espn-fantasy-api-kona-player-info-2026-ppr,https://lm-api-reads.fantasy.espn.com/apis/v3/games/ffl/seasons/2026/segments/0/leaguedefaults/1?view=kona_player_info,1,PPR,5081397,Dylan Sampson,dylan sampson,CLE,RB,"[2,3,23,7,20,21]",206,,169.09,,"{""draftRanksByRankType.PPR"":{""auctionValue"":0,""published"":false,""rank"":206,""rankSourceId"":0,""rankType"":""PPR"",""slotId"":0},""ownership"":{""activityLevel"":null,""auctionValueAverage"":0.23,""auctionValueAverageChange"":0.02,""averageDraftPosition"":169.09,""averageDraftPositionPercentChange"":0.5,""date"":1788211819517,""leagueType"":0,""percentChange"":2.51,""percentOwned"":16.42,""percentStarted"":0.36}}",-36.91,159,draft-command:159,exact stable-ID match,1.0,,Live ESPN draft-room order was not separately observable from the public API capture.,1a4fe8115d89a43c0c97e3133604351563233777dccbb9c531873e9d98e8a510,espn_2026_candidate_20260831T214508Z_6e169d4c54c0
2026,2026-08-31T21:45:08Z,2026-08-31T16:45:08-05:00,candidate,espn-fantasy-api-kona-player-info-2026-ppr,https://lm-api-reads.fantasy.espn.com/apis/v3/games/ffl/seasons/2026/segments/0/leaguedefaults/1?view=kona_player_info,1,PPR,4241474,Brian Robinson Jr.,brian robinson,ATL,RB,"[2,3,23,7,20,21]",207,,167.56,,"{""draftRanksByRankType.PPR"":{""auctionValue"":0,""published"":false,""rank"":207,""rankSourceId"":0,""rankType"":""PPR"",""slotId"":0},""ownership"":{""activityLevel"":null,""auctionValueAverage"":1.15,""auctionValueAverageChange"":-0.06,""averageDraftPosition"":167.56,""averageDraftPositionPercentChange"":-0.99,""date"":1788211816936,""leagueType"":0,""percentChange"":1.12,""percentOwned"":25.38,""percentStarted"":0.9}}",-39.44,152,draft-command:152,exact stable-ID match,1.0,,Live ESPN draft-room order was not separately observable from the public API capture.,f5516896f0b3438e9aa3c8b7d28549433bed5938d09aef9a739545c325e3e95c,espn_2026_candidate_20260831T214508Z_6e169d4c54c0
2026,2026-08-31T21:45:08Z,2026-08-31T16:45:08-05:00,candidate,espn-fantasy-api-kona-player-info-2026-ppr,https://lm-api-reads.fantasy.espn.com/apis/v3/games/ffl/seasons/2026/segments/0/leaguedefaults/1?view=kona_player_info,1,PPR,4430539,Brenton Strange,brenton strange,JAX,TE,"[5,6,23,7,20,21]",208,,167.55,,"{""draftRanksByRankType.PPR"":{""auctionValue"":0,""published"":false,""rank"":208,""rankSourceId"":0,""rankType"":""PPR"",""slotId"":0},""ownership"":{""activityLevel"":null,""auctionValueAverage"":0.27,""auctionValueAverageChange"":0.01,""averageDraftPosition"":167.55,""averageDraftPositionPercentChange"":0.04,""date"":1788211818190,""leagueType"":0,""percentChange"":1.94,""percentOwned"":23.61,""percentStarted"":2.96}}",-40.45,146,draft-command:146,exact stable-ID match,1.0,,Live ESPN draft-room order was not separately observable from the public API capture.,85fd09d8a718b7c5a3318e2ef59eb2ca68bee6ba3287d9cac01bada3d89830a8,espn_2026_candidate_20260831T214508Z_6e169d4c54c0
2026,2026-08-31T21:45:08Z,2026-08-31T16:45:08-05:00,candidate,espn-fantasy-api-kona-player-info-2026-ppr,https://lm-api-reads.fantasy.espn.com/apis/v3/games/ffl/seasons/2026/segments/0/leaguedefaults/1?view=kona_player_info,1,PPR,4586312,Jaylin Noel,jaylin noel,HOU,WR,"[3,4,5,23,7,20,21]",212,,171.85,,"{""draftRanksByRankType.PPR"":{""auctionValue"":0,""published"":false,""rank"":212,""rankSourceId"":0,""rankType"":""PPR"",""slotId"":0},""ownership"":{""activityLevel"":null,""auctionValueAverage"":0.09,""auctionValueAverageChange"":0.01,""averageDraftPosition"":171.85,""averageDraftPositionPercentChange"":-0.09,""date"":1788211818675,""leagueType"":0,""percentChange"":1.55,""percentOwned"":8.26,""percentStarted"":0.16}}",-40.15,172,draft-command:172,exact stable-ID match,1.0,,Live ESPN draft-room order was not separately observable from the public API capture.,c3e79ede7c53acbf2ac91ef5928ddbed8c4d21d8687a2a4eec8ff9e7111a8bdd,espn_2026_candidate_20260831T214508Z_6e169d4c54c0
2026,2026-08-31T21:45:08Z,2026-08-31T16:45:08-05:00,candidate,espn-fantasy-api-kona-player-info-2026-ppr,https://lm-api-reads.fantasy.espn.com/apis/v3/games/ffl/seasons/2026/segments/0/leaguedefaults/1?view=kona_player_info,1,PPR,4570037,Terrance Ferguson,terrance ferguson,LAR,TE,"[5,6,23,7,20,21]",213,,168.34,,"{""draftRanksByRankType.PPR"":{""auctionValue"":0,""published"":false,""rank"":213,""rankSourceId"":0,""rankType"":""PPR"",""slotId"":0},""ownership"":{""activityLevel"":null,""auctionValueAverage"":0.33,""auctionValueAverageChange"":0.01,""averageDraftPosition"":168.34,""averageDraftPositionPercentChange"":-0.97,""date"":1788211818573,""leagueType"":0,""percentChange"":0.59,""percentOwned"":24.12,""percentStarted"":2.6}}",-44.66,157,draft-command:157,exact stable-ID match,1.0,,Live ESPN draft-room order was not separately observable from the public API capture.,b97ec95d4978a62d71f1b503dac8de040d1849c9c1c27f8f32230ab717df7d41,espn_2026_candidate_20260831T214508Z_6e169d4c54c0
2026,2026-08-31T21:45:08Z,2026-08-31T16:45:08-05:00,candidate,espn-fantasy-api-kona-player-info-2026-ppr,https://lm-api-reads.fantasy.espn.com/apis/v3/games/ffl/seasons/2026/segments/0/leaguedefaults/1?view=kona_player_info,1,PPR,4032473,Rashid Shaheed,rashid shaheed,SEA,WR,"[3,4,5,23,7,20,21]",214,,159.95,,"{""draftRanksByRankType.PPR"":{""auctionValue"":0,""published"":false,""rank"":214,""rankSourceId"":0,""rankType"":""PPR"",""slotId"":0},""ownership"":{""activityLevel"":null,""auctionValueAverage"":0.67,""auctionValueAverageChange"":-0.04,""averageDraftPosition"":159.95,""averageDraftPositionPercentChange"":-1.57,""date"":1788211816357,""leagueType"":0,""percentChange"":0.59,""percentOwned"":43.36,""percentStarted"":2.32}}",-54.05,141,draft-command:141,exact stable-ID match,1.0,,Live ESPN draft-room order was not separately observable from the public API capture.,962d636467278100cb17aecd87381f53fc85ff3a4e1320676e240a10a3d07b69,espn_2026_candidate_20260831T214508Z_6e169d4c54c0
2026,2026-08-31T21:45:08Z,2026-08-31T16:45:08-05:00,candidate,espn-fantasy-api-kona-player-info-2026-ppr,https://lm-api-reads.fantasy.espn.com/apis/v3/games/ffl/seasons/2026/segments/0/leaguedefaults/1?view=kona_player_info,1,PPR,4832800,Denzel Boston,denzel boston,CLE,WR,"[25,3,4,5,23,7,20,21]",215,,168.78,,"{""draftRanksByRankType.PPR"":{""auctionValue"":0,""published"":false,""rank"":215,""rankSourceId"":0,""rankType"":""PPR"",""slotId"":0},""ownership"":{""activityLevel"":null,""auctionValueAverage"":0.31,""auctionValueAverageChange"":-0.01,""averageDraftPosition"":168.78,""averageDraftPositionPercentChange"":-0.94,""date"":1788211819328,""leagueType"":0,""percentChange"":0.84,""percentOwned"":24.39,""percentStarted"":0.46}}",-46.22,144,draft-command:144,exact stable-ID match,1.0,,Live ESPN draft-room order was not separately observable from the public API capture.,8b260ad20d869bf10c8f0507466310fe4de12be338107ddfad2345bc6f259317,espn_2026_candidate_20260831T214508Z_6e169d4c54c0
2026,2026-08-31T21:45:08Z,2026-08-31T16:45:08-05:00,candidate,espn-fantasy-api-kona-player-info-2026-ppr,https://lm-api-reads.fantasy.espn.com/apis/v3/games/ffl/seasons/2026/segments/0/leaguedefaults/1?view=kona_player_info,1,PPR,4241463,Jerry Jeudy,jerry jeudy,CLE,WR,"[3,4,5,23,7,20,21]",216,,168.27,,"{""draftRanksByRankType.PPR"":{""auctionValue"":0,""published"":false,""rank"":216,""rankSourceId"":0,""rankType"":""PPR"",""slotId"":0},""ownership"":{""activityLevel"":null,""auctionValueAverage"":0.31,""auctionValueAverageChange"":0.0,""averageDraftPosition"":168.27,""averageDraftPositionPercentChange"":-0.87,""date"":1788211816922,""leagueType"":0,""percentChange"":0.38,""percentOwned"":28.3,""percentStarted"":0.66}}",-47.73,171,draft-command:171,exact stable-ID match,1.0,,Live ESPN draft-room order was not separately observable from the public API capture.,ed83fbddeb03c50ff4f36d4f42a8c0bd2dade080d4b2142acc0c6be2e7e4ea8e,espn_2026_candidate_20260831T214508Z_6e169d4c54c0
2026,2026-08-31T21:45:08Z,2026-08-31T16:45:08-05:00,candidate,espn-fantasy-api-kona-player-info-2026-ppr,https://lm-api-reads.fantasy.espn.com/apis/v3/games/ffl/seasons/2026/segments/0/leaguedefaults/1?view=kona_player_info,1,PPR,4597500,Adonai Mitchell,adonai mitchell,NYJ,WR,"[3,4,5,23,7,20,21]",220,,171.05,,"{""draftRanksByRankType.PPR"":{""auctionValue"":0,""published"":false,""rank"":220,""rankSourceId"":0,""rankType"":""PPR"",""slotId"":0},""ownership"":{""activityLevel"":null,""auctionValueAverage"":0.17,""auctionValueAverageChange"":0.0,""averageDraftPosition"":171.05,""averageDraftPositionPercentChange"":-0.36,""date"":1788211818880,""leagueType"":0,""percentChange"":0.73,""percentOwned"":14.89,""percentStarted"":0.28}}",-48.95,168,draft-command:168,exact stable-ID match,1.0,,Live ESPN draft-room order was not separately observable from the public API capture.,a76bb8ba6843b23668a9676bfc31dc48d86e6bf97dd06856d3b743fabb1ad7cf,espn_2026_candidate_20260831T214508Z_6e169d4c54c0
2026,2026-08-31T21:45:08Z,2026-08-31T16:45:08-05:00,candidate,espn-fantasy-api-kona-player-info-2026-ppr,https://lm-api-reads.fantasy.espn.com/apis/v3/games/ffl/seasons/2026/segments/0/leaguedefaults/1?view=kona_player_info,1,PPR,4869645,Caleb Douglas,caleb douglas,MIA,WR,"[25,3,4,5,23,7,20,21]",221,,170.66,,"{""draftRanksByRankType.PPR"":{""auctionValue"":0,""published"":false,""rank"":221,""rankSourceId"":0,""rankType"":""PPR"",""slotId"":0},""ownership"":{""activityLevel"":null,""auctionValueAverage"":0.2,""auctionValueAverageChange"":-0.01,""averageDraftPosition"":170.66,""averageDraftPositionPercentChange"":-0.39,""date"":1788211819364,""leagueType"":0,""percentChange"":0.77,""percentOwned"":14.14,""percentStarted"":0.23}}",-50.34,158,draft-command:158,exact stable-ID match,1.0,,Live ESPN draft-room order was not separately observable from the public API capture.,1b19bc17c99b7b07b9303f6ad0431806ba88eeb5ba77f0ef52673b0458dcdd69,espn_2026_candidate_20260831T214508Z_6e169d4c54c0
2026,2026-08-31T21:45:08Z,2026-08-31T16:45:08-05:00,candidate,espn-fantasy-api-kona-player-info-2026-ppr,https://lm-api-reads.fantasy.espn.com/apis/v3/games/ffl/seasons/2026/segments/0/leaguedefaults/1?view=kona_player_info,1,PPR,4242512,Malik Willis,malik willis,MIA,QB,"[0,7,20,21]",222,,167.53,,"{""draftRanksByRankType.PPR"":{""auctionValue"":0,""published"":false,""rank"":222,""rankSourceId"":0,""rankType"":""PPR"",""slotId"":0},""ownership"":{""activityLevel"":null,""auctionValueAverage"":0.9,""auctionValueAverageChange"":0.07,""averageDraftPosition"":167.53,""averageDraftPositionPercentChange"":-0.25,""date"":1788211817022,""leagueType"":0,""percentChange"":0.74,""percentOwned"":19.92,""percentStarted"":1.75}}",-54.47,148,draft-command:148,exact stable-ID match,1.0,,Live ESPN draft-room order was not separately observable from the public API capture.,33866349059e61356fce1464163c1cc717f4e856362984c22e7f992c38acdd7d,espn_2026_candidate_20260831T214508Z_6e169d4c54c0
2026,2026-08-31T21:45:08Z,2026-08-31T16:45:08-05:00,candidate,espn-fantasy-api-kona-player-info-2026-ppr,https://lm-api-reads.fantasy.espn.com/apis/v3/games/ffl/seasons/2026/segments/0/leaguedefaults/1?view=kona_player_info,1,PPR,4880281,Jordyn Tyson,jordyn tyson,NO,WR,"[25,3,4,5,23,7,20,21]",223,,168.09,,"{""draftRanksByRankType.PPR"":{""auctionValue"":1,""published"":false,""rank"":223,""rankSourceId"":0,""rankType"":""PPR"",""slotId"":0},""ownership"":{""activityLevel"":null,""auctionValueAverage"":0.49,""auctionValueAverageChange"":0.02,""averageDraftPosition"":168.09,""averageDraftPositionPercentChange"":-0.33,""date"":1788211819465,""leagueType"":0,""percentChange"":-2.85,""percentOwned"":42.66,""percentStarted"":1.29}}",-54.91,127,draft-command:127,exact stable-ID match,1.0,,Live ESPN draft-room order was not separately observable from the public API capture.,0ad6d3d12ddbd8d72479a221865e8f4c60045d2e05a26b1a2d8541f6eafda355,espn_2026_candidate_20260831T214508Z_6e169d4c54c0
2026,2026-08-31T21:45:08Z,2026-08-31T16:45:08-05:00,candidate,espn-fantasy-api-kona-player-info-2026-ppr,https://lm-api-reads.fantasy.espn.com/apis/v3/games/ffl/seasons/2026/segments/0/leaguedefaults/1?view=kona_player_info,1,PPR,4428718,Tre Tucker,tre tucker,LV,WR,"[3,4,5,23,7,20,21]",226,,169.12,,"{""draftRanksByRankType.PPR"":{""auctionValue"":1,""published"":false,""rank"":226,""rankSourceId"":0,""rankType"":""PPR"",""slotId"":0},""ownership"":{""activityLevel"":null,""auctionValueAverage"":0.38,""auctionValueAverageChange"":0.03,""averageDraftPosition"":169.12,""averageDraftPositionPercentChange"":-0.3,""date"":1788211818018,""leagueType"":0,""percentChange"":1.33,""percentOwned"":24.08,""percentStarted"":0.94}}",-56.88,154,draft-command:154,exact stable-ID match,1.0,,Live ESPN draft-room order was not separately observable from the public API capture.,14298ef269beb367767d573af29244570bb53c0d5869e72d7184e15fd7e12493,espn_2026_candidate_20260831T214508Z_6e169d4c54c0
2026,2026-08-31T21:45:08Z,2026-08-31T16:45:08-05:00,candidate,espn-fantasy-api-kona-player-info-2026-ppr,https://lm-api-reads.fantasy.espn.com/apis/v3/games/ffl/seasons/2026/segments/0/leaguedefaults/1?view=kona_player_info,1,PPR,4382466,Jalen Nailor,jalen nailor,LV,WR,"[3,4,5,23,7,20,21]",227,,171.08,,"{""draftRanksByRankType.PPR"":{""auctionValue"":1,""published"":false,""rank"":227,""rankSourceId"":0,""rankType"":""PPR"",""slotId"":0},""ownership"":{""activityLevel"":null,""auctionValueAverage"":0.25,""auctionValueAverageChange"":0.03,""averageDraftPosition"":171.08,""averageDraftPositionPercentChange"":-0.16,""date"":1788211817746,""leagueType"":0,""percentChange"":0.52,""percentOwned"":12.87,""percentStarted"":0.33}}",-55.92,162,draft-command:162,exact stable-ID match,1.0,,Live ESPN draft-room order was not separately observable from the public API capture.,427a02272f99592c6770e3e0c869e938b09a2271150e7f9b10845fa79b32116e,espn_2026_candidate_20260831T214508Z_6e169d4c54c0
2026,2026-08-31T21:45:08Z,2026-08-31T16:45:08-05:00,candidate,espn-fantasy-api-kona-player-info-2026-ppr,https://lm-api-reads.fantasy.espn.com/apis/v3/games/ffl/seasons/2026/segments/0/leaguedefaults/1?view=kona_player_info,1,PPR,4596334,Keaton Mitchell,keaton mitchell,LAC,RB,"[2,3,23,7,20,21]",228,,169.36,,"{""draftRanksByRankType.PPR"":{""auctionValue"":1,""published"":false,""rank"":228,""rankSourceId"":0,""rankType"":""PPR"",""slotId"":0},""ownership"":{""activityLevel"":null,""auctionValueAverage"":0.37,""auctionValueAverageChange"":0.0,""averageDraftPosition"":169.36,""averageDraftPositionPercentChange"":-0.14,""date"":1788211818716,""leagueType"":0,""percentChange"":1.71,""percentOwned"":19.53,""percentStarted"":0.34}}",-58.64,140,draft-command:140,exact stable-ID match,1.0,,Live ESPN draft-room order was not separately observable from the public API capture.,eeed04a069b72d1698f4a191f46d8a07e3b84fafdeae7484cbdd7745c68c3549,espn_2026_candidate_20260831T214508Z_6e169d4c54c0
2026,2026-08-31T21:45:08Z,2026-08-31T16:45:08-05:00,candidate,espn-fantasy-api-kona-player-info-2026-ppr,https://lm-api-reads.fantasy.espn.com/apis/v3/games/ffl/seasons/2026/segments/0/leaguedefaults/1?view=kona_player_info,1,PPR,4686658,Mike Washington Jr.,mike washington,LV,RB,"[25,2,3,23,7,20,21]",229,,164.22,,"{""draftRanksByRankType.PPR"":{""auctionValue"":1,""published"":false,""rank"":229,""rankSourceId"":0,""rankType"":""PPR"",""slotId"":0},""ownership"":{""activityLevel"":null,""auctionValueAverage"":0.88,""auctionValueAverageChange"":-0.11,""averageDraftPosition"":164.22,""averageDraftPositionPercentChange"":-1.13,""date"":1788211819139,""leagueType"":0,""percentChange"":-0.76,""percentOwned"":36.58,""percentStarted"":1.01}}",-64.78,145,draft-command:145,exact stable-ID match,1.0,,Live ESPN draft-room order was not separately observable from the public API capture.,1dc33ed9bd87cc4dd76896adb1a9cc7d4aa83689b160d275467187226b20fb63,espn_2026_candidate_20260831T214508Z_6e169d4c54c0
2026,2026-08-31T21:45:08Z,2026-08-31T16:45:08-05:00,candidate,espn-fantasy-api-kona-player-info-2026-ppr,https://lm-api-reads.fantasy.espn.com/apis/v3/games/ffl/seasons/2026/segments/0/leaguedefaults/1?view=kona_player_info,1,PPR,4685247,Braelon Allen,braelon allen,NYJ,RB,"[2,3,23,7,20,21]",230,,170.98,,"{""draftRanksByRankType.PPR"":{""auctionValue"":1,""published"":false,""rank"":230,""rankSourceId"":0,""rankType"":""PPR"",""slotId"":0},""ownership"":{""activityLevel"":null,""auctionValueAverage"":0.25,""auctionValueAverageChange"":0.04,""averageDraftPosition"":170.98,""averageDraftPositionPercentChange"":-0.02,""date"":1788211819001,""leagueType"":0,""percentChange"":0.96,""percentOwned"":11.36,""percentStarted"":0.23}}",-59.02,166,draft-command:166,exact stable-ID match,1.0,,Live ESPN draft-room order was not separately observable from the public API capture.,1bdc56531bc28793357467abf02e4dc514ac9c25391b0f5a1285f9eafad22028,espn_2026_candidate_20260831T214508Z_6e169d4c54c0
2026,2026-08-31T21:45:08Z,2026-08-31T16:45:08-05:00,candidate,espn-fantasy-api-kona-player-info-2026-ppr,https://lm-api-reads.fantasy.espn.com/apis/v3/games/ffl/seasons/2026/segments/0/leaguedefaults/1?view=kona_player_info,1,PPR,4360939,Rashod Bateman,rashod bateman,BAL,WR,"[3,4,5,23,7,20,21]",232,,171.4,,"{""draftRanksByRankType.PPR"":{""auctionValue"":1,""published"":false,""rank"":232,""rankSourceId"":0,""rankType"":""PPR"",""slotId"":0},""ownership"":{""activityLevel"":null,""auctionValueAverage"":0.16,""auctionValueAverageChange"":0.01,""averageDraftPosition"":171.4,""averageDraftPositionPercentChange"":-0.09,""date"":1788211817395,""leagueType"":0,""percentChange"":0.38,""percentOwned"":9.02,""percentStarted"":0.28}}",-60.6,186,draft-command:186,exact stable-ID match,1.0,,Live ESPN draft-room order was not separately observable from the public API capture.,d8af6466dcf7d98ff6ee6c7b8f00ca35f9e00b3b74649aa4701079456132385e,espn_2026_candidate_20260831T214508Z_6e169d4c54c0
2026,2026-08-31T21:45:08Z,2026-08-31T16:45:08-05:00,candidate,espn-fantasy-api-kona-player-info-2026-ppr,https://lm-api-reads.fantasy.espn.com/apis/v3/games/ffl/seasons/2026/segments/0/leaguedefaults/1?view=kona_player_info,1,PPR,4428850,Dontayvion Wicks,dontayvion wicks,PHI,WR,"[3,4,5,23,7,20,21]",235,,170.97,,"{""draftRanksByRankType.PPR"":{""auctionValue"":1,""published"":false,""rank"":235,""rankSourceId"":0,""rankType"":""PPR"",""slotId"":0},""ownership"":{""activityLevel"":null,""auctionValueAverage"":0.19,""auctionValueAverageChange"":0.01,""averageDraftPosition"":170.97,""averageDraftPositionPercentChange"":-0.09,""date"":1788211818023,""leagueType"":0,""percentChange"":0.56,""percentOwned"":9.01,""percentStarted"":0.23}}",-64.03,163,draft-command:163,exact stable-ID match,1.0,,Live ESPN draft-room order was not separately observable from the public API capture.,64a4646061cac6d3e8c196e5cd1722351cf65ff3247f99c9996fceb1d7383cba,espn_2026_candidate_20260831T214508Z_6e169d4c54c0
2026,2026-08-31T21:45:08Z,2026-08-31T16:45:08-05:00,candidate,espn-fantasy-api-kona-player-info-2026-ppr,https://lm-api-reads.fantasy.espn.com/apis/v3/games/ffl/seasons/2026/segments/0/leaguedefaults/1?view=kona_player_info,1,PPR,4569559,Devaughn Vele,devaughn vele,NO,WR,"[3,4,5,23,7,20,21]",236,,171.66,,"{""draftRanksByRankType.PPR"":{""auctionValue"":1,""published"":false,""rank"":236,""rankSourceId"":0,""rankType"":""PPR"",""slotId"":0},""ownership"":{""activityLevel"":null,""auctionValueAverage"":0.13,""auctionValueAverageChange"":0.02,""averageDraftPosition"":171.66,""averageDraftPositionPercentChange"":-0.07,""date"":1788211818528,""leagueType"":0,""percentChange"":0.98,""percentOwned"":8.35,""percentStarted"":0.43}}",-64.34,167,draft-command:167,exact stable-ID match,1.0,,Live ESPN draft-room order was not separately observable from the public API capture.,1aec48f0fa2d6afa70d4cc2c0a14b5170ffe2cb7c7385d7182cbc90496ad7e98,espn_2026_candidate_20260831T214508Z_6e169d4c54c0
2026,2026-08-31T21:45:08Z,2026-08-31T16:45:08-05:00,candidate,espn-fantasy-api-kona-player-info-2026-ppr,https://lm-api-reads.fantasy.espn.com/apis/v3/games/ffl/seasons/2026/segments/0/leaguedefaults/1?view=kona_player_info,1,PPR,4429013,Tank Bigsby,tank bigsby,PHI,RB,"[2,3,23,7,20,21]",237,,169.72,,"{""draftRanksByRankType.PPR"":{""auctionValue"":1,""published"":false,""rank"":237,""rankSourceId"":0,""rankType"":""PPR"",""slotId"":0},""ownership"":{""activityLevel"":null,""auctionValueAverage"":0.31,""auctionValueAverageChange"":0.0,""averageDraftPosition"":169.72,""averageDraftPositionPercentChange"":-0.2,""date"":1788211818052,""leagueType"":0,""percentChange"":0.43,""percentOwned"":18.15,""percentStarted"":0.47}}",-67.28,150,draft-command:150,exact stable-ID match,1.0,,Live ESPN draft-room order was not separately observable from the public API capture.,1df1cedac8cf0701b417f7d669cb28b6ccbba2814cea934282f509bafe314235,espn_2026_candidate_20260831T214508Z_6e169d4c54c0
2026,2026-08-31T21:45:08Z,2026-08-31T16:45:08-05:00,candidate,espn-fantasy-api-kona-player-info-2026-ppr,https://lm-api-reads.fantasy.espn.com/apis/v3/games/ffl/seasons/2026/segments/0/leaguedefaults/1?view=kona_player_info,1,PPR,4429501,Ray Davis,ray davis,BUF,RB,"[2,3,23,7,20,21]",238,,171.05,,"{""draftRanksByRankType.PPR"":{""auctionValue"":0,""published"":false,""rank"":238,""rankSourceId"":0,""rankType"":""PPR"",""slotId"":0},""ownership"":{""activityLevel"":null,""auctionValueAverage"":0.16,""auctionValueAverageChange"":-0.01,""averageDraftPosition"":171.05,""averageDraftPositionPercentChange"":-0.06,""date"":1788211818124,""leagueType"":0,""percentChange"":0.05,""percentOwned"":10.1,""percentStarted"":0.33}}",-66.95,169,draft-command:169,exact stable-ID match,1.0,,Live ESPN draft-room order was not separately observable from the public API capture.,f14a9aab237ee07df7d34bbfd42763f533f4c0ca6fd8bfcea52dd669124014c0,espn_2026_candidate_20260831T214508Z_6e169d4c54c0
2026,2026-08-31T21:45:08Z,2026-08-31T16:45:08-05:00,candidate,espn-fantasy-api-kona-player-info-2026-ppr,https://lm-api-reads.fantasy.espn.com/apis/v3/games/ffl/seasons/2026/segments/0/leaguedefaults/1?view=kona_player_info,1,PPR,4241457,Najee Harris,najee harris,NYG,RB,"[2,3,23,7,20,21]",270,,170.22,,"{""draftRanksByRankType.PPR"":{""auctionValue"":0,""published"":false,""rank"":270,""rankSourceId"":0,""rankType"":""PPR"",""slotId"":0},""ownership"":{""activityLevel"":null,""auctionValueAverage"":0.12,""auctionValueAverageChange"":0.03,""averageDraftPosition"":170.22,""averageDraftPositionPercentChange"":-0.09,""date"":1788211816920,""leagueType"":0,""percentChange"":1.82,""percentOwned"":8.81,""percentStarted"":0.34}}",-99.78,,,unresolved,0.0,no Draft Command player match,Live ESPN draft-room order was not separately observable from the public API capture.,1c2df552678d9d0c56e6c49615f3a7694987d2ee71ba0128e75c308179426c01,espn_2026_candidate_20260831T214508Z_6e169d4c54c0
2026,2026-08-31T21:45:08Z,2026-08-31T16:45:08-05:00,candidate,espn-fantasy-api-kona-player-info-2026-ppr,https://lm-api-reads.fantasy.espn.com/apis/v3/games/ffl/seasons/2026/segments/0/leaguedefaults/1?view=kona_player_info,1,PPR,4038441,Justice Hill,justice hill,BAL,RB,"[2,3,23,7,20,21]",273,,168.51,,"{""draftRanksByRankType.PPR"":{""auctionValue"":0,""published"":false,""rank"":273,""rankSourceId"":0,""rankType"":""PPR"",""slotId"":0},""ownership"":{""activityLevel"":null,""auctionValueAverage"":0.23,""auctionValueAverageChange"":0.03,""averageDraftPosition"":168.51,""averageDraftPositionPercentChange"":0.7,""date"":1788211816614,""leagueType"":0,""percentChange"":3.15,""percentOwned"":17.54,""percentStarted"":0.58}}",-104.49,194,draft-command:194,exact stable-ID match,1.0,,Live ESPN draft-room order was not separately observable from the public API capture.,f9d6c47f08cd60e8c67d4c3fb2008fb6ac62b6d6d9b1df9172a327a9ebc75931,espn_2026_candidate_20260831T214508Z_6e169d4c54c0
2026,2026-08-31T21:45:08Z,2026-08-31T16:45:08-05:00,candidate,espn-fantasy-api-kona-player-info-2026-ppr,https://lm-api-reads.fantasy.espn.com/apis/v3/games/ffl/seasons/2026/segments/0/leaguedefaults/1?view=kona_player_info,1,PPR,4870847,Ja'Kobi Lane,ja kobi lane,BAL,WR,"[25,3,4,5,23,7,20,21]",276,,168.63,,"{""draftRanksByRankType.PPR"":{""auctionValue"":0,""published"":false,""rank"":276,""rankSourceId"":0,""rankType"":""PPR"",""slotId"":0},""ownership"":{""activityLevel"":null,""auctionValueAverage"":0.25,""auctionValueAverageChange"":0.01,""averageDraftPosition"":168.63,""averageDraftPositionPercentChange"":-0.26,""date"":1788211819403,""leagueType"":0,""percentChange"":0.44,""percentOwned"":17.49,""percentStarted"":0.56}}",-107.37,178,draft-command:178,exact stable-ID match,1.0,,Live ESPN draft-room order was not separately observable from the public API capture.,90ff6283c954e5fe2bedc61094b66d7ef1292a976f333721feabe3bf0a8fb179,espn_2026_candidate_20260831T214508Z_6e169d4c54c0
2026,2026-08-31T21:45:08Z,2026-08-31T16:45:08-05:00,candidate,espn-fantasy-api-kona-player-info-2026-ppr,https://lm-api-reads.fantasy.espn.com/apis/v3/games/ffl/seasons/2026/segments/0/leaguedefaults/1?view=kona_player_info,1,PPR,4432577,C.J. Stroud,c j stroud,HOU,QB,"[0,7,20,21]",280,,165.24,,"{""draftRanksByRankType.PPR"":{""auctionValue"":0,""published"":false,""rank"":280,""rankSourceId"":0,""rankType"":""PPR"",""slotId"":0},""ownership"":{""activityLevel"":null,""auctionValueAverage"":0.86,""auctionValueAverageChange"":0.07,""averageDraftPosition"":165.24,""averageDraftPositionPercentChange"":-0.03,""date"":1788211818346,""leagueType"":0,""percentChange"":0.97,""percentOwned"":22.75,""percentStarted"":2.92}}",-114.76,170,draft-command:170,exact stable-ID match,1.0,,Live ESPN draft-room order was not separately observable from the public API capture.,6ab31d2a4e13a4b7bfea1d6ccb7948bba92c5630d9701f28965e0669991a935d,espn_2026_candidate_20260831T214508Z_6e169d4c54c0
2026,2026-08-31T21:45:08Z,2026-08-31T16:45:08-05:00,candidate,espn-fantasy-api-kona-player-info-2026-ppr,https://lm-api-reads.fantasy.espn.com/apis/v3/games/ffl/seasons/2026/segments/0/leaguedefaults/1?view=kona_player_info,1,PPR,3912547,Sam Darnold,sam darnold,SEA,QB,"[0,7,20,21]",283,,162.2,,"{""draftRanksByRankType.PPR"":{""auctionValue"":0,""published"":false,""rank"":283,""rankSourceId"":0,""rankType"":""PPR"",""slotId"":0},""ownership"":{""activityLevel"":null,""auctionValueAverage"":1.14,""auctionValueAverageChange"":0.09,""averageDraftPosition"":162.2,""averageDraftPositionPercentChange"":-0.01,""date"":1788211816159,""leagueType"":0,""percentChange"":1.3,""percentOwned"":25.5,""percentStarted"":2.79}}",-120.8,160,draft-command:160,exact stable-ID match,1.0,,Live ESPN draft-room order was not separately observable from the public API capture.,53282cd9469e807fa0754aecf495ef85600941ce507b8a8a8c19eaea031dcbc9,espn_2026_candidate_20260831T214508Z_6e169d4c54c0
2026,2026-08-31T21:45:08Z,2026-08-31T16:45:08-05:00,candidate,espn-fantasy-api-kona-player-info-2026-ppr,https://lm-api-reads.fantasy.espn.com/apis/v3/games/ffl/seasons/2026/segments/0/leaguedefaults/1?view=kona_player_info,1,PPR,3886598,Jauan Jennings,jauan jennings,MIN,WR,"[3,4,5,23,7,20,21]",285,,171.11,,"{""draftRanksByRankType.PPR"":{""auctionValue"":0,""published"":false,""rank"":285,""rankSourceId"":0,""rankType"":""PPR"",""slotId"":0},""ownership"":{""activityLevel"":null,""auctionValueAverage"":0.09,""auctionValueAverageChange"":0.0,""averageDraftPosition"":171.11,""averageDraftPositionPercentChange"":-0.07,""date"":1788208213086,""leagueType"":0,""percentChange"":0.17,""percentOwned"":9.04,""percentStarted"":0.26}}",-113.89,183,draft-command:183,exact stable-ID match,1.0,,Live ESPN draft-room order was not separately observable from the public API capture.,17ab519fe150afe34c7301078332158617b9ab7639d0813e0300ae9df9fa9611,espn_2026_candidate_20260831T214508Z_6e169d4c54c0
2026,2026-08-31T21:45:08Z,2026-08-31T16:45:08-05:00,candidate,espn-fantasy-api-kona-player-info-2026-ppr,https://lm-api-reads.fantasy.espn.com/apis/v3/games/ffl/seasons/2026/segments/0/leaguedefaults/1?view=kona_player_info,1,PPR,4682648,Malachi Fields,malachi fields,NYG,WR,"[25,3,4,5,23,7,20,21]",287,,170.1,,"{""draftRanksByRankType.PPR"":{""auctionValue"":0,""published"":false,""rank"":287,""rankSourceId"":0,""rankType"":""PPR"",""slotId"":0},""ownership"":{""activityLevel"":null,""auctionValueAverage"":0.04,""auctionValueAverageChange"":0.0,""averageDraftPosition"":170.1,""averageDraftPositionPercentChange"":-0.04,""date"":1788211818950,""leagueType"":0,""percentChange"":0.15,""percentOwned"":2.81,""percentStarted"":0.1}}",-116.9,,,unresolved,0.0,no Draft Command player match,Live ESPN draft-room order was not separately observable from the public API capture.,26b69ee42aaf91a3d7ce635acf51791c493501e42ace2bfce2730e23aeb40b49,espn_2026_candidate_20260831T214508Z_6e169d4c54c0
2026,2026-08-31T21:45:08Z,2026-08-31T16:45:08-05:00,candidate,espn-fantasy-api-kona-player-info-2026-ppr,https://lm-api-reads.fantasy.espn.com/apis/v3/games/ffl/seasons/2026/segments/0/leaguedefaults/1?view=kona_player_info,1,PPR,4685261,Germie Bernard,germie bernard,PIT,WR,"[25,3,4,5,23,7,20,21]",290,,171.33,,"{""draftRanksByRankType.PPR"":{""auctionValue"":0,""published"":false,""rank"":290,""rankSourceId"":0,""rankType"":""PPR"",""slotId"":0},""ownership"":{""activityLevel"":null,""auctionValueAverage"":0.06,""auctionValueAverageChange"":0.0,""averageDraftPosition"":171.33,""averageDraftPositionPercentChange"":0.0,""date"":1788211819007,""leagueType"":0,""percentChange"":-0.1,""percentOwned"":7.12,""percentStarted"":0.2}}",-118.67,,,unresolved,0.0,no Draft Command player match,Live ESPN draft-room order was not separately observable from the public API capture.,27014876af98d33a07dda4074908adba527f6eed25002fff4f124d3d08c396fc,espn_2026_candidate_20260831T214508Z_6e169d4c54c0
2026,2026-08-31T21:45:08Z,2026-08-31T16:45:08-05:00,candidate,espn-fantasy-api-kona-player-info-2026-ppr,https://lm-api-reads.fantasy.espn.com/apis/v3/games/ffl/seasons/2026/segments/0/leaguedefaults/1?view=kona_player_info,1,PPR,4686612,Tre' Harris,tre harris,LAC,WR,"[3,4,5,23,7,20,21]",293,,171.17,,"{""draftRanksByRankType.PPR"":{""auctionValue"":0,""published"":false,""rank"":293,""rankSourceId"":0,""rankType"":""PPR"",""slotId"":0},""ownership"":{""activityLevel"":null,""auctionValueAverage"":0.06,""auctionValueAverageChange"":0.0,""averageDraftPosition"":171.17,""averageDraftPositionPercentChange"":-0.06,""date"":1788211819135,""leagueType"":0,""percentChange"":0.13,""percentOwned"":4.51,""percentStarted"":0.11}}",-121.83,179,draft-command:179,exact stable-ID match,1.0,,Live ESPN draft-room order was not separately observable from the public API capture.,67732285bdb4f88ca505ad1de290bf9a7dec735b5c0bf71bee0d8d8c36ef08f1,espn_2026_candidate_20260831T214508Z_6e169d4c54c0
2026,2026-08-31T21:45:08Z,2026-08-31T16:45:08-05:00,candidate,espn-fantasy-api-kona-player-info-2026-ppr,https://lm-api-reads.fantasy.espn.com/apis/v3/games/ffl/seasons/2026/segments/0/leaguedefaults/1?view=kona_player_info,1,PPR,4361411,Pat Freiermuth,pat freiermuth,PIT,TE,"[5,6,23,7,20,21]",296,,169.54,,"{""draftRanksByRankType.PPR"":{""auctionValue"":0,""published"":false,""rank"":296,""rankSourceId"":0,""rankType"":""PPR"",""slotId"":0},""ownership"":{""activityLevel"":null,""auctionValueAverage"":0.13,""auctionValueAverageChange"":0.01,""averageDraftPosition"":169.54,""averageDraftPositionPercentChange"":-0.16,""date"":1788211817445,""leagueType"":0,""percentChange"":0.57,""percentOwned"":14.15,""percentStarted"":2.03}}",-126.46,,,unresolved,0.0,no Draft Command player match,Live ESPN draft-room order was not separately observable from the public API capture.,3463ab081eec024eea0936b40cca40ea5d5da5ea98b0174d5e77c32f69a9168c,espn_2026_candidate_20260831T214508Z_6e169d4c54c0
2026,2026-08-31T21:45:08Z,2026-08-31T16:45:08-05:00,candidate,espn-fantasy-api-kona-player-info-2026-ppr,https://lm-api-reads.fantasy.espn.com/apis/v3/games/ffl/seasons/2026/segments/0/leaguedefaults/1?view=kona_player_info,1,PPR,3117256,Dalton Schultz,dalton schultz,HOU,TE,"[5,6,23,7,20,21]",297,,168.61,,"{""draftRanksByRankType.PPR"":{""auctionValue"":0,""published"":false,""rank"":297,""rankSourceId"":0,""rankType"":""PPR"",""slotId"":0},""ownership"":{""activityLevel"":null,""auctionValueAverage"":0.15,""auctionValueAverageChange"":0.0,""averageDraftPosition"":168.61,""averageDraftPositionPercentChange"":-0.18,""date"":1788211815881,""leagueType"":0,""percentChange"":0.76,""percentOwned"":17.81,""percentStarted"":2.51}}",-128.39,164,draft-command:164,exact stable-ID match,1.0,,Live ESPN draft-room order was not separately observable from the public API capture.,c4c5bfc10352d21e154c41829670c0f342fa0760674b4997cc1d1f74469b3f97,espn_2026_candidate_20260831T214508Z_6e169d4c54c0
2026,2026-08-31T21:45:08Z,2026-08-31T16:45:08-05:00,candidate,espn-fantasy-api-kona-player-info-2026-ppr,https://lm-api-reads.fantasy.espn.com/apis/v3/games/ffl/seasons/2026/segments/0/leaguedefaults/1?view=kona_player_info,1,PPR,5083754,Ryan Flournoy,ryan flournoy,DAL,WR,"[3,4,5,23,7,20,21]",299,,171.09,,"{""draftRanksByRankType.PPR"":{""auctionValue"":0,""published"":false,""rank"":299,""rankSourceId"":0,""rankType"":""PPR"",""slotId"":0},""ownership"":{""activityLevel"":null,""auctionValueAverage"":0.06,""auctionValueAverageChange"":-0.01,""averageDraftPosition"":171.09,""averageDraftPositionPercentChange"":-0.05,""date"":1788211819623,""leagueType"":0,""percentChange"":0.11,""percentOwned"":4.34,""percentStarted"":0.2}}",-127.91,175,draft-command:175,exact stable-ID match,1.0,,Live ESPN draft-room order was not separately observable from the public API capture.,d42af3b7316e36ed3415dea6af09f4d7eee1981e522bb49327487cb5a3067a3d,espn_2026_candidate_20260831T214508Z_6e169d4c54c0
2026,2026-08-31T21:45:08Z,2026-08-31T16:45:08-05:00,candidate,espn-fantasy-api-kona-player-info-2026-ppr,https://lm-api-reads.fantasy.espn.com/apis/v3/games/ffl/seasons/2026/segments/0/leaguedefaults/1?view=kona_player_info,1,PPR,4870612,Zachariah Branch,zachariah branch,ATL,WR,"[25,3,4,5,23,7,20,21]",302,,170.89,,"{""draftRanksByRankType.PPR"":{""auctionValue"":0,""published"":false,""rank"":302,""rankSourceId"":0,""rankType"":""PPR"",""slotId"":0},""ownership"":{""activityLevel"":null,""auctionValueAverage"":0.06,""auctionValueAverageChange"":0.0,""averageDraftPosition"":170.89,""averageDraftPositionPercentChange"":-0.04,""date"":1788211819378,""leagueType"":0,""percentChange"":0.01,""percentOwned"":5.44,""percentStarted"":0.17}}",-131.11,193,draft-command:193,exact stable-ID match,1.0,,Live ESPN draft-room order was not separately observable from the public API capture.,96f111306fe843fe299ea8256fefbfccedc0eb0efa5032c69a81ee97145e0400,espn_2026_candidate_20260831T214508Z_6e169d4c54c0
2026,2026-08-31T21:45:08Z,2026-08-31T16:45:08-05:00,candidate,espn-fantasy-api-kona-player-info-2026-ppr,https://lm-api-reads.fantasy.espn.com/apis/v3/games/ffl/seasons/2026/segments/0/leaguedefaults/1?view=kona_player_info,1,PPR,4723820,Omar Cooper Jr.,omar cooper,NYJ,WR,"[25,3,4,5,23,7,20,21]",304,,171.2,,"{""draftRanksByRankType.PPR"":{""auctionValue"":0,""published"":false,""rank"":304,""rankSourceId"":0,""rankType"":""PPR"",""slotId"":0},""ownership"":{""activityLevel"":null,""auctionValueAverage"":0.05,""auctionValueAverageChange"":0.0,""averageDraftPosition"":171.2,""averageDraftPositionPercentChange"":-0.01,""date"":1788211819304,""leagueType"":0,""percentChange"":-0.57,""percentOwned"":7.53,""percentStarted"":0.17}}",-132.8,188,draft-command:188,exact stable-ID match,1.0,,Live ESPN draft-room order was not separately observable from the public API capture.,597766e957b7193c130807d928f990d1c49b371e9d71ec86a80ae343ba61d212,espn_2026_candidate_20260831T214508Z_6e169d4c54c0
2026,2026-08-31T21:45:08Z,2026-08-31T16:45:08-05:00,candidate,espn-fantasy-api-kona-player-info-2026-ppr,https://lm-api-reads.fantasy.espn.com/apis/v3/games/ffl/seasons/2026/segments/0/leaguedefaults/1?view=kona_player_info,1,PPR,4429022,Kayshon Boutte,kayshon boutte,HOU,WR,"[3,4,5,23,7,20,21]",305,,170.6,,"{""draftRanksByRankType.PPR"":{""auctionValue"":0,""published"":false,""rank"":305,""rankSourceId"":0,""rankType"":""PPR"",""slotId"":0},""ownership"":{""activityLevel"":null,""auctionValueAverage"":0.11,""auctionValueAverageChange"":0.01,""averageDraftPosition"":170.6,""averageDraftPositionPercentChange"":0.01,""date"":1788211818059,""leagueType"":0,""percentChange"":0.95,""percentOwned"":9.22,""percentStarted"":0.29}}",-134.4,180,draft-command:180,exact stable-ID match,1.0,,Live ESPN draft-room order was not separately observable from the public API capture.,d24665549ca3913ceea933da2a848d9678820587f7d329211d4a3095eef3a2d7,espn_2026_candidate_20260831T214508Z_6e169d4c54c0
2026,2026-08-31T21:45:08Z,2026-08-31T16:45:08-05:00,candidate,espn-fantasy-api-kona-player-info-2026-ppr,https://lm-api-reads.fantasy.espn.com/apis/v3/games/ffl/seasons/2026/segments/0/leaguedefaults/1?view=kona_player_info,1,PPR,4696044,Kaelon Black,kaelon black,SF,RB,"[25,2,3,23,7,20,21]",306,,170.43,,"{""draftRanksByRankType.PPR"":{""auctionValue"":0,""published"":false,""rank"":306,""rankSourceId"":0,""rankType"":""PPR"",""slotId"":0},""ownership"":{""activityLevel"":null,""auctionValueAverage"":0.18,""auctionValueAverageChange"":0.02,""averageDraftPosition"":170.43,""averageDraftPositionPercentChange"":-0.02,""date"":1788211819222,""leagueType"":0,""percentChange"":0.78,""percentOwned"":7.3,""percentStarted"":0.13}}",-135.57,181,draft-command:181,exact stable-ID match,1.0,,Live ESPN draft-room order was not separately observable from the public API capture.,9f722485dc7a1f117071f9640f484066eaea396e0aa965014463e529167c97fc,espn_2026_candidate_20260831T214508Z_6e169d4c54c0
2026,2026-08-31T21:45:08Z,2026-08-31T16:45:08-05:00,candidate,espn-fantasy-api-kona-player-info-2026-ppr,https://lm-api-reads.fantasy.espn.com/apis/v3/games/ffl/seasons/2026/segments/0/leaguedefaults/1?view=kona_player_info,1,PPR,4430968,Kimani Vidal,kimani vidal,LAC,RB,"[2,3,23,7,20,21]",307,,170.97,,"{""draftRanksByRankType.PPR"":{""auctionValue"":0,""published"":false,""rank"":307,""rankSourceId"":0,""rankType"":""PPR"",""slotId"":0},""ownership"":{""activityLevel"":null,""auctionValueAverage"":0.05,""auctionValueAverageChange"":0.0,""averageDraftPosition"":170.97,""averageDraftPositionPercentChange"":-0.04,""date"":1788211818231,""leagueType"":0,""percentChange"":0.19,""percentOwned"":3.12,""percentStarted"":0.08}}",-136.03,,,unresolved,0.0,no Draft Command player match,Live ESPN draft-room order was not separately observable from the public API capture.,311eb7f46115c97574a80f9b013965522635f034e6b2c5574778c06aee38f23d,espn_2026_candidate_20260831T214508Z_6e169d4c54c0
2026,2026-08-31T21:45:08Z,2026-08-31T16:45:08-05:00,candidate,espn-fantasy-api-kona-player-info-2026-ppr,https://lm-api-reads.fantasy.espn.com/apis/v3/games/ffl/seasons/2026/segments/0/leaguedefaults/1?view=kona_player_info,1,PPR,4682745,Jaylen Wright,jaylen wright,MIA,RB,"[2,3,23,7,20,21]",308,,170.57,,"{""draftRanksByRankType.PPR"":{""auctionValue"":0,""published"":false,""rank"":308,""rankSourceId"":0,""rankType"":""PPR"",""slotId"":0},""ownership"":{""activityLevel"":null,""auctionValueAverage"":0.04,""auctionValueAverageChange"":0.0,""averageDraftPosition"":170.57,""averageDraftPositionPercentChange"":-0.03,""date"":1788211818954,""leagueType"":0,""percentChange"":0.14,""percentOwned"":2.33,""percentStarted"":0.12}}",-137.43,,,unresolved,0.0,no Draft Command player match,Live ESPN draft-room order was not separately observable from the public API capture.,770704ade6edbe0661347c8fd9d8182f9e8e19372b4f64d8a22e2dc2f1e7517c,espn_2026_candidate_20260831T214508Z_6e169d4c54c0
2026,2026-08-31T21:45:08Z,2026-08-31T16:45:08-05:00,candidate,espn-fantasy-api-kona-player-info-2026-ppr,https://lm-api-reads.fantasy.espn.com/apis/v3/games/ffl/seasons/2026/segments/0/leaguedefaults/1?view=kona_player_info,1,PPR,4686728,Gunnar Helm,gunnar helm,TEN,TE,"[5,6,23,7,20,21]",310,,170.75,,"{""draftRanksByRankType.PPR"":{""auctionValue"":0,""published"":false,""rank"":310,""rankSourceId"":0,""rankType"":""PPR"",""slotId"":0},""ownership"":{""activityLevel"":null,""auctionValueAverage"":0.05,""auctionValueAverageChange"":0.0,""averageDraftPosition"":170.75,""averageDraftPositionPercentChange"":-0.09,""date"":1788211819141,""leagueType"":0,""percentChange"":0.24,""percentOwned"":5.67,""percentStarted"":0.59}}",-139.25,197,draft-command:197,exact stable-ID match,1.0,,Live ESPN draft-room order was not separately observable from the public API capture.,848b38812224354ebe30d7e3a7347af3a037d4bcd8a2c69586aec8e3bef335cd,espn_2026_candidate_20260831T214508Z_6e169d4c54c0
2026,2026-08-31T21:45:08Z,2026-08-31T16:45:08-05:00,candidate,espn-fantasy-api-kona-player-info-2026-ppr,https://lm-api-reads.fantasy.espn.com/apis/v3/games/ffl/seasons/2026/segments/0/leaguedefaults/1?view=kona_player_info,1,PPR,4360635,Chig Okonkwo,chig okonkwo,WAS,TE,"[5,6,23,7,20,21]",311,,170.16,,"{""draftRanksByRankType.PPR"":{""auctionValue"":0,""published"":false,""rank"":311,""rankSourceId"":0,""rankType"":""PPR"",""slotId"":0},""ownership"":{""activityLevel"":null,""auctionValueAverage"":0.1,""auctionValueAverageChange"":-0.01,""averageDraftPosition"":170.16,""averageDraftPositionPercentChange"":-0.14,""date"":1788211817340,""leagueType"":0,""percentChange"":0.14,""percentOwned"":8.81,""percentStarted"":1.16}}",-140.84,165,draft-command:165,exact stable-ID match,1.0,,Live ESPN draft-room order was not separately observable from the public API capture.,67f40bfeb99c133c1721d09659b470967e2664c7561ab78ef1bf264c938f3ee3,espn_2026_candidate_20260831T214508Z_6e169d4c54c0
2026,2026-08-31T21:45:08Z,2026-08-31T16:45:08-05:00,candidate,espn-fantasy-api-kona-player-info-2026-ppr,https://lm-api-reads.fantasy.espn.com/apis/v3/games/ffl/seasons/2026/segments/0/leaguedefaults/1?view=kona_player_info,1,PPR,4576297,AJ Barner,aj barner,SEA,TE,"[5,6,23,7,20,21]",312,,169.69,,"{""draftRanksByRankType.PPR"":{""auctionValue"":0,""published"":false,""rank"":312,""rankSourceId"":0,""rankType"":""PPR"",""slotId"":0},""ownership"":{""activityLevel"":null,""auctionValueAverage"":0.09,""auctionValueAverageChange"":0.01,""averageDraftPosition"":169.69,""averageDraftPositionPercentChange"":-0.06,""date"":1788211818667,""leagueType"":0,""percentChange"":0.16,""percentOwned"":7.0,""percentStarted"":0.95}}",-142.31,174,draft-command:174,exact stable-ID match,1.0,,Live ESPN draft-room order was not separately observable from the public API capture.,e8c4be30aab7e063fed99f13531f9de95686169dbe8fc80b088432076adf51d9,espn_2026_candidate_20260831T214508Z_6e169d4c54c0
2026,2026-08-31T21:45:08Z,2026-08-31T16:45:08-05:00,candidate,espn-fantasy-api-kona-player-info-2026-ppr,https://lm-api-reads.fantasy.espn.com/apis/v3/games/ffl/seasons/2026/segments/0/leaguedefaults/1?view=kona_player_info,1,PPR,4685720,Bryce Young,bryce young,CAR,QB,"[0,7,20,21]",313,,168.9,,"{""draftRanksByRankType.PPR"":{""auctionValue"":0,""published"":false,""rank"":313,""rankSourceId"":0,""rankType"":""PPR"",""slotId"":0},""ownership"":{""activityLevel"":null,""auctionValueAverage"":0.42,""auctionValueAverageChange"":0.0,""averageDraftPosition"":168.9,""averageDraftPositionPercentChange"":-0.03,""date"":1788211819097,""leagueType"":0,""percentChange"":0.39,""percentOwned"":10.01,""percentStarted"":0.88}}",-144.1,177,draft-command:177,exact stable-ID match,1.0,,Live ESPN draft-room order was not separately observable from the public API capture.,647e1bad936a59a40bb1431e0105dbdc9207f7fd3d9164cc493836887f238c43,espn_2026_candidate_20260831T214508Z_6e169d4c54c0
2026,2026-08-31T21:45:08Z,2026-08-31T16:45:08-05:00,candidate,espn-fantasy-api-kona-player-info-2026-ppr,https://lm-api-reads.fantasy.espn.com/apis/v3/games/ffl/seasons/2026/segments/0/leaguedefaults/1?view=kona_player_info,1,PPR,4688380,Cam Ward,cam ward,TEN,QB,"[0,7,20,21]",315,,169.22,,"{""draftRanksByRankType.PPR"":{""auctionValue"":0,""published"":false,""rank"":315,""rankSourceId"":0,""rankType"":""PPR"",""slotId"":0},""ownership"":{""activityLevel"":null,""auctionValueAverage"":0.4,""auctionValueAverageChange"":0.01,""averageDraftPosition"":169.22,""averageDraftPositionPercentChange"":-0.02,""date"":1788211819163,""leagueType"":0,""percentChange"":0.09,""percentOwned"":9.74,""percentStarted"":0.72}}",-145.78,182,draft-command:182,exact stable-ID match,1.0,,Live ESPN draft-room order was not separately observable from the public API capture.,18bc3310638937a3453e327a616fa1fd917db1abe27234e0812b69ad9480d00e,espn_2026_candidate_20260831T214508Z_6e169d4c54c0
2026,2026-08-31T21:45:08Z,2026-08-31T16:45:08-05:00,candidate,espn-fantasy-api-kona-player-info-2026-ppr,https://lm-api-reads.fantasy.espn.com/apis/v3/games/ffl/seasons/2026/segments/0/leaguedefaults/1?view=kona_player_info,1,PPR,2578570,Jacoby Brissett,jacoby brissett,ARI,QB,"[0,7,20,21]",317,,169.98,,"{""draftRanksByRankType.PPR"":{""auctionValue"":0,""published"":false,""rank"":317,""rankSourceId"":0,""rankType"":""PPR"",""slotId"":0},""ownership"":{""activityLevel"":null,""auctionValueAverage"":0.24,""auctionValueAverageChange"":0.01,""averageDraftPosition"":169.98,""averageDraftPositionPercentChange"":0.02,""date"":1788211815399,""leagueType"":0,""percentChange"":0.23,""percentOwned"":4.77,""percentStarted"":0.34}}",-147.02,200,draft-command:200,exact stable-ID match,1.0,,Live ESPN draft-room order was not separately observable from the public API capture.,fdf995806ba671ae53a3a53dffef90bc849ef399b9cc599f916afa06c6858924,espn_2026_candidate_20260831T214508Z_6e169d4c54c0
2026,2026-08-31T21:45:08Z,2026-08-31T16:45:08-05:00,candidate,espn-fantasy-api-kona-player-info-2026-ppr,https://lm-api-reads.fantasy.espn.com/apis/v3/games/ffl/seasons/2026/segments/0/leaguedefaults/1?view=kona_player_info,1,PPR,4711533,Ollie Gordon II,ollie gordon,MIA,RB,"[2,3,23,7,20,21]",319,,170.67,,"{""draftRanksByRankType.PPR"":{""auctionValue"":0,""published"":false,""rank"":319,""rankSourceId"":0,""rankType"":""PPR"",""slotId"":0},""ownership"":{""activityLevel"":null,""auctionValueAverage"":0.02,""auctionValueAverageChange"":0.0,""averageDraftPosition"":170.67,""averageDraftPositionPercentChange"":-0.01,""date"":1788208215758,""leagueType"":0,""percentChange"":0.02,""percentOwned"":1.53,""percentStarted"":0.06}}",-148.33,191,draft-command:191,exact stable-ID match,1.0,,Live ESPN draft-room order was not separately observable from the public API capture.,8cb1c2df4259e0b34a8f5f05344634132a2d7c2827cfa766a94f4d661e01af2d,espn_2026_candidate_20260831T214508Z_6e169d4c54c0
2026,2026-08-31T21:45:08Z,2026-08-31T16:45:08-05:00,candidate,espn-fantasy-api-kona-player-info-2026-ppr,https://lm-api-reads.fantasy.espn.com/apis/v3/games/ffl/seasons/2026/segments/0/leaguedefaults/1?view=kona_player_info,1,PPR,3116389,Samaje Perine,samaje perine,CIN,RB,"[2,3,23,7,20,21]",320,,171.17,,"{""draftRanksByRankType.PPR"":{""auctionValue"":0,""published"":false,""rank"":320,""rankSourceId"":0,""rankType"":""PPR"",""slotId"":0},""ownership"":{""activityLevel"":null,""auctionValueAverage"":0.06,""auctionValueAverageChange"":0.01,""averageDraftPosition"":171.17,""averageDraftPositionPercentChange"":-0.06,""date"":1788211815847,""leagueType"":0,""percentChange"":0.59,""percentOwned"":5.17,""percentStarted"":0.22}}",-148.83,,,unresolved,0.0,no Draft Command player match,Live ESPN draft-room order was not separately observable from the public API capture.,736b0901acdef0a36203840606f393b8886dfef9ab74c949dff93c28bc4d55a9,espn_2026_candidate_20260831T214508Z_6e169d4c54c0
2026,2026-08-31T21:45:08Z,2026-08-31T16:45:08-05:00,candidate,espn-fantasy-api-kona-player-info-2026-ppr,https://lm-api-reads.fantasy.espn.com/apis/v3/games/ffl/seasons/2026/segments/0/leaguedefaults/1?view=kona_player_info,1,PPR,3915411,Ty Johnson,ty johnson,BUF,RB,"[2,3,23,7,20,21]",321,,170.75,,"{""draftRanksByRankType.PPR"":{""auctionValue"":0,""published"":false,""rank"":321,""rankSourceId"":0,""rankType"":""PPR"",""slotId"":0},""ownership"":{""activityLevel"":null,""auctionValueAverage"":0.02,""auctionValueAverageChange"":0.0,""averageDraftPosition"":170.75,""averageDraftPositionPercentChange"":-0.04,""date"":1788211816185,""leagueType"":0,""percentChange"":0.09,""percentOwned"":1.59,""percentStarted"":0.11}}",-150.25,,,unresolved,0.0,no Draft Command player match,Live ESPN draft-room order was not separately observable from the public API capture.,57fed98d20d8e6688168fa6748364311669144a6ea0da3c310cd881855603923,espn_2026_candidate_20260831T214508Z_6e169d4c54c0
2026,2026-08-31T21:45:08Z,2026-08-31T16:45:08-05:00,candidate,espn-fantasy-api-kona-player-info-2026-ppr,https://lm-api-reads.fantasy.espn.com/apis/v3/games/ffl/seasons/2026/segments/0/leaguedefaults/1?view=kona_player_info,1,PPR,4569603,Malik Washington,malik washington,MIA,WR,"[3,4,5,23,7,20,21]",322,,170.17,,"{""draftRanksByRankType.PPR"":{""auctionValue"":0,""published"":false,""rank"":322,""rankSourceId"":0,""rankType"":""PPR"",""slotId"":0},""ownership"":{""activityLevel"":null,""auctionValueAverage"":0.13,""auctionValueAverageChange"":0.01,""averageDraftPosition"":170.17,""averageDraftPositionPercentChange"":-0.01,""date"":1788211818540,""leagueType"":0,""percentChange"":0.43,""percentOwned"":7.98,""percentStarted"":0.77}}",-151.83,187,draft-command:187,exact stable-ID match,1.0,,Live ESPN draft-room order was not separately observable from the public API capture.,8be4a064dd679d196126897d1393c205fcc5fda4d231449fbd46b285c4834218,espn_2026_candidate_20260831T214508Z_6e169d4c54c0
2026,2026-08-31T21:45:08Z,2026-08-31T16:45:08-05:00,candidate,espn-fantasy-api-kona-player-info-2026-ppr,https://lm-api-reads.fantasy.espn.com/apis/v3/games/ffl/seasons/2026/segments/0/leaguedefaults/1?view=kona_player_info,1,PPR,4240603,Malik Davis,malik davis,DAL,RB,"[2,3,23,7,20,21]",324,,170.1,,"{""draftRanksByRankType.PPR"":{""auctionValue"":0,""published"":false,""rank"":324,""rankSourceId"":0,""rankType"":""PPR"",""slotId"":0},""ownership"":{""activityLevel"":null,""auctionValueAverage"":0.02,""auctionValueAverageChange"":0.01,""averageDraftPosition"":170.1,""averageDraftPositionPercentChange"":-0.06,""date"":1788211816872,""leagueType"":0,""percentChange"":0.69,""percentOwned"":1.38,""percentStarted"":0.09}}",-153.9,,,unresolved,0.0,no Draft Command player match,Live ESPN draft-room order was not separately observable from the public API capture.,e94e723337d879b737fd04a38a8dcbc48237b42a07a533394521ea9580b5651d,espn_2026_candidate_20260831T214508Z_6e169d4c54c0
2026,2026-08-31T21:45:08Z,2026-08-31T16:45:08-05:00,candidate,espn-fantasy-api-kona-player-info-2026-ppr,https://lm-api-reads.fantasy.espn.com/apis/v3/games/ffl/seasons/2026/segments/0/leaguedefaults/1?view=kona_player_info,1,PPR,4596602,Brashard Smith,brashard smith,KC,RB,"[2,3,23,7,20,21]",325,,170.09,,"{""draftRanksByRankType.PPR"":{""auctionValue"":0,""published"":false,""rank"":325,""rankSourceId"":0,""rankType"":""PPR"",""slotId"":0},""ownership"":{""activityLevel"":null,""auctionValueAverage"":0.0,""auctionValueAverageChange"":0.0,""averageDraftPosition"":170.09,""averageDraftPositionPercentChange"":-0.01,""date"":1788211818876,""leagueType"":0,""percentChange"":0.02,""percentOwned"":0.3,""percentStarted"":0.03}}",-154.91,,,unresolved,0.0,no Draft Command player match,Live ESPN draft-room order was not separately observable from the public API capture.,9c5527959c721375a0b1ebc69b9bd9691d83f1246764d7a375a0feebd827c8af,espn_2026_candidate_20260831T214508Z_6e169d4c54c0
2026,2026-08-31T21:45:08Z,2026-08-31T16:45:08-05:00,candidate,espn-fantasy-api-kona-player-info-2026-ppr,https://lm-api-reads.fantasy.espn.com/apis/v3/games/ffl/seasons/2026/segments/0/leaguedefaults/1?view=kona_player_info,1,PPR,2977187,Cooper Kupp,cooper kupp,SEA,WR,"[3,4,5,23,7,20,21]",326,,169.21,,"{""draftRanksByRankType.PPR"":{""auctionValue"":0,""published"":false,""rank"":326,""rankSourceId"":0,""rankType"":""PPR"",""slotId"":0},""ownership"":{""activityLevel"":null,""auctionValueAverage"":0.16,""auctionValueAverageChange"":-0.01,""averageDraftPosition"":169.21,""averageDraftPositionPercentChange"":-0.06,""date"":1788211815541,""leagueType"":0,""percentChange"":0.38,""percentOwned"":11.64,""percentStarted"":0.86}}",-156.79,,,unresolved,0.0,no Draft Command player match,Live ESPN draft-room order was not separately observable from the public API capture.,45904567ca0940456fefb3ce9ce08cf96ba0811b30a43dfce84459a6045a29e3,espn_2026_candidate_20260831T214508Z_6e169d4c54c0
2026,2026-08-31T21:45:08Z,2026-08-31T16:45:08-05:00,candidate,espn-fantasy-api-kona-player-info-2026-ppr,https://lm-api-reads.fantasy.espn.com/apis/v3/games/ffl/seasons/2026/segments/0/leaguedefaults/1?view=kona_player_info,1,PPR,4430034,Xavier Legette,xavier legette,CAR,WR,"[3,4,5,23,7,20,21]",327,,170.72,,"{""draftRanksByRankType.PPR"":{""auctionValue"":0,""published"":false,""rank"":327,""rankSourceId"":0,""rankType"":""PPR"",""slotId"":0},""ownership"":{""activityLevel"":null,""auctionValueAverage"":0.02,""auctionValueAverageChange"":0.0,""averageDraftPosition"":170.72,""averageDraftPositionPercentChange"":-0.02,""date"":1788211818171,""leagueType"":0,""percentChange"":-0.06,""percentOwned"":2.14,""percentStarted"":0.1}}",-156.28,,,unresolved,0.0,no Draft Command player match,Live ESPN draft-room order was not separately observable from the public API capture.,b44c81e2d9d6650a1be954d25a52d656bfd20baece2f297dba832a025a4d8d56,espn_2026_candidate_20260831T214508Z_6e169d4c54c0
2026,2026-08-31T21:45:08Z,2026-08-31T16:45:08-05:00,candidate,espn-fantasy-api-kona-player-info-2026-ppr,https://lm-api-reads.fantasy.espn.com/apis/v3/games/ffl/seasons/2026/segments/0/leaguedefaults/1?view=kona_player_info,1,PPR,4361409,Jahan Dotson,jahan dotson,ATL,WR,"[3,4,5,23,7,20,21]",328,,170.67,,"{""draftRanksByRankType.PPR"":{""auctionValue"":0,""published"":false,""rank"":328,""rankSourceId"":0,""rankType"":""PPR"",""slotId"":0},""ownership"":{""activityLevel"":null,""auctionValueAverage"":0.01,""auctionValueAverageChange"":0.0,""averageDraftPosition"":170.67,""averageDraftPositionPercentChange"":-0.02,""date"":1788211817439,""leagueType"":0,""percentChange"":0.07,""percentOwned"":1.08,""percentStarted"":0.05}}",-157.33,,,unresolved,0.0,no Draft Command player match,Live ESPN draft-room order was not separately observable from the public API capture.,a67a6078f0d8e9ed18e8946c1aeab1436f5fb7e6e964bea69c6509f559a0feef,espn_2026_candidate_20260831T214508Z_6e169d4c54c0
2026,2026-08-31T21:45:08Z,2026-08-31T16:45:08-05:00,candidate,espn-fantasy-api-kona-player-info-2026-ppr,https://lm-api-reads.fantasy.espn.com/apis/v3/games/ffl/seasons/2026/segments/0/leaguedefaults/1?view=kona_player_info,1,PPR,4686422,Xavier Hutchinson,xavier hutchinson,HOU,WR,"[3,4,5,23,7,20,21]",329,,170.06,,"{""draftRanksByRankType.PPR"":{""auctionValue"":0,""published"":false,""rank"":329,""rankSourceId"":0,""rankType"":""PPR"",""slotId"":0},""ownership"":{""activityLevel"":null,""auctionValueAverage"":0.0,""auctionValueAverageChange"":0.0,""averageDraftPosition"":170.06,""averageDraftPositionPercentChange"":0.05,""date"":1788211819128,""leagueType"":0,""percentChange"":-0.01,""percentOwned"":0.39,""percentStarted"":0.03}}",-158.94,,,unresolved,0.0,no Draft Command player match,Live ESPN draft-room order was not separately observable from the public API capture.,0f91a0db84aac4fe5583baccfb1a253be35519f465e2dd248ab19c49ac43c53a,espn_2026_candidate_20260831T214508Z_6e169d4c54c0
2026,2026-08-31T21:45:08Z,2026-08-31T16:45:08-05:00,candidate,espn-fantasy-api-kona-player-info-2026-ppr,https://lm-api-reads.fantasy.espn.com/apis/v3/games/ffl/seasons/2026/segments/0/leaguedefaults/1?view=kona_player_info,1,PPR,4249417,Jalen Tolbert,jalen tolbert,MIA,WR,"[3,4,5,23,7,20,21]",330,,170.55,,"{""draftRanksByRankType.PPR"":{""auctionValue"":0,""published"":false,""rank"":330,""rankSourceId"":0,""rankType"":""PPR"",""slotId"":0},""ownership"":{""activityLevel"":null,""auctionValueAverage"":0.01,""auctionValueAverageChange"":0.0,""averageDraftPosition"":170.55,""averageDraftPositionPercentChange"":0.0,""date"":1788204616821,""leagueType"":0,""percentChange"":0.0,""percentOwned"":1.01,""percentStarted"":0.06}}",-159.45,,,unresolved,0.0,no Draft Command player match,Live ESPN draft-room order was not separately observable from the public API capture.,31d5615ccdbd4292a8a38c2e29724b6ebf50680f825aab734dc93b51acba5084,espn_2026_candidate_20260831T214508Z_6e169d4c54c0
2026,2026-08-31T21:45:08Z,2026-08-31T16:45:08-05:00,candidate,espn-fantasy-api-kona-player-info-2026-ppr,https://lm-api-reads.fantasy.espn.com/apis/v3/games/ffl/seasons/2026/segments/0/leaguedefaults/1?view=kona_player_info,1,PPR,4869961,Chris Bell,chris bell,MIA,WR,"[25,3,4,5,23,7,20,21]",331,,170.51,,"{""draftRanksByRankType.PPR"":{""auctionValue"":0,""published"":false,""rank"":331,""rankSourceId"":0,""rankType"":""PPR"",""slotId"":0},""ownership"":{""activityLevel"":null,""auctionValueAverage"":0.04,""auctionValueAverageChange"":0.01,""averageDraftPosition"":170.51,""averageDraftPositionPercentChange"":0.0,""date"":1788211819371,""leagueType"":0,""percentChange"":0.08,""percentOwned"":2.57,""percentStarted"":0.05}}",-160.49,198,draft-command:198,exact stable-ID match,1.0,,Live ESPN draft-room order was not separately observable from the public API capture.,39031ff80f762285dec8f42ff8439eeadedcfe5cdd273c6edb5275f3b38b3445,espn_2026_candidate_20260831T214508Z_6e169d4c54c0
2026,2026-08-31T21:45:08Z,2026-08-31T16:45:08-05:00,candidate,espn-fantasy-api-kona-player-info-2026-ppr,https://lm-api-reads.fantasy.espn.com/apis/v3/games/ffl/seasons/2026/segments/0/leaguedefaults/1?view=kona_player_info,1,PPR,4427095,DeMario Douglas,demario douglas,NE,WR,"[3,4,5,23,7,20,21]",332,,170.44,,"{""draftRanksByRankType.PPR"":{""auctionValue"":0,""published"":false,""rank"":332,""rankSourceId"":0,""rankType"":""PPR"",""slotId"":0},""ownership"":{""activityLevel"":null,""auctionValueAverage"":0.01,""auctionValueAverageChange"":0.0,""averageDraftPosition"":170.44,""averageDraftPositionPercentChange"":-0.1,""date"":1788211817909,""leagueType"":0,""percentChange"":0.09,""percentOwned"":0.87,""percentStarted"":0.08}}",-161.56,,,unresolved,0.0,no Draft Command player match,Live ESPN draft-room order was not separately observable from the public API capture.,2dfa9f65d2f34e860580c5e304607a5267dd8ccb86148fe62bd3b4b05ae4e4ab,espn_2026_candidate_20260831T214508Z_6e169d4c54c0
2026,2026-08-31T21:45:08Z,2026-08-31T16:45:08-05:00,candidate,espn-fantasy-api-kona-player-info-2026-ppr,https://lm-api-reads.fantasy.espn.com/apis/v3/games/ffl/seasons/2026/segments/0/leaguedefaults/1?view=kona_player_info,1,PPR,3916945,Darius Slayton,darius slayton,NYG,WR,"[3,4,5,23,7,20,21]",333,,170.6,,"{""draftRanksByRankType.PPR"":{""auctionValue"":0,""published"":false,""rank"":333,""rankSourceId"":0,""rankType"":""PPR"",""slotId"":0},""ownership"":{""activityLevel"":null,""auctionValueAverage"":0.01,""auctionValueAverageChange"":0.0,""averageDraftPosition"":170.6,""averageDraftPositionPercentChange"":-0.03,""date"":1788161415425,""leagueType"":0,""percentChange"":0.01,""percentOwned"":1.41,""percentStarted"":0.12}}",-162.4,,,unresolved,0.0,no Draft Command player match,Live ESPN draft-room order was not separately observable from the public API capture.,b089e8519ae65122f139ad8d2a28110246188880bce5ce618d99dbc0e3e2b21c,espn_2026_candidate_20260831T214508Z_6e169d4c54c0
2026,2026-08-31T21:45:08Z,2026-08-31T16:45:08-05:00,candidate,espn-fantasy-api-kona-player-info-2026-ppr,https://lm-api-reads.fantasy.espn.com/apis/v3/games/ffl/seasons/2026/segments/0/leaguedefaults/1?view=kona_player_info,1,PPR,3149687,Chris Brooks,chris brooks,GB,RB,"[2,3,23,7,20,21]",340,,170.2,,"{""draftRanksByRankType.PPR"":{""auctionValue"":0,""published"":false,""rank"":340,""rankSourceId"":0,""rankType"":""PPR"",""slotId"":0},""ownership"":{""activityLevel"":null,""auctionValueAverage"":0.01,""auctionValueAverageChange"":0.01,""averageDraftPosition"":170.2,""averageDraftPositionPercentChange"":0.01,""date"":1788211816068,""leagueType"":0,""percentChange"":1.13,""percentOwned"":2.3,""percentStarted"":0.16}}",-169.8,,,unresolved,0.0,no Draft Command player match,Live ESPN draft-room order was not separately observable from the public API capture.,8955ab6da080bb2ed256a10c801263addb732b898f97dc15fbb5c26a74a3c666,espn_2026_candidate_20260831T214508Z_6e169d4c54c0
2026,2026-08-31T21:45:08Z,2026-08-31T16:45:08-05:00,candidate,espn-fantasy-api-kona-player-info-2026-ppr,https://lm-api-reads.fantasy.espn.com/apis/v3/games/ffl/seasons/2026/segments/0/leaguedefaults/1?view=kona_player_info,1,PPR,4832955,Emmett Johnson,emmett johnson,KC,RB,"[25,2,3,23,7,20,21]",342,,169.93,,"{""draftRanksByRankType.PPR"":{""auctionValue"":0,""published"":false,""rank"":342,""rankSourceId"":0,""rankType"":""PPR"",""slotId"":0},""ownership"":{""activityLevel"":null,""auctionValueAverage"":0.1,""auctionValueAverageChange"":0.01,""averageDraftPosition"":169.93,""averageDraftPositionPercentChange"":0.02,""date"":1788211819335,""leagueType"":0,""percentChange"":0.48,""percentOwned"":4.28,""percentStarted"":0.16}}",-172.07,184,draft-command:184,exact stable-ID match,1.0,,Live ESPN draft-room order was not separately observable from the public API capture.,5f08cf83d6cd68521783bd74db630da8ffc2b9b7952c1746cb4a183f0d73ef23,espn_2026_candidate_20260831T214508Z_6e169d4c54c0
2026,2026-08-31T21:45:08Z,2026-08-31T16:45:08-05:00,candidate,espn-fantasy-api-kona-player-info-2026-ppr,https://lm-api-reads.fantasy.espn.com/apis/v3/games/ffl/seasons/2026/segments/0/leaguedefaults/1?view=kona_player_info,1,PPR,4695404,Isaiah Davis,isaiah davis,NYJ,RB,"[2,3,23,7,20,21]",343,,170.58,,"{""draftRanksByRankType.PPR"":{""auctionValue"":0,""published"":false,""rank"":343,""rankSourceId"":0,""rankType"":""PPR"",""slotId"":0},""ownership"":{""activityLevel"":null,""auctionValueAverage"":0.01,""auctionValueAverageChange"":0.0,""averageDraftPosition"":170.58,""averageDraftPositionPercentChange"":-0.01,""date"":1788211819216,""leagueType"":0,""percentChange"":0.01,""percentOwned"":0.87,""percentStarted"":0.04}}",-172.42,,,unresolved,0.0,no Draft Command player match,Live ESPN draft-room order was not separately observable from the public API capture.,d87464df53fc2916f7aa311f7acc5916ba8f8b7db8d97725057ef84f02ccec74,espn_2026_candidate_20260831T214508Z_6e169d4c54c0
2026,2026-08-31T21:45:08Z,2026-08-31T16:45:08-05:00,candidate,espn-fantasy-api-kona-player-info-2026-ppr,https://lm-api-reads.fantasy.espn.com/apis/v3/games/ffl/seasons/2026/segments/0/leaguedefaults/1?view=kona_player_info,1,PPR,4911851,LeQuint Allen Jr.,lequint allen,JAX,RB,"[2,3,23,7,20,21]",344,,170.33,,"{""draftRanksByRankType.PPR"":{""auctionValue"":0,""published"":false,""rank"":344,""rankSourceId"":0,""rankType"":""PPR"",""slotId"":0},""ownership"":{""activityLevel"":null,""auctionValueAverage"":0.01,""auctionValueAverageChange"":0.0,""averageDraftPosition"":170.33,""averageDraftPositionPercentChange"":0.02,""date"":1788204619394,""leagueType"":0,""percentChange"":-0.02,""percentOwned"":0.6,""percentStarted"":0.03}}",-173.67,,,unresolved,0.0,no Draft Command player match,Live ESPN draft-room order was not separately observable from the public API capture.,a2c107e03065d9f8a495923bb7b5bd960ae02ffd2304dbd94fde1c5072014b4e,espn_2026_candidate_20260831T214508Z_6e169d4c54c0
2026,2026-08-31T21:45:08Z,2026-08-31T16:45:08-05:00,candidate,espn-fantasy-api-kona-player-info-2026-ppr,https://lm-api-reads.fantasy.espn.com/apis/v3/games/ffl/seasons/2026/segments/0/leaguedefaults/1?view=kona_player_info,1,PPR,4429835,George Holani,george holani,SEA,RB,"[2,3,23,7,20,21]",345,,170.28,,"{""draftRanksByRankType.PPR"":{""auctionValue"":0,""published"":false,""rank"":345,""rankSourceId"":0,""rankType"":""PPR"",""slotId"":0},""ownership"":{""activityLevel"":null,""auctionValueAverage"":0.02,""auctionValueAverageChange"":0.0,""averageDraftPosition"":170.28,""averageDraftPositionPercentChange"":0.01,""date"":1788211818156,""leagueType"":0,""percentChange"":0.17,""percentOwned"":2.87,""percentStarted"":0.23}}",-174.72,,,unresolved,0.0,no Draft Command player match,Live ESPN draft-room order was not separately observable from the public API capture.,54c811d8cf8e769ce6b6dd6f184316a579efb9c5b92615514cbf0e19a18a7a2e,espn_2026_candidate_20260831T214508Z_6e169d4c54c0
2026,2026-08-31T21:45:08Z,2026-08-31T16:45:08-05:00,candidate,espn-fantasy-api-kona-player-info-2026-ppr,https://lm-api-reads.fantasy.espn.com/apis/v3/games/ffl/seasons/2026/segments/0/leaguedefaults/1?view=kona_player_info,1,PPR,4360516,Tyrone Tracy Jr.,tyrone tracy,NYG,RB,"[2,3,23,7,20,21]",346,,170.34,,"{""draftRanksByRankType.PPR"":{""auctionValue"":0,""published"":false,""rank"":346,""rankSourceId"":0,""rankType"":""PPR"",""slotId"":0},""ownership"":{""activityLevel"":null,""auctionValueAverage"":0.08,""auctionValueAverageChange"":-0.03,""averageDraftPosition"":170.34,""averageDraftPositionPercentChange"":-0.07,""date"":1788211817324,""leagueType"":0,""percentChange"":-1.45,""percentOwned"":10.8,""percentStarted"":0.34}}",-175.66,195,draft-command:195,exact stable-ID match,1.0,,Live ESPN draft-room order was not separately observable from the public API capture.,d0d2a4986befe6019f7b61f1e078abcfea01b8b8adb3d568c4b5b6ab3624ad1b,espn_2026_candidate_20260831T214508Z_6e169d4c54c0
2026,2026-08-31T21:45:08Z,2026-08-31T16:45:08-05:00,candidate,espn-fantasy-api-kona-player-info-2026-ppr,https://lm-api-reads.fantasy.espn.com/apis/v3/games/ffl/seasons/2026/segments/0/leaguedefaults/1?view=kona_player_info,1,PPR,4430871,Sean Tucker,sean tucker,TB,RB,"[2,3,23,7,20,21]",348,,170.34,,"{""draftRanksByRankType.PPR"":{""auctionValue"":0,""published"":false,""rank"":348,""rankSourceId"":0,""rankType"":""PPR"",""slotId"":0},""ownership"":{""activityLevel"":null,""auctionValueAverage"":0.01,""auctionValueAverageChange"":0.0,""averageDraftPosition"":170.34,""averageDraftPositionPercentChange"":0.01,""date"":1788211818218,""leagueType"":0,""percentChange"":0.02,""percentOwned"":0.91,""percentStarted"":0.05}}",-177.66,,,unresolved,0.0,no Draft Command player match,Live ESPN draft-room order was not separately observable from the public API capture.,d7f9e7ee08b43b0c6aaf13d222c1dd0547ff287a01a06daa3a307d39d99b8785,espn_2026_candidate_20260831T214508Z_6e169d4c54c0
2026,2026-08-31T21:45:08Z,2026-08-31T16:45:08-05:00,candidate,espn-fantasy-api-kona-player-info-2026-ppr,https://lm-api-reads.fantasy.espn.com/apis/v3/games/ffl/seasons/2026/segments/0/leaguedefaults/1?view=kona_player_info,1,PPR,4686468,Seth McGowan,seth mcgowan,IND,RB,"[25,2,3,23,7,20,21]",350,,170.22,,"{""draftRanksByRankType.PPR"":{""auctionValue"":0,""published"":false,""rank"":350,""rankSourceId"":0,""rankType"":""PPR"",""slotId"":0},""ownership"":{""activityLevel"":null,""auctionValueAverage"":0.02,""auctionValueAverageChange"":0.0,""averageDraftPosition"":170.22,""averageDraftPositionPercentChange"":-0.02,""date"":1788208215479,""leagueType"":0,""percentChange"":0.08,""percentOwned"":0.63,""percentStarted"":0.03}}",-179.78,,,unresolved,0.0,no Draft Command player match,Live ESPN draft-room order was not separately observable from the public API capture.,c863b14341e39983cf9d2fba01c1a43e15f27ee78700b3453cc21cc327bddcf0,espn_2026_candidate_20260831T214508Z_6e169d4c54c0
2026,2026-08-31T21:45:08Z,2026-08-31T16:45:08-05:00,candidate,espn-fantasy-api-kona-player-info-2026-ppr,https://lm-api-reads.fantasy.espn.com/apis/v3/games/ffl/seasons/2026/segments/0/leaguedefaults/1?view=kona_player_info,1,PPR,4685397,Jordan James,jordan james,SF,RB,"[2,3,23,7,20,21]",351,,170.96,,"{""draftRanksByRankType.PPR"":{""auctionValue"":0,""published"":false,""rank"":351,""rankSourceId"":0,""rankType"":""PPR"",""slotId"":0},""ownership"":{""activityLevel"":null,""auctionValueAverage"":0.06,""auctionValueAverageChange"":0.01,""averageDraftPosition"":170.96,""averageDraftPositionPercentChange"":-0.03,""date"":1788211819040,""leagueType"":0,""percentChange"":0.25,""percentOwned"":3.9,""percentStarted"":0.1}}",-180.04,,,unresolved,0.0,no Draft Command player match,Live ESPN draft-room order was not separately observable from the public API capture.,b392f2c0be65c46ac2d5e1e8fa2f290ee99b5800324c6ba0e389e7007226f50c,espn_2026_candidate_20260831T214508Z_6e169d4c54c0
2026,2026-08-31T21:45:08Z,2026-08-31T16:45:08-05:00,candidate,espn-fantasy-api-kona-player-info-2026-ppr,https://lm-api-reads.fantasy.espn.com/apis/v3/games/ffl/seasons/2026/segments/0/leaguedefaults/1?view=kona_player_info,1,PPR,4431545,Will Shipley,will shipley,PHI,RB,"[2,3,23,7,20,21]",352,,170.12,,"{""draftRanksByRankType.PPR"":{""auctionValue"":0,""published"":false,""rank"":352,""rankSourceId"":0,""rankType"":""PPR"",""slotId"":0},""ownership"":{""activityLevel"":null,""auctionValueAverage"":0.01,""auctionValueAverageChange"":0.0,""averageDraftPosition"":170.12,""averageDraftPositionPercentChange"":0.0,""date"":1788208214455,""leagueType"":0,""percentChange"":-0.01,""percentOwned"":0.54,""percentStarted"":0.06}}",-181.88,,,unresolved,0.0,no Draft Command player match,Live ESPN draft-room order was not separately observable from the public API capture.,09e76a95b241e8ce18266bc859a2a3d99d0245ec2b45ab6d76fa5c23adeab67d,espn_2026_candidate_20260831T214508Z_6e169d4c54c0
2026,2026-08-31T21:45:08Z,2026-08-31T16:45:08-05:00,candidate,espn-fantasy-api-kona-player-info-2026-ppr,https://lm-api-reads.fantasy.espn.com/apis/v3/games/ffl/seasons/2026/segments/0/leaguedefaults/1?view=kona_player_info,1,PPR,4383429,Jacob Saylors,jacob saylors,DET,RB,"[2,3,23,7,20,21]",353,,169.99,,"{""draftRanksByRankType.PPR"":{""auctionValue"":0,""published"":false,""rank"":353,""rankSourceId"":0,""rankType"":""PPR"",""slotId"":0},""ownership"":{""activityLevel"":null,""auctionValueAverage"":0.0,""auctionValueAverageChange"":0.0,""averageDraftPosition"":169.99,""averageDraftPositionPercentChange"":0.0,""date"":1788204617459,""leagueType"":0,""percentChange"":0.04,""percentOwned"":0.17,""percentStarted"":0.03}}",-183.01,,,unresolved,0.0,no Draft Command player match,Live ESPN draft-room order was not separately observable from the public API capture.,d66c7cde445ec57a392bbe98fd21adcf82dc1dc3fd5d6bf527df3da417480dbe,espn_2026_candidate_20260831T214508Z_6e169d4c54c0
2026,2026-08-31T21:45:08Z,2026-08-31T16:45:08-05:00,candidate,espn-fantasy-api-kona-player-info-2026-ppr,https://lm-api-reads.fantasy.espn.com/apis/v3/games/ffl/seasons/2026/segments/0/leaguedefaults/1?view=kona_player_info,1,PPR,4685555,Nicholas Singleton,nicholas singleton,TEN,RB,"[25,2,3,23,7,20,21]",355,,170.4,,"{""draftRanksByRankType.PPR"":{""auctionValue"":0,""published"":false,""rank"":355,""rankSourceId"":0,""rankType"":""PPR"",""slotId"":0},""ownership"":{""activityLevel"":null,""auctionValueAverage"":0.03,""auctionValueAverageChange"":0.0,""averageDraftPosition"":170.4,""averageDraftPositionPercentChange"":0.0,""date"":1788211819076,""leagueType"":0,""percentChange"":-0.07,""percentOwned"":2.07,""percentStarted"":0.05}}",-184.6,196,draft-command:196,exact stable-ID match,1.0,,Live ESPN draft-room order was not separately observable from the public API capture.,f5a7ac8d990062ffcc8b1d9ee164c5370cc3bba061e8091637538f2116041ff9,espn_2026_candidate_20260831T214508Z_6e169d4c54c0
2026,2026-08-31T21:45:08Z,2026-08-31T16:45:08-05:00,candidate,espn-fantasy-api-kona-player-info-2026-ppr,https://lm-api-reads.fantasy.espn.com/apis/v3/games/ffl/seasons/2026/segments/0/leaguedefaults/1?view=kona_player_info,1,PPR,4599739,Kendre Miller,kendre miller,NO,RB,"[2,3,23,7,20,21]",356,,170.16,,"{""draftRanksByRankType.PPR"":{""auctionValue"":0,""published"":false,""rank"":356,""rankSourceId"":0,""rankType"":""PPR"",""slotId"":0},""ownership"":{""activityLevel"":null,""auctionValueAverage"":0.01,""auctionValueAverageChange"":0.0,""averageDraftPosition"":170.16,""averageDraftPositionPercentChange"":0.0,""date"":1788208214944,""leagueType"":0,""percentChange"":0.05,""percentOwned"":0.68,""percentStarted"":0.08}}",-185.84,,,unresolved,0.0,no Draft Command player match,Live ESPN draft-room order was not separately observable from the public API capture.,c1fd15d1dbc45abc32a5a057ae95e59509dac5e8a865809d3d5b81207ff7bbab,espn_2026_candidate_20260831T214508Z_6e169d4c54c0
2026,2026-08-31T21:45:08Z,2026-08-31T16:45:08-05:00,candidate,espn-fantasy-api-kona-player-info-2026-ppr,https://lm-api-reads.fantasy.espn.com/apis/v3/games/ffl/seasons/2026/segments/0/leaguedefaults/1?view=kona_player_info,1,PPR,5081432,Antonio Williams,antonio williams,WAS,WR,"[25,3,4,5,23,7,20,21]",357,,170.53,,"{""draftRanksByRankType.PPR"":{""auctionValue"":0,""published"":false,""rank"":357,""rankSourceId"":0,""rankType"":""PPR"",""slotId"":0},""ownership"":{""activityLevel"":null,""auctionValueAverage"":0.03,""auctionValueAverageChange"":0.0,""averageDraftPosition"":170.53,""averageDraftPositionPercentChange"":0.06,""date"":1788211819520,""leagueType"":0,""percentChange"":-0.19,""percentOwned"":2.73,""percentStarted"":0.09}}",-186.47,,,unresolved,0.0,no Draft Command player match,Live ESPN draft-room order was not separately observable from the public API capture.,ac5dd112f1fe42b65d5ff284b67ff3c21ca9fb3d23c3a45d4ca60d049f25995a,espn_2026_candidate_20260831T214508Z_6e169d4c54c0
2026,2026-08-31T21:45:08Z,2026-08-31T16:45:08-05:00,candidate,espn-fantasy-api-kona-player-info-2026-ppr,https://lm-api-reads.fantasy.espn.com/apis/v3/games/ffl/seasons/2026/segments/0/leaguedefaults/1?view=kona_player_info,1,PPR,4362921,Tyquan Thornton,tyquan thornton,KC,WR,"[3,4,5,23,7,20,21]",358,,170.41,,"{""draftRanksByRankType.PPR"":{""auctionValue"":0,""published"":false,""rank"":358,""rankSourceId"":0,""rankType"":""PPR"",""slotId"":0},""ownership"":{""activityLevel"":null,""auctionValueAverage"":0.01,""auctionValueAverageChange"":0.0,""averageDraftPosition"":170.41,""averageDraftPositionPercentChange"":0.01,""date"":1788211817613,""leagueType"":0,""percentChange"":0.02,""percentOwned"":1.01,""percentStarted"":0.08}}",-187.59,,,unresolved,0.0,no Draft Command player match,Live ESPN draft-room order was not separately observable from the public API capture.,f70d8406b1ac97653a20cffe8fb6d6f82939f95996bf4fd516b4d7cdcf185a50,espn_2026_candidate_20260831T214508Z_6e169d4c54c0
2026,2026-08-31T21:45:08Z,2026-08-31T16:45:08-05:00,candidate,espn-fantasy-api-kona-player-info-2026-ppr,https://lm-api-reads.fantasy.espn.com/apis/v3/games/ffl/seasons/2026/segments/0/leaguedefaults/1?view=kona_player_info,1,PPR,4367209,Greg Dulcich,greg dulcich,MIA,TE,"[5,6,23,7,20,21]",365,,170.47,,"{""draftRanksByRankType.PPR"":{""auctionValue"":0,""published"":false,""rank"":365,""rankSourceId"":0,""rankType"":""PPR"",""slotId"":0},""ownership"":{""activityLevel"":null,""auctionValueAverage"":0.04,""auctionValueAverageChange"":0.0,""averageDraftPosition"":170.47,""averageDraftPositionPercentChange"":-0.02,""date"":1788211817626,""leagueType"":0,""percentChange"":-0.03,""percentOwned"":3.35,""percentStarted"":0.46}}",-194.53,185,draft-command:185,exact stable-ID match,1.0,,Live ESPN draft-room order was not separately observable from the public API capture.,c46d6d9298dc019f7e716dea56ec4b89df87b24950b75a5adebcbd6b836cc5bd,espn_2026_candidate_20260831T214508Z_6e169d4c54c0
2026,2026-08-31T21:45:08Z,2026-08-31T16:45:08-05:00,candidate,espn-fantasy-api-kona-player-info-2026-ppr,https://lm-api-reads.fantasy.espn.com/apis/v3/games/ffl/seasons/2026/segments/0/leaguedefaults/1?view=kona_player_info,1,PPR,2576925,Darren Waller,darren waller,CAR,TE,"[5,6,23,7,20,21]",366,,170.36,,"{""draftRanksByRankType.PPR"":{""auctionValue"":0,""published"":false,""rank"":366,""rankSourceId"":0,""rankType"":""PPR"",""slotId"":0},""ownership"":{""activityLevel"":null,""auctionValueAverage"":0.03,""auctionValueAverageChange"":0.0,""averageDraftPosition"":170.36,""averageDraftPositionPercentChange"":-0.03,""date"":1788211815367,""leagueType"":0,""percentChange"":0.13,""percentOwned"":2.79,""percentStarted"":0.3}}",-195.64,,,unresolved,0.0,no Draft Command player match,Live ESPN draft-room order was not separately observable from the public API capture.,398bb4a5bcf6d624be5b1dbe034bf7c4a08d45b47c0bb11e4c37505e57fbdbee,espn_2026_candidate_20260831T214508Z_6e169d4c54c0
2026,2026-08-31T21:45:08Z,2026-08-31T16:45:08-05:00,candidate,espn-fantasy-api-kona-player-info-2026-ppr,https://lm-api-reads.fantasy.espn.com/apis/v3/games/ffl/seasons/2026/segments/0/leaguedefaults/1?view=kona_player_info,1,PPR,4243331,Cade Otton,cade otton,TB,TE,"[5,6,23,7,20,21]",368,,170.35,,"{""draftRanksByRankType.PPR"":{""auctionValue"":0,""published"":false,""rank"":368,""rankSourceId"":0,""rankType"":""PPR"",""slotId"":0},""ownership"":{""activityLevel"":null,""auctionValueAverage"":0.03,""auctionValueAverageChange"":-0.01,""averageDraftPosition"":170.35,""averageDraftPositionPercentChange"":0.03,""date"":1788211817080,""leagueType"":0,""percentChange"":0.02,""percentOwned"":2.56,""percentStarted"":0.31}}",-197.65,,,unresolved,0.0,no Draft Command player match,Live ESPN draft-room order was not separately observable from the public API capture.,67a04be82f2c460110b76aba25fc154413f317480220dcfca3b1328739e24357,espn_2026_candidate_20260831T214508Z_6e169d4c54c0
2026,2026-08-31T21:45:08Z,2026-08-31T16:45:08-05:00,candidate,espn-fantasy-api-kona-player-info-2026-ppr,https://lm-api-reads.fantasy.espn.com/apis/v3/games/ffl/seasons/2026/segments/0/leaguedefaults/1?view=kona_player_info,1,PPR,4635008,Keon Coleman,keon coleman,BUF,WR,"[3,4,5,23,7,20,21]",369,,170.32,,"{""draftRanksByRankType.PPR"":{""auctionValue"":0,""published"":false,""rank"":369,""rankSourceId"":0,""rankType"":""PPR"",""slotId"":0},""ownership"":{""activityLevel"":null,""auctionValueAverage"":0.03,""auctionValueAverageChange"":0.0,""averageDraftPosition"":170.32,""averageDraftPositionPercentChange"":0.06,""date"":1788211818938,""leagueType"":0,""percentChange"":-0.08,""percentOwned"":2.33,""percentStarted"":0.14}}",-198.68,,,unresolved,0.0,no Draft Command player match,Live ESPN draft-room order was not separately observable from the public API capture.,23c13a8a8c848a4c2bf9edeaefa7e38cc4604eff2357fd33df019876a5e1e47c,espn_2026_candidate_20260831T214508Z_6e169d4c54c0
2026,2026-08-31T21:45:08Z,2026-08-31T16:45:08-05:00,candidate,espn-fantasy-api-kona-player-info-2026-ppr,https://lm-api-reads.fantasy.espn.com/apis/v3/games/ffl/seasons/2026/segments/0/leaguedefaults/1?view=kona_player_info,1,PPR,5123663,Isaac TeSlaa,isaac teslaa,DET,WR,"[3,4,5,23,7,20,21]",370,,170.29,,"{""draftRanksByRankType.PPR"":{""auctionValue"":0,""published"":false,""rank"":370,""rankSourceId"":0,""rankType"":""PPR"",""slotId"":0},""ownership"":{""activityLevel"":null,""auctionValueAverage"":0.04,""auctionValueAverageChange"":0.0,""averageDraftPosition"":170.29,""averageDraftPositionPercentChange"":0.0,""date"":1788211819657,""leagueType"":0,""percentChange"":-0.14,""percentOwned"":3.47,""percentStarted"":0.22}}",-199.71,,,unresolved,0.0,no Draft Command player match,Live ESPN draft-room order was not separately observable from the public API capture.,e50344c63655db5549d6d687b47c81ae7d20ad7413b703f6befbe9724e9e09cc,espn_2026_candidate_20260831T214508Z_6e169d4c54c0
2026,2026-08-31T21:45:08Z,2026-08-31T16:45:08-05:00,candidate,espn-fantasy-api-kona-player-info-2026-ppr,https://lm-api-reads.fantasy.espn.com/apis/v3/games/ffl/seasons/2026/segments/0/leaguedefaults/1?view=kona_player_info,1,PPR,4600981,Pat Bryant,pat bryant,DEN,WR,"[3,4,5,23,7,20,21]",371,,170.41,,"{""draftRanksByRankType.PPR"":{""auctionValue"":0,""published"":false,""rank"":371,""rankSourceId"":0,""rankType"":""PPR"",""slotId"":0},""ownership"":{""activityLevel"":null,""auctionValueAverage"":0.04,""auctionValueAverageChange"":0.0,""averageDraftPosition"":170.41,""averageDraftPositionPercentChange"":0.04,""date"":1788211818883,""leagueType"":0,""percentChange"":-0.04,""percentOwned"":2.1,""percentStarted"":0.09}}",-200.59,176,draft-command:176,exact stable-ID match,1.0,,Live ESPN draft-room order was not separately observable from the public API capture.,241695dd2c8b40c0888a070c8c571cdf3e5d47501b7a783a5b78aa70102608a0,espn_2026_candidate_20260831T214508Z_6e169d4c54c0
2026,2026-08-31T21:45:08Z,2026-08-31T16:45:08-05:00,candidate,espn-fantasy-api-kona-player-info-2026-ppr,https://lm-api-reads.fantasy.espn.com/apis/v3/games/ffl/seasons/2026/segments/0/leaguedefaults/1?view=kona_player_info,1,PPR,4686472,Marvin Mims Jr.,marvin mims,DEN,WR,"[3,4,5,23,7,20,21]",372,,170.16,,"{""draftRanksByRankType.PPR"":{""auctionValue"":0,""published"":false,""rank"":372,""rankSourceId"":0,""rankType"":""PPR"",""slotId"":0},""ownership"":{""activityLevel"":null,""auctionValueAverage"":0.01,""auctionValueAverageChange"":0.0,""averageDraftPosition"":170.16,""averageDraftPositionPercentChange"":0.01,""date"":1788201015805,""leagueType"":0,""percentChange"":0.0,""percentOwned"":0.92,""percentStarted"":0.08}}",-201.84,,,unresolved,0.0,no Draft Command player match,Live ESPN draft-room order was not separately observable from the public API capture.,5e13993f91ca6cbb42900c8be8049787939a6bd579e785def32bd5d8260b2067,espn_2026_candidate_20260831T214508Z_6e169d4c54c0
2026,2026-08-31T21:45:08Z,2026-08-31T16:45:08-05:00,candidate,espn-fantasy-api-kona-player-info-2026-ppr,https://lm-api-reads.fantasy.espn.com/apis/v3/games/ffl/seasons/2026/segments/0/leaguedefaults/1?view=kona_player_info,1,PPR,4429299,Tahj Brooks,tahj brooks,CIN,RB,"[2,3,23,7,20,21]",376,,170.14,,"{""draftRanksByRankType.PPR"":{""auctionValue"":0,""published"":false,""rank"":376,""rankSourceId"":0,""rankType"":""PPR"",""slotId"":0},""ownership"":{""activityLevel"":null,""auctionValueAverage"":0.0,""auctionValueAverageChange"":0.0,""averageDraftPosition"":170.14,""averageDraftPositionPercentChange"":0.01,""date"":1788211818118,""leagueType"":0,""percentChange"":0.0,""percentOwned"":0.3,""percentStarted"":0.02}}",-205.86,,,unresolved,0.0,no Draft Command player match,Live ESPN draft-room order was not separately observable from the public API capture.,ad097cc68f40d42bdd919153d0c9f84395ef91b5a44d6ff0fa0c25fd81ace176,espn_2026_candidate_20260831T214508Z_6e169d4c54c0
2026,2026-08-31T21:45:08Z,2026-08-31T16:45:08-05:00,candidate,espn-fantasy-api-kona-player-info-2026-ppr,https://lm-api-reads.fantasy.espn.com/apis/v3/games/ffl/seasons/2026/segments/0/leaguedefaults/1?view=kona_player_info,1,PPR,4832846,Demond Claiborne,demond claiborne,MIN,RB,"[25,2,3,23,7,20,21]",378,,170.37,,"{""draftRanksByRankType.PPR"":{""auctionValue"":0,""published"":false,""rank"":378,""rankSourceId"":0,""rankType"":""PPR"",""slotId"":0},""ownership"":{""activityLevel"":null,""auctionValueAverage"":0.01,""auctionValueAverageChange"":0.0,""averageDraftPosition"":170.37,""averageDraftPositionPercentChange"":0.02,""date"":1788211819331,""leagueType"":0,""percentChange"":-0.04,""percentOwned"":0.96,""percentStarted"":0.03}}",-207.63,,,unresolved,0.0,no Draft Command player match,Live ESPN draft-room order was not separately observable from the public API capture.,523aca46e90ce80154b29754a282707c916d7248b0e21429280730f0e200d6ae,espn_2026_candidate_20260831T214508Z_6e169d4c54c0
2026,2026-08-31T21:45:08Z,2026-08-31T16:45:08-05:00,candidate,espn-fantasy-api-kona-player-info-2026-ppr,https://lm-api-reads.fantasy.espn.com/apis/v3/games/ffl/seasons/2026/segments/0/leaguedefaults/1?view=kona_player_info,1,PPR,15864,Geno Smith,geno smith,NYJ,QB,"[0,7,20,21]",379,,170.09,,"{""draftRanksByRankType.PPR"":{""auctionValue"":0,""published"":false,""rank"":379,""rankSourceId"":0,""rankType"":""PPR"",""slotId"":0},""ownership"":{""activityLevel"":null,""auctionValueAverage"":0.19,""auctionValueAverageChange"":0.01,""averageDraftPosition"":170.09,""averageDraftPositionPercentChange"":0.02,""date"":1788211815149,""leagueType"":0,""percentChange"":0.11,""percentOwned"":3.65,""percentStarted"":0.31}}",-208.91,,,unresolved,0.0,no Draft Command player match,Live ESPN draft-room order was not separately observable from the public API capture.,99edfa1a2d1ea013efdc8759cca062af4da87446b615b3cabcbd97ccb77fde63,espn_2026_candidate_20260831T214508Z_6e169d4c54c0
2026,2026-08-31T21:45:08Z,2026-08-31T16:45:08-05:00,candidate,espn-fantasy-api-kona-player-info-2026-ppr,https://lm-api-reads.fantasy.espn.com/apis/v3/games/ffl/seasons/2026/segments/0/leaguedefaults/1?view=kona_player_info,1,PPR,4837248,Fernando Mendoza,fernando mendoza,LV,QB,"[25,0,7,20,21]",383,,168.33,,"{""draftRanksByRankType.PPR"":{""auctionValue"":0,""published"":false,""rank"":383,""rankSourceId"":0,""rankType"":""PPR"",""slotId"":0},""ownership"":{""activityLevel"":null,""auctionValueAverage"":0.27,""auctionValueAverageChange"":0.02,""averageDraftPosition"":168.33,""averageDraftPositionPercentChange"":-0.22,""date"":1788211819344,""leagueType"":0,""percentChange"":-0.14,""percentOwned"":10.35,""percentStarted"":0.4}}",-214.67,,,unresolved,0.0,no Draft Command player match,Live ESPN draft-room order was not separately observable from the public API capture.,8e65b7af48f375f84866e8d3d218b54aa30dbb96ccff1fcd143246719f0a7d08,espn_2026_candidate_20260831T214508Z_6e169d4c54c0
2026,2026-08-31T21:45:08Z,2026-08-31T16:45:08-05:00,candidate,espn-fantasy-api-kona-player-info-2026-ppr,https://lm-api-reads.fantasy.espn.com/apis/v3/games/ffl/seasons/2026/segments/0/leaguedefaults/1?view=kona_player_info,1,PPR,8439,Aaron Rodgers,aaron rodgers,PIT,QB,"[0,7,20,21]",385,,169.2,,"{""draftRanksByRankType.PPR"":{""auctionValue"":0,""published"":false,""rank"":385,""rankSourceId"":0,""rankType"":""PPR"",""slotId"":0},""ownership"":{""activityLevel"":null,""auctionValueAverage"":0.28,""auctionValueAverageChange"":0.02,""averageDraftPosition"":169.2,""averageDraftPositionPercentChange"":0.03,""date"":1788211814958,""leagueType"":0,""percentChange"":0.27,""percentOwned"":6.76,""percentStarted"":0.73}}",-215.8,,,unresolved,0.0,no Draft Command player match,Live ESPN draft-room order was not separately observable from the public API capture.,45fecae6a8b6339e4c81cc0a145a82eeb33c6a15e9bedd49e5091a664ef99ecf,espn_2026_candidate_20260831T214508Z_6e169d4c54c0
2026,2026-08-31T21:45:08Z,2026-08-31T16:45:08-05:00,candidate,espn-fantasy-api-kona-player-info-2026-ppr,https://lm-api-reads.fantasy.espn.com/apis/v3/games/ffl/seasons/2026/segments/0/leaguedefaults/1?view=kona_player_info,1,PPR,3122840,Deshaun Watson,deshaun watson,CLE,QB,"[0,7,20,21]",387,,170.09,,"{""draftRanksByRankType.PPR"":{""auctionValue"":0,""published"":false,""rank"":387,""rankSourceId"":0,""rankType"":""PPR"",""slotId"":0},""ownership"":{""activityLevel"":null,""auctionValueAverage"":0.1,""auctionValueAverageChange"":0.01,""averageDraftPosition"":170.09,""averageDraftPositionPercentChange"":-0.01,""date"":1788211815938,""leagueType"":0,""percentChange"":0.05,""percentOwned"":2.0,""percentStarted"":0.2}}",-216.91,,,unresolved,0.0,no Draft Command player match,Live ESPN draft-room order was not separately observable from the public API capture.,1966c3e0f22f8525d1758b02366a812f8d585dbef2f3fd18d2bbcbce2378fa2b,espn_2026_candidate_20260831T214508Z_6e169d4c54c0
2026,2026-08-31T21:45:08Z,2026-08-31T16:45:08-05:00,candidate,espn-fantasy-api-kona-player-info-2026-ppr,https://lm-api-reads.fantasy.espn.com/apis/v3/games/ffl/seasons/2026/segments/0/leaguedefaults/1?view=kona_player_info,1,PPR,4368003,Andrei Iosivas,andrei iosivas,CIN,WR,"[3,4,5,23,7,20,21]",390,,170.13,,"{""draftRanksByRankType.PPR"":{""auctionValue"":0,""published"":false,""rank"":390,""rankSourceId"":0,""rankType"":""PPR"",""slotId"":0},""ownership"":{""activityLevel"":null,""auctionValueAverage"":0.01,""auctionValueAverageChange"":0.0,""averageDraftPosition"":170.13,""averageDraftPositionPercentChange"":-0.02,""date"":1788208213954,""leagueType"":0,""percentChange"":-0.02,""percentOwned"":0.57,""percentStarted"":0.08}}",-219.87,,,unresolved,0.0,no Draft Command player match,Live ESPN draft-room order was not separately observable from the public API capture.,526e3edfce1ff94e035070fce0f67e0fb42b6bd81034c6542792e920939e4f3b,espn_2026_candidate_20260831T214508Z_6e169d4c54c0
2026,2026-08-31T21:45:08Z,2026-08-31T16:45:08-05:00,candidate,espn-fantasy-api-kona-player-info-2026-ppr,https://lm-api-reads.fantasy.espn.com/apis/v3/games/ffl/seasons/2026/segments/0/leaguedefaults/1?view=kona_player_info,1,PPR,4685307,Kevin Coleman Jr.,kevin coleman,MIA,WR,"[25,3,4,5,23,7,20,21]",391,,169.99,,"{""draftRanksByRankType.PPR"":{""auctionValue"":0,""published"":false,""rank"":391,""rankSourceId"":0,""rankType"":""PPR"",""slotId"":0},""ownership"":{""activityLevel"":null,""auctionValueAverage"":0.0,""auctionValueAverageChange"":0.0,""averageDraftPosition"":169.99,""averageDraftPositionPercentChange"":-0.01,""date"":1788208215266,""leagueType"":0,""percentChange"":0.0,""percentOwned"":0.11,""percentStarted"":0.01}}",-221.01,,,unresolved,0.0,no Draft Command player match,Live ESPN draft-room order was not separately observable from the public API capture.,32cebcd5cd3f8c551033c303eaca83805a9fda5867e23f318a5b310cae3acbc6,espn_2026_candidate_20260831T214508Z_6e169d4c54c0
2026,2026-08-31T21:45:08Z,2026-08-31T16:45:08-05:00,candidate,espn-fantasy-api-kona-player-info-2026-ppr,https://lm-api-reads.fantasy.espn.com/apis/v3/games/ffl/seasons/2026/segments/0/leaguedefaults/1?view=kona_player_info,1,PPR,3676833,KaVontae Turpin,kavontae turpin,DAL,WR,"[3,4,5,23,7,20,21]",392,,169.77,,"{""draftRanksByRankType.PPR"":{""auctionValue"":0,""published"":false,""rank"":392,""rankSourceId"":0,""rankType"":""PPR"",""slotId"":0},""ownership"":{""activityLevel"":null,""auctionValueAverage"":0.04,""auctionValueAverageChange"":0.0,""averageDraftPosition"":169.77,""averageDraftPositionPercentChange"":0.04,""date"":1788211816082,""leagueType"":0,""percentChange"":0.09,""percentOwned"":1.56,""percentStarted"":0.37}}",-222.23,,,unresolved,0.0,no Draft Command player match,Live ESPN draft-room order was not separately observable from the public API capture.,ca9ec635c30d78ab0ebbc1da003b194e980e1ff39438863258220af6b16071d5,espn_2026_candidate_20260831T214508Z_6e169d4c54c0
2026,2026-08-31T21:45:08Z,2026-08-31T16:45:08-05:00,candidate,espn-fantasy-api-kona-player-info-2026-ppr,https://lm-api-reads.fantasy.espn.com/apis/v3/games/ffl/seasons/2026/segments/0/leaguedefaults/1?view=kona_player_info,1,PPR,4603186,Jack Bech,jack bech,LV,WR,"[3,4,5,23,7,20,21]",393,,170.21,,"{""draftRanksByRankType.PPR"":{""auctionValue"":0,""published"":false,""rank"":393,""rankSourceId"":0,""rankType"":""PPR"",""slotId"":0},""ownership"":{""activityLevel"":null,""auctionValueAverage"":0.01,""auctionValueAverageChange"":0.0,""averageDraftPosition"":170.21,""averageDraftPositionPercentChange"":0.0,""date"":1788211818902,""leagueType"":0,""percentChange"":-0.13,""percentOwned"":1.16,""percentStarted"":0.06}}",-222.79,,,unresolved,0.0,no Draft Command player match,Live ESPN draft-room order was not separately observable from the public API capture.,209845d9ed10f13917f3f2215b37491e47ac9db8c1ed5b3cf031119c17ae572e,espn_2026_candidate_20260831T214508Z_6e169d4c54c0
2026,2026-08-31T21:45:08Z,2026-08-31T16:45:08-05:00,candidate,espn-fantasy-api-kona-player-info-2026-ppr,https://lm-api-reads.fantasy.espn.com/apis/v3/games/ffl/seasons/2026/segments/0/leaguedefaults/1?view=kona_player_info,1,PPR,4597703,Tory Horton,tory horton,SEA,WR,"[3,4,5,23,7,20,21]",395,,170.21,,"{""draftRanksByRankType.PPR"":{""auctionValue"":0,""published"":false,""rank"":395,""rankSourceId"":0,""rankType"":""PPR"",""slotId"":0},""ownership"":{""activityLevel"":null,""auctionValueAverage"":0.01,""auctionValueAverageChange"":0.0,""averageDraftPosition"":170.21,""averageDraftPositionPercentChange"":0.01,""date"":1788208214938,""leagueType"":0,""percentChange"":-0.08,""percentOwned"":0.91,""percentStarted"":0.03}}",-224.79,,,unresolved,0.0,no Draft Command player match,Live ESPN draft-room order was not separately observable from the public API capture.,8823aec8fe9527f04db6c60951edab13abebdb747a83fe0db4dc9c405127e5ce,espn_2026_candidate_20260831T214508Z_6e169d4c54c0
2026,2026-08-31T21:45:08Z,2026-08-31T16:45:08-05:00,candidate,espn-fantasy-api-kona-player-info-2026-ppr,https://lm-api-reads.fantasy.espn.com/apis/v3/games/ffl/seasons/2026/segments/0/leaguedefaults/1?view=kona_player_info,1,PPR,4690013,Rasheen Ali,rasheen ali,BAL,RB,"[2,3,23,7,20,21]",396,,170.07,,"{""draftRanksByRankType.PPR"":{""auctionValue"":0,""published"":false,""rank"":396,""rankSourceId"":0,""rankType"":""PPR"",""slotId"":0},""ownership"":{""activityLevel"":null,""auctionValueAverage"":0.0,""auctionValueAverageChange"":0.0,""averageDraftPosition"":170.07,""averageDraftPositionPercentChange"":0.0,""date"":1788197416421,""leagueType"":0,""percentChange"":0.0,""percentOwned"":0.16,""percentStarted"":0.02}}",-225.93,,,unresolved,0.0,no Draft Command player match,Live ESPN draft-room order was not separately observable from the public API capture.,0df4c7459428253583395076b338cc920cc908833b8262ad99f2c32bdfa90417,espn_2026_candidate_20260831T214508Z_6e169d4c54c0
2026,2026-08-31T21:45:08Z,2026-08-31T16:45:08-05:00,candidate,espn-fantasy-api-kona-player-info-2026-ppr,https://lm-api-reads.fantasy.espn.com/apis/v3/games/ffl/seasons/2026/segments/0/leaguedefaults/1?view=kona_player_info,1,PPR,4685246,Kaytron Allen,kaytron allen,WAS,RB,"[25,2,3,23,7,20,21]",397,,170.45,,"{""draftRanksByRankType.PPR"":{""auctionValue"":0,""published"":false,""rank"":397,""rankSourceId"":0,""rankType"":""PPR"",""slotId"":0},""ownership"":{""activityLevel"":null,""auctionValueAverage"":0.02,""auctionValueAverageChange"":0.0,""averageDraftPosition"":170.45,""averageDraftPositionPercentChange"":0.01,""date"":1788211818997,""leagueType"":0,""percentChange"":-0.05,""percentOwned"":1.56,""percentStarted"":0.04}}",-226.55,199,draft-command:199,exact stable-ID match,1.0,,Live ESPN draft-room order was not separately observable from the public API capture.,1bc71eb66f7f8019d96ef082e94ec78b98f646d338b85bf2fcb3ad70074eba93,espn_2026_candidate_20260831T214508Z_6e169d4c54c0
2026,2026-08-31T21:45:08Z,2026-08-31T16:45:08-05:00,candidate,espn-fantasy-api-kona-player-info-2026-ppr,https://lm-api-reads.fantasy.espn.com/apis/v3/games/ffl/seasons/2026/segments/0/leaguedefaults/1?view=kona_player_info,1,PPR,4874509,DJ Giddens,dj giddens,IND,RB,"[2,3,23,7,20,21]",398,,170.15,,"{""draftRanksByRankType.PPR"":{""auctionValue"":0,""published"":false,""rank"":398,""rankSourceId"":0,""rankType"":""PPR"",""slotId"":0},""ownership"":{""activityLevel"":null,""auctionValueAverage"":0.01,""auctionValueAverageChange"":0.0,""averageDraftPosition"":170.15,""averageDraftPositionPercentChange"":0.03,""date"":1788208216035,""leagueType"":0,""percentChange"":-0.04,""percentOwned"":0.6,""percentStarted"":0.05}}",-227.85,,,unresolved,0.0,no Draft Command player match,Live ESPN draft-room order was not separately observable from the public API capture.,b991d5f6595c89b47e640186c19c79f859c0619f1b7cfb540f85c7cd6ee3e822,espn_2026_candidate_20260831T214508Z_6e169d4c54c0
2026,2026-08-31T21:45:08Z,2026-08-31T16:45:08-05:00,candidate,espn-fantasy-api-kona-player-info-2026-ppr,https://lm-api-reads.fantasy.espn.com/apis/v3/games/ffl/seasons/2026/segments/0/leaguedefaults/1?view=kona_player_info,1,PPR,4887558,Emanuel Wilson,emanuel wilson,SEA,RB,"[2,3,23,7,20,21]",399,,170.21,,"{""draftRanksByRankType.PPR"":{""auctionValue"":0,""published"":false,""rank"":399,""rankSourceId"":0,""rankType"":""PPR"",""slotId"":0},""ownership"":{""activityLevel"":null,""auctionValueAverage"":0.0,""auctionValueAverageChange"":0.0,""averageDraftPosition"":170.21,""averageDraftPositionPercentChange"":0.01,""date"":1788211819470,""leagueType"":0,""percentChange"":-0.04,""percentOwned"":0.58,""percentStarted"":0.03}}",-228.79,,,unresolved,0.0,no Draft Command player match,Live ESPN draft-room order was not separately observable from the public API capture.,1d95e2c6ef3269712b9d6329b8520a654c922ce8def897ff89979fb12c3022fc,espn_2026_candidate_20260831T214508Z_6e169d4c54c0
2026,2026-08-31T21:45:08Z,2026-08-31T16:45:08-05:00,candidate,espn-fantasy-api-kona-player-info-2026-ppr,https://lm-api-reads.fantasy.espn.com/apis/v3/games/ffl/seasons/2026/segments/0/leaguedefaults/1?view=kona_player_info,1,PPR,4819231,Kaleb Johnson,kaleb johnson,GB,RB,"[2,3,23,7,20,21]",402,,169.93,,"{""draftRanksByRankType.PPR"":{""auctionValue"":0,""published"":false,""rank"":402,""rankSourceId"":0,""rankType"":""PPR"",""slotId"":0},""ownership"":{""activityLevel"":null,""auctionValueAverage"":0.04,""auctionValueAverageChange"":0.03,""averageDraftPosition"":169.93,""averageDraftPositionPercentChange"":0.09,""date"":1788211819318,""leagueType"":0,""percentChange"":4.21,""percentOwned"":9.19,""percentStarted"":0.22}}",-232.07,,,unresolved,0.0,no Draft Command player match,Live ESPN draft-room order was not separately observable from the public API capture.,4d9427be73396726397384d7d59f5477e6e11de5daa0a8e6a04518ab2c270f82,espn_2026_candidate_20260831T214508Z_6e169d4c54c0
2026,2026-08-31T21:45:08Z,2026-08-31T16:45:08-05:00,candidate,espn-fantasy-api-kona-player-info-2026-ppr,https://lm-api-reads.fantasy.espn.com/apis/v3/games/ffl/seasons/2026/segments/0/leaguedefaults/1?view=kona_player_info,1,PPR,4035537,Kene Nwangwu,kene nwangwu,NYJ,RB,"[2,3,23,7,20,21]",403,,170.1,,"{""draftRanksByRankType.PPR"":{""auctionValue"":0,""published"":false,""rank"":403,""rankSourceId"":0,""rankType"":""PPR"",""slotId"":0},""ownership"":{""activityLevel"":null,""auctionValueAverage"":0.0,""auctionValueAverageChange"":0.0,""averageDraftPosition"":170.1,""averageDraftPositionPercentChange"":0.0,""date"":1788211816418,""leagueType"":0,""percentChange"":0.0,""percentOwned"":0.15,""percentStarted"":0.02}}",-232.9,,,unresolved,0.0,no Draft Command player match,Live ESPN draft-room order was not separately observable from the public API capture.,64d3555f046ac647668ac6d6c03e3e3acb704779bcdfc93bd77e87b8c02f45c7,espn_2026_candidate_20260831T214508Z_6e169d4c54c0
2026,2026-08-31T21:45:08Z,2026-08-31T16:45:08-05:00,candidate,espn-fantasy-api-kona-player-info-2026-ppr,https://lm-api-reads.fantasy.espn.com/apis/v3/games/ffl/seasons/2026/segments/0/leaguedefaults/1?view=kona_player_info,1,PPR,4427728,Bam Knight,bam knight,ARI,RB,"[2,3,23,7,20,21]",404,,170.09,,"{""draftRanksByRankType.PPR"":{""auctionValue"":0,""published"":false,""rank"":404,""rankSourceId"":0,""rankType"":""PPR"",""slotId"":0},""ownership"":{""activityLevel"":null,""auctionValueAverage"":0.0,""auctionValueAverageChange"":0.0,""averageDraftPosition"":170.09,""averageDraftPositionPercentChange"":0.0,""date"":1788211817952,""leagueType"":0,""percentChange"":0.01,""percentOwned"":0.22,""percentStarted"":0.04}}",-233.91,,,unresolved,0.0,no Draft Command player match,Live ESPN draft-room order was not separately observable from the public API capture.,1e8af8b72c6177d2d9b9a8927c65c7d5974399056ee6455bb9f4de8b956b34dd,espn_2026_candidate_20260831T214508Z_6e169d4c54c0
2026,2026-08-31T21:45:08Z,2026-08-31T16:45:08-05:00,candidate,espn-fantasy-api-kona-player-info-2026-ppr,https://lm-api-reads.fantasy.espn.com/apis/v3/games/ffl/seasons/2026/segments/0/leaguedefaults/1?view=kona_player_info,1,PPR,4912274,Sione Vaki,sione vaki,DET,RB,"[2,3,23,7,20,21]",405,,169.99,,"{""draftRanksByRankType.PPR"":{""auctionValue"":0,""published"":false,""rank"":405,""rankSourceId"":0,""rankType"":""PPR"",""slotId"":0},""ownership"":{""activityLevel"":null,""auctionValueAverage"":0.0,""auctionValueAverageChange"":0.0,""averageDraftPosition"":169.99,""averageDraftPositionPercentChange"":0.0,""date"":1788211819493,""leagueType"":0,""percentChange"":0.01,""percentOwned"":0.05,""percentStarted"":0.01}}",-235.01,,,unresolved,0.0,no Draft Command player match,Live ESPN draft-room order was not separately observable from the public API capture.,2237724430fde38e85a08b629993dc592ff0330ea5f91bca006301ea811fc9f1,espn_2026_candidate_20260831T214508Z_6e169d4c54c0
2026,2026-08-31T21:45:08Z,2026-08-31T16:45:08-05:00,candidate,espn-fantasy-api-kona-player-info-2026-ppr,https://lm-api-reads.fantasy.espn.com/apis/v3/games/ffl/seasons/2026/segments/0/leaguedefaults/1?view=kona_player_info,1,PPR,5220680,Ted Hurst III,ted hurst,TB,WR,"[25,3,4,5,23,7,20,21]",406,,170.19,,"{""draftRanksByRankType.PPR"":{""auctionValue"":0,""published"":false,""rank"":406,""rankSourceId"":0,""rankType"":""PPR"",""slotId"":0},""ownership"":{""activityLevel"":null,""auctionValueAverage"":0.01,""auctionValueAverageChange"":0.0,""averageDraftPosition"":170.19,""averageDraftPositionPercentChange"":0.0,""date"":1788208216433,""leagueType"":0,""percentChange"":-0.02,""percentOwned"":0.93,""percentStarted"":0.03}}",-235.81,,,unresolved,0.0,no Draft Command player match,Live ESPN draft-room order was not separately observable from the public API capture.,e4d0aa0337bf3fc3edba01fd6983764168d2fc0ea9992db1595c0a79554fbd24,espn_2026_candidate_20260831T214508Z_6e169d4c54c0
2026,2026-08-31T21:45:08Z,2026-08-31T16:45:08-05:00,candidate,espn-fantasy-api-kona-player-info-2026-ppr,https://lm-api-reads.fantasy.espn.com/apis/v3/games/ffl/seasons/2026/segments/0/leaguedefaults/1?view=kona_player_info,1,PPR,3051876,Evan Engram,evan engram,DEN,TE,"[5,6,23,7,20,21]",412,,170.03,,"{""draftRanksByRankType.PPR"":{""auctionValue"":0,""published"":false,""rank"":412,""rankSourceId"":0,""rankType"":""PPR"",""slotId"":0},""ownership"":{""activityLevel"":null,""auctionValueAverage"":0.04,""auctionValueAverageChange"":-0.01,""averageDraftPosition"":170.03,""averageDraftPositionPercentChange"":0.0,""date"":1788208212743,""leagueType"":0,""percentChange"":-0.01,""percentOwned"":3.16,""percentStarted"":0.45}}",-241.97,,,unresolved,0.0,no Draft Command player match,Live ESPN draft-room order was not separately observable from the public API capture.,93af7d39ddb662fc022b0d41a6b66435c32a92dc3d0bec5978c7c84c7236b55b,espn_2026_candidate_20260831T214508Z_6e169d4c54c0
2026,2026-08-31T21:45:08Z,2026-08-31T16:45:08-05:00,candidate,espn-fantasy-api-kona-player-info-2026-ppr,https://lm-api-reads.fantasy.espn.com/apis/v3/games/ffl/seasons/2026/segments/0/leaguedefaults/1?view=kona_player_info,1,PPR,3123076,David Njoku,david njoku,LAC,TE,"[5,6,23,7,20,21]",414,,169.66,,"{""draftRanksByRankType.PPR"":{""auctionValue"":0,""published"":false,""rank"":414,""rankSourceId"":0,""rankType"":""PPR"",""slotId"":0},""ownership"":{""activityLevel"":null,""auctionValueAverage"":0.09,""auctionValueAverageChange"":0.01,""averageDraftPosition"":169.66,""averageDraftPositionPercentChange"":-0.01,""date"":1788211815945,""leagueType"":0,""percentChange"":0.15,""percentOwned"":5.3,""percentStarted"":0.67}}",-244.34,,,unresolved,0.0,no Draft Command player match,Live ESPN draft-room order was not separately observable from the public API capture.,c87308eb4efcc1a845b3cc44f219122c9a853a54a7cbbc8683f508d4085146a4,espn_2026_candidate_20260831T214508Z_6e169d4c54c0
2026,2026-08-31T21:45:08Z,2026-08-31T16:45:08-05:00,candidate,espn-fantasy-api-kona-player-info-2026-ppr,https://lm-api-reads.fantasy.espn.com/apis/v3/games/ffl/seasons/2026/segments/0/leaguedefaults/1?view=kona_player_info,1,PPR,4595342,Oronde Gadsden,oronde gadsden,LAC,TE,"[5,6,23,7,20,21]",416,,170.2,,"{""draftRanksByRankType.PPR"":{""auctionValue"":0,""published"":false,""rank"":416,""rankSourceId"":0,""rankType"":""PPR"",""slotId"":0},""ownership"":{""activityLevel"":null,""auctionValueAverage"":0.03,""auctionValueAverageChange"":-0.02,""averageDraftPosition"":170.2,""averageDraftPositionPercentChange"":0.0,""date"":1788211818699,""leagueType"":0,""percentChange"":-0.37,""percentOwned"":4.04,""percentStarted"":0.48}}",-245.8,,,unresolved,0.0,no Draft Command player match,Live ESPN draft-room order was not separately observable from the public API capture.,08cfa0902358b875dcaffb60b6047878cfd9ad79482558872bb428febb8ca6ed,espn_2026_candidate_20260831T214508Z_6e169d4c54c0
2026,2026-08-31T21:45:08Z,2026-08-31T16:45:08-05:00,candidate,espn-fantasy-api-kona-player-info-2026-ppr,https://lm-api-reads.fantasy.espn.com/apis/v3/games/ffl/seasons/2026/segments/0/leaguedefaults/1?view=kona_player_info,1,PPR,3116164,Mike Gesicki,mike gesicki,CIN,TE,"[5,6,23,7,20,21]",417,,170.25,,"{""draftRanksByRankType.PPR"":{""auctionValue"":0,""published"":false,""rank"":417,""rankSourceId"":0,""rankType"":""PPR"",""slotId"":0},""ownership"":{""activityLevel"":null,""auctionValueAverage"":0.02,""auctionValueAverageChange"":0.0,""averageDraftPosition"":170.25,""averageDraftPositionPercentChange"":0.02,""date"":1788211815826,""leagueType"":0,""percentChange"":-0.1,""percentOwned"":1.64,""percentStarted"":0.23}}",-246.75,,,unresolved,0.0,no Draft Command player match,Live ESPN draft-room order was not separately observable from the public API capture.,0ccc38ce4f7fb21f02292bf9f633c4dba2a6683f8fa56b4d2960fd3cb7c327d3,espn_2026_candidate_20260831T214508Z_6e169d4c54c0
2026,2026-08-31T21:45:08Z,2026-08-31T16:45:08-05:00,candidate,espn-fantasy-api-kona-player-info-2026-ppr,https://lm-api-reads.fantasy.espn.com/apis/v3/games/ffl/seasons/2026/segments/0/leaguedefaults/1?view=kona_player_info,1,PPR,4429086,Michael Mayer,michael mayer,LV,TE,"[5,6,23,7,20,21]",418,,170.25,,"{""draftRanksByRankType.PPR"":{""auctionValue"":0,""published"":false,""rank"":418,""rankSourceId"":0,""rankType"":""PPR"",""slotId"":0},""ownership"":{""activityLevel"":null,""auctionValueAverage"":0.02,""auctionValueAverageChange"":0.0,""averageDraftPosition"":170.25,""averageDraftPositionPercentChange"":0.03,""date"":1788211818081,""leagueType"":0,""percentChange"":-0.03,""percentOwned"":1.09,""percentStarted"":0.13}}",-247.75,,,unresolved,0.0,no Draft Command player match,Live ESPN draft-room order was not separately observable from the public API capture.,c9b0324622315ff8c3910288a417af06490808e8755270698da1fb21783111c4,espn_2026_candidate_20260831T214508Z_6e169d4c54c0
2026,2026-08-31T21:45:08Z,2026-08-31T16:45:08-05:00,candidate,espn-fantasy-api-kona-player-info-2026-ppr,https://lm-api-reads.fantasy.espn.com/apis/v3/games/ffl/seasons/2026/segments/0/leaguedefaults/1?view=kona_player_info,1,PPR,4040655,Darnell Mooney,darnell mooney,NYG,WR,"[3,4,5,23,7,20,21]",419,,170.43,,"{""draftRanksByRankType.PPR"":{""auctionValue"":0,""published"":false,""rank"":419,""rankSourceId"":0,""rankType"":""PPR"",""slotId"":0},""ownership"":{""activityLevel"":null,""auctionValueAverage"":0.02,""auctionValueAverageChange"":0.0,""averageDraftPosition"":170.43,""averageDraftPositionPercentChange"":0.02,""date"":1788211816685,""leagueType"":0,""percentChange"":-0.28,""percentOwned"":2.57,""percentStarted"":0.15}}",-248.57,,,unresolved,0.0,no Draft Command player match,Live ESPN draft-room order was not separately observable from the public API capture.,7a93eb2cafaeb6b48a40ae1ff6cc363c16902d1d848ced2e59e572c90846d915,espn_2026_candidate_20260831T214508Z_6e169d4c54c0
2026,2026-08-31T21:45:08Z,2026-08-31T16:45:08-05:00,candidate,espn-fantasy-api-kona-player-info-2026-ppr,https://lm-api-reads.fantasy.espn.com/apis/v3/games/ffl/seasons/2026/segments/0/leaguedefaults/1?view=kona_player_info,1,PPR,2991662,Mack Hollins,mack hollins,NE,WR,"[3,4,5,23,7,20,21]",421,,170.08,,"{""draftRanksByRankType.PPR"":{""auctionValue"":0,""published"":false,""rank"":421,""rankSourceId"":0,""rankType"":""PPR"",""slotId"":0},""ownership"":{""activityLevel"":null,""auctionValueAverage"":0.0,""auctionValueAverageChange"":0.0,""averageDraftPosition"":170.08,""averageDraftPositionPercentChange"":-0.04,""date"":1788211815589,""leagueType"":0,""percentChange"":0.01,""percentOwned"":0.31,""percentStarted"":0.03}}",-250.92,,,unresolved,0.0,no Draft Command player match,Live ESPN draft-room order was not separately observable from the public API capture.,a1923bddb6e411ad262b935aea0bbe4a84c76ee89dc5a911f7395a8ab74ab7f6,espn_2026_candidate_20260831T214508Z_6e169d4c54c0
2026,2026-08-31T21:45:08Z,2026-08-31T16:45:08-05:00,candidate,espn-fantasy-api-kona-player-info-2026-ppr,https://lm-api-reads.fantasy.espn.com/apis/v3/games/ffl/seasons/2026/segments/0/leaguedefaults/1?view=kona_player_info,1,PPR,4241479,Tua Tagovailoa,tua tagovailoa,ATL,QB,"[0,7,20,21]",422,,170.09,,"{""draftRanksByRankType.PPR"":{""auctionValue"":0,""published"":false,""rank"":422,""rankSourceId"":0,""rankType"":""PPR"",""slotId"":0},""ownership"":{""activityLevel"":null,""auctionValueAverage"":0.06,""auctionValueAverageChange"":0.01,""averageDraftPosition"":170.09,""averageDraftPositionPercentChange"":-0.02,""date"":1788211816944,""leagueType"":0,""percentChange"":-0.01,""percentOwned"":1.71,""percentStarted"":0.16}}",-251.91,,,unresolved,0.0,no Draft Command player match,Live ESPN draft-room order was not separately observable from the public API capture.,43349e07225b9610e49fdded8965e2b26bf7b1d781aae2a4d993807b3717ab5a,espn_2026_candidate_20260831T214508Z_6e169d4c54c0
2026,2026-08-31T21:45:08Z,2026-08-31T16:45:08-05:00,candidate,espn-fantasy-api-kona-player-info-2026-ppr,https://lm-api-reads.fantasy.espn.com/apis/v3/games/ffl/seasons/2026/segments/0/leaguedefaults/1?view=kona_player_info,1,PPR,4432762,Shedeur Sanders,shedeur sanders,CLE,QB,"[0,7,20,21]",429,,169.85,,"{""draftRanksByRankType.PPR"":{""auctionValue"":0,""published"":false,""rank"":429,""rankSourceId"":0,""rankType"":""PPR"",""slotId"":0},""ownership"":{""activityLevel"":null,""auctionValueAverage"":0.06,""auctionValueAverageChange"":-0.01,""averageDraftPosition"":169.85,""averageDraftPositionPercentChange"":-0.08,""date"":1788211818381,""leagueType"":0,""percentChange"":0.02,""percentOwned"":2.55,""percentStarted"":0.1}}",-259.15,,,unresolved,0.0,no Draft Command player match,Live ESPN draft-room order was not separately observable from the public API capture.,54edbd566d37d1731e824edfbd412d184e6b0c9883fede9f25d415f47fa9c447,espn_2026_candidate_20260831T214508Z_6e169d4c54c0
2026,2026-08-31T21:45:08Z,2026-08-31T16:45:08-05:00,candidate,espn-fantasy-api-kona-player-info-2026-ppr,https://lm-api-reads.fantasy.espn.com/apis/v3/games/ffl/seasons/2026/segments/0/leaguedefaults/1?view=kona_player_info,1,PPR,14880,Kirk Cousins,kirk cousins,LV,QB,"[0,7,20,21]",430,,169.97,,"{""draftRanksByRankType.PPR"":{""auctionValue"":0,""published"":false,""rank"":430,""rankSourceId"":0,""rankType"":""PPR"",""slotId"":0},""ownership"":{""activityLevel"":null,""auctionValueAverage"":0.06,""auctionValueAverageChange"":0.01,""averageDraftPosition"":169.97,""averageDraftPositionPercentChange"":-0.01,""date"":1788211815055,""leagueType"":0,""percentChange"":0.08,""percentOwned"":2.33,""percentStarted"":0.34}}",-260.03,,,unresolved,0.0,no Draft Command player match,Live ESPN draft-room order was not separately observable from the public API capture.,a32bca77c4fe88d474776da33fdbe7a8e4aad8a417b5c8d76cab2dc72d1f196a,espn_2026_candidate_20260831T214508Z_6e169d4c54c0
2026,2026-08-31T21:45:08Z,2026-08-31T16:45:08-05:00,candidate,espn-fantasy-api-kona-player-info-2026-ppr,https://lm-api-reads.fantasy.espn.com/apis/v3/games/ffl/seasons/2026/segments/0/leaguedefaults/1?view=kona_player_info,1,PPR,4366963,Dylan Laube,dylan laube,LV,RB,"[2,3,23,7,20,21]",431,,170.07,,"{""draftRanksByRankType.PPR"":{""auctionValue"":0,""published"":false,""rank"":431,""rankSourceId"":0,""rankType"":""PPR"",""slotId"":0},""ownership"":{""activityLevel"":null,""auctionValueAverage"":0.0,""auctionValueAverageChange"":0.0,""averageDraftPosition"":170.07,""averageDraftPositionPercentChange"":0.0,""date"":1788197415405,""leagueType"":0,""percentChange"":-0.01,""percentOwned"":0.19,""percentStarted"":0.02}}",-260.93,,,unresolved,0.0,no Draft Command player match,Live ESPN draft-room order was not separately observable from the public API capture.,3ef221ca8bb753a9d8d920a388f1ca3272dec1659fa793c4633295f6cae56910,espn_2026_candidate_20260831T214508Z_6e169d4c54c0
2026,2026-08-31T21:45:08Z,2026-08-31T16:45:08-05:00,candidate,espn-fantasy-api-kona-player-info-2026-ppr,https://lm-api-reads.fantasy.espn.com/apis/v3/games/ffl/seasons/2026/segments/0/leaguedefaults/1?view=kona_player_info,1,PPR,4362748,Tyler Badie,tyler badie,DEN,RB,"[2,3,23,7,20,21]",432,,170.05,,"{""draftRanksByRankType.PPR"":{""auctionValue"":0,""published"":false,""rank"":432,""rankSourceId"":0,""rankType"":""PPR"",""slotId"":0},""ownership"":{""activityLevel"":null,""auctionValueAverage"":0.0,""auctionValueAverageChange"":0.0,""averageDraftPosition"":170.05,""averageDraftPositionPercentChange"":0.0,""date"":1788204617246,""leagueType"":0,""percentChange"":-0.01,""percentOwned"":0.19,""percentStarted"":0.02}}",-261.95,,,unresolved,0.0,no Draft Command player match,Live ESPN draft-room order was not separately observable from the public API capture.,235f36d56946b8c9c924b0544946824a8f7ee4bfbbc431ef78553196a00e9cbb,espn_2026_candidate_20260831T214508Z_6e169d4c54c0
2026,2026-08-31T21:45:08Z,2026-08-31T16:45:08-05:00,candidate,espn-fantasy-api-kona-player-info-2026-ppr,https://lm-api-reads.fantasy.espn.com/apis/v3/games/ffl/seasons/2026/segments/0/leaguedefaults/1?view=kona_player_info,1,PPR,4685526,Adam Randall,adam randall,BAL,RB,"[25,2,3,23,7,20,21]",434,,170.33,,"{""draftRanksByRankType.PPR"":{""auctionValue"":0,""published"":false,""rank"":434,""rankSourceId"":0,""rankType"":""PPR"",""slotId"":0},""ownership"":{""activityLevel"":null,""auctionValueAverage"":0.01,""auctionValueAverageChange"":0.0,""averageDraftPosition"":170.33,""averageDraftPositionPercentChange"":0.02,""date"":1788204618793,""leagueType"":0,""percentChange"":0.0,""percentOwned"":0.8,""percentStarted"":0.03}}",-263.67,,,unresolved,0.0,no Draft Command player match,Live ESPN draft-room order was not separately observable from the public API capture.,e1bda4be85f4b479eaf77db9b34b54ef7229d6132abaa328be6602d0eb754934,espn_2026_candidate_20260831T214508Z_6e169d4c54c0
2026,2026-08-31T21:45:08Z,2026-08-31T16:45:08-05:00,candidate,espn-fantasy-api-kona-player-info-2026-ppr,https://lm-api-reads.fantasy.espn.com/apis/v3/games/ffl/seasons/2026/segments/0/leaguedefaults/1?view=kona_player_info,1,PPR,3045147,James Conner,james conner,ARI,RB,"[2,3,23,7,20,21]",435,,170.16,,"{""draftRanksByRankType.PPR"":{""auctionValue"":0,""published"":false,""rank"":435,""rankSourceId"":0,""rankType"":""PPR"",""slotId"":0},""ownership"":{""activityLevel"":null,""auctionValueAverage"":0.01,""auctionValueAverageChange"":0.0,""averageDraftPosition"":170.16,""averageDraftPositionPercentChange"":-0.02,""date"":1788211815663,""leagueType"":0,""percentChange"":-0.09,""percentOwned"":3.19,""percentStarted"":0.12}}",-264.84,,,unresolved,0.0,no Draft Command player match,Live ESPN draft-room order was not separately observable from the public API capture.,8ea14fdc5cee452bb9f1090533620e5a27f548a65e16ac1dd78fff24f25cb25c,espn_2026_candidate_20260831T214508Z_6e169d4c54c0
2026,2026-08-31T21:45:08Z,2026-08-31T16:45:08-05:00,candidate,espn-fantasy-api-kona-player-info-2026-ppr,https://lm-api-reads.fantasy.espn.com/apis/v3/games/ffl/seasons/2026/segments/0/leaguedefaults/1?view=kona_player_info,1,PPR,5081508,Eli Heidenreich,eli heidenreich,PIT,RB,"[25,2,3,23,7,20,21]",436,,169.98,,"{""draftRanksByRankType.PPR"":{""auctionValue"":0,""published"":false,""rank"":436,""rankSourceId"":0,""rankType"":""PPR"",""slotId"":0},""ownership"":{""activityLevel"":null,""auctionValueAverage"":0.0,""auctionValueAverageChange"":0.0,""averageDraftPosition"":169.98,""averageDraftPositionPercentChange"":0.0,""date"":1788211819523,""leagueType"":0,""percentChange"":0.03,""percentOwned"":0.18,""percentStarted"":0.01}}",-266.02,,,unresolved,0.0,no Draft Command player match,Live ESPN draft-room order was not separately observable from the public API capture.,19714f4a82c3e95a41c6dee0338a6fcaf36b52a03c91f6703592480c0a00d561,espn_2026_candidate_20260831T214508Z_6e169d4c54c0
2026,2026-08-31T21:45:08Z,2026-08-31T16:45:08-05:00,candidate,espn-fantasy-api-kona-player-info-2026-ppr,https://lm-api-reads.fantasy.espn.com/apis/v3/games/ffl/seasons/2026/segments/0/leaguedefaults/1?view=kona_player_info,1,PPR,4685477,Jam Miller,jam miller,FA,RB,"[25,2,3,23,7,20,21]",437,,169.99,,"{""draftRanksByRankType.PPR"":{""auctionValue"":0,""published"":false,""rank"":437,""rankSourceId"":0,""rankType"":""PPR"",""slotId"":0},""ownership"":{""activityLevel"":null,""auctionValueAverage"":0.0,""auctionValueAverageChange"":0.0,""averageDraftPosition"":169.99,""averageDraftPositionPercentChange"":0.0,""date"":1788143426765,""leagueType"":0,""percentChange"":-0.01,""percentOwned"":0.05,""percentStarted"":0.01}}",-267.01,,,unresolved,0.0,no Draft Command player match,Live ESPN draft-room order was not separately observable from the public API capture.,790cf463403fd0f747700f0e0d3bad62e5476cf16d36dd65ef338dbb6fdec443,espn_2026_candidate_20260831T214508Z_6e169d4c54c0
2026,2026-08-31T21:45:08Z,2026-08-31T16:45:08-05:00,candidate,espn-fantasy-api-kona-player-info-2026-ppr,https://lm-api-reads.fantasy.espn.com/apis/v3/games/ffl/seasons/2026/segments/0/leaguedefaults/1?view=kona_player_info,1,PPR,4429275,Trey Benson,trey benson,ARI,RB,"[2,3,23,7,20,21]",438,,169.97,,"{""draftRanksByRankType.PPR"":{""auctionValue"":0,""published"":false,""rank"":438,""rankSourceId"":0,""rankType"":""PPR"",""slotId"":0},""ownership"":{""activityLevel"":null,""auctionValueAverage"":0.0,""auctionValueAverageChange"":0.0,""averageDraftPosition"":169.97,""averageDraftPositionPercentChange"":0.0,""date"":1788204617933,""leagueType"":0,""percentChange"":-0.04,""percentOwned"":0.29,""percentStarted"":0.02}}",-268.03,,,unresolved,0.0,no Draft Command player match,Live ESPN draft-room order was not separately observable from the public API capture.,c60088a981eccf1d866fa381897139ff18918faebd50960447f0bd7f09043462,espn_2026_candidate_20260831T214508Z_6e169d4c54c0
2026,2026-08-31T21:45:08Z,2026-08-31T16:45:08-05:00,candidate,espn-fantasy-api-kona-player-info-2026-ppr,https://lm-api-reads.fantasy.espn.com/apis/v3/games/ffl/seasons/2026/segments/0/leaguedefaults/1?view=kona_player_info,1,PPR,4360423,Michael Penix Jr.,michael penix,ATL,QB,"[0,7,20,21]",440,,170.1,,"{""draftRanksByRankType.PPR"":{""auctionValue"":0,""published"":false,""rank"":440,""rankSourceId"":0,""rankType"":""PPR"",""slotId"":0},""ownership"":{""activityLevel"":null,""auctionValueAverage"":0.04,""auctionValueAverageChange"":0.01,""averageDraftPosition"":170.1,""averageDraftPositionPercentChange"":-0.01,""date"":1788211817318,""leagueType"":0,""percentChange"":0.01,""percentOwned"":1.03,""percentStarted"":0.05}}",-269.9,,,unresolved,0.0,no Draft Command player match,Live ESPN draft-room order was not separately observable from the public API capture.,e1b5c92bdcf0bff30cb1d25014ebe4f521592c228fdd88e1023109a3cd6866b4,espn_2026_candidate_20260831T214508Z_6e169d4c54c0
2026,2026-08-31T21:45:08Z,2026-08-31T16:45:08-05:00,candidate,espn-fantasy-api-kona-player-info-2026-ppr,https://lm-api-reads.fantasy.espn.com/apis/v3/games/ffl/seasons/2026/segments/0/leaguedefaults/1?view=kona_player_info,1,PPR,4259147,Jake Tonges,jake tonges,SF,TE,"[5,6,23,7,20,21]",441,,170.19,,"{""draftRanksByRankType.PPR"":{""auctionValue"":0,""published"":false,""rank"":441,""rankSourceId"":0,""rankType"":""PPR"",""slotId"":0},""ownership"":{""activityLevel"":null,""auctionValueAverage"":0.02,""auctionValueAverageChange"":0.0,""averageDraftPosition"":170.19,""averageDraftPositionPercentChange"":0.03,""date"":1788211817214,""leagueType"":0,""percentChange"":-0.28,""percentOwned"":2.53,""percentStarted"":0.59}}",-270.81,,,unresolved,0.0,no Draft Command player match,Live ESPN draft-room order was not separately observable from the public API capture.,be075a34e0a92ed469fa1f48725997a81af1a1c84d5e182e0b11067070c8cca4,espn_2026_candidate_20260831T214508Z_6e169d4c54c0
2026,2026-08-31T21:45:08Z,2026-08-31T16:45:08-05:00,candidate,espn-fantasy-api-kona-player-info-2026-ppr,https://lm-api-reads.fantasy.espn.com/apis/v3/games/ffl/seasons/2026/segments/0/leaguedefaults/1?view=kona_player_info,1,PPR,4242557,Colby Parkinson,colby parkinson,LAR,TE,"[5,6,23,7,20,21]",442,,170.25,,"{""draftRanksByRankType.PPR"":{""auctionValue"":0,""published"":false,""rank"":442,""rankSourceId"":0,""rankType"":""PPR"",""slotId"":0},""ownership"":{""activityLevel"":null,""auctionValueAverage"":0.02,""auctionValueAverageChange"":0.0,""averageDraftPosition"":170.25,""averageDraftPositionPercentChange"":0.03,""date"":1788211817040,""leagueType"":0,""percentChange"":-0.07,""percentOwned"":1.27,""percentStarted"":0.16}}",-271.75,,,unresolved,0.0,no Draft Command player match,Live ESPN draft-room order was not separately observable from the public API capture.,e46ffe2689d6319131e8feb183276e96f3488e39a871bacfff0aea1ad1951073,espn_2026_candidate_20260831T214508Z_6e169d4c54c0
2026,2026-08-31T21:45:08Z,2026-08-31T16:45:08-05:00,candidate,espn-fantasy-api-kona-player-info-2026-ppr,https://lm-api-reads.fantasy.espn.com/apis/v3/games/ffl/seasons/2026/segments/0/leaguedefaults/1?view=kona_player_info,1,PPR,4427834,Erick All Jr.,erick all,CIN,TE,"[5,6,23,7,20,21]",443,,170.04,,"{""draftRanksByRankType.PPR"":{""auctionValue"":0,""published"":false,""rank"":443,""rankSourceId"":0,""rankType"":""PPR"",""slotId"":0},""ownership"":{""activityLevel"":null,""auctionValueAverage"":0.0,""auctionValueAverageChange"":0.0,""averageDraftPosition"":170.04,""averageDraftPositionPercentChange"":0.0,""date"":1788208214159,""leagueType"":0,""percentChange"":0.0,""percentOwned"":0.2,""percentStarted"":0.03}}",-272.96,,,unresolved,0.0,no Draft Command player match,Live ESPN draft-room order was not separately observable from the public API capture.,2d64b48fd9deecfb4473de2463ded68bb76d60fa9709b6a95e8800e5af7fc001,espn_2026_candidate_20260831T214508Z_6e169d4c54c0
2026,2026-08-31T21:45:08Z,2026-08-31T16:45:08-05:00,candidate,espn-fantasy-api-kona-player-info-2026-ppr,https://lm-api-reads.fantasy.espn.com/apis/v3/games/ffl/seasons/2026/segments/0/leaguedefaults/1?view=kona_player_info,1,PPR,4430802,Darnell Washington,darnell washington,PIT,TE,"[5,6,23,7,20,21]",445,,169.79,,"{""draftRanksByRankType.PPR"":{""auctionValue"":0,""published"":false,""rank"":445,""rankSourceId"":0,""rankType"":""PPR"",""slotId"":0},""ownership"":{""activityLevel"":null,""auctionValueAverage"":0.02,""auctionValueAverageChange"":0.0,""averageDraftPosition"":169.79,""averageDraftPositionPercentChange"":-0.03,""date"":1788208214385,""leagueType"":0,""percentChange"":-0.04,""percentOwned"":1.63,""percentStarted"":0.26}}",-275.21,,,unresolved,0.0,no Draft Command player match,Live ESPN draft-room order was not separately observable from the public API capture.,941085848f5488943f9bdf4a368e2f440ed970dd09445911bf4967daebe766a5,espn_2026_candidate_20260831T214508Z_6e169d4c54c0
2026,2026-08-31T21:45:08Z,2026-08-31T16:45:08-05:00,candidate,espn-fantasy-api-kona-player-info-2026-ppr,https://lm-api-reads.fantasy.espn.com/apis/v3/games/ffl/seasons/2026/segments/0/leaguedefaults/1?view=kona_player_info,1,PPR,4433970,J.J. McCarthy,j j mccarthy,MIN,QB,"[0,7,20,21]",447,,169.88,,"{""draftRanksByRankType.PPR"":{""auctionValue"":0,""published"":false,""rank"":447,""rankSourceId"":0,""rankType"":""PPR"",""slotId"":0},""ownership"":{""activityLevel"":null,""auctionValueAverage"":0.02,""auctionValueAverageChange"":0.0,""averageDraftPosition"":169.88,""averageDraftPositionPercentChange"":-0.04,""date"":1788211818394,""leagueType"":0,""percentChange"":-0.05,""percentOwned"":0.89,""percentStarted"":0.08}}",-277.12,,,unresolved,0.0,no Draft Command player match,Live ESPN draft-room order was not separately observable from the public API capture.,850f3dbeb4b3f8430e74e659a108064b52f089af3f4c7457402fa7e9b477c77e,espn_2026_candidate_20260831T214508Z_6e169d4c54c0
2026,2026-08-31T21:45:08Z,2026-08-31T16:45:08-05:00,candidate,espn-fantasy-api-kona-player-info-2026-ppr,https://lm-api-reads.fantasy.espn.com/apis/v3/games/ffl/seasons/2026/segments/0/leaguedefaults/1?view=kona_player_info,1,PPR,4430841,Carson Beck,carson beck,ARI,QB,"[25,0,7,20,21]",451,,170.01,,"{""draftRanksByRankType.PPR"":{""auctionValue"":0,""published"":false,""rank"":451,""rankSourceId"":0,""rankType"":""PPR"",""slotId"":0},""ownership"":{""activityLevel"":null,""auctionValueAverage"":0.02,""auctionValueAverageChange"":0.0,""averageDraftPosition"":170.01,""averageDraftPositionPercentChange"":-0.02,""date"":1788211818215,""leagueType"":0,""percentChange"":-0.07,""percentOwned"":0.96,""percentStarted"":0.04}}",-280.99,,,unresolved,0.0,no Draft Command player match,Live ESPN draft-room order was not separately observable from the public API capture.,0bef2778023e21b132b36e188861bbae705e980af11d8cdf52e3247c895e89e2,espn_2026_candidate_20260831T214508Z_6e169d4c54c0
2026,2026-08-31T21:45:08Z,2026-08-31T16:45:08-05:00,candidate,espn-fantasy-api-kona-player-info-2026-ppr,https://lm-api-reads.fantasy.espn.com/apis/v3/games/ffl/seasons/2026/segments/0/leaguedefaults/1?view=kona_player_info,1,PPR,4362887,Justin Fields,justin fields,KC,QB,"[0,7,20,21]",453,,169.97,,"{""draftRanksByRankType.PPR"":{""auctionValue"":0,""published"":false,""rank"":453,""rankSourceId"":0,""rankType"":""PPR"",""slotId"":0},""ownership"":{""activityLevel"":null,""auctionValueAverage"":0.01,""auctionValueAverageChange"":0.0,""averageDraftPosition"":169.97,""averageDraftPositionPercentChange"":-0.01,""date"":1788211817604,""leagueType"":0,""percentChange"":-0.02,""percentOwned"":0.52,""percentStarted"":0.04}}",-283.03,,,unresolved,0.0,no Draft Command player match,Live ESPN draft-room order was not separately observable from the public API capture.,ecde37a9cc6267772d76ba87e133cc737081f97957c0c8c1459dc5edf5286cf3,espn_2026_candidate_20260831T214508Z_6e169d4c54c0
2026,2026-08-31T21:45:08Z,2026-08-31T16:45:08-05:00,candidate,espn-fantasy-api-kona-player-info-2026-ppr,https://lm-api-reads.fantasy.espn.com/apis/v3/games/ffl/seasons/2026/segments/0/leaguedefaults/1?view=kona_player_info,1,PPR,11252,Joe Flacco,joe flacco,CIN,QB,"[0,7,20,21]",454,,169.97,,"{""draftRanksByRankType.PPR"":{""auctionValue"":0,""published"":false,""rank"":454,""rankSourceId"":0,""rankType"":""PPR"",""slotId"":0},""ownership"":{""activityLevel"":null,""auctionValueAverage"":0.01,""auctionValueAverageChange"":0.0,""averageDraftPosition"":169.97,""averageDraftPositionPercentChange"":-0.01,""date"":1788211814973,""leagueType"":0,""percentChange"":-0.01,""percentOwned"":0.37,""percentStarted"":0.02}}",-284.03,,,unresolved,0.0,no Draft Command player match,Live ESPN draft-room order was not separately observable from the public API capture.,cad005398fd7a3f2d68a315b4c8ee12c5a2a1cabd5e0473ebff0b2427203a679,espn_2026_candidate_20260831T214508Z_6e169d4c54c0
2026,2026-08-31T21:45:08Z,2026-08-31T16:45:08-05:00,candidate,espn-fantasy-api-kona-player-info-2026-ppr,https://lm-api-reads.fantasy.espn.com/apis/v3/games/ffl/seasons/2026/segments/0/leaguedefaults/1?view=kona_player_info,1,PPR,4241464,Mac Jones,mac jones,SF,QB,"[0,7,20,21]",455,,169.98,,"{""draftRanksByRankType.PPR"":{""auctionValue"":0,""published"":false,""rank"":455,""rankSourceId"":0,""rankType"":""PPR"",""slotId"":0},""ownership"":{""activityLevel"":null,""auctionValueAverage"":0.0,""auctionValueAverageChange"":0.0,""averageDraftPosition"":169.98,""averageDraftPositionPercentChange"":-0.01,""date"":1788175815198,""leagueType"":0,""percentChange"":-0.02,""percentOwned"":0.3,""percentStarted"":0.02}}",-285.02,,,unresolved,0.0,no Draft Command player match,Live ESPN draft-room order was not separately observable from the public API capture.,f9a37808cf99a035692eaa9e51f68b0930fbe99a4f35eb5ce5e3232358bd75b2,espn_2026_candidate_20260831T214508Z_6e169d4c54c0
2026,2026-08-31T21:45:08Z,2026-08-31T16:45:08-05:00,candidate,espn-fantasy-api-kona-player-info-2026-ppr,https://lm-api-reads.fantasy.espn.com/apis/v3/games/ffl/seasons/2026/segments/0/leaguedefaults/1?view=kona_player_info,1,PPR,4693370,Riley Nowakowski,riley nowakowski,PIT,RB,"[2,3,23,7,20,21]",456,,169.99,,"{""draftRanksByRankType.PPR"":{""auctionValue"":0,""published"":false,""rank"":456,""rankSourceId"":0,""rankType"":""PPR"",""slotId"":0},""ownership"":{""activityLevel"":null,""auctionValueAverage"":0.0,""auctionValueAverageChange"":0.0,""averageDraftPosition"":169.99,""averageDraftPositionPercentChange"":0.0,""date"":1788211819202,""leagueType"":0,""percentChange"":0.0,""percentOwned"":0.06,""percentStarted"":0.01}}",-286.01,,,unresolved,0.0,no Draft Command player match,Live ESPN draft-room order was not separately observable from the public API capture.,322b7e595ea4b8bc9621d64f5fc2b0d0d86ae914566a2b77aeee4aab9e1f2568,espn_2026_candidate_20260831T214508Z_6e169d4c54c0
2026,2026-08-31T21:45:08Z,2026-08-31T16:45:08-05:00,candidate,espn-fantasy-api-kona-player-info-2026-ppr,https://lm-api-reads.fantasy.espn.com/apis/v3/games/ffl/seasons/2026/segments/0/leaguedefaults/1?view=kona_player_info,1,PPR,16002,Kyle Juszczyk,kyle juszczyk,SF,RB,"[2,3,23,7,20,21]",457,,169.96,,"{""draftRanksByRankType.PPR"":{""auctionValue"":0,""published"":false,""rank"":457,""rankSourceId"":0,""rankType"":""PPR"",""slotId"":0},""ownership"":{""activityLevel"":null,""auctionValueAverage"":0.0,""auctionValueAverageChange"":0.0,""averageDraftPosition"":169.96,""averageDraftPositionPercentChange"":-0.01,""date"":1788201013036,""leagueType"":0,""percentChange"":-0.02,""percentOwned"":0.41,""percentStarted"":0.08}}",-287.04,,,unresolved,0.0,no Draft Command player match,Live ESPN draft-room order was not separately observable from the public API capture.,7b01d0b00ad082fc2681cdb59ab996198733792e522d6ea04211bdb341793002,espn_2026_candidate_20260831T214508Z_6e169d4c54c0
2026,2026-08-31T21:45:08Z,2026-08-31T16:45:08-05:00,candidate,espn-fantasy-api-kona-player-info-2026-ppr,https://lm-api-reads.fantasy.espn.com/apis/v3/games/ffl/seasons/2026/segments/0/leaguedefaults/1?view=kona_player_info,1,PPR,4383396,Hunter Luepke,hunter luepke,DAL,RB,"[2,3,23,7,20,21]",458,,169.97,,"{""draftRanksByRankType.PPR"":{""auctionValue"":0,""published"":false,""rank"":458,""rankSourceId"":0,""rankType"":""PPR"",""slotId"":0},""ownership"":{""activityLevel"":null,""auctionValueAverage"":0.0,""auctionValueAverageChange"":0.0,""averageDraftPosition"":169.97,""averageDraftPositionPercentChange"":0.01,""date"":1788208214032,""leagueType"":0,""percentChange"":0.0,""percentOwned"":0.13,""percentStarted"":0.02}}",-288.03,,,unresolved,0.0,no Draft Command player match,Live ESPN draft-room order was not separately observable from the public API capture.,433f57f9c85e7a24bc551cdf55d4fc8b0fa60ec9baa3228f57c53c254cdd9f79,espn_2026_candidate_20260831T214508Z_6e169d4c54c0
2026,2026-08-31T21:45:08Z,2026-08-31T16:45:08-05:00,candidate,espn-fantasy-api-kona-player-info-2026-ppr,https://lm-api-reads.fantasy.espn.com/apis/v3/games/ffl/seasons/2026/segments/0/leaguedefaults/1?view=kona_player_info,1,PPR,3930086,Dawson Knox,dawson knox,BUF,TE,"[5,6,23,7,20,21]",459,,169.8,,"{""draftRanksByRankType.PPR"":{""auctionValue"":0,""published"":false,""rank"":459,""rankSourceId"":0,""rankType"":""PPR"",""slotId"":0},""ownership"":{""activityLevel"":null,""auctionValueAverage"":0.01,""auctionValueAverageChange"":0.0,""averageDraftPosition"":169.8,""averageDraftPositionPercentChange"":-0.03,""date"":1788211816331,""leagueType"":0,""percentChange"":0.0,""percentOwned"":0.9,""percentStarted"":0.16}}",-289.2,,,unresolved,0.0,no Draft Command player match,Live ESPN draft-room order was not separately observable from the public API capture.,43a2b8118d9c6f9f38982236e99c24d3228ab4a07a481b782bf55ecaac4853be,espn_2026_candidate_20260831T214508Z_6e169d4c54c0
2026,2026-08-31T21:45:08Z,2026-08-31T16:45:08-05:00,candidate,espn-fantasy-api-kona-player-info-2026-ppr,https://lm-api-reads.fantasy.espn.com/apis/v3/games/ffl/seasons/2026/segments/0/leaguedefaults/1?view=kona_player_info,1,PPR,4678006,Elijah Arroyo,elijah arroyo,SEA,TE,"[5,6,23,7,20,21]",460,,169.92,,"{""draftRanksByRankType.PPR"":{""auctionValue"":0,""published"":false,""rank"":460,""rankSourceId"":0,""rankType"":""PPR"",""slotId"":0},""ownership"":{""activityLevel"":null,""auctionValueAverage"":0.01,""auctionValueAverageChange"":0.0,""averageDraftPosition"":169.92,""averageDraftPositionPercentChange"":-0.01,""date"":1788208215065,""leagueType"":0,""percentChange"":-0.02,""percentOwned"":0.52,""percentStarted"":0.07}}",-290.08,,,unresolved,0.0,no Draft Command player match,Live ESPN draft-room order was not separately observable from the public API capture.,52b2ddd5815b4e93495cbb475e5b32fe6e864011608fd16233e20b9935c09563,espn_2026_candidate_20260831T214508Z_6e169d4c54c0
2026,2026-08-31T21:45:08Z,2026-08-31T16:45:08-05:00,candidate,espn-fantasy-api-kona-player-info-2026-ppr,https://lm-api-reads.fantasy.espn.com/apis/v3/games/ffl/seasons/2026/segments/0/leaguedefaults/1?view=kona_player_info,1,PPR,4808766,Mason Taylor,mason taylor,NYJ,TE,"[5,6,23,7,20,21]",464,,170.02,,"{""draftRanksByRankType.PPR"":{""auctionValue"":0,""published"":false,""rank"":464,""rankSourceId"":0,""rankType"":""PPR"",""slotId"":0},""ownership"":{""activityLevel"":null,""auctionValueAverage"":0.01,""auctionValueAverageChange"":0.0,""averageDraftPosition"":170.02,""averageDraftPositionPercentChange"":0.0,""date"":1788211819311,""leagueType"":0,""percentChange"":-0.01,""percentOwned"":0.51,""percentStarted"":0.08}}",-293.98,,,unresolved,0.0,no Draft Command player match,Live ESPN draft-room order was not separately observable from the public API capture.,af28f709fc7df4bbe85b275391377be268a484f7a711909ea513e8b429120cc6,espn_2026_candidate_20260831T214508Z_6e169d4c54c0
2026,2026-08-31T21:45:08Z,2026-08-31T16:45:08-05:00,candidate,espn-fantasy-api-kona-player-info-2026-ppr,https://lm-api-reads.fantasy.espn.com/apis/v3/games/ffl/seasons/2026/segments/0/leaguedefaults/1?view=kona_player_info,1,PPR,4429148,Theo Johnson,theo johnson,NYG,TE,"[5,6,23,7,20,21]",465,,170.13,,"{""draftRanksByRankType.PPR"":{""auctionValue"":0,""published"":false,""rank"":465,""rankSourceId"":0,""rankType"":""PPR"",""slotId"":0},""ownership"":{""activityLevel"":null,""auctionValueAverage"":0.01,""auctionValueAverageChange"":0.0,""averageDraftPosition"":170.13,""averageDraftPositionPercentChange"":0.02,""date"":1788211818090,""leagueType"":0,""percentChange"":-0.06,""percentOwned"":0.6,""percentStarted"":0.05}}",-294.87,,,unresolved,0.0,no Draft Command player match,Live ESPN draft-room order was not separately observable from the public API capture.,44f99f43542f324c2f00274f8f6ea0e7fb7f06f8f6ec8e77c69d3da3ffc300a9,espn_2026_candidate_20260831T214508Z_6e169d4c54c0
2026,2026-08-31T21:45:08Z,2026-08-31T16:45:08-05:00,candidate,espn-fantasy-api-kona-player-info-2026-ppr,https://lm-api-reads.fantasy.espn.com/apis/v3/games/ffl/seasons/2026/segments/0/leaguedefaults/1?view=kona_player_info,1,PPR,4258595,Cole Kmet,cole kmet,CHI,TE,"[5,6,23,7,20,21]",466,,169.74,,"{""draftRanksByRankType.PPR"":{""auctionValue"":0,""published"":false,""rank"":466,""rankSourceId"":0,""rankType"":""PPR"",""slotId"":0},""ownership"":{""activityLevel"":null,""auctionValueAverage"":0.03,""auctionValueAverageChange"":0.01,""averageDraftPosition"":169.74,""averageDraftPositionPercentChange"":-0.01,""date"":1788211817203,""leagueType"":0,""percentChange"":0.01,""percentOwned"":0.87,""percentStarted"":0.19}}",-296.26,,,unresolved,0.0,no Draft Command player match,Live ESPN draft-room order was not separately observable from the public API capture.,7a594b0eaac24b99419d461cc5aa4a3426b05f28d94173becc86332aa9af9d71,espn_2026_candidate_20260831T214508Z_6e169d4c54c0
2026,2026-08-31T21:45:08Z,2026-08-31T16:45:08-05:00,candidate,espn-fantasy-api-kona-player-info-2026-ppr,https://lm-api-reads.fantasy.espn.com/apis/v3/games/ffl/seasons/2026/segments/0/leaguedefaults/1?view=kona_player_info,1,PPR,4431588,Ja'Tavion Sanders,ja tavion sanders,CAR,TE,"[5,6,23,7,20,21]",467,,169.95,,"{""draftRanksByRankType.PPR"":{""auctionValue"":0,""published"":false,""rank"":467,""rankSourceId"":0,""rankType"":""PPR"",""slotId"":0},""ownership"":{""activityLevel"":null,""auctionValueAverage"":0.0,""auctionValueAverageChange"":0.0,""averageDraftPosition"":169.95,""averageDraftPositionPercentChange"":0.0,""date"":1788179422980,""leagueType"":0,""percentChange"":-0.02,""percentOwned"":0.25,""percentStarted"":0.06}}",-297.05,,,unresolved,0.0,no Draft Command player match,Live ESPN draft-room order was not separately observable from the public API capture.,809d49fd8103a1409823a382877eade759b2e4f335772fbfb4e63cebed4e10a4,espn_2026_candidate_20260831T214508Z_6e169d4c54c0
2026,2026-08-31T21:45:08Z,2026-08-31T16:45:08-05:00,candidate,espn-fantasy-api-kona-player-info-2026-ppr,https://lm-api-reads.fantasy.espn.com/apis/v3/games/ffl/seasons/2026/segments/0/leaguedefaults/1?view=kona_player_info,1,PPR,4240472,Noah Gray,noah gray,KC,TE,"[5,6,23,7,20,21]",468,,169.93,,"{""draftRanksByRankType.PPR"":{""auctionValue"":0,""published"":false,""rank"":468,""rankSourceId"":0,""rankType"":""PPR"",""slotId"":0},""ownership"":{""activityLevel"":null,""auctionValueAverage"":0.01,""auctionValueAverageChange"":0.0,""averageDraftPosition"":169.93,""averageDraftPositionPercentChange"":-0.01,""date"":1788211816849,""leagueType"":0,""percentChange"":0.0,""percentOwned"":0.32,""percentStarted"":0.06}}",-298.07,,,unresolved,0.0,no Draft Command player match,Live ESPN draft-room order was not separately observable from the public API capture.,b55b03ba57b13f08179366c4d83865f84156b58172de416927af2e091e9848b0,espn_2026_candidate_20260831T214508Z_6e169d4c54c0
2026,2026-08-31T21:45:08Z,2026-08-31T16:45:08-05:00,candidate,espn-fantasy-api-kona-player-info-2026-ppr,https://lm-api-reads.fantasy.espn.com/apis/v3/games/ffl/seasons/2026/segments/0/leaguedefaults/1?view=kona_player_info,1,PPR,4431574,Eli Stowers,eli stowers,PHI,TE,"[25,5,6,23,7,20,21]",469,,169.97,,"{""draftRanksByRankType.PPR"":{""auctionValue"":0,""published"":false,""rank"":469,""rankSourceId"":0,""rankType"":""PPR"",""slotId"":0},""ownership"":{""activityLevel"":null,""auctionValueAverage"":0.01,""auctionValueAverageChange"":0.0,""averageDraftPosition"":169.97,""averageDraftPositionPercentChange"":0.0,""date"":1788211818306,""leagueType"":0,""percentChange"":-0.06,""percentOwned"":0.67,""percentStarted"":0.05}}",-299.03,,,unresolved,0.0,no Draft Command player match,Live ESPN draft-room order was not separately observable from the public API capture.,688b7fcb7400ad368078ef11dd224c7aa0b9ce6a769af2e1a67fd28ef2e20ef0,espn_2026_candidate_20260831T214508Z_6e169d4c54c0
2026,2026-08-31T21:45:08Z,2026-08-31T16:45:08-05:00,candidate,espn-fantasy-api-kona-player-info-2026-ppr,https://lm-api-reads.fantasy.espn.com/apis/v3/games/ffl/seasons/2026/segments/0/leaguedefaults/1?view=kona_player_info,1,PPR,2573401,Tyler Higbee,tyler higbee,LAR,TE,"[5,6,23,7,20,21]",470,,169.88,,"{""draftRanksByRankType.PPR"":{""auctionValue"":0,""published"":false,""rank"":470,""rankSourceId"":0,""rankType"":""PPR"",""slotId"":0},""ownership"":{""activityLevel"":null,""auctionValueAverage"":0.01,""auctionValueAverageChange"":0.0,""averageDraftPosition"":169.88,""averageDraftPositionPercentChange"":0.0,""date"":1788211815326,""leagueType"":0,""percentChange"":-0.01,""percentOwned"":0.42,""percentStarted"":0.08}}",-300.12,,,unresolved,0.0,no Draft Command player match,Live ESPN draft-room order was not separately observable from the public API capture.,f79359b7d2f4ef179dd41642c12b868e2c0d1a564387f5a4e53f4a879cd81999,espn_2026_candidate_20260831T214508Z_6e169d4c54c0
2026,2026-08-31T21:45:08Z,2026-08-31T16:45:08-05:00,candidate,espn-fantasy-api-kona-player-info-2026-ppr,https://lm-api-reads.fantasy.espn.com/apis/v3/games/ffl/seasons/2026/segments/0/leaguedefaults/1?view=kona_player_info,1,PPR,4833029,Max Klare,max klare,LAR,TE,"[25,5,6,23,7,20,21]",471,,169.99,,"{""draftRanksByRankType.PPR"":{""auctionValue"":0,""published"":false,""rank"":471,""rankSourceId"":0,""rankType"":""PPR"",""slotId"":0},""ownership"":{""activityLevel"":null,""auctionValueAverage"":0.0,""auctionValueAverageChange"":0.0,""averageDraftPosition"":169.99,""averageDraftPositionPercentChange"":-0.01,""date"":1788211819338,""leagueType"":0,""percentChange"":-0.01,""percentOwned"":0.17,""percentStarted"":0.02}}",-301.01,,,unresolved,0.0,no Draft Command player match,Live ESPN draft-room order was not separately observable from the public API capture.,46f89572ec17f1d0dfe81d4a63894abbb22f1ae263eb47c33a8999c0d60ca865,espn_2026_candidate_20260831T214508Z_6e169d4c54c0
2026,2026-08-31T21:45:08Z,2026-08-31T16:45:08-05:00,candidate,espn-fantasy-api-kona-player-info-2026-ppr,https://lm-api-reads.fantasy.espn.com/apis/v3/games/ffl/seasons/2026/segments/0/leaguedefaults/1?view=kona_player_info,1,PPR,4831959,Eli Raridon,eli raridon,NE,TE,"[25,5,6,23,7,20,21]",472,,169.97,,"{""draftRanksByRankType.PPR"":{""auctionValue"":0,""published"":false,""rank"":472,""rankSourceId"":0,""rankType"":""PPR"",""slotId"":0},""ownership"":{""activityLevel"":null,""auctionValueAverage"":0.0,""auctionValueAverageChange"":0.0,""averageDraftPosition"":169.97,""averageDraftPositionPercentChange"":-0.01,""date"":1788193815225,""leagueType"":0,""percentChange"":-0.02,""percentOwned"":0.26,""percentStarted"":0.02}}",-302.03,,,unresolved,0.0,no Draft Command player match,Live ESPN draft-room order was not separately observable from the public API capture.,08c1e56e0b2f56792d1c5213a3436295b2d12bc2635e9080a15681783f48317a,espn_2026_candidate_20260831T214508Z_6e169d4c54c0
2026,2026-08-31T21:45:08Z,2026-08-31T16:45:08-05:00,candidate,espn-fantasy-api-kona-player-info-2026-ppr,https://lm-api-reads.fantasy.espn.com/apis/v3/games/ffl/seasons/2026/segments/0/leaguedefaults/1?view=kona_player_info,1,PPR,4372780,Tommy Tremble,tommy tremble,CAR,TE,"[5,6,23,7,20,21]",473,,169.95,,"{""draftRanksByRankType.PPR"":{""auctionValue"":0,""published"":false,""rank"":473,""rankSourceId"":0,""rankType"":""PPR"",""slotId"":0},""ownership"":{""activityLevel"":null,""auctionValueAverage"":0.0,""auctionValueAverageChange"":0.0,""averageDraftPosition"":169.95,""averageDraftPositionPercentChange"":0.0,""date"":1788208213992,""leagueType"":0,""percentChange"":-0.01,""percentOwned"":0.17,""percentStarted"":0.04}}",-303.05,,,unresolved,0.0,no Draft Command player match,Live ESPN draft-room order was not separately observable from the public API capture.,08b795db1940d76e6b0b69f9cc7088e900a2a2eb1d2dd1bfe73e9eda9c2172e8,espn_2026_candidate_20260831T214508Z_6e169d4c54c0
2026,2026-08-31T21:45:08Z,2026-08-31T16:45:08-05:00,candidate,espn-fantasy-api-kona-player-info-2026-ppr,https://lm-api-reads.fantasy.espn.com/apis/v3/games/ffl/seasons/2026/segments/0/leaguedefaults/1?view=kona_player_info,1,PPR,4685522,Ty Simpson,ty simpson,LAR,QB,"[25,0,7,20,21]",476,,169.96,,"{""draftRanksByRankType.PPR"":{""auctionValue"":0,""published"":false,""rank"":476,""rankSourceId"":0,""rankType"":""PPR"",""slotId"":0},""ownership"":{""activityLevel"":null,""auctionValueAverage"":0.01,""auctionValueAverageChange"":0.0,""averageDraftPosition"":169.96,""averageDraftPositionPercentChange"":-0.01,""date"":1788201015742,""leagueType"":0,""percentChange"":-0.02,""percentOwned"":0.46,""percentStarted"":0.02}}",-306.04,,,unresolved,0.0,no Draft Command player match,Live ESPN draft-room order was not separately observable from the public API capture.,158fa14e8c2a2b8a2c1015157cfe5af27938cc3cc572fc1e8e96c4ad7aa04121,espn_2026_candidate_20260831T214508Z_6e169d4c54c0
2026,2026-08-31T21:45:08Z,2026-08-31T16:45:08-05:00,candidate,espn-fantasy-api-kona-player-info-2026-ppr,https://lm-api-reads.fantasy.espn.com/apis/v3/games/ffl/seasons/2026/segments/0/leaguedefaults/1?view=kona_player_info,1,PPR,2969939,Jameis Winston,jameis winston,NYG,QB,"[0,7,20,21]",477,,169.95,,"{""draftRanksByRankType.PPR"":{""auctionValue"":0,""published"":false,""rank"":477,""rankSourceId"":0,""rankType"":""PPR"",""slotId"":0},""ownership"":{""activityLevel"":null,""auctionValueAverage"":0.01,""auctionValueAverageChange"":0.0,""averageDraftPosition"":169.95,""averageDraftPositionPercentChange"":-0.01,""date"":1788211815437,""leagueType"":0,""percentChange"":-0.01,""percentOwned"":0.32,""percentStarted"":0.01}}",-307.05,,,unresolved,0.0,no Draft Command player match,Live ESPN draft-room order was not separately observable from the public API capture.,d55d851467dc56539412649bb47c2154d742c432b4958b0360e888348c9f2ce2,espn_2026_candidate_20260831T214508Z_6e169d4c54c0
2026,2026-08-31T21:45:08Z,2026-08-31T16:45:08-05:00,candidate,espn-fantasy-api-kona-player-info-2026-ppr,https://lm-api-reads.fantasy.espn.com/apis/v3/games/ffl/seasons/2026/segments/0/leaguedefaults/1?view=kona_player_info,1,PPR,4429084,Anthony Richardson Sr.,anthony richardson,IND,QB,"[0,7,20,21]",478,,169.98,,"{""draftRanksByRankType.PPR"":{""auctionValue"":0,""published"":false,""rank"":478,""rankSourceId"":0,""rankType"":""PPR"",""slotId"":0},""ownership"":{""activityLevel"":null,""auctionValueAverage"":0.0,""auctionValueAverageChange"":0.0,""averageDraftPosition"":169.98,""averageDraftPositionPercentChange"":-0.01,""date"":1788201014869,""leagueType"":0,""percentChange"":-0.01,""percentOwned"":0.19,""percentStarted"":0.02}}",-308.02,,,unresolved,0.0,no Draft Command player match,Live ESPN draft-room order was not separately observable from the public API capture.,b13bb76a2523cd4c191bd3058e85df26bc3b404e6a5b94b4b08a5dfc264e3f4a,espn_2026_candidate_20260831T214508Z_6e169d4c54c0
2026,2026-08-31T21:45:08Z,2026-08-31T16:45:08-05:00,candidate,espn-fantasy-api-kona-player-info-2026-ppr,https://lm-api-reads.fantasy.espn.com/apis/v3/games/ffl/seasons/2026/segments/0/leaguedefaults/1?view=kona_player_info,1,PPR,4596472,Jalon Daniels,jalon daniels,TB,QB,"[25,0,7,20,21]",479,,169.96,,"{""draftRanksByRankType.PPR"":{""auctionValue"":0,""published"":false,""rank"":479,""rankSourceId"":0,""rankType"":""PPR"",""slotId"":0},""ownership"":{""activityLevel"":null,""auctionValueAverage"":0.01,""auctionValueAverageChange"":0.01,""averageDraftPosition"":169.96,""averageDraftPositionPercentChange"":0.04,""date"":1788179423411,""leagueType"":0,""percentChange"":0.03,""percentOwned"":0.03,""percentStarted"":0.01}}",-309.04,,,unresolved,0.0,no Draft Command player match,Live ESPN draft-room order was not separately observable from the public API capture.,c09f4e08999924ad1eac0279e4fbfdabb2ff5588fc4eee4d103ea71c897d4f3f,espn_2026_candidate_20260831T214508Z_6e169d4c54c0
2026,2026-08-31T21:45:08Z,2026-08-31T16:45:08-05:00,candidate,espn-fantasy-api-kona-player-info-2026-ppr,https://lm-api-reads.fantasy.espn.com/apis/v3/games/ffl/seasons/2026/segments/0/leaguedefaults/1?view=kona_player_info,1,PPR,3892775,Jarrett Stidham,jarrett stidham,DEN,QB,"[0,7,20,21]",480,,169.99,,"{""draftRanksByRankType.PPR"":{""auctionValue"":0,""published"":false,""rank"":480,""rankSourceId"":0,""rankType"":""PPR"",""slotId"":0},""ownership"":{""activityLevel"":null,""auctionValueAverage"":0.0,""auctionValueAverageChange"":0.0,""averageDraftPosition"":169.99,""averageDraftPositionPercentChange"":-0.01,""date"":1788179419448,""leagueType"":0,""percentChange"":-0.01,""percentOwned"":0.1,""percentStarted"":0.01}}",-310.01,,,unresolved,0.0,no Draft Command player match,Live ESPN draft-room order was not separately observable from the public API capture.,0963d03cacc1a2292a7ea404fc22b63b6a9a9b49d4bcb63305a4d26bfb4c59ce,espn_2026_candidate_20260831T214508Z_6e169d4c54c0
2026,2026-08-31T21:45:08Z,2026-08-31T16:45:08-05:00,candidate,espn-fantasy-api-kona-player-info-2026-ppr,https://lm-api-reads.fantasy.espn.com/apis/v3/games/ffl/seasons/2026/segments/0/leaguedefaults/1?view=kona_player_info,1,PPR,4240391,Tommy DeVito,tommy devito,NE,QB,"[0,7,20,21]",482,,169.94,,"{""draftRanksByRankType.PPR"":{""auctionValue"":0,""published"":false,""rank"":482,""rankSourceId"":0,""rankType"":""PPR"",""slotId"":0},""ownership"":{""activityLevel"":null,""auctionValueAverage"":0.0,""auctionValueAverageChange"":0.0,""averageDraftPosition"":169.94,""averageDraftPositionPercentChange"":0.0,""date"":1788204616461,""leagueType"":0,""percentChange"":-0.01,""percentOwned"":0.17,""percentStarted"":0.01}}",-312.06,,,unresolved,0.0,no Draft Command player match,Live ESPN draft-room order was not separately observable from the public API capture.,8e593f1fae6eb665ebf76b101af98305a78a1c2166214c5464078fbb70128a65,espn_2026_candidate_20260831T214508Z_6e169d4c54c0
2026,2026-08-31T21:45:08Z,2026-08-31T16:45:08-05:00,candidate,espn-fantasy-api-kona-player-info-2026-ppr,https://lm-api-reads.fantasy.espn.com/apis/v3/games/ffl/seasons/2026/segments/0/leaguedefaults/1?view=kona_player_info,1,PPR,2576980,Marcus Mariota,marcus mariota,WAS,QB,"[0,7,20,21]",483,,169.99,,"{""draftRanksByRankType.PPR"":{""auctionValue"":0,""published"":false,""rank"":483,""rankSourceId"":0,""rankType"":""PPR"",""slotId"":0},""ownership"":{""activityLevel"":null,""auctionValueAverage"":0.0,""auctionValueAverageChange"":0.0,""averageDraftPosition"":169.99,""averageDraftPositionPercentChange"":0.0,""date"":1788121818096,""leagueType"":0,""percentChange"":-0.01,""percentOwned"":0.11,""percentStarted"":0.01}}",-313.01,,,unresolved,0.0,no Draft Command player match,Live ESPN draft-room order was not separately observable from the public API capture.,34086ced904abbc67bc56d4f13f74ae29c2004cefe082579cf82e94d28ffa483,espn_2026_candidate_20260831T214508Z_6e169d4c54c0
2026,2026-08-31T21:45:08Z,2026-08-31T16:45:08-05:00,candidate,espn-fantasy-api-kona-player-info-2026-ppr,https://lm-api-reads.fantasy.espn.com/apis/v3/games/ffl/seasons/2026/segments/0/leaguedefaults/1?view=kona_player_info,1,PPR,4434153,Tyson Bagent,tyson bagent,CHI,QB,"[0,7,20,21]",484,,169.98,,"{""draftRanksByRankType.PPR"":{""auctionValue"":0,""published"":false,""rank"":484,""rankSourceId"":0,""rankType"":""PPR"",""slotId"":0},""ownership"":{""activityLevel"":null,""auctionValueAverage"":0.0,""auctionValueAverageChange"":0.0,""averageDraftPosition"":169.98,""averageDraftPositionPercentChange"":0.0,""date"":1788179423076,""leagueType"":0,""percentChange"":0.0,""percentOwned"":0.13,""percentStarted"":0.01}}",-314.02,,,unresolved,0.0,no Draft Command player match,Live ESPN draft-room order was not separately observable from the public API capture.,2fef3da41c7682ca97ad42b843ac063ee17106d6857280ddd0bfed2420bdb343,espn_2026_candidate_20260831T214508Z_6e169d4c54c0
2026,2026-08-31T21:45:08Z,2026-08-31T16:45:08-05:00,candidate,espn-fantasy-api-kona-player-info-2026-ppr,https://lm-api-reads.fantasy.espn.com/apis/v3/games/ffl/seasons/2026/segments/0/leaguedefaults/1?view=kona_player_info,1,PPR,4426875,Sam Howell,sam howell,DAL,QB,"[0,7,20,21]",485,,169.98,,"{""draftRanksByRankType.PPR"":{""auctionValue"":0,""published"":false,""rank"":485,""rankSourceId"":0,""rankType"":""PPR"",""slotId"":0},""ownership"":{""activityLevel"":null,""auctionValueAverage"":0.0,""auctionValueAverageChange"":0.0,""averageDraftPosition"":169.98,""averageDraftPositionPercentChange"":0.01,""date"":1788179422420,""leagueType"":0,""percentChange"":0.0,""percentOwned"":0.08,""percentStarted"":0.01}}",-315.02,,,unresolved,0.0,no Draft Command player match,Live ESPN draft-room order was not separately observable from the public API capture.,7e91876e1fef0d1e98c204e863537342b5f29a3824803fecb850f3479790aec8,espn_2026_candidate_20260831T214508Z_6e169d4c54c0
2026,2026-08-31T21:45:08Z,2026-08-31T16:45:08-05:00,candidate,espn-fantasy-api-kona-player-info-2026-ppr,https://lm-api-reads.fantasy.espn.com/apis/v3/games/ffl/seasons/2026/segments/0/leaguedefaults/1?view=kona_player_info,1,PPR,4685201,Tanner McKee,tanner mckee,PHI,QB,"[0,7,20,21]",486,,169.97,,"{""draftRanksByRankType.PPR"":{""auctionValue"":0,""published"":false,""rank"":486,""rankSourceId"":0,""rankType"":""PPR"",""slotId"":0},""ownership"":{""activityLevel"":null,""auctionValueAverage"":0.0,""auctionValueAverageChange"":0.0,""averageDraftPosition"":169.97,""averageDraftPositionPercentChange"":-0.01,""date"":1788208215199,""leagueType"":0,""percentChange"":0.0,""percentOwned"":0.08,""percentStarted"":0.01}}",-316.03,,,unresolved,0.0,no Draft Command player match,Live ESPN draft-room order was not separately observable from the public API capture.,3aad49713bb0f239779574ec68d0bda68bf0d8c7bcb03132ccdfd5f75292c0a4,espn_2026_candidate_20260831T214508Z_6e169d4c54c0
2026,2026-08-31T21:45:08Z,2026-08-31T16:45:08-05:00,candidate,espn-fantasy-api-kona-player-info-2026-ppr,https://lm-api-reads.fantasy.espn.com/apis/v3/games/ffl/seasons/2026/segments/0/leaguedefaults/1?view=kona_player_info,1,PPR,4912218,Cyrus Allen,cyrus allen,KC,WR,"[25,3,4,5,23,7,20,21]",978,,169.76,,"{""draftRanksByRankType.PPR"":{""auctionValue"":0,""published"":false,""rank"":978,""rankSourceId"":0,""rankType"":""PPR"",""slotId"":0},""ownership"":{""activityLevel"":null,""auctionValueAverage"":0.13,""auctionValueAverageChange"":0.0,""averageDraftPosition"":169.76,""averageDraftPositionPercentChange"":-0.07,""date"":1788211819490,""leagueType"":0,""percentChange"":0.02,""percentOwned"":5.25,""percentStarted"":0.08}}",-808.24,,,unresolved,0.0,no Draft Command player match,Live ESPN draft-room order was not separately observable from the public API capture.,285de0aaa6feadf32df871d94e7be62d769acfaf983f1203e0b0b7098ad8fdff,espn_2026_candidate_20260831T214508Z_6e169d4c54c0
2026,2026-08-31T21:45:08Z,2026-08-31T16:45:08-05:00,candidate,espn-fantasy-api-kona-player-info-2026-ppr,https://lm-api-reads.fantasy.espn.com/apis/v3/games/ffl/seasons/2026/segments/0/leaguedefaults/1?view=kona_player_info,1,PPR,4613202,Kyle Williams,kyle williams,NE,WR,"[3,4,5,23,7,20,21]",979,,169.97,,"{""draftRanksByRankType.PPR"":{""auctionValue"":0,""published"":false,""rank"":979,""rankSourceId"":0,""rankType"":""PPR"",""slotId"":0},""ownership"":{""activityLevel"":null,""auctionValueAverage"":0.0,""auctionValueAverageChange"":0.0,""averageDraftPosition"":169.97,""averageDraftPositionPercentChange"":-0.01,""date"":1788208215040,""leagueType"":0,""percentChange"":0.0,""percentOwned"":0.39,""percentStarted"":0.03}}",-809.03,,,unresolved,0.0,no Draft Command player match,Live ESPN draft-room order was not separately observable from the public API capture.,623f793f1e4361c897bdf76a75dff6952e266ab5d703c709c8bf8c23f15a567c,espn_2026_candidate_20260831T214508Z_6e169d4c54c0
2026,2026-08-31T21:45:08Z,2026-08-31T16:45:08-05:00,candidate,espn-fantasy-api-kona-player-info-2026-ppr,https://lm-api-reads.fantasy.espn.com/apis/v3/games/ffl/seasons/2026/segments/0/leaguedefaults/1?view=kona_player_info,1,PPR,4431280,Troy Franklin,troy franklin,DEN,WR,"[3,4,5,23,7,20,21]",980,,170.05,,"{""draftRanksByRankType.PPR"":{""auctionValue"":0,""published"":false,""rank"":980,""rankSourceId"":0,""rankType"":""PPR"",""slotId"":0},""ownership"":{""activityLevel"":null,""auctionValueAverage"":0.01,""auctionValueAverageChange"":0.0,""averageDraftPosition"":170.05,""averageDraftPositionPercentChange"":0.0,""date"":1788211818254,""leagueType"":0,""percentChange"":-0.02,""percentOwned"":1.42,""percentStarted"":0.05}}",-809.95,,,unresolved,0.0,no Draft Command player match,Live ESPN draft-room order was not separately observable from the public API capture.,0bb5d4766ac027f253eda4812786286a34b1d34f250a8125c873ecae0e31b85f,espn_2026_candidate_20260831T214508Z_6e169d4c54c0
2026,2026-08-31T21:45:08Z,2026-08-31T16:45:08-05:00,candidate,espn-fantasy-api-kona-player-info-2026-ppr,https://lm-api-reads.fantasy.espn.com/apis/v3/games/ffl/seasons/2026/segments/0/leaguedefaults/1?view=kona_player_info,1,PPR,4242433,Joshua Palmer,joshua palmer,BUF,WR,"[3,4,5,23,7,20,21]",981,,169.95,,"{""draftRanksByRankType.PPR"":{""auctionValue"":0,""published"":false,""rank"":981,""rankSourceId"":0,""rankType"":""PPR"",""slotId"":0},""ownership"":{""activityLevel"":null,""auctionValueAverage"":0.0,""auctionValueAverageChange"":0.0,""averageDraftPosition"":169.95,""averageDraftPositionPercentChange"":0.0,""date"":1788179420932,""leagueType"":0,""percentChange"":-0.01,""percentOwned"":0.21,""percentStarted"":0.03}}",-811.05,,,unresolved,0.0,no Draft Command player match,Live ESPN draft-room order was not separately observable from the public API capture.,9f378f8e1eaa879e894f5f83f9489a30fd957887a81ce27b4d2baeaf69a87863,espn_2026_candidate_20260831T214508Z_6e169d4c54c0
2026,2026-08-31T21:45:08Z,2026-08-31T16:45:08-05:00,candidate,espn-fantasy-api-kona-player-info-2026-ppr,https://lm-api-reads.fantasy.espn.com/apis/v3/games/ffl/seasons/2026/segments/0/leaguedefaults/1?view=kona_player_info,1,PPR,3045523,Kendrick Bourne,kendrick bourne,ARI,WR,"[3,4,5,23,7,20,21]",982,,170,,"{""draftRanksByRankType.PPR"":{""auctionValue"":0,""published"":false,""rank"":982,""rankSourceId"":0,""rankType"":""PPR"",""slotId"":0},""ownership"":{""activityLevel"":null,""auctionValueAverage"":0.0,""auctionValueAverageChange"":0.0,""averageDraftPosition"":170.0,""averageDraftPositionPercentChange"":0.0,""date"":1788211815693,""leagueType"":0,""percentChange"":-0.01,""percentOwned"":0.15,""percentStarted"":0.03}}",-812.0,,,unresolved,0.0,no Draft Command player match,Live ESPN draft-room order was not separately observable from the public API capture.,1afee59fde2d18695eedd15d934add3ef8539fa1200ae7f600fe9f95ebbdfc3d,espn_2026_candidate_20260831T214508Z_6e169d4c54c0
2026,2026-08-31T21:45:08Z,2026-08-31T16:45:08-05:00,candidate,espn-fantasy-api-kona-player-info-2026-ppr,https://lm-api-reads.fantasy.espn.com/apis/v3/games/ffl/seasons/2026/segments/0/leaguedefaults/1?view=kona_player_info,1,PPR,5150247,Malik Benson,malik benson,LV,WR,"[25,3,4,5,23,7,20,21]",983,,169.99,,"{""draftRanksByRankType.PPR"":{""auctionValue"":0,""published"":false,""rank"":983,""rankSourceId"":0,""rankType"":""PPR"",""slotId"":0},""ownership"":{""activityLevel"":null,""auctionValueAverage"":0.0,""auctionValueAverageChange"":0.0,""averageDraftPosition"":169.99,""averageDraftPositionPercentChange"":0.0,""date"":1788139825242,""leagueType"":0,""percentChange"":-0.01,""percentOwned"":0.14,""percentStarted"":0.01}}",-813.01,,,unresolved,0.0,no Draft Command player match,Live ESPN draft-room order was not separately observable from the public API capture.,fff4e10bebfc66c2a9f1f04adcec7c9f0502190a8907ad03d7bc3c536e9174d7,espn_2026_candidate_20260831T214508Z_6e169d4c54c0
2026,2026-08-31T21:45:08Z,2026-08-31T16:45:08-05:00,candidate,espn-fantasy-api-kona-player-info-2026-ppr,https://lm-api-reads.fantasy.espn.com/apis/v3/games/ffl/seasons/2026/segments/0/leaguedefaults/1?view=kona_player_info,1,PPR,2973405,Kalif Raymond,kalif raymond,CHI,WR,"[3,4,5,23,7,20,21]",984,,169.97,,"{""draftRanksByRankType.PPR"":{""auctionValue"":0,""published"":false,""rank"":984,""rankSourceId"":0,""rankType"":""PPR"",""slotId"":0},""ownership"":{""activityLevel"":null,""auctionValueAverage"":0.0,""auctionValueAverageChange"":0.0,""averageDraftPosition"":169.97,""averageDraftPositionPercentChange"":-0.01,""date"":1788201013178,""leagueType"":0,""percentChange"":-0.01,""percentOwned"":0.18,""percentStarted"":0.03}}",-814.03,,,unresolved,0.0,no Draft Command player match,Live ESPN draft-room order was not separately observable from the public API capture.,120010150d8d3222353eca72c57abfb1f992992a801ada6cdc23384c1690c536,espn_2026_candidate_20260831T214508Z_6e169d4c54c0
2026,2026-08-31T21:45:08Z,2026-08-31T16:45:08-05:00,candidate,espn-fantasy-api-kona-player-info-2026-ppr,https://lm-api-reads.fantasy.espn.com/apis/v3/games/ffl/seasons/2026/segments/0/leaguedefaults/1?view=kona_player_info,1,PPR,4361577,Dyami Brown,dyami brown,WAS,WR,"[3,4,5,23,7,20,21]",990,,169.99,,"{""draftRanksByRankType.PPR"":{""auctionValue"":0,""published"":false,""rank"":990,""rankSourceId"":0,""rankType"":""PPR"",""slotId"":0},""ownership"":{""activityLevel"":null,""auctionValueAverage"":0.0,""auctionValueAverageChange"":0.0,""averageDraftPosition"":169.99,""averageDraftPositionPercentChange"":0.0,""date"":1788208213852,""leagueType"":0,""percentChange"":-0.02,""percentOwned"":0.14,""percentStarted"":0.02}}",-820.01,,,unresolved,0.0,no Draft Command player match,Live ESPN draft-room order was not separately observable from the public API capture.,f21ce0356422d187cf07ac22496426edc9b33658f6bd30f872c4a8f893d872dc,espn_2026_candidate_20260831T214508Z_6e169d4c54c0
2026,2026-08-31T21:45:08Z,2026-08-31T16:45:08-05:00,candidate,espn-fantasy-api-kona-player-info-2026-ppr,https://lm-api-reads.fantasy.espn.com/apis/v3/games/ffl/seasons/2026/segments/0/leaguedefaults/1?view=kona_player_info,1,PPR,4567156,Treylon Burks,treylon burks,WAS,WR,"[3,4,5,23,7,20,21]",996,,169.99,,"{""draftRanksByRankType.PPR"":{""auctionValue"":0,""published"":false,""rank"":996,""rankSourceId"":0,""rankType"":""PPR"",""slotId"":0},""ownership"":{""activityLevel"":null,""auctionValueAverage"":0.0,""auctionValueAverageChange"":0.0,""averageDraftPosition"":169.99,""averageDraftPositionPercentChange"":0.0,""date"":1788139823431,""leagueType"":0,""percentChange"":-0.01,""percentOwned"":0.11,""percentStarted"":0.01}}",-826.01,,,unresolved,0.0,no Draft Command player match,Live ESPN draft-room order was not separately observable from the public API capture.,5bc0425cc23fde853f1a2ffd215868f040e55704c371c6d540fa83b79bbaf594,espn_2026_candidate_20260831T214508Z_6e169d4c54c0
2026,2026-08-31T21:45:08Z,2026-08-31T16:45:08-05:00,candidate,espn-fantasy-api-kona-player-info-2026-ppr,https://lm-api-reads.fantasy.espn.com/apis/v3/games/ffl/seasons/2026/segments/0/leaguedefaults/1?view=kona_player_info,1,PPR,4696882,Devontez Walker,devontez walker,BAL,WR,"[3,4,5,23,7,20,21]",1000,,169.97,,"{""draftRanksByRankType.PPR"":{""auctionValue"":0,""published"":false,""rank"":1000,""rankSourceId"":0,""rankType"":""PPR"",""slotId"":0},""ownership"":{""activityLevel"":null,""auctionValueAverage"":0.0,""auctionValueAverageChange"":0.0,""averageDraftPosition"":169.97,""averageDraftPositionPercentChange"":0.0,""date"":1788211819231,""leagueType"":0,""percentChange"":0.0,""percentOwned"":0.12,""percentStarted"":0.02}}",-830.03,,,unresolved,0.0,no Draft Command player match,Live ESPN draft-room order was not separately observable from the public API capture.,9c80ef4054425e0d1f967a259eb8d5f882b2b158a348af34d61ef2f109d90fd6,espn_2026_candidate_20260831T214508Z_6e169d4c54c0
2026,2026-08-31T21:45:08Z,2026-08-31T16:45:08-05:00,candidate,espn-fantasy-api-kona-player-info-2026-ppr,https://lm-api-reads.fantasy.espn.com/apis/v3/games/ffl/seasons/2026/segments/0/leaguedefaults/1?view=kona_player_info,1,PPR,3043275,Austin Hooper,austin hooper,ATL,TE,"[5,6,23,7,20,21]",1003,,169.99,,"{""draftRanksByRankType.PPR"":{""auctionValue"":0,""published"":false,""rank"":1003,""rankSourceId"":0,""rankType"":""PPR"",""slotId"":0},""ownership"":{""activityLevel"":null,""auctionValueAverage"":0.0,""auctionValueAverageChange"":0.0,""averageDraftPosition"":169.99,""averageDraftPositionPercentChange"":0.0,""date"":1788143422854,""leagueType"":0,""percentChange"":-0.01,""percentOwned"":0.11,""percentStarted"":0.02}}",-833.01,,,unresolved,0.0,no Draft Command player match,Live ESPN draft-room order was not separately observable from the public API capture.,d786e66666242b59bbf705ef3b0fbf5a8d45ac7d82931282451f75105f5ecc4c,espn_2026_candidate_20260831T214508Z_6e169d4c54c0
2026,2026-08-31T21:45:08Z,2026-08-31T16:45:08-05:00,candidate,espn-fantasy-api-kona-player-info-2026-ppr,https://lm-api-reads.fantasy.espn.com/apis/v3/games/ffl/seasons/2026/segments/0/leaguedefaults/1?view=kona_player_info,1,PPR,4426844,Elijah Higgins,elijah higgins,ARI,TE,"[5,6,23,7,20,21]",1008,,169.94,,"{""draftRanksByRankType.PPR"":{""auctionValue"":0,""published"":false,""rank"":1008,""rankSourceId"":0,""rankType"":""PPR"",""slotId"":0},""ownership"":{""activityLevel"":null,""auctionValueAverage"":0.0,""auctionValueAverageChange"":0.0,""averageDraftPosition"":169.94,""averageDraftPositionPercentChange"":0.0,""date"":1788186617205,""leagueType"":0,""percentChange"":0.0,""percentOwned"":0.13,""percentStarted"":0.03}}",-838.06,,,unresolved,0.0,no Draft Command player match,Live ESPN draft-room order was not separately observable from the public API capture.,6c68f3fbf9a6ff45b5fa5b2c1d6d1dfb954bc59ef0fc9a54e83f8d3b5cc3bda6,espn_2026_candidate_20260831T214508Z_6e169d4c54c0
2026,2026-08-31T21:45:08Z,2026-08-31T16:45:08-05:00,candidate,espn-fantasy-api-kona-player-info-2026-ppr,https://lm-api-reads.fantasy.espn.com/apis/v3/games/ffl/seasons/2026/segments/0/leaguedefaults/1?view=kona_player_info,1,PPR,4431487,Savion Williams,savion williams,GB,WR,"[3,4,5,23,7,20,21]",1012,,170.05,,"{""draftRanksByRankType.PPR"":{""auctionValue"":0,""published"":false,""rank"":1012,""rankSourceId"":0,""rankType"":""PPR"",""slotId"":0},""ownership"":{""activityLevel"":null,""auctionValueAverage"":0.0,""auctionValueAverageChange"":0.0,""averageDraftPosition"":170.05,""averageDraftPositionPercentChange"":0.04,""date"":1788204618098,""leagueType"":0,""percentChange"":-0.05,""percentOwned"":0.4,""percentStarted"":0.03}}",-841.95,,,unresolved,0.0,no Draft Command player match,Live ESPN draft-room order was not separately observable from the public API capture.,66404ee1f54790076d54c7a2d9e04bbb31acdd6282db9c2ec8ae8f2ecf1c1717,espn_2026_candidate_20260831T214508Z_6e169d4c54c0
2026,2026-08-31T21:45:08Z,2026-08-31T16:45:08-05:00,candidate,espn-fantasy-api-kona-player-info-2026-ppr,https://lm-api-reads.fantasy.espn.com/apis/v3/games/ffl/seasons/2026/segments/0/leaguedefaults/1?view=kona_player_info,1,PPR,4880236,Will Kacmarek,will kacmarek,MIA,TE,"[25,5,6,23,7,20,21]",1016,,169.98,,"{""draftRanksByRankType.PPR"":{""auctionValue"":0,""published"":false,""rank"":1016,""rankSourceId"":0,""rankType"":""PPR"",""slotId"":0},""ownership"":{""activityLevel"":null,""auctionValueAverage"":0.0,""auctionValueAverageChange"":0.0,""averageDraftPosition"":169.98,""averageDraftPositionPercentChange"":-0.01,""date"":1788139824962,""leagueType"":0,""percentChange"":-0.01,""percentOwned"":0.08,""percentStarted"":0.02}}",-846.02,,,unresolved,0.0,no Draft Command player match,Live ESPN draft-room order was not separately observable from the public API capture.,c9938f4a79d4c531c546fee7c8a1a8d0f97ea87bd2c639839d017b4d97bd476d,espn_2026_candidate_20260831T214508Z_6e169d4c54c0
2026,2026-08-31T21:45:08Z,2026-08-31T16:45:08-05:00,candidate,espn-fantasy-api-kona-player-info-2026-ppr,https://lm-api-reads.fantasy.espn.com/apis/v3/games/ffl/seasons/2026/segments/0/leaguedefaults/1?view=kona_player_info,1,PPR,4431268,Chimere Dike,chimere dike,TEN,WR,"[3,4,5,23,7,20,21]",1017,,169.85,,"{""draftRanksByRankType.PPR"":{""auctionValue"":0,""published"":false,""rank"":1017,""rankSourceId"":0,""rankType"":""PPR"",""slotId"":0},""ownership"":{""activityLevel"":null,""auctionValueAverage"":0.06,""auctionValueAverageChange"":0.0,""averageDraftPosition"":169.85,""averageDraftPositionPercentChange"":0.02,""date"":1788211818250,""leagueType"":0,""percentChange"":0.01,""percentOwned"":1.24,""percentStarted"":0.22}}",-847.15,,,unresolved,0.0,no Draft Command player match,Live ESPN draft-room order was not separately observable from the public API capture.,a2b9a51d66b617c89479ce36ed59d8cd4b80fd96de9b1f594c9ab2c0273cbc60,espn_2026_candidate_20260831T214508Z_6e169d4c54c0
2026,2026-08-31T21:45:08Z,2026-08-31T16:45:08-05:00,candidate,espn-fantasy-api-kona-player-info-2026-ppr,https://lm-api-reads.fantasy.espn.com/apis/v3/games/ffl/seasons/2026/segments/0/leaguedefaults/1?view=kona_player_info,1,PPR,4879276,Bryce Lance,bryce lance,NO,WR,"[25,3,4,5,23,7,20,21]",1019,,169.99,,"{""draftRanksByRankType.PPR"":{""auctionValue"":0,""published"":false,""rank"":1019,""rankSourceId"":0,""rankType"":""PPR"",""slotId"":0},""ownership"":{""activityLevel"":null,""auctionValueAverage"":0.0,""auctionValueAverageChange"":0.0,""averageDraftPosition"":169.99,""averageDraftPositionPercentChange"":-0.01,""date"":1788208216094,""leagueType"":0,""percentChange"":-0.01,""percentOwned"":0.21,""percentStarted"":0.03}}",-849.01,,,unresolved,0.0,no Draft Command player match,Live ESPN draft-room order was not separately observable from the public API capture.,d9e2bb7f03899ed042b969fb74b55f88541e606a88da708aac490625a8abaf88,espn_2026_candidate_20260831T214508Z_6e169d4c54c0
2026,2026-08-31T21:45:08Z,2026-08-31T16:45:08-05:00,candidate,espn-fantasy-api-kona-player-info-2026-ppr,https://lm-api-reads.fantasy.espn.com/apis/v3/games/ffl/seasons/2026/segments/0/leaguedefaults/1?view=kona_player_info,1,PPR,3054212,Jonnu Smith,jonnu smith,GB,TE,"[5,6,23,7,20,21]",1020,,169.96,,"{""draftRanksByRankType.PPR"":{""auctionValue"":0,""published"":false,""rank"":1020,""rankSourceId"":0,""rankType"":""PPR"",""slotId"":0},""ownership"":{""activityLevel"":null,""auctionValueAverage"":0.0,""auctionValueAverageChange"":0.0,""averageDraftPosition"":169.96,""averageDraftPositionPercentChange"":0.0,""date"":1788201013319,""leagueType"":0,""percentChange"":0.0,""percentOwned"":0.17,""percentStarted"":0.02}}",-850.04,,,unresolved,0.0,no Draft Command player match,Live ESPN draft-room order was not separately observable from the public API capture.,141f6768f7d7d1950278d01866f76f53d23b6db4a05558216ba905395f87ea66,espn_2026_candidate_20260831T214508Z_6e169d4c54c0
2026,2026-08-31T21:45:08Z,2026-08-31T16:45:08-05:00,candidate,espn-fantasy-api-kona-player-info-2026-ppr,https://lm-api-reads.fantasy.espn.com/apis/v3/games/ffl/seasons/2026/segments/0/leaguedefaults/1?view=kona_player_info,1,PPR,3127310,Drew Sample,drew sample,CIN,TE,"[5,6,23,7,20,21]",1021,,169.98,,"{""draftRanksByRankType.PPR"":{""auctionValue"":0,""published"":false,""rank"":1021,""rankSourceId"":0,""rankType"":""PPR"",""slotId"":0},""ownership"":{""activityLevel"":null,""auctionValueAverage"":0.0,""auctionValueAverageChange"":0.0,""averageDraftPosition"":169.98,""averageDraftPositionPercentChange"":0.0,""date"":1788179419256,""leagueType"":0,""percentChange"":0.0,""percentOwned"":0.08,""percentStarted"":0.01}}",-851.02,,,unresolved,0.0,no Draft Command player match,Live ESPN draft-room order was not separately observable from the public API capture.,e1be7b665874acfdb7d11347fa60e4693a9789ee089385bd072472dfa2c0ec92,espn_2026_candidate_20260831T214508Z_6e169d4c54c0
2026,2026-08-31T21:45:08Z,2026-08-31T16:45:08-05:00,candidate,espn-fantasy-api-kona-player-info-2026-ppr,https://lm-api-reads.fantasy.espn.com/apis/v3/games/ffl/seasons/2026/segments/0/leaguedefaults/1?view=kona_player_info,1,PPR,3921690,Josh Oliver,josh oliver,MIN,TE,"[5,6,23,7,20,21]",1022,,169.95,,"{""draftRanksByRankType.PPR"":{""auctionValue"":0,""published"":false,""rank"":1022,""rankSourceId"":0,""rankType"":""PPR"",""slotId"":0},""ownership"":{""activityLevel"":null,""auctionValueAverage"":0.0,""auctionValueAverageChange"":0.0,""averageDraftPosition"":169.95,""averageDraftPositionPercentChange"":0.0,""date"":1788179419728,""leagueType"":0,""percentChange"":-0.01,""percentOwned"":0.12,""percentStarted"":0.03}}",-852.05,,,unresolved,0.0,no Draft Command player match,Live ESPN draft-room order was not separately observable from the public API capture.,c63a1edda5aeea6a53fc2b45fe7b3f199d0104cec8f378ccb15288db9c05e8d8,espn_2026_candidate_20260831T214508Z_6e169d4c54c0
2026,2026-08-31T21:45:08Z,2026-08-31T16:45:08-05:00,candidate,espn-fantasy-api-kona-player-info-2026-ppr,https://lm-api-reads.fantasy.espn.com/apis/v3/games/ffl/seasons/2026/segments/0/leaguedefaults/1?view=kona_player_info,1,PPR,3911853,Adam Trautman,adam trautman,DEN,TE,"[5,6,23,7,20,21]",1023,,169.97,,"{""draftRanksByRankType.PPR"":{""auctionValue"":0,""published"":false,""rank"":1023,""rankSourceId"":0,""rankType"":""PPR"",""slotId"":0},""ownership"":{""activityLevel"":null,""auctionValueAverage"":0.0,""auctionValueAverageChange"":0.0,""averageDraftPosition"":169.97,""averageDraftPositionPercentChange"":-0.01,""date"":1788190214532,""leagueType"":0,""percentChange"":0.0,""percentOwned"":0.09,""percentStarted"":0.02}}",-853.03,,,unresolved,0.0,no Draft Command player match,Live ESPN draft-room order was not separately observable from the public API capture.,4e35473be0d9de2026a4a0e55d0d516c3c7be561229db8a8cce24b694b4d8d50,espn_2026_candidate_20260831T214508Z_6e169d4c54c0
2026,2026-08-31T21:45:08Z,2026-08-31T16:45:08-05:00,candidate,espn-fantasy-api-kona-player-info-2026-ppr,https://lm-api-reads.fantasy.espn.com/apis/v3/games/ffl/seasons/2026/segments/0/leaguedefaults/1?view=kona_player_info,1,PPR,4602667,Jaylin Lane,jaylin lane,WAS,WR,"[3,4,5,23,7,20,21]",1024,,169.99,,"{""draftRanksByRankType.PPR"":{""auctionValue"":0,""published"":false,""rank"":1024,""rankSourceId"":0,""rankType"":""PPR"",""slotId"":0},""ownership"":{""activityLevel"":null,""auctionValueAverage"":0.0,""auctionValueAverageChange"":0.0,""averageDraftPosition"":169.99,""averageDraftPositionPercentChange"":0.0,""date"":1788147021235,""leagueType"":0,""percentChange"":-0.01,""percentOwned"":0.09,""percentStarted"":0.01}}",-854.01,,,unresolved,0.0,no Draft Command player match,Live ESPN draft-room order was not separately observable from the public API capture.,a3463a6f7972a879cd92f427c20d3a25571d9cdb31ab63e99c6788480a5e433c,espn_2026_candidate_20260831T214508Z_6e169d4c54c0
2026,2026-08-31T21:45:08Z,2026-08-31T16:45:08-05:00,candidate,espn-fantasy-api-kona-player-info-2026-ppr,https://lm-api-reads.fantasy.espn.com/apis/v3/games/ffl/seasons/2026/segments/0/leaguedefaults/1?view=kona_player_info,1,PPR,4869748,Zavion Thomas,zavion thomas,CHI,WR,"[25,3,4,5,23,7,20,21]",1030,,169.89,,"{""draftRanksByRankType.PPR"":{""auctionValue"":0,""published"":false,""rank"":1030,""rankSourceId"":0,""rankType"":""PPR"",""slotId"":0},""ownership"":{""activityLevel"":null,""auctionValueAverage"":0.01,""auctionValueAverageChange"":0.0,""averageDraftPosition"":169.89,""averageDraftPositionPercentChange"":0.05,""date"":1788211819367,""leagueType"":0,""percentChange"":0.46,""percentOwned"":1.09,""percentStarted"":0.05}}",-860.11,,,unresolved,0.0,no Draft Command player match,Live ESPN draft-room order was not separately observable from the public API capture.,14e919b76c1ca4469702edfffd8f9906685096ce630a79a6106f84618ae79530,espn_2026_candidate_20260831T214508Z_6e169d4c54c0
2026,2026-08-31T21:45:08Z,2026-08-31T16:45:08-05:00,candidate,espn-fantasy-api-kona-player-info-2026-ppr,https://lm-api-reads.fantasy.espn.com/apis/v3/games/ffl/seasons/2026/segments/0/leaguedefaults/1?view=kona_player_info,1,PPR,4241263,Charlie Kolar,charlie kolar,LAC,TE,"[5,6,23,7,20,21]",1032,,169.99,,"{""draftRanksByRankType.PPR"":{""auctionValue"":0,""published"":false,""rank"":1032,""rankSourceId"":0,""rankType"":""PPR"",""slotId"":0},""ownership"":{""activityLevel"":null,""auctionValueAverage"":0.0,""auctionValueAverageChange"":0.0,""averageDraftPosition"":169.99,""averageDraftPositionPercentChange"":-0.01,""date"":1788208213524,""leagueType"":0,""percentChange"":0.01,""percentOwned"":0.1,""percentStarted"":0.01}}",-862.01,,,unresolved,0.0,no Draft Command player match,Live ESPN draft-room order was not separately observable from the public API capture.,373832ffe16df2f7957d03caecd9b17cb948dff75d799699cf28b90020785190,espn_2026_candidate_20260831T214508Z_6e169d4c54c0
2026,2026-08-31T21:45:08Z,2026-08-31T16:45:08-05:00,candidate,espn-fantasy-api-kona-player-info-2026-ppr,https://lm-api-reads.fantasy.espn.com/apis/v3/games/ffl/seasons/2026/segments/0/leaguedefaults/1?view=kona_player_info,1,PPR,4036131,Noah Fant,noah fant,NO,TE,"[5,6,23,7,20,21]",1034,,169.98,,"{""draftRanksByRankType.PPR"":{""auctionValue"":0,""published"":false,""rank"":1034,""rankSourceId"":0,""rankType"":""PPR"",""slotId"":0},""ownership"":{""activityLevel"":null,""auctionValueAverage"":0.0,""auctionValueAverageChange"":0.0,""averageDraftPosition"":169.98,""averageDraftPositionPercentChange"":-0.01,""date"":1788197414848,""leagueType"":0,""percentChange"":-0.01,""percentOwned"":0.13,""percentStarted"":0.02}}",-864.02,,,unresolved,0.0,no Draft Command player match,Live ESPN draft-room order was not separately observable from the public API capture.,3979052358b3b61150aedb0776a5506f976600986b937ca6fe7016b67bb68537,espn_2026_candidate_20260831T214508Z_6e169d4c54c0
2026,2026-08-31T21:45:08Z,2026-08-31T16:45:08-05:00,candidate,espn-fantasy-api-kona-player-info-2026-ppr,https://lm-api-reads.fantasy.espn.com/apis/v3/games/ffl/seasons/2026/segments/0/leaguedefaults/1?view=kona_player_info,1,PPR,4808839,Isaiah Bond,isaiah bond,CLE,WR,"[3,4,5,23,7,20,21]",1041,,169.99,,"{""draftRanksByRankType.PPR"":{""auctionValue"":0,""published"":false,""rank"":1041,""rankSourceId"":0,""rankType"":""PPR"",""slotId"":0},""ownership"":{""activityLevel"":null,""auctionValueAverage"":0.0,""auctionValueAverageChange"":0.0,""averageDraftPosition"":169.99,""averageDraftPositionPercentChange"":-0.01,""date"":1788204619116,""leagueType"":0,""percentChange"":-0.01,""percentOwned"":0.19,""percentStarted"":0.02}}",-871.01,,,unresolved,0.0,no Draft Command player match,Live ESPN draft-room order was not separately observable from the public API capture.,3a7ca4c63565c3adb53f61ccdbadf725a9490626ea640b0649104c58a4fdf553,espn_2026_candidate_20260831T214508Z_6e169d4c54c0
2026,2026-08-31T21:45:08Z,2026-08-31T16:45:08-05:00,candidate,espn-fantasy-api-kona-player-info-2026-ppr,https://lm-api-reads.fantasy.espn.com/apis/v3/games/ffl/seasons/2026/segments/0/leaguedefaults/1?view=kona_player_info,1,PPR,4426496,Cade Stover,cade stover,HOU,TE,"[5,6,23,7,20,21]",1044,,169.98,,"{""draftRanksByRankType.PPR"":{""auctionValue"":0,""published"":false,""rank"":1044,""rankSourceId"":0,""rankType"":""PPR"",""slotId"":0},""ownership"":{""activityLevel"":null,""auctionValueAverage"":0.0,""auctionValueAverageChange"":0.0,""averageDraftPosition"":169.98,""averageDraftPositionPercentChange"":0.0,""date"":1788197415557,""leagueType"":0,""percentChange"":0.0,""percentOwned"":0.08,""percentStarted"":0.02}}",-874.02,,,unresolved,0.0,no Draft Command player match,Live ESPN draft-room order was not separately observable from the public API capture.,90f981407a9b025f6fe55a0aba7ce5ede5fc81ad250ce1768a245eec372ddb14,espn_2026_candidate_20260831T214508Z_6e169d4c54c0
2026,2026-08-31T21:45:08Z,2026-08-31T16:45:08-05:00,candidate,espn-fantasy-api-kona-player-info-2026-ppr,https://lm-api-reads.fantasy.espn.com/apis/v3/games/ffl/seasons/2026/segments/0/leaguedefaults/1?view=kona_player_info,1,PPR,4048228,John Bates,john bates,WAS,TE,"[5,6,23,7,20,21]",1045,,169.98,,"{""draftRanksByRankType.PPR"":{""auctionValue"":0,""published"":false,""rank"":1045,""rankSourceId"":0,""rankType"":""PPR"",""slotId"":0},""ownership"":{""activityLevel"":null,""auctionValueAverage"":0.0,""auctionValueAverageChange"":0.0,""averageDraftPosition"":169.98,""averageDraftPositionPercentChange"":0.0,""date"":1788211816765,""leagueType"":0,""percentChange"":0.0,""percentOwned"":0.04,""percentStarted"":0.01}}",-875.02,,,unresolved,0.0,no Draft Command player match,Live ESPN draft-room order was not separately observable from the public API capture.,c572bee16ee500e648dd4cddce3fb82e0199b358127aa040c93a80c650f920da,espn_2026_candidate_20260831T214508Z_6e169d4c54c0
2026,2026-08-31T21:45:08Z,2026-08-31T16:45:08-05:00,candidate,espn-fantasy-api-kona-player-info-2026-ppr,https://lm-api-reads.fantasy.espn.com/apis/v3/games/ffl/seasons/2026/segments/0/leaguedefaults/1?view=kona_player_info,1,PPR,4683153,Skyler Bell,skyler bell,BUF,WR,"[25,3,4,5,23,7,20,21]",1046,,169.92,,"{""draftRanksByRankType.PPR"":{""auctionValue"":0,""published"":false,""rank"":1046,""rankSourceId"":0,""rankType"":""PPR"",""slotId"":0},""ownership"":{""activityLevel"":null,""auctionValueAverage"":0.01,""auctionValueAverageChange"":0.0,""averageDraftPosition"":169.92,""averageDraftPositionPercentChange"":0.01,""date"":1788186617977,""leagueType"":0,""percentChange"":0.03,""percentOwned"":0.76,""percentStarted"":0.03}}",-876.08,,,unresolved,0.0,no Draft Command player match,Live ESPN draft-room order was not separately observable from the public API capture.,0477a5cb636f0dc7ea24748c58c327e007e32333c9233f37eec7668c3371425b,espn_2026_candidate_20260831T214508Z_6e169d4c54c0
2026,2026-08-31T21:45:08Z,2026-08-31T16:45:08-05:00,candidate,espn-fantasy-api-kona-player-info-2026-ppr,https://lm-api-reads.fantasy.espn.com/apis/v3/games/ffl/seasons/2026/segments/0/leaguedefaults/1?view=kona_player_info,1,PPR,4241372,Hollywood Brown,hollywood brown,PHI,WR,"[3,4,5,23,7,20,21]",1047,,169.97,,"{""draftRanksByRankType.PPR"":{""auctionValue"":0,""published"":false,""rank"":1047,""rankSourceId"":0,""rankType"":""PPR"",""slotId"":0},""ownership"":{""activityLevel"":null,""auctionValueAverage"":0.01,""auctionValueAverageChange"":0.0,""averageDraftPosition"":169.97,""averageDraftPositionPercentChange"":-0.02,""date"":1788179420732,""leagueType"":0,""percentChange"":-0.01,""percentOwned"":0.62,""percentStarted"":0.05}}",-877.03,,,unresolved,0.0,no Draft Command player match,Live ESPN draft-room order was not separately observable from the public API capture.,8814012cb5433b6860004000faabbfeb9cec9b70da7ef7a203f2e19510bc852f,espn_2026_candidate_20260831T214508Z_6e169d4c54c0
2026,2026-08-31T21:45:08Z,2026-08-31T16:45:08-05:00,candidate,espn-fantasy-api-kona-player-info-2026-ppr,https://lm-api-reads.fantasy.espn.com/apis/v3/games/ffl/seasons/2026/segments/0/leaguedefaults/1?view=kona_player_info,1,PPR,3917914,Olamide Zaccheaus,olamide zaccheaus,ATL,WR,"[3,4,5,23,7,20,21]",1050,,169.99,,"{""draftRanksByRankType.PPR"":{""auctionValue"":0,""published"":false,""rank"":1050,""rankSourceId"":0,""rankType"":""PPR"",""slotId"":0},""ownership"":{""activityLevel"":null,""auctionValueAverage"":0.0,""auctionValueAverageChange"":0.0,""averageDraftPosition"":169.99,""averageDraftPositionPercentChange"":0.0,""date"":1788132618774,""leagueType"":0,""percentChange"":-0.01,""percentOwned"":0.11,""percentStarted"":0.02}}",-880.01,,,unresolved,0.0,no Draft Command player match,Live ESPN draft-room order was not separately observable from the public API capture.,3aa6b94ff07ec622d9b36d2a834b007a7acf2cc07199cf46b7340508fa94841c,espn_2026_candidate_20260831T214508Z_6e169d4c54c0
2026,2026-08-31T21:45:08Z,2026-08-31T16:45:08-05:00,candidate,espn-fantasy-api-kona-player-info-2026-ppr,https://lm-api-reads.fantasy.espn.com/apis/v3/games/ffl/seasons/2026/segments/0/leaguedefaults/1?view=kona_player_info,1,PPR,4061956,Ashton Dulin,ashton dulin,IND,WR,"[3,4,5,23,7,20,21]",1054,,169.98,,"{""draftRanksByRankType.PPR"":{""auctionValue"":0,""published"":false,""rank"":1054,""rankSourceId"":0,""rankType"":""PPR"",""slotId"":0},""ownership"":{""activityLevel"":null,""auctionValueAverage"":0.0,""auctionValueAverageChange"":0.0,""averageDraftPosition"":169.98,""averageDraftPositionPercentChange"":0.0,""date"":1788201013972,""leagueType"":0,""percentChange"":0.01,""percentOwned"":0.1,""percentStarted"":0.02}}",-884.02,,,unresolved,0.0,no Draft Command player match,Live ESPN draft-room order was not separately observable from the public API capture.,e8ec24b5fc73efd53ef000ea3a47d6cf39603017a3c6b4df18f211432ca52c4e,espn_2026_candidate_20260831T214508Z_6e169d4c54c0
2026,2026-08-31T21:45:08Z,2026-08-31T16:45:08-05:00,candidate,espn-fantasy-api-kona-player-info-2026-ppr,https://lm-api-reads.fantasy.espn.com/apis/v3/games/ffl/seasons/2026/segments/0/leaguedefaults/1?view=kona_player_info,1,PPR,4569371,Isaiah Williams,isaiah williams,NYJ,WR,"[3,4,5,23,7,20,21]",1057,,169.99,,"{""draftRanksByRankType.PPR"":{""auctionValue"":0,""published"":false,""rank"":1057,""rankSourceId"":0,""rankType"":""PPR"",""slotId"":0},""ownership"":{""activityLevel"":null,""auctionValueAverage"":0.0,""auctionValueAverageChange"":0.0,""averageDraftPosition"":169.99,""averageDraftPositionPercentChange"":0.0,""date"":1788179423220,""leagueType"":0,""percentChange"":0.0,""percentOwned"":0.13,""percentStarted"":0.02}}",-887.01,,,unresolved,0.0,no Draft Command player match,Live ESPN draft-room order was not separately observable from the public API capture.,b9c0db122a19fe3bf517a891e92381a5447f2d142f8bece82d11fef20c8ecf7c,espn_2026_candidate_20260831T214508Z_6e169d4c54c0
2026,2026-08-31T21:45:08Z,2026-08-31T16:45:08-05:00,candidate,espn-fantasy-api-kona-player-info-2026-ppr,https://lm-api-reads.fantasy.espn.com/apis/v3/games/ffl/seasons/2026/segments/0/leaguedefaults/1?view=kona_player_info,1,PPR,4360797,Tutu Atwell,tutu atwell,LAR,WR,"[3,4,5,23,7,20,21]",1059,,170.08,,"{""draftRanksByRankType.PPR"":{""auctionValue"":0,""published"":false,""rank"":1059,""rankSourceId"":0,""rankType"":""PPR"",""slotId"":0},""ownership"":{""activityLevel"":null,""auctionValueAverage"":0.0,""auctionValueAverageChange"":0.0,""averageDraftPosition"":170.08,""averageDraftPositionPercentChange"":0.01,""date"":1788211817372,""leagueType"":0,""percentChange"":0.0,""percentOwned"":0.47,""percentStarted"":0.04}}",-888.92,,,unresolved,0.0,no Draft Command player match,Live ESPN draft-room order was not separately observable from the public API capture.,569c47dc56a3ab7d850523beaa25473774200ce38d5ecef915794804a205584e,espn_2026_candidate_20260831T214508Z_6e169d4c54c0
2026,2026-08-31T21:45:08Z,2026-08-31T16:45:08-05:00,candidate,espn-fantasy-api-kona-player-info-2026-ppr,https://lm-api-reads.fantasy.espn.com/apis/v3/games/ffl/seasons/2026/segments/0/leaguedefaults/1?view=kona_player_info,1,PPR,5092508,Colbie Young,colbie young,CIN,WR,"[25,3,4,5,23,7,20,21]",1064,,169.98,,"{""draftRanksByRankType.PPR"":{""auctionValue"":0,""published"":false,""rank"":1064,""rankSourceId"":0,""rankType"":""PPR"",""slotId"":0},""ownership"":{""activityLevel"":null,""auctionValueAverage"":0.0,""auctionValueAverageChange"":0.0,""averageDraftPosition"":169.98,""averageDraftPositionPercentChange"":0.0,""date"":1788201016336,""leagueType"":0,""percentChange"":-0.01,""percentOwned"":0.18,""percentStarted"":0.01}}",-894.02,,,unresolved,0.0,no Draft Command player match,Live ESPN draft-room order was not separately observable from the public API capture.,e962fee1f5373ab1c54975b8c460c0ac6542b69235c2cd78e3807ce487010539,espn_2026_candidate_20260831T214508Z_6e169d4c54c0
2026,2026-08-31T21:45:08Z,2026-08-31T16:45:08-05:00,candidate,espn-fantasy-api-kona-player-info-2026-ppr,https://lm-api-reads.fantasy.espn.com/apis/v3/games/ffl/seasons/2026/segments/0/leaguedefaults/1?view=kona_player_info,1,PPR,3050481,Tanner Hudson,tanner hudson,CIN,TE,"[5,6,23,7,20,21]",1069,,169.99,,"{""draftRanksByRankType.PPR"":{""auctionValue"":0,""published"":false,""rank"":1069,""rankSourceId"":0,""rankType"":""PPR"",""slotId"":0},""ownership"":{""activityLevel"":null,""auctionValueAverage"":0.0,""auctionValueAverageChange"":0.0,""averageDraftPosition"":169.99,""averageDraftPositionPercentChange"":0.0,""date"":1788179418984,""leagueType"":0,""percentChange"":0.0,""percentOwned"":0.04,""percentStarted"":0.01}}",-899.01,,,unresolved,0.0,no Draft Command player match,Live ESPN draft-room order was not separately observable from the public API capture.,1eda20ede71c21f5cee9a4b81d3658930efeb31bf762d49adfaf23913c6e7896,espn_2026_candidate_20260831T214508Z_6e169d4c54c0
2026,2026-08-31T21:45:08Z,2026-08-31T16:45:08-05:00,candidate,espn-fantasy-api-kona-player-info-2026-ppr,https://lm-api-reads.fantasy.espn.com/apis/v3/games/ffl/seasons/2026/segments/0/leaguedefaults/1?view=kona_player_info,1,PPR,4431492,Roman Wilson,roman wilson,PIT,WR,"[3,4,5,23,7,20,21]",1073,,169.98,,"{""draftRanksByRankType.PPR"":{""auctionValue"":0,""published"":false,""rank"":1073,""rankSourceId"":0,""rankType"":""PPR"",""slotId"":0},""ownership"":{""activityLevel"":null,""auctionValueAverage"":0.0,""auctionValueAverageChange"":0.0,""averageDraftPosition"":169.98,""averageDraftPositionPercentChange"":-0.01,""date"":1788208214446,""leagueType"":0,""percentChange"":-0.01,""percentOwned"":0.17,""percentStarted"":0.02}}",-903.02,,,unresolved,0.0,no Draft Command player match,Live ESPN draft-room order was not separately observable from the public API capture.,a652f0661ab402b406e560897ce43e6e30afcfbb97413ff29dee00ffada2f66a,espn_2026_candidate_20260831T214508Z_6e169d4c54c0
2026,2026-08-31T21:45:08Z,2026-08-31T16:45:08-05:00,candidate,espn-fantasy-api-kona-player-info-2026-ppr,https://lm-api-reads.fantasy.espn.com/apis/v3/games/ffl/seasons/2026/segments/0/leaguedefaults/1?view=kona_player_info,1,PPR,4372096,Luke Schoonmaker,luke schoonmaker,DAL,TE,"[5,6,23,7,20,21]",1076,,169.93,,"{""draftRanksByRankType.PPR"":{""auctionValue"":0,""published"":false,""rank"":1076,""rankSourceId"":0,""rankType"":""PPR"",""slotId"":0},""ownership"":{""activityLevel"":null,""auctionValueAverage"":0.0,""auctionValueAverageChange"":0.0,""averageDraftPosition"":169.93,""averageDraftPositionPercentChange"":-0.01,""date"":1788204617355,""leagueType"":0,""percentChange"":0.0,""percentOwned"":0.16,""percentStarted"":0.03}}",-906.07,,,unresolved,0.0,no Draft Command player match,Live ESPN draft-room order was not separately observable from the public API capture.,b55b72057cf77d36ab2e809f0b252c0f16cf5b86ca87babdb7a59a047c79dea5,espn_2026_candidate_20260831T214508Z_6e169d4c54c0
2026,2026-08-31T21:45:08Z,2026-08-31T16:45:08-05:00,candidate,espn-fantasy-api-kona-player-info-2026-ppr,https://lm-api-reads.fantasy.espn.com/apis/v3/games/ffl/seasons/2026/segments/0/leaguedefaults/1?view=kona_player_info,1,PPR,2998565,Mo Alie-Cox,mo alie cox,IND,TE,"[5,6,23,7,20,21]",1078,,169.97,,"{""draftRanksByRankType.PPR"":{""auctionValue"":0,""published"":false,""rank"":1078,""rankSourceId"":0,""rankType"":""PPR"",""slotId"":0},""ownership"":{""activityLevel"":null,""auctionValueAverage"":0.0,""auctionValueAverageChange"":0.0,""averageDraftPosition"":169.97,""averageDraftPositionPercentChange"":0.0,""date"":1788143422788,""leagueType"":0,""percentChange"":0.0,""percentOwned"":0.08,""percentStarted"":0.02}}",-908.03,,,unresolved,0.0,no Draft Command player match,Live ESPN draft-room order was not separately observable from the public API capture.,2e11fdfbc5bc26180225cc5023a4c02daee4b018b665479c67bc9810018f96eb,espn_2026_candidate_20260831T214508Z_6e169d4c54c0
2026,2026-08-31T21:45:08Z,2026-08-31T16:45:08-05:00,candidate,espn-fantasy-api-kona-player-info-2026-ppr,https://lm-api-reads.fantasy.espn.com/apis/v3/games/ffl/seasons/2026/segments/0/leaguedefaults/1?view=kona_player_info,1,PPR,4685553,Brenen Thompson,brenen thompson,LAC,WR,"[25,3,4,5,23,7,20,21]",1079,,169.98,,"{""draftRanksByRankType.PPR"":{""auctionValue"":0,""published"":false,""rank"":1079,""rankSourceId"":0,""rankType"":""PPR"",""slotId"":0},""ownership"":{""activityLevel"":null,""auctionValueAverage"":0.0,""auctionValueAverageChange"":0.0,""averageDraftPosition"":169.98,""averageDraftPositionPercentChange"":0.0,""date"":1788208215378,""leagueType"":0,""percentChange"":-0.01,""percentOwned"":0.16,""percentStarted"":0.01}}",-909.02,,,unresolved,0.0,no Draft Command player match,Live ESPN draft-room order was not separately observable from the public API capture.,b210e221f021c9b64440b86eb6fa13db06727ba2d4b74a8850ee70481bc912f2,espn_2026_candidate_20260831T214508Z_6e169d4c54c0
2026,2026-08-31T21:45:08Z,2026-08-31T16:45:08-05:00,candidate,espn-fantasy-api-kona-player-info-2026-ppr,https://lm-api-reads.fantasy.espn.com/apis/v3/games/ffl/seasons/2026/segments/0/leaguedefaults/1?view=kona_player_info,1,PPR,4573699,Jackson Hawes,jackson hawes,BUF,TE,"[5,6,23,7,20,21]",1082,,169.97,,"{""draftRanksByRankType.PPR"":{""auctionValue"":0,""published"":false,""rank"":1082,""rankSourceId"":0,""rankType"":""PPR"",""slotId"":0},""ownership"":{""activityLevel"":null,""auctionValueAverage"":0.0,""auctionValueAverageChange"":0.0,""averageDraftPosition"":169.97,""averageDraftPositionPercentChange"":-0.01,""date"":1788211818638,""leagueType"":0,""percentChange"":0.0,""percentOwned"":0.08,""percentStarted"":0.01}}",-912.03,,,unresolved,0.0,no Draft Command player match,Live ESPN draft-room order was not separately observable from the public API capture.,322142c64a8eb1c2c0782d71213f3b2885018125821b530d8e6ae57dfe515fd6,espn_2026_candidate_20260831T214508Z_6e169d4c54c0
2026,2026-08-31T21:45:08Z,2026-08-31T16:45:08-05:00,candidate,espn-fantasy-api-kona-player-info-2026-ppr,https://lm-api-reads.fantasy.espn.com/apis/v3/games/ffl/seasons/2026/segments/0/leaguedefaults/1?view=kona_player_info,1,PPR,4361516,Daniel Bellinger,daniel bellinger,TEN,TE,"[5,6,23,7,20,21]",1085,,169.99,,"{""draftRanksByRankType.PPR"":{""auctionValue"":0,""published"":false,""rank"":1085,""rankSourceId"":0,""rankType"":""PPR"",""slotId"":0},""ownership"":{""activityLevel"":null,""auctionValueAverage"":0.0,""auctionValueAverageChange"":0.0,""averageDraftPosition"":169.99,""averageDraftPositionPercentChange"":0.0,""date"":1788179421800,""leagueType"":0,""percentChange"":0.0,""percentOwned"":0.05,""percentStarted"":0.01}}",-915.01,,,unresolved,0.0,no Draft Command player match,Live ESPN draft-room order was not separately observable from the public API capture.,25380ebe67df551e46a66e395421bf401d55f33401e37d8b4b70d43da714e7ba,espn_2026_candidate_20260831T214508Z_6e169d4c54c0
2026,2026-08-31T21:45:08Z,2026-08-31T16:45:08-05:00,candidate,espn-fantasy-api-kona-player-info-2026-ppr,https://lm-api-reads.fantasy.espn.com/apis/v3/games/ffl/seasons/2026/segments/0/leaguedefaults/1?view=kona_player_info,1,PPR,4690923,Ben Sinnott,ben sinnott,WAS,TE,"[5,6,23,7,20,21]",1087,,169.99,,"{""draftRanksByRankType.PPR"":{""auctionValue"":0,""published"":false,""rank"":1087,""rankSourceId"":0,""rankType"":""PPR"",""slotId"":0},""ownership"":{""activityLevel"":null,""auctionValueAverage"":0.0,""auctionValueAverageChange"":0.0,""averageDraftPosition"":169.99,""averageDraftPositionPercentChange"":0.0,""date"":1788204618948,""leagueType"":0,""percentChange"":0.0,""percentOwned"":0.07,""percentStarted"":0.01}}",-917.01,,,unresolved,0.0,no Draft Command player match,Live ESPN draft-room order was not separately observable from the public API capture.,be9e4368ea3236da22c6e6252c1787ca5c31e1c6615589832c686d96493e58e8,espn_2026_candidate_20260831T214508Z_6e169d4c54c0
2026,2026-08-31T21:45:08Z,2026-08-31T16:45:08-05:00,candidate,espn-fantasy-api-kona-player-info-2026-ppr,https://lm-api-reads.fantasy.espn.com/apis/v3/games/ffl/seasons/2026/segments/0/leaguedefaults/1?view=kona_player_info,1,PPR,4361372,Jeremy Ruckert,jeremy ruckert,NYJ,TE,"[5,6,23,7,20,21]",1094,,169.99,,"{""draftRanksByRankType.PPR"":{""auctionValue"":0,""published"":false,""rank"":1094,""rankSourceId"":0,""rankType"":""PPR"",""slotId"":0},""ownership"":{""activityLevel"":null,""auctionValueAverage"":0.0,""auctionValueAverageChange"":0.0,""averageDraftPosition"":169.99,""averageDraftPositionPercentChange"":0.0,""date"":1788197415302,""leagueType"":0,""percentChange"":0.0,""percentOwned"":0.05,""percentStarted"":0.01}}",-924.01,,,unresolved,0.0,no Draft Command player match,Live ESPN draft-room order was not separately observable from the public API capture.,f2c9194a94b0778d3bc5552f3a2ac4decb9f9d95a9ce3abccacd974678d11eb6,espn_2026_candidate_20260831T214508Z_6e169d4c54c0
2026,2026-08-31T21:45:08Z,2026-08-31T16:45:08-05:00,candidate,espn-fantasy-api-kona-player-info-2026-ppr,https://lm-api-reads.fantasy.espn.com/apis/v3/games/ffl/seasons/2026/segments/0/leaguedefaults/1?view=kona_player_info,1,PPR,5088338,Elijah Sarratt,elijah sarratt,BAL,WR,"[25,3,4,5,23,7,20,21]",1095,,169.99,,"{""draftRanksByRankType.PPR"":{""auctionValue"":0,""published"":false,""rank"":1095,""rankSourceId"":0,""rankType"":""PPR"",""slotId"":0},""ownership"":{""activityLevel"":null,""auctionValueAverage"":0.0,""auctionValueAverageChange"":0.0,""averageDraftPosition"":169.99,""averageDraftPositionPercentChange"":0.0,""date"":1788204619461,""leagueType"":0,""percentChange"":-0.04,""percentOwned"":0.37,""percentStarted"":0.02}}",-925.01,,,unresolved,0.0,no Draft Command player match,Live ESPN draft-room order was not separately observable from the public API capture.,5d468e2b85fd555a4b555106089acda1811940b4bfa8e044bd75c19e46e3d710,espn_2026_candidate_20260831T214508Z_6e169d4c54c0
2026,2026-08-31T21:45:08Z,2026-08-31T16:45:08-05:00,candidate,espn-fantasy-api-kona-player-info-2026-ppr,https://lm-api-reads.fantasy.espn.com/apis/v3/games/ffl/seasons/2026/segments/0/leaguedefaults/1?view=kona_player_info,1,PPR,16733,Odell Beckham Jr.,odell beckham,NYG,WR,"[3,4,5,23,7,20,21]",1102,,169.42,,"{""draftRanksByRankType.PPR"":{""auctionValue"":0,""published"":false,""rank"":1102,""rankSourceId"":0,""rankType"":""PPR"",""slotId"":0},""ownership"":{""activityLevel"":null,""auctionValueAverage"":0.06,""auctionValueAverageChange"":0.01,""averageDraftPosition"":169.42,""averageDraftPositionPercentChange"":0.05,""date"":1788211815208,""leagueType"":0,""percentChange"":0.61,""percentOwned"":3.81,""percentStarted"":0.24}}",-932.58,,,unresolved,0.0,no Draft Command player match,Live ESPN draft-room order was not separately observable from the public API capture.,1ecef6ff2f9ccbfba1563294ea759dfab93e696566159e493f51de58c677092e,espn_2026_candidate_20260831T214508Z_6e169d4c54c0
2026,2026-08-31T21:45:08Z,2026-08-31T16:45:08-05:00,candidate,espn-fantasy-api-kona-player-info-2026-ppr,https://lm-api-reads.fantasy.espn.com/apis/v3/games/ffl/seasons/2026/segments/0/leaguedefaults/1?view=kona_player_info,1,PPR,4883647,Elic Ayomanor,elic ayomanor,TEN,WR,"[3,4,5,23,7,20,21]",1103,,170,,"{""draftRanksByRankType.PPR"":{""auctionValue"":0,""published"":false,""rank"":1103,""rankSourceId"":0,""rankType"":""PPR"",""slotId"":0},""ownership"":{""activityLevel"":null,""auctionValueAverage"":0.0,""auctionValueAverageChange"":0.0,""averageDraftPosition"":170.0,""averageDraftPositionPercentChange"":0.0,""date"":1788136227003,""leagueType"":0,""percentChange"":-0.02,""percentOwned"":0.19,""percentStarted"":0.02}}",-933.0,,,unresolved,0.0,no Draft Command player match,Live ESPN draft-room order was not separately observable from the public API capture.,4ce45d732e09b011ed730af01c74feafc77445c38c26b4d7c10ba13eb82bd27c,espn_2026_candidate_20260831T214508Z_6e169d4c54c0
2026,2026-08-31T21:45:08Z,2026-08-31T16:45:08-05:00,candidate,espn-fantasy-api-kona-player-info-2026-ppr,https://lm-api-reads.fantasy.espn.com/apis/v3/games/ffl/seasons/2026/segments/0/leaguedefaults/1?view=kona_player_info,1,PPR,3052897,Durham Smythe,durham smythe,BAL,TE,"[5,6,23,7,20,21]",1106,,169.98,,"{""draftRanksByRankType.PPR"":{""auctionValue"":0,""published"":false,""rank"":1106,""rankSourceId"":0,""rankType"":""PPR"",""slotId"":0},""ownership"":{""activityLevel"":null,""auctionValueAverage"":0.0,""auctionValueAverageChange"":0.0,""averageDraftPosition"":169.98,""averageDraftPositionPercentChange"":0.0,""date"":1788179419028,""leagueType"":0,""percentChange"":0.0,""percentOwned"":0.06,""percentStarted"":0.01}}",-936.02,,,unresolved,0.0,no Draft Command player match,Live ESPN draft-room order was not separately observable from the public API capture.,8564d80e13c2be99071463f6ca4f5259988eda10117bef425d512df2370b20bf,espn_2026_candidate_20260831T214508Z_6e169d4c54c0
2026,2026-08-31T21:45:08Z,2026-08-31T16:45:08-05:00,candidate,espn-fantasy-api-kona-player-info-2026-ppr,https://lm-api-reads.fantasy.espn.com/apis/v3/games/ffl/seasons/2026/segments/0/leaguedefaults/1?view=kona_player_info,1,PPR,4569382,Jordan Whittington,jordan whittington,LAR,WR,"[3,4,5,23,7,20,21]",1115,,169.97,,"{""draftRanksByRankType.PPR"":{""auctionValue"":0,""published"":false,""rank"":1115,""rankSourceId"":0,""rankType"":""PPR"",""slotId"":0},""ownership"":{""activityLevel"":null,""auctionValueAverage"":0.0,""auctionValueAverageChange"":0.0,""averageDraftPosition"":169.97,""averageDraftPositionPercentChange"":-0.01,""date"":1788193814853,""leagueType"":0,""percentChange"":-0.01,""percentOwned"":0.14,""percentStarted"":0.03}}",-945.03,,,unresolved,0.0,no Draft Command player match,Live ESPN draft-room order was not separately observable from the public API capture.,83f422e26d0389f4935cebc08440ed087669296acfd0521ccb9788e73c6344cb,espn_2026_candidate_20260831T214508Z_6e169d4c54c0
2026,2026-08-31T21:45:08Z,2026-08-31T16:45:08-05:00,candidate,espn-fantasy-api-kona-player-info-2026-ppr,https://lm-api-reads.fantasy.espn.com/apis/v3/games/ffl/seasons/2026/segments/0/leaguedefaults/1?view=kona_player_info,1,PPR,4608810,Tez Johnson,tez johnson,TB,WR,"[3,4,5,23,7,20,21]",1119,,169.98,,"{""draftRanksByRankType.PPR"":{""auctionValue"":0,""published"":false,""rank"":1119,""rankSourceId"":0,""rankType"":""PPR"",""slotId"":0},""ownership"":{""activityLevel"":null,""auctionValueAverage"":0.0,""auctionValueAverageChange"":0.0,""averageDraftPosition"":169.98,""averageDraftPositionPercentChange"":0.0,""date"":1788125421669,""leagueType"":0,""percentChange"":-0.01,""percentOwned"":0.19,""percentStarted"":0.01}}",-949.02,,,unresolved,0.0,no Draft Command player match,Live ESPN draft-room order was not separately observable from the public API capture.,2ed62b384bc22fef5106efb1270b17751f2209296b98aa6f95051185837abe51,espn_2026_candidate_20260831T214508Z_6e169d4c54c0
2026,2026-08-31T21:45:08Z,2026-08-31T16:45:08-05:00,candidate,espn-fantasy-api-kona-player-info-2026-ppr,https://lm-api-reads.fantasy.espn.com/apis/v3/games/ffl/seasons/2026/segments/0/leaguedefaults/1?view=kona_player_info,1,PPR,4708486,Jimmy Horn Jr.,jimmy horn,CAR,WR,"[3,4,5,23,7,20,21]",1120,,169.97,,"{""draftRanksByRankType.PPR"":{""auctionValue"":0,""published"":false,""rank"":1120,""rankSourceId"":0,""rankType"":""PPR"",""slotId"":0},""ownership"":{""activityLevel"":null,""auctionValueAverage"":0.0,""auctionValueAverageChange"":0.0,""averageDraftPosition"":169.97,""averageDraftPositionPercentChange"":-0.01,""date"":1788208215727,""leagueType"":0,""percentChange"":0.0,""percentOwned"":0.15,""percentStarted"":0.01}}",-950.03,,,unresolved,0.0,no Draft Command player match,Live ESPN draft-room order was not separately observable from the public API capture.,7089a154f5ac1030d7085d9e290cdde3f131a228da56408f467d7bd845974c47,espn_2026_candidate_20260831T214508Z_6e169d4c54c0
2026,2026-08-31T21:45:08Z,2026-08-31T16:45:08-05:00,candidate,espn-fantasy-api-kona-player-info-2026-ppr,https://lm-api-reads.fantasy.espn.com/apis/v3/games/ffl/seasons/2026/segments/0/leaguedefaults/1?view=kona_player_info,1,PPR,4426553,Davis Allen,davis allen,LAR,TE,"[5,6,23,7,20,21]",1133,,169.98,,"{""draftRanksByRankType.PPR"":{""auctionValue"":0,""published"":false,""rank"":1133,""rankSourceId"":0,""rankType"":""PPR"",""slotId"":0},""ownership"":{""activityLevel"":null,""auctionValueAverage"":0.0,""auctionValueAverageChange"":0.0,""averageDraftPosition"":169.98,""averageDraftPositionPercentChange"":0.0,""date"":1787967021145,""leagueType"":0,""percentChange"":0.0,""percentOwned"":0.03,""percentStarted"":0.01}}",-963.02,,,unresolved,0.0,no Draft Command player match,Live ESPN draft-room order was not separately observable from the public API capture.,349bda82d5f1402f4ccf97990eebb5c0950cb34951f11fd5cc6ede4f3c43e659,espn_2026_candidate_20260831T214508Z_6e169d4c54c0
2026,2026-08-31T21:45:08Z,2026-08-31T16:45:08-05:00,candidate,espn-fantasy-api-kona-player-info-2026-ppr,https://lm-api-reads.fantasy.espn.com/apis/v3/games/ffl/seasons/2026/segments/0/leaguedefaults/1?view=kona_player_info,1,PPR,4710855,Konata Mumpfield,konata mumpfield,LAR,WR,"[3,4,5,23,7,20,21]",1134,,169.98,,"{""draftRanksByRankType.PPR"":{""auctionValue"":0,""published"":false,""rank"":1134,""rankSourceId"":0,""rankType"":""PPR"",""slotId"":0},""ownership"":{""activityLevel"":null,""auctionValueAverage"":0.0,""auctionValueAverageChange"":0.0,""averageDraftPosition"":169.98,""averageDraftPositionPercentChange"":0.0,""date"":1788197416548,""leagueType"":0,""percentChange"":-0.01,""percentOwned"":0.09,""percentStarted"":0.01}}",-964.02,,,unresolved,0.0,no Draft Command player match,Live ESPN draft-room order was not separately observable from the public API capture.,1e4b92f1a64877754824b9d9521dee19dd7ebbf89437001b5c383ef424f268ea,espn_2026_candidate_20260831T214508Z_6e169d4c54c0
2026,2026-08-31T21:45:08Z,2026-08-31T16:45:08-05:00,candidate,espn-fantasy-api-kona-player-info-2026-ppr,https://lm-api-reads.fantasy.espn.com/apis/v3/games/ffl/seasons/2026/segments/0/leaguedefaults/1?view=kona_player_info,1,PPR,3843945,Foster Moreau,foster moreau,HOU,TE,"[5,6,23,7,20,21]",1136,,169.99,,"{""draftRanksByRankType.PPR"":{""auctionValue"":0,""published"":false,""rank"":1136,""rankSourceId"":0,""rankType"":""PPR"",""slotId"":0},""ownership"":{""activityLevel"":null,""auctionValueAverage"":0.0,""auctionValueAverageChange"":0.0,""averageDraftPosition"":169.99,""averageDraftPositionPercentChange"":0.0,""date"":1788139819880,""leagueType"":0,""percentChange"":0.0,""percentOwned"":0.03,""percentStarted"":0.01}}",-966.01,,,unresolved,0.0,no Draft Command player match,Live ESPN draft-room order was not separately observable from the public API capture.,c446e480538b96f1c9ec82d30a0401fe81f4197762f4d47629abd9edb07d7520,espn_2026_candidate_20260831T214508Z_6e169d4c54c0
2026,2026-08-31T21:45:08Z,2026-08-31T16:45:08-05:00,candidate,espn-fantasy-api-kona-player-info-2026-ppr,https://lm-api-reads.fantasy.espn.com/apis/v3/games/ffl/seasons/2026/segments/0/leaguedefaults/1?view=kona_player_info,1,PPR,3043116,Demarcus Robinson,demarcus robinson,SF,WR,"[3,4,5,23,7,20,21]",1137,,169.98,,"{""draftRanksByRankType.PPR"":{""auctionValue"":0,""published"":false,""rank"":1137,""rankSourceId"":0,""rankType"":""PPR"",""slotId"":0},""ownership"":{""activityLevel"":null,""auctionValueAverage"":0.0,""auctionValueAverageChange"":0.0,""averageDraftPosition"":169.98,""averageDraftPositionPercentChange"":0.0,""date"":1788179418914,""leagueType"":0,""percentChange"":-0.01,""percentOwned"":0.09,""percentStarted"":0.01}}",-967.02,,,unresolved,0.0,no Draft Command player match,Live ESPN draft-room order was not separately observable from the public API capture.,a2aa331b3a4c2c2cf7e90c204afa208bea51d939d80fa1190d2dcdfd5a59a123,espn_2026_candidate_20260831T214508Z_6e169d4c54c0
2026,2026-08-31T21:45:08Z,2026-08-31T16:45:08-05:00,candidate,espn-fantasy-api-kona-player-info-2026-ppr,https://lm-api-reads.fantasy.espn.com/apis/v3/games/ffl/seasons/2026/segments/0/leaguedefaults/1?view=kona_player_info,1,PPR,4383440,Nate Adkins,nate adkins,DEN,TE,"[5,6,23,7,20,21]",1138,,169.99,,"{""draftRanksByRankType.PPR"":{""auctionValue"":0,""published"":false,""rank"":1138,""rankSourceId"":0,""rankType"":""PPR"",""slotId"":0},""ownership"":{""activityLevel"":null,""auctionValueAverage"":0.0,""auctionValueAverageChange"":0.0,""averageDraftPosition"":169.99,""averageDraftPositionPercentChange"":0.0,""date"":1787661019159,""leagueType"":0,""percentChange"":0.0,""percentOwned"":0.03,""percentStarted"":0.01}}",-968.01,,,unresolved,0.0,no Draft Command player match,Live ESPN draft-room order was not separately observable from the public API capture.,06d32cb02770152c74c546c7448646c4a096acfcf46be812383efcf1e4458822,espn_2026_candidate_20260831T214508Z_6e169d4c54c0
2026,2026-08-31T21:45:08Z,2026-08-31T16:45:08-05:00,candidate,espn-fantasy-api-kona-player-info-2026-ppr,https://lm-api-reads.fantasy.espn.com/apis/v3/games/ffl/seasons/2026/segments/0/leaguedefaults/1?view=kona_player_info,1,PPR,4242392,Brock Wright,brock wright,DET,TE,"[5,6,23,7,20,21]",1139,,169.91,,"{""draftRanksByRankType.PPR"":{""auctionValue"":0,""published"":false,""rank"":1139,""rankSourceId"":0,""rankType"":""PPR"",""slotId"":0},""ownership"":{""activityLevel"":null,""auctionValueAverage"":0.0,""auctionValueAverageChange"":0.0,""averageDraftPosition"":169.91,""averageDraftPositionPercentChange"":0.0,""date"":1788204616676,""leagueType"":0,""percentChange"":0.0,""percentOwned"":0.14,""percentStarted"":0.04}}",-969.09,,,unresolved,0.0,no Draft Command player match,Live ESPN draft-room order was not separately observable from the public API capture.,9d85c3b798b011b9a9a8747650f901eb57f855d507aa91978f297bc67b560aca,espn_2026_candidate_20260831T214508Z_6e169d4c54c0
2026,2026-08-31T21:45:08Z,2026-08-31T16:45:08-05:00,candidate,espn-fantasy-api-kona-player-info-2026-ppr,https://lm-api-reads.fantasy.espn.com/apis/v3/games/ffl/seasons/2026/segments/0/leaguedefaults/1?view=kona_player_info,1,PPR,4686248,Nate Boerkircher,nate boerkircher,JAX,TE,"[25,5,6,23,7,20,21]",1140,,169.99,,"{""draftRanksByRankType.PPR"":{""auctionValue"":0,""published"":false,""rank"":1140,""rankSourceId"":0,""rankType"":""PPR"",""slotId"":0},""ownership"":{""activityLevel"":null,""auctionValueAverage"":0.0,""auctionValueAverageChange"":0.0,""averageDraftPosition"":169.99,""averageDraftPositionPercentChange"":0.0,""date"":1788125422022,""leagueType"":0,""percentChange"":0.0,""percentOwned"":0.06,""percentStarted"":0.01}}",-970.01,,,unresolved,0.0,no Draft Command player match,Live ESPN draft-room order was not separately observable from the public API capture.,164a2463994a2c9c04e356189ef1d13fb8f076a274f4130bef9eb4813cde3e8c,espn_2026_candidate_20260831T214508Z_6e169d4c54c0
2026,2026-08-31T21:45:08Z,2026-08-31T16:45:08-05:00,candidate,espn-fantasy-api-kona-player-info-2026-ppr,https://lm-api-reads.fantasy.espn.com/apis/v3/games/ffl/seasons/2026/segments/0/leaguedefaults/1?view=kona_player_info,1,PPR,4426948,Luke McCaffrey,luke mccaffrey,WAS,WR,"[3,4,5,23,7,20,21]",1141,,169.91,,"{""draftRanksByRankType.PPR"":{""auctionValue"":0,""published"":false,""rank"":1141,""rankSourceId"":0,""rankType"":""PPR"",""slotId"":0},""ownership"":{""activityLevel"":null,""auctionValueAverage"":0.01,""auctionValueAverageChange"":0.0,""averageDraftPosition"":169.91,""averageDraftPositionPercentChange"":-0.01,""date"":1788211817898,""leagueType"":0,""percentChange"":0.0,""percentOwned"":0.39,""percentStarted"":0.08}}",-971.09,,,unresolved,0.0,no Draft Command player match,Live ESPN draft-room order was not separately observable from the public API capture.,3334596c33e38827cfa1f8d78d76f167add40fa1fd7313bdbde4e652656c1601,espn_2026_candidate_20260831T214508Z_6e169d4c54c0
2026,2026-08-31T21:45:08Z,2026-08-31T16:45:08-05:00,candidate,espn-fantasy-api-kona-player-info-2026-ppr,https://lm-api-reads.fantasy.espn.com/apis/v3/games/ffl/seasons/2026/segments/0/leaguedefaults/1?view=kona_player_info,1,PPR,5082630,Jalen Royals,jalen royals,KC,WR,"[3,4,5,23,7,20,21]",1142,,169.98,,"{""draftRanksByRankType.PPR"":{""auctionValue"":0,""published"":false,""rank"":1142,""rankSourceId"":0,""rankType"":""PPR"",""slotId"":0},""ownership"":{""activityLevel"":null,""auctionValueAverage"":0.0,""auctionValueAverageChange"":0.0,""averageDraftPosition"":169.98,""averageDraftPositionPercentChange"":-0.01,""date"":1788197416915,""leagueType"":0,""percentChange"":-0.01,""percentOwned"":0.12,""percentStarted"":0.01}}",-972.02,,,unresolved,0.0,no Draft Command player match,Live ESPN draft-room order was not separately observable from the public API capture.,298d2d3458227f1cccf90bd966026294030a2c498b86c577f3ae322b538e32e7,espn_2026_candidate_20260831T214508Z_6e169d4c54c0
2026,2026-08-31T21:45:08Z,2026-08-31T16:45:08-05:00,candidate,espn-fantasy-api-kona-player-info-2026-ppr,https://lm-api-reads.fantasy.espn.com/apis/v3/games/ffl/seasons/2026/segments/0/leaguedefaults/1?view=kona_player_info,1,PPR,4430870,KeAndre Lambert-Smith,keandre lambert smith,LAC,WR,"[3,4,5,23,7,20,21]",1145,,169.97,,"{""draftRanksByRankType.PPR"":{""auctionValue"":0,""published"":false,""rank"":1145,""rankSourceId"":0,""rankType"":""PPR"",""slotId"":0},""ownership"":{""activityLevel"":null,""auctionValueAverage"":0.0,""auctionValueAverageChange"":0.0,""averageDraftPosition"":169.97,""averageDraftPositionPercentChange"":0.0,""date"":1788179422861,""leagueType"":0,""percentChange"":0.0,""percentOwned"":0.07,""percentStarted"":0.01}}",-975.03,,,unresolved,0.0,no Draft Command player match,Live ESPN draft-room order was not separately observable from the public API capture.,b034020014b1f4bd81406b3e87fba084a1df65afdb7f4218a66fec2ffeb1f3c4,espn_2026_candidate_20260831T214508Z_6e169d4c54c0
2026,2026-08-31T21:45:08Z,2026-08-31T16:45:08-05:00,candidate,espn-fantasy-api-kona-player-info-2026-ppr,https://lm-api-reads.fantasy.espn.com/apis/v3/games/ffl/seasons/2026/segments/0/leaguedefaults/1?view=kona_player_info,1,PPR,4372505,Payne Durham,payne durham,TB,TE,"[5,6,23,7,20,21]",1146,,169.99,,"{""draftRanksByRankType.PPR"":{""auctionValue"":0,""published"":false,""rank"":1146,""rankSourceId"":0,""rankType"":""PPR"",""slotId"":0},""ownership"":{""activityLevel"":null,""auctionValueAverage"":0.0,""auctionValueAverageChange"":0.0,""averageDraftPosition"":169.99,""averageDraftPositionPercentChange"":0.0,""date"":1788201014472,""leagueType"":0,""percentChange"":0.0,""percentOwned"":0.03,""percentStarted"":0.01}}",-976.01,,,unresolved,0.0,no Draft Command player match,Live ESPN draft-room order was not separately observable from the public API capture.,143ea80f4c73206c77488a7f53be3998784fe83ce8ef46461c27d3d98290ac60,espn_2026_candidate_20260831T214508Z_6e169d4c54c0
2026,2026-08-31T21:45:08Z,2026-08-31T16:45:08-05:00,candidate,espn-fantasy-api-kona-player-info-2026-ppr,https://lm-api-reads.fantasy.espn.com/apis/v3/games/ffl/seasons/2026/segments/0/leaguedefaults/1?view=kona_player_info,1,PPR,4702559,Oscar Delp,oscar delp,NO,TE,"[25,5,6,23,7,20,21]",1147,,169.99,,"{""draftRanksByRankType.PPR"":{""auctionValue"":0,""published"":false,""rank"":1147,""rankSourceId"":0,""rankType"":""PPR"",""slotId"":0},""ownership"":{""activityLevel"":null,""auctionValueAverage"":0.0,""auctionValueAverageChange"":0.0,""averageDraftPosition"":169.99,""averageDraftPositionPercentChange"":-0.01,""date"":1788179424118,""leagueType"":0,""percentChange"":-0.02,""percentOwned"":0.14,""percentStarted"":0.01}}",-977.01,,,unresolved,0.0,no Draft Command player match,Live ESPN draft-room order was not separately observable from the public API capture.,23bcb27b512aa44a648fb86a97ce4017c7c5f89e20494102b127e1a8128de38e,espn_2026_candidate_20260831T214508Z_6e169d4c54c0
2026,2026-08-31T21:45:08Z,2026-08-31T16:45:08-05:00,candidate,espn-fantasy-api-kona-player-info-2026-ppr,https://lm-api-reads.fantasy.espn.com/apis/v3/games/ffl/seasons/2026/segments/0/leaguedefaults/1?view=kona_player_info,1,PPR,4698597,Barion Brown,barion brown,NO,WR,"[25,3,4,5,23,7,20,21]",1153,,169.98,,"{""draftRanksByRankType.PPR"":{""auctionValue"":0,""published"":false,""rank"":1153,""rankSourceId"":0,""rankType"":""PPR"",""slotId"":0},""ownership"":{""activityLevel"":null,""auctionValueAverage"":0.0,""auctionValueAverageChange"":0.0,""averageDraftPosition"":169.98,""averageDraftPositionPercentChange"":-0.01,""date"":1788211819260,""leagueType"":0,""percentChange"":0.0,""percentOwned"":0.17,""percentStarted"":0.02}}",-983.02,,,unresolved,0.0,no Draft Command player match,Live ESPN draft-room order was not separately observable from the public API capture.,8eefe314a2baec672866c9431b21d240bef9f106f1c49e3c1b0c6ea20e021594,espn_2026_candidate_20260831T214508Z_6e169d4c54c0
2026,2026-08-31T21:45:08Z,2026-08-31T16:45:08-05:00,candidate,espn-fantasy-api-kona-player-info-2026-ppr,https://lm-api-reads.fantasy.espn.com/apis/v3/games/ffl/seasons/2026/segments/0/leaguedefaults/1?view=kona_player_info,1,PPR,3051889,Laquon Treadwell,laquon treadwell,IND,WR,"[3,4,5,23,7,20,21]",1157,,169.99,,"{""draftRanksByRankType.PPR"":{""auctionValue"":0,""published"":false,""rank"":1157,""rankSourceId"":0,""rankType"":""PPR"",""slotId"":0},""ownership"":{""activityLevel"":null,""auctionValueAverage"":0.0,""auctionValueAverageChange"":0.0,""averageDraftPosition"":169.99,""averageDraftPositionPercentChange"":0.0,""date"":1787977816449,""leagueType"":0,""percentChange"":0.0,""percentOwned"":0.02,""percentStarted"":0.01}}",-987.01,,,unresolved,0.0,no Draft Command player match,Live ESPN draft-room order was not separately observable from the public API capture.,a54db370e00cd0f77c2ab77c675eea1de8e48bb2795a576e9ec75990639b7748,espn_2026_candidate_20260831T214508Z_6e169d4c54c0
2026,2026-08-31T21:45:08Z,2026-08-31T16:45:08-05:00,candidate,espn-fantasy-api-kona-player-info-2026-ppr,https://lm-api-reads.fantasy.espn.com/apis/v3/games/ffl/seasons/2026/segments/0/leaguedefaults/1?view=kona_player_info,1,PPR,3917668,Alec Ingold,alec ingold,LAC,RB,"[2,3,23,7,20,21]",1162,,169.99,,"{""draftRanksByRankType.PPR"":{""auctionValue"":0,""published"":false,""rank"":1162,""rankSourceId"":0,""rankType"":""PPR"",""slotId"":0},""ownership"":{""activityLevel"":null,""auctionValueAverage"":0.0,""auctionValueAverageChange"":0.0,""averageDraftPosition"":169.99,""averageDraftPositionPercentChange"":0.0,""date"":1788211816257,""leagueType"":0,""percentChange"":0.0,""percentOwned"":0.05,""percentStarted"":0.01}}",-992.01,,,unresolved,0.0,no Draft Command player match,Live ESPN draft-room order was not separately observable from the public API capture.,e55c0b38b014223c699ab75dc4ace993d146c3d7ff2ec448269a0e3685b3e7b8,espn_2026_candidate_20260831T214508Z_6e169d4c54c0
2026,2026-08-31T21:45:08Z,2026-08-31T16:45:08-05:00,candidate,espn-fantasy-api-kona-player-info-2026-ppr,https://lm-api-reads.fantasy.espn.com/apis/v3/games/ffl/seasons/2026/segments/0/leaguedefaults/1?view=kona_player_info,1,PPR,4432775,Dont'e Thornton Jr.,dont e thornton,LV,WR,"[3,4,5,23,7,20,21]",1164,,169.99,,"{""draftRanksByRankType.PPR"":{""auctionValue"":0,""published"":false,""rank"":1164,""rankSourceId"":0,""rankType"":""PPR"",""slotId"":0},""ownership"":{""activityLevel"":null,""auctionValueAverage"":0.0,""auctionValueAverageChange"":0.0,""averageDraftPosition"":169.99,""averageDraftPositionPercentChange"":0.0,""date"":1788197415844,""leagueType"":0,""percentChange"":-0.01,""percentOwned"":0.09,""percentStarted"":0.01}}",-994.01,,,unresolved,0.0,no Draft Command player match,Live ESPN draft-room order was not separately observable from the public API capture.,4c9349dd1c69d39e14b3732d011de1d47b7957c93ecf22a395f5dd44b7783a7c,espn_2026_candidate_20260831T214508Z_6e169d4c54c0
2026,2026-08-31T21:45:08Z,2026-08-31T16:45:08-05:00,candidate,espn-fantasy-api-kona-player-info-2026-ppr,https://lm-api-reads.fantasy.espn.com/apis/v3/games/ffl/seasons/2026/segments/0/leaguedefaults/1?view=kona_player_info,1,PPR,4259305,Bo Melton,bo melton,GB,WR,"[3,4,5,23,7,20,21]",1168,,169.98,,"{""draftRanksByRankType.PPR"":{""auctionValue"":0,""published"":false,""rank"":1168,""rankSourceId"":0,""rankType"":""PPR"",""slotId"":0},""ownership"":{""activityLevel"":null,""auctionValueAverage"":0.0,""auctionValueAverageChange"":0.0,""averageDraftPosition"":169.98,""averageDraftPositionPercentChange"":0.0,""date"":1788129020749,""leagueType"":0,""percentChange"":-0.01,""percentOwned"":0.08,""percentStarted"":0.01}}",-998.02,,,unresolved,0.0,no Draft Command player match,Live ESPN draft-room order was not separately observable from the public API capture.,74ee4de075f35280b3a87d47885ff1acf97f9a3b7c40d755e097c807b94a9e12,espn_2026_candidate_20260831T214508Z_6e169d4c54c0
2026,2026-08-31T21:45:08Z,2026-08-31T16:45:08-05:00,candidate,espn-fantasy-api-kona-player-info-2026-ppr,https://lm-api-reads.fantasy.espn.com/apis/v3/games/ffl/seasons/2026/segments/0/leaguedefaults/1?view=kona_player_info,1,PPR,4362018,Blake Whiteheart,blake whiteheart,CLE,TE,"[5,6,23,7,20,21]",1170,,169.99,,"{""draftRanksByRankType.PPR"":{""auctionValue"":0,""published"":false,""rank"":1170,""rankSourceId"":0,""rankType"":""PPR"",""slotId"":0},""ownership"":{""activityLevel"":null,""auctionValueAverage"":0.0,""auctionValueAverageChange"":0.0,""averageDraftPosition"":169.99,""averageDraftPositionPercentChange"":0.0,""date"":1787441421426,""leagueType"":0,""percentChange"":0.0,""percentOwned"":0.03,""percentStarted"":0.01}}",-1000.01,,,unresolved,0.0,no Draft Command player match,Live ESPN draft-room order was not separately observable from the public API capture.,93039984277db743f021ca75de1da9da65887676733a3bad0b5ca5d4593da17b,espn_2026_candidate_20260831T214508Z_6e169d4c54c0
2026,2026-08-31T21:45:08Z,2026-08-31T16:45:08-05:00,candidate,espn-fantasy-api-kona-player-info-2026-ppr,https://lm-api-reads.fantasy.espn.com/apis/v3/games/ffl/seasons/2026/segments/0/leaguedefaults/1?view=kona_player_info,1,PPR,4373030,Ben Sims,ben sims,MIA,TE,"[5,6,23,7,20,21]",1173,,169.99,,"{""draftRanksByRankType.PPR"":{""auctionValue"":0,""published"":false,""rank"":1173,""rankSourceId"":0,""rankType"":""PPR"",""slotId"":0},""ownership"":{""activityLevel"":null,""auctionValueAverage"":0.0,""auctionValueAverageChange"":0.0,""averageDraftPosition"":169.99,""averageDraftPositionPercentChange"":0.0,""date"":1787920215435,""leagueType"":0,""percentChange"":0.0,""percentOwned"":0.03,""percentStarted"":0.01}}",-1003.01,,,unresolved,0.0,no Draft Command player match,Live ESPN draft-room order was not separately observable from the public API capture.,d02150948d9d720b0d55e2a596b9203d72331ecd736be7f36ed1ce4ec8ffee3a,espn_2026_candidate_20260831T214508Z_6e169d4c54c0
2026,2026-08-31T21:45:08Z,2026-08-31T16:45:08-05:00,candidate,espn-fantasy-api-kona-player-info-2026-ppr,https://lm-api-reads.fantasy.espn.com/apis/v3/games/ffl/seasons/2026/segments/0/leaguedefaults/1?view=kona_player_info,1,PPR,4613104,Malachi Corley,malachi corley,CLE,WR,"[3,4,5,23,7,20,21]",1182,,169.99,,"{""draftRanksByRankType.PPR"":{""auctionValue"":0,""published"":false,""rank"":1182,""rankSourceId"":0,""rankType"":""PPR"",""slotId"":0},""ownership"":{""activityLevel"":null,""auctionValueAverage"":0.0,""auctionValueAverageChange"":0.0,""averageDraftPosition"":169.99,""averageDraftPositionPercentChange"":0.0,""date"":1788125421701,""leagueType"":0,""percentChange"":0.0,""percentOwned"":0.04,""percentStarted"":0.01}}",-1012.01,,,unresolved,0.0,no Draft Command player match,Live ESPN draft-room order was not separately observable from the public API capture.,0f89ba37f486629eb13472a0b54a4960dfa5ab0b85969158dfa82cf1a2f12d35,espn_2026_candidate_20260831T214508Z_6e169d4c54c0
2026,2026-08-31T21:45:08Z,2026-08-31T16:45:08-05:00,candidate,espn-fantasy-api-kona-player-info-2026-ppr,https://lm-api-reads.fantasy.espn.com/apis/v3/games/ffl/seasons/2026/segments/0/leaguedefaults/1?view=kona_player_info,1,PPR,4372758,Kevin Austin Jr.,kevin austin,NO,WR,"[3,4,5,23,7,20,21]",1184,,170,,"{""draftRanksByRankType.PPR"":{""auctionValue"":0,""published"":false,""rank"":1184,""rankSourceId"":0,""rankType"":""PPR"",""slotId"":0},""ownership"":{""activityLevel"":null,""auctionValueAverage"":0.0,""auctionValueAverageChange"":0.0,""averageDraftPosition"":170.0,""averageDraftPositionPercentChange"":0.0,""date"":1787524223360,""leagueType"":0,""percentChange"":0.0,""percentOwned"":0.01,""percentStarted"":0.0}}",-1014.0,,,unresolved,0.0,no Draft Command player match,Live ESPN draft-room order was not separately observable from the public API capture.,9cb69ac4e0dd17a2e3406a0be71399949543f45500e9ca2faea7a2b99fcf22f1,espn_2026_candidate_20260831T214508Z_6e169d4c54c0
2026,2026-08-31T21:45:08Z,2026-08-31T16:45:08-05:00,candidate,espn-fantasy-api-kona-player-info-2026-ppr,https://lm-api-reads.fantasy.espn.com/apis/v3/games/ffl/seasons/2026/segments/0/leaguedefaults/1?view=kona_player_info,1,PPR,4245144,Tay Martin,tay martin,DET,WR,"[3,4,5,23,7,20,21]",1185,,170,,"{""draftRanksByRankType.PPR"":{""auctionValue"":0,""published"":false,""rank"":1185,""rankSourceId"":0,""rankType"":""PPR"",""slotId"":0},""ownership"":{""activityLevel"":null,""auctionValueAverage"":0.0,""auctionValueAverageChange"":0.0,""averageDraftPosition"":170.0,""averageDraftPositionPercentChange"":0.0,""date"":1788114618698,""leagueType"":0,""percentChange"":0.0,""percentOwned"":0.01,""percentStarted"":0.0}}",-1015.0,,,unresolved,0.0,no Draft Command player match,Live ESPN draft-room order was not separately observable from the public API capture.,9de14aaa0aaeb42a99c9957c68858ade38da63637c134c7907f4deabe479a55e,espn_2026_candidate_20260831T214508Z_6e169d4c54c0
2026,2026-08-31T21:45:08Z,2026-08-31T16:45:08-05:00,candidate,espn-fantasy-api-kona-player-info-2026-ppr,https://lm-api-reads.fantasy.espn.com/apis/v3/games/ffl/seasons/2026/segments/0/leaguedefaults/1?view=kona_player_info,1,PPR,4362477,Derius Davis,derius davis,LAC,WR,"[3,4,5,23,7,20,21]",1193,,169.99,,"{""draftRanksByRankType.PPR"":{""auctionValue"":0,""published"":false,""rank"":1193,""rankSourceId"":0,""rankType"":""PPR"",""slotId"":0},""ownership"":{""activityLevel"":null,""auctionValueAverage"":0.0,""auctionValueAverageChange"":0.0,""averageDraftPosition"":169.99,""averageDraftPositionPercentChange"":0.0,""date"":1788118218443,""leagueType"":0,""percentChange"":0.0,""percentOwned"":0.03,""percentStarted"":0.01}}",-1023.01,,,unresolved,0.0,no Draft Command player match,Live ESPN draft-room order was not separately observable from the public API capture.,707f0e727b29fe31d9ffd816948ba530b584a27ee4cd55ba475e7da2ba1047a1,espn_2026_candidate_20260831T214508Z_6e169d4c54c0
2026,2026-08-31T21:45:08Z,2026-08-31T16:45:08-05:00,candidate,espn-fantasy-api-kona-player-info-2026-ppr,https://lm-api-reads.fantasy.espn.com/apis/v3/games/ffl/seasons/2026/segments/0/leaguedefaults/1?view=kona_player_info,1,PPR,4386544,Xavier Smith,xavier smith,LAR,WR,"[3,4,5,23,7,20,21]",1194,,169.98,,"{""draftRanksByRankType.PPR"":{""auctionValue"":0,""published"":false,""rank"":1194,""rankSourceId"":0,""rankType"":""PPR"",""slotId"":0},""ownership"":{""activityLevel"":null,""auctionValueAverage"":0.0,""auctionValueAverageChange"":0.0,""averageDraftPosition"":169.98,""averageDraftPositionPercentChange"":0.0,""date"":1788197415497,""leagueType"":0,""percentChange"":-0.01,""percentOwned"":0.07,""percentStarted"":0.01}}",-1024.02,,,unresolved,0.0,no Draft Command player match,Live ESPN draft-room order was not separately observable from the public API capture.,f2f02e711a9a9f0f426b6952bdfb7c49345a4c6fe15e03060dd9674f5cd83f6c,espn_2026_candidate_20260831T214508Z_6e169d4c54c0
2026,2026-08-31T21:45:08Z,2026-08-31T16:45:08-05:00,candidate,espn-fantasy-api-kona-player-info-2026-ppr,https://lm-api-reads.fantasy.espn.com/apis/v3/games/ffl/seasons/2026/segments/0/leaguedefaults/1?view=kona_player_info,1,PPR,3929914,Adam Prentice,adam prentice,FA,RB,"[2,3,23,7,20,21]",1207,,169.99,,"{""draftRanksByRankType.PPR"":{""auctionValue"":0,""published"":false,""rank"":1207,""rankSourceId"":0,""rankType"":""PPR"",""slotId"":0},""ownership"":{""activityLevel"":null,""auctionValueAverage"":0.0,""auctionValueAverageChange"":0.0,""averageDraftPosition"":169.99,""averageDraftPositionPercentChange"":0.0,""date"":1788161417852,""leagueType"":0,""percentChange"":-0.01,""percentOwned"":0.04,""percentStarted"":0.01}}",-1037.01,,,unresolved,0.0,no Draft Command player match,Live ESPN draft-room order was not separately observable from the public API capture.,425084a16d8bc6bb1b8c97bd1975cfb94343a354a47e04f34b3eb626dc1f76b9,espn_2026_candidate_20260831T214508Z_6e169d4c54c0
2026,2026-08-31T21:45:08Z,2026-08-31T16:45:08-05:00,candidate,espn-fantasy-api-kona-player-info-2026-ppr,https://lm-api-reads.fantasy.espn.com/apis/v3/games/ffl/seasons/2026/segments/0/leaguedefaults/1?view=kona_player_info,1,PPR,4575665,Jacob Cowing,jacob cowing,SF,WR,"[3,4,5,23,7,20,21]",1208,,169.99,,"{""draftRanksByRankType.PPR"":{""auctionValue"":0,""published"":false,""rank"":1208,""rankSourceId"":0,""rankType"":""PPR"",""slotId"":0},""ownership"":{""activityLevel"":null,""auctionValueAverage"":0.0,""auctionValueAverageChange"":0.0,""averageDraftPosition"":169.99,""averageDraftPositionPercentChange"":0.0,""date"":1788208214849,""leagueType"":0,""percentChange"":0.0,""percentOwned"":0.03,""percentStarted"":0.01}}",-1038.01,,,unresolved,0.0,no Draft Command player match,Live ESPN draft-room order was not separately observable from the public API capture.,b2a686fb34c4704381d31e8ced04e22c0582a8b2da85075698f42759a33d5533,espn_2026_candidate_20260831T214508Z_6e169d4c54c0
2026,2026-08-31T21:45:08Z,2026-08-31T16:45:08-05:00,candidate,espn-fantasy-api-kona-player-info-2026-ppr,https://lm-api-reads.fantasy.espn.com/apis/v3/games/ffl/seasons/2026/segments/0/leaguedefaults/1?view=kona_player_info,1,PPR,4241961,Connor Heyward,connor heyward,LV,RB,"[2,3,23,7,20,21]",1209,,169.99,,"{""draftRanksByRankType.PPR"":{""auctionValue"":0,""published"":false,""rank"":1209,""rankSourceId"":0,""rankType"":""PPR"",""slotId"":0},""ownership"":{""activityLevel"":null,""auctionValueAverage"":0.0,""auctionValueAverageChange"":0.0,""averageDraftPosition"":169.99,""averageDraftPositionPercentChange"":0.0,""date"":1788204616620,""leagueType"":0,""percentChange"":-0.01,""percentOwned"":0.06,""percentStarted"":0.01}}",-1039.01,,,unresolved,0.0,no Draft Command player match,Live ESPN draft-room order was not separately observable from the public API capture.,88b5fa2249a54177301101192b48817dea577cad64d4e496210e506c6ba2a05a,espn_2026_candidate_20260831T214508Z_6e169d4c54c0
2026,2026-08-31T21:45:08Z,2026-08-31T16:45:08-05:00,candidate,espn-fantasy-api-kona-player-info-2026-ppr,https://lm-api-reads.fantasy.espn.com/apis/v3/games/ffl/seasons/2026/segments/0/leaguedefaults/1?view=kona_player_info,1,PPR,4384852,Dohnte Meyers,dohnte meyers,CIN,WR,"[3,4,5,23,7,20,21]",1210,,169.97,,"{""draftRanksByRankType.PPR"":{""auctionValue"":0,""published"":false,""rank"":1210,""rankSourceId"":0,""rankType"":""PPR"",""slotId"":0},""ownership"":{""activityLevel"":null,""auctionValueAverage"":0.02,""auctionValueAverageChange"":0.02,""averageDraftPosition"":169.97,""averageDraftPositionPercentChange"":0.03,""date"":1788179422270,""leagueType"":0,""percentChange"":0.04,""percentOwned"":0.04,""percentStarted"":0.01}}",-1040.03,,,unresolved,0.0,no Draft Command player match,Live ESPN draft-room order was not separately observable from the public API capture.,d95ce8211a70358866422150452c6fe4895d740fb3704215ea8ab2e3cfba097a,espn_2026_candidate_20260831T214508Z_6e169d4c54c0
2026,2026-08-31T21:45:08Z,2026-08-31T16:45:08-05:00,candidate,espn-fantasy-api-kona-player-info-2026-ppr,https://lm-api-reads.fantasy.espn.com/apis/v3/games/ffl/seasons/2026/segments/0/leaguedefaults/1?view=kona_player_info,1,PPR,2515270,Michael Burton,michael burton,CLE,RB,"[2,3,23,7,20,21]",1211,,169.98,,"{""draftRanksByRankType.PPR"":{""auctionValue"":0,""published"":false,""rank"":1211,""rankSourceId"":0,""rankType"":""PPR"",""slotId"":0},""ownership"":{""activityLevel"":null,""auctionValueAverage"":0.0,""auctionValueAverageChange"":0.0,""averageDraftPosition"":169.98,""averageDraftPositionPercentChange"":0.0,""date"":1787535016227,""leagueType"":0,""percentChange"":0.0,""percentOwned"":0.05,""percentStarted"":0.01}}",-1041.02,,,unresolved,0.0,no Draft Command player match,Live ESPN draft-room order was not separately observable from the public API capture.,9f80a2324a1852d10d1c650b56eb9db721a164dd59301ca143200c63b5cd4b2a,espn_2026_candidate_20260831T214508Z_6e169d4c54c0
2026,2026-08-31T21:45:08Z,2026-08-31T16:45:08-05:00,candidate,espn-fantasy-api-kona-player-info-2026-ppr,https://lm-api-reads.fantasy.espn.com/apis/v3/games/ffl/seasons/2026/segments/0/leaguedefaults/1?view=kona_player_info,1,PPR,4695193,Efton Chism III,efton chism,NE,WR,"[3,4,5,23,7,20,21]",1212,,169.96,,"{""draftRanksByRankType.PPR"":{""auctionValue"":0,""published"":false,""rank"":1212,""rankSourceId"":0,""rankType"":""PPR"",""slotId"":0},""ownership"":{""activityLevel"":null,""auctionValueAverage"":0.0,""auctionValueAverageChange"":0.0,""averageDraftPosition"":169.96,""averageDraftPositionPercentChange"":0.0,""date"":1788201015909,""leagueType"":0,""percentChange"":-0.01,""percentOwned"":0.15,""percentStarted"":0.01}}",-1042.04,,,unresolved,0.0,no Draft Command player match,Live ESPN draft-room order was not separately observable from the public API capture.,c5a58c126d20761e8a7d482d4b991f6059c71e3b79aec11d388503b09d2c130a,espn_2026_candidate_20260831T214508Z_6e169d4c54c0
2026,2026-08-31T21:45:08Z,2026-08-31T16:45:08-05:00,candidate,espn-fantasy-api-kona-player-info-2026-ppr,https://lm-api-reads.fantasy.espn.com/apis/v3/games/ffl/seasons/2026/segments/0/leaguedefaults/1?view=kona_player_info,1,PPR,4878695,Max Bredeson,max bredeson,MIN,RB,"[2,3,23,7,20,21]",1218,,169.99,,"{""draftRanksByRankType.PPR"":{""auctionValue"":0,""published"":false,""rank"":1218,""rankSourceId"":0,""rankType"":""PPR"",""slotId"":0},""ownership"":{""activityLevel"":null,""auctionValueAverage"":0.0,""auctionValueAverageChange"":0.0,""averageDraftPosition"":169.99,""averageDraftPositionPercentChange"":0.0,""date"":1788179424353,""leagueType"":0,""percentChange"":0.0,""percentOwned"":0.05,""percentStarted"":0.01}}",-1048.01,,,unresolved,0.0,no Draft Command player match,Live ESPN draft-room order was not separately observable from the public API capture.,066038053b82cd13a7c591265ec94fd81b72f9d889dbf704ad9dfc5372fe411c,espn_2026_candidate_20260831T214508Z_6e169d4c54c0
2026,2026-08-31T21:45:08Z,2026-08-31T16:45:08-05:00,candidate,espn-fantasy-api-kona-player-info-2026-ppr,https://lm-api-reads.fantasy.espn.com/apis/v3/games/ffl/seasons/2026/segments/0/leaguedefaults/1?view=kona_player_info,1,PPR,4360967,Brevyn Spann-Ford,brevyn spann ford,DAL,TE,"[5,6,23,7,20,21]",1221,,169.97,,"{""draftRanksByRankType.PPR"":{""auctionValue"":0,""published"":false,""rank"":1221,""rankSourceId"":0,""rankType"":""PPR"",""slotId"":0},""ownership"":{""activityLevel"":null,""auctionValueAverage"":0.0,""auctionValueAverageChange"":0.0,""averageDraftPosition"":169.97,""averageDraftPositionPercentChange"":0.0,""date"":1788211817403,""leagueType"":0,""percentChange"":0.0,""percentOwned"":0.08,""percentStarted"":0.01}}",-1051.03,,,unresolved,0.0,no Draft Command player match,Live ESPN draft-room order was not separately observable from the public API capture.,244f86d5d033509bc2e481eeedf3961d7f1ccfbcd7bdfeaf5ae71d2f7e2f5f9d,espn_2026_candidate_20260831T214508Z_6e169d4c54c0
2026,2026-08-31T21:45:08Z,2026-08-31T16:45:08-05:00,candidate,espn-fantasy-api-kona-player-info-2026-ppr,https://lm-api-reads.fantasy.espn.com/apis/v3/games/ffl/seasons/2026/segments/0/leaguedefaults/1?view=kona_player_info,1,PPR,4714771,Drew Allar,drew allar,PIT,QB,"[25,0,7,20,21]",1223,,169.94,,"{""draftRanksByRankType.PPR"":{""auctionValue"":0,""published"":false,""rank"":1223,""rankSourceId"":0,""rankType"":""PPR"",""slotId"":0},""ownership"":{""activityLevel"":null,""auctionValueAverage"":0.0,""auctionValueAverageChange"":0.0,""averageDraftPosition"":169.94,""averageDraftPositionPercentChange"":-0.01,""date"":1788179424159,""leagueType"":0,""percentChange"":-0.03,""percentOwned"":0.36,""percentStarted"":0.02}}",-1053.06,,,unresolved,0.0,no Draft Command player match,Live ESPN draft-room order was not separately observable from the public API capture.,06240fd05f4412fdbec5c2467e4587d2ea6d740bbbaa4a825cdd335215928b0a,espn_2026_candidate_20260831T214508Z_6e169d4c54c0
2026,2026-08-31T21:45:08Z,2026-08-31T16:45:08-05:00,candidate,espn-fantasy-api-kona-player-info-2026-ppr,https://lm-api-reads.fantasy.espn.com/apis/v3/games/ffl/seasons/2026/segments/0/leaguedefaults/1?view=kona_player_info,1,PPR,4383351,Trey Lance,trey lance,LAC,QB,"[0,7,20,21]",1224,,169.99,,"{""draftRanksByRankType.PPR"":{""auctionValue"":0,""published"":false,""rank"":1224,""rankSourceId"":0,""rankType"":""PPR"",""slotId"":0},""ownership"":{""activityLevel"":null,""auctionValueAverage"":0.0,""auctionValueAverageChange"":0.0,""averageDraftPosition"":169.99,""averageDraftPositionPercentChange"":0.0,""date"":1788197415489,""leagueType"":0,""percentChange"":0.0,""percentOwned"":0.07,""percentStarted"":0.01}}",-1054.01,,,unresolved,0.0,no Draft Command player match,Live ESPN draft-room order was not separately observable from the public API capture.,d287e0882367f05f9987acb54e53b564deb45277f817ccc92dce6b7ba2bc9df7,espn_2026_candidate_20260831T214508Z_6e169d4c54c0
2026,2026-08-31T21:45:08Z,2026-08-31T16:45:08-05:00,candidate,espn-fantasy-api-kona-player-info-2026-ppr,https://lm-api-reads.fantasy.espn.com/apis/v3/games/ffl/seasons/2026/segments/0/leaguedefaults/1?view=kona_player_info,1,PPR,4602788,Jackson Meeks,jackson meeks,DET,TE,"[5,6,23,7,20,21]",1226,,169.99,,"{""draftRanksByRankType.PPR"":{""auctionValue"":0,""published"":false,""rank"":1226,""rankSourceId"":0,""rankType"":""PPR"",""slotId"":0},""ownership"":{""activityLevel"":null,""auctionValueAverage"":0.0,""auctionValueAverageChange"":0.0,""averageDraftPosition"":169.99,""averageDraftPositionPercentChange"":0.0,""date"":1788186617930,""leagueType"":0,""percentChange"":0.0,""percentOwned"":0.02,""percentStarted"":0.0}}",-1056.01,,,unresolved,0.0,no Draft Command player match,Live ESPN draft-room order was not separately observable from the public API capture.,64cac83408a8a3eab01091f81558184a77a8a4f5e5131402dde6aea162a707ee,espn_2026_candidate_20260831T214508Z_6e169d4c54c0
2026,2026-08-31T21:45:08Z,2026-08-31T16:45:08-05:00,candidate,espn-fantasy-api-kona-player-info-2026-ppr,https://lm-api-reads.fantasy.espn.com/apis/v3/games/ffl/seasons/2026/segments/0/leaguedefaults/1?view=kona_player_info,1,PPR,4683423,Riley Leonard,riley leonard,IND,QB,"[0,7,20,21]",1228,,169.99,,"{""draftRanksByRankType.PPR"":{""auctionValue"":0,""published"":false,""rank"":1228,""rankSourceId"":0,""rankType"":""PPR"",""slotId"":0},""ownership"":{""activityLevel"":null,""auctionValueAverage"":0.0,""auctionValueAverageChange"":0.0,""averageDraftPosition"":169.99,""averageDraftPositionPercentChange"":0.0,""date"":1788179423597,""leagueType"":0,""percentChange"":-0.01,""percentOwned"":0.07,""percentStarted"":0.01}}",-1058.01,,,unresolved,0.0,no Draft Command player match,Live ESPN draft-room order was not separately observable from the public API capture.,3ffd57b67200040c1f4ed8aa8dad7de2cdfe0ac68d60c3b46a11c06d45b1fda3,espn_2026_candidate_20260831T214508Z_6e169d4c54c0
2026,2026-08-31T21:45:08Z,2026-08-31T16:45:08-05:00,candidate,espn-fantasy-api-kona-player-info-2026-ppr,https://lm-api-reads.fantasy.espn.com/apis/v3/games/ffl/seasons/2026/segments/0/leaguedefaults/1?view=kona_player_info,1,PPR,4889929,Quinn Ewers,quinn ewers,JAX,QB,"[0,7,20,21]",1229,,169.97,,"{""draftRanksByRankType.PPR"":{""auctionValue"":0,""published"":false,""rank"":1229,""rankSourceId"":0,""rankType"":""PPR"",""slotId"":0},""ownership"":{""activityLevel"":null,""auctionValueAverage"":0.0,""auctionValueAverageChange"":0.0,""averageDraftPosition"":169.97,""averageDraftPositionPercentChange"":-0.01,""date"":1788211819473,""leagueType"":0,""percentChange"":-0.01,""percentOwned"":0.09,""percentStarted"":0.01}}",-1059.03,,,unresolved,0.0,no Draft Command player match,Live ESPN draft-room order was not separately observable from the public API capture.,19ebb35d20d7e157ab37619baaa8d747961bd6c535be8c34856fb1750c953e23,espn_2026_candidate_20260831T214508Z_6e169d4c54c0
2026,2026-08-31T21:45:08Z,2026-08-31T16:45:08-05:00,candidate,espn-fantasy-api-kona-player-info-2026-ppr,https://lm-api-reads.fantasy.espn.com/apis/v3/games/ffl/seasons/2026/segments/0/leaguedefaults/1?view=kona_player_info,1,PPR,14163,Tyrod Taylor,tyrod taylor,GB,QB,"[0,7,20,21]",1231,,169.97,,"{""draftRanksByRankType.PPR"":{""auctionValue"":0,""published"":false,""rank"":1231,""rankSourceId"":0,""rankType"":""PPR"",""slotId"":0},""ownership"":{""activityLevel"":null,""auctionValueAverage"":0.0,""auctionValueAverageChange"":0.0,""averageDraftPosition"":169.97,""averageDraftPositionPercentChange"":0.0,""date"":1788208212393,""leagueType"":0,""percentChange"":-0.01,""percentOwned"":0.09,""percentStarted"":0.01}}",-1061.03,,,unresolved,0.0,no Draft Command player match,Live ESPN draft-room order was not separately observable from the public API capture.,518a308caea15127f1a012253b33ef79bc642b8cfec9aedd4458bb6fd49071e6,espn_2026_candidate_20260831T214508Z_6e169d4c54c0
2026,2026-08-31T21:45:08Z,2026-08-31T16:45:08-05:00,candidate,espn-fantasy-api-kona-player-info-2026-ppr,https://lm-api-reads.fantasy.espn.com/apis/v3/games/ffl/seasons/2026/segments/0/leaguedefaults/1?view=kona_player_info,1,PPR,4917427,Tanner Koziol,tanner koziol,JAX,TE,"[25,5,6,23,7,20,21]",1233,,170,,"{""draftRanksByRankType.PPR"":{""auctionValue"":0,""published"":false,""rank"":1233,""rankSourceId"":0,""rankType"":""PPR"",""slotId"":0},""ownership"":{""activityLevel"":null,""auctionValueAverage"":0.0,""auctionValueAverageChange"":0.0,""averageDraftPosition"":170.0,""averageDraftPositionPercentChange"":0.0,""date"":1788139825054,""leagueType"":0,""percentChange"":0.0,""percentOwned"":0.03,""percentStarted"":0.0}}",-1063.0,,,unresolved,0.0,no Draft Command player match,Live ESPN draft-room order was not separately observable from the public API capture.,9aa0156f89c61f43c2e8947c2dd5933c39c15aed7d93fb01f721c009376f16ad,espn_2026_candidate_20260831T214508Z_6e169d4c54c0
2026,2026-08-31T21:45:08Z,2026-08-31T16:45:08-05:00,candidate,espn-fantasy-api-kona-player-info-2026-ppr,https://lm-api-reads.fantasy.espn.com/apis/v3/games/ffl/seasons/2026/segments/0/leaguedefaults/1?view=kona_player_info,1,PPR,4034779,Ko Kieft,ko kieft,TB,TE,"[5,6,23,7,20,21]",1235,,169.99,,"{""draftRanksByRankType.PPR"":{""auctionValue"":0,""published"":false,""rank"":1235,""rankSourceId"":0,""rankType"":""PPR"",""slotId"":0},""ownership"":{""activityLevel"":null,""auctionValueAverage"":0.0,""auctionValueAverageChange"":0.0,""averageDraftPosition"":169.99,""averageDraftPositionPercentChange"":0.0,""date"":1788049818126,""leagueType"":0,""percentChange"":0.0,""percentOwned"":0.02,""percentStarted"":0.01}}",-1065.01,,,unresolved,0.0,no Draft Command player match,Live ESPN draft-room order was not separately observable from the public API capture.,a67fcf1a9501fe15310639775b10c010793f8b4dba32b3b2c8caf0baa739f5a9,espn_2026_candidate_20260831T214508Z_6e169d4c54c0
2026,2026-08-31T21:45:08Z,2026-08-31T16:45:08-05:00,candidate,espn-fantasy-api-kona-player-info-2026-ppr,https://lm-api-reads.fantasy.espn.com/apis/v3/games/ffl/seasons/2026/segments/0/leaguedefaults/1?view=kona_player_info,1,PPR,4240703,Kenny Pickett,kenny pickett,CAR,QB,"[0,7,20,21]",1236,,169.97,,"{""draftRanksByRankType.PPR"":{""auctionValue"":0,""published"":false,""rank"":1236,""rankSourceId"":0,""rankType"":""PPR"",""slotId"":0},""ownership"":{""activityLevel"":null,""auctionValueAverage"":0.0,""auctionValueAverageChange"":0.0,""averageDraftPosition"":169.97,""averageDraftPositionPercentChange"":-0.01,""date"":1788143424166,""leagueType"":0,""percentChange"":-0.01,""percentOwned"":0.1,""percentStarted"":0.01}}",-1066.03,,,unresolved,0.0,no Draft Command player match,Live ESPN draft-room order was not separately observable from the public API capture.,2489aaa1cb29487f3bc27c49a89cb47d82797dfd66da01c6b417bda27bc2b655,espn_2026_candidate_20260831T214508Z_6e169d4c54c0
2026,2026-08-31T21:45:08Z,2026-08-31T16:45:08-05:00,candidate,espn-fantasy-api-kona-player-info-2026-ppr,https://lm-api-reads.fantasy.espn.com/apis/v3/games/ffl/seasons/2026/segments/0/leaguedefaults/1?view=kona_player_info,1,PPR,4565185,Tai Felton,tai felton,MIN,WR,"[3,4,5,23,7,20,21]",1237,,169.98,,"{""draftRanksByRankType.PPR"":{""auctionValue"":0,""published"":false,""rank"":1237,""rankSourceId"":0,""rankType"":""PPR"",""slotId"":0},""ownership"":{""activityLevel"":null,""auctionValueAverage"":0.0,""auctionValueAverageChange"":0.0,""averageDraftPosition"":169.98,""averageDraftPositionPercentChange"":-0.01,""date"":1788186617594,""leagueType"":0,""percentChange"":-0.01,""percentOwned"":0.1,""percentStarted"":0.01}}",-1067.02,,,unresolved,0.0,no Draft Command player match,Live ESPN draft-room order was not separately observable from the public API capture.,c01f913e0346cf10096b0bf417b310ba9453ab500ad22d087e3c405742ba2cc4,espn_2026_candidate_20260831T214508Z_6e169d4c54c0
2026,2026-08-31T21:45:08Z,2026-08-31T16:45:08-05:00,candidate,espn-fantasy-api-kona-player-info-2026-ppr,https://lm-api-reads.fantasy.espn.com/apis/v3/games/ffl/seasons/2026/segments/0/leaguedefaults/1?view=kona_player_info,1,PPR,4879194,Josh Cameron,josh cameron,JAX,WR,"[25,3,4,5,23,7,20,21]",1238,,169.98,,"{""draftRanksByRankType.PPR"":{""auctionValue"":0,""published"":false,""rank"":1238,""rankSourceId"":0,""rankType"":""PPR"",""slotId"":0},""ownership"":{""activityLevel"":null,""auctionValueAverage"":0.0,""auctionValueAverageChange"":0.0,""averageDraftPosition"":169.98,""averageDraftPositionPercentChange"":0.0,""date"":1788197416783,""leagueType"":0,""percentChange"":0.0,""percentOwned"":0.04,""percentStarted"":0.01}}",-1068.02,,,unresolved,0.0,no Draft Command player match,Live ESPN draft-room order was not separately observable from the public API capture.,09b1810361eeb1798c054919fc3d8ee1a098c9a78092fef43a7deef611a434eb,espn_2026_candidate_20260831T214508Z_6e169d4c54c0
2026,2026-08-31T21:45:08Z,2026-08-31T16:45:08-05:00,candidate,espn-fantasy-api-kona-player-info-2026-ppr,https://lm-api-reads.fantasy.espn.com/apis/v3/games/ffl/seasons/2026/segments/0/leaguedefaults/1?view=kona_player_info,1,PPR,4426339,Spencer Rattler,spencer rattler,NO,QB,"[0,7,20,21]",1239,,169.98,,"{""draftRanksByRankType.PPR"":{""auctionValue"":0,""published"":false,""rank"":1239,""rankSourceId"":0,""rankType"":""PPR"",""slotId"":0},""ownership"":{""activityLevel"":null,""auctionValueAverage"":0.0,""auctionValueAverageChange"":0.0,""averageDraftPosition"":169.98,""averageDraftPositionPercentChange"":0.0,""date"":1788211817784,""leagueType"":0,""percentChange"":0.0,""percentOwned"":0.07,""percentStarted"":0.01}}",-1069.02,,,unresolved,0.0,no Draft Command player match,Live ESPN draft-room order was not separately observable from the public API capture.,b142e68670e35e91b82c2fbac5ab36eefc88ed98f798669bd3a2320c1546734d,espn_2026_candidate_20260831T214508Z_6e169d4c54c0
2026,2026-08-31T21:45:08Z,2026-08-31T16:45:08-05:00,candidate,espn-fantasy-api-kona-player-info-2026-ppr,https://lm-api-reads.fantasy.espn.com/apis/v3/games/ffl/seasons/2026/segments/0/leaguedefaults/1?view=kona_player_info,1,PPR,4695705,Marlin Klein,marlin klein,HOU,TE,"[25,5,6,23,7,20,21]",1241,,169.98,,"{""draftRanksByRankType.PPR"":{""auctionValue"":0,""published"":false,""rank"":1241,""rankSourceId"":0,""rankType"":""PPR"",""slotId"":0},""ownership"":{""activityLevel"":null,""auctionValueAverage"":0.0,""auctionValueAverageChange"":0.0,""averageDraftPosition"":169.98,""averageDraftPositionPercentChange"":0.0,""date"":1788204618984,""leagueType"":0,""percentChange"":-0.01,""percentOwned"":0.1,""percentStarted"":0.01}}",-1071.02,,,unresolved,0.0,no Draft Command player match,Live ESPN draft-room order was not separately observable from the public API capture.,6fc3bfde76d8bad3b6e19855170c488599da8202bb91f5e0a13fea7e39d88c54,espn_2026_candidate_20260831T214508Z_6e169d4c54c0
2026,2026-08-31T21:45:08Z,2026-08-31T16:45:08-05:00,candidate,espn-fantasy-api-kona-player-info-2026-ppr,https://lm-api-reads.fantasy.espn.com/apis/v3/games/ffl/seasons/2026/segments/0/leaguedefaults/1?view=kona_player_info,1,PPR,4360086,Josh Whyle,josh whyle,GB,TE,"[5,6,23,7,20,21]",1242,,169.98,,"{""draftRanksByRankType.PPR"":{""auctionValue"":0,""published"":false,""rank"":1242,""rankSourceId"":0,""rankType"":""PPR"",""slotId"":0},""ownership"":{""activityLevel"":null,""auctionValueAverage"":0.0,""auctionValueAverageChange"":0.0,""averageDraftPosition"":169.98,""averageDraftPositionPercentChange"":0.0,""date"":1788208213752,""leagueType"":0,""percentChange"":0.0,""percentOwned"":0.04,""percentStarted"":0.01}}",-1072.02,,,unresolved,0.0,no Draft Command player match,Live ESPN draft-room order was not separately observable from the public API capture.,2920817fe3004ce8038eef4dbd453cc10d59f3f702c788852e4753cdba2c2447,espn_2026_candidate_20260831T214508Z_6e169d4c54c0
2026,2026-08-31T21:45:08Z,2026-08-31T16:45:08-05:00,candidate,espn-fantasy-api-kona-player-info-2026-ppr,https://lm-api-reads.fantasy.espn.com/apis/v3/games/ffl/seasons/2026/segments/0/leaguedefaults/1?view=kona_player_info,1,PPR,4040612,Luke Farrell,luke farrell,SF,TE,"[5,6,23,7,20,21]",1243,,169.99,,"{""draftRanksByRankType.PPR"":{""auctionValue"":0,""published"":false,""rank"":1243,""rankSourceId"":0,""rankType"":""PPR"",""slotId"":0},""ownership"":{""activityLevel"":null,""auctionValueAverage"":0.0,""auctionValueAverageChange"":0.0,""averageDraftPosition"":169.99,""averageDraftPositionPercentChange"":0.0,""date"":1788197414918,""leagueType"":0,""percentChange"":0.0,""percentOwned"":0.04,""percentStarted"":0.01}}",-1073.01,,,unresolved,0.0,no Draft Command player match,Live ESPN draft-room order was not separately observable from the public API capture.,c838367cc169f1167d6cbbbf416f64ecf438f5d1b2f560076215aa9970c247ac,espn_2026_candidate_20260831T214508Z_6e169d4c54c0
2026,2026-08-31T21:45:08Z,2026-08-31T16:45:08-05:00,candidate,espn-fantasy-api-kona-player-info-2026-ppr,https://lm-api-reads.fantasy.espn.com/apis/v3/games/ffl/seasons/2026/segments/0/leaguedefaults/1?view=kona_player_info,1,PPR,4722908,Drew Ogletree,drew ogletree,IND,TE,"[5,6,23,7,20,21]",1244,,169.99,,"{""draftRanksByRankType.PPR"":{""auctionValue"":0,""published"":false,""rank"":1244,""rankSourceId"":0,""rankType"":""PPR"",""slotId"":0},""ownership"":{""activityLevel"":null,""auctionValueAverage"":0.0,""auctionValueAverageChange"":0.0,""averageDraftPosition"":169.99,""averageDraftPositionPercentChange"":0.0,""date"":1787610619945,""leagueType"":0,""percentChange"":0.0,""percentOwned"":0.03,""percentStarted"":0.01}}",-1074.01,,,unresolved,0.0,no Draft Command player match,Live ESPN draft-room order was not separately observable from the public API capture.,9ec7643e26fac97756dfb3beee4cdf22c405d1a708f06958576122671daec52b,espn_2026_candidate_20260831T214508Z_6e169d4c54c0
2026,2026-08-31T21:45:08Z,2026-08-31T16:45:08-05:00,candidate,espn-fantasy-api-kona-player-info-2026-ppr,https://lm-api-reads.fantasy.espn.com/apis/v3/games/ffl/seasons/2026/segments/0/leaguedefaults/1?view=kona_player_info,1,PPR,4685504,Sam Roush,sam roush,CHI,TE,"[25,5,6,23,7,20,21]",1245,,169.98,,"{""draftRanksByRankType.PPR"":{""auctionValue"":0,""published"":false,""rank"":1245,""rankSourceId"":0,""rankType"":""PPR"",""slotId"":0},""ownership"":{""activityLevel"":null,""auctionValueAverage"":0.0,""auctionValueAverageChange"":0.0,""averageDraftPosition"":169.98,""averageDraftPositionPercentChange"":0.0,""date"":1788179423757,""leagueType"":0,""percentChange"":-0.01,""percentOwned"":0.09,""percentStarted"":0.01}}",-1075.02,,,unresolved,0.0,no Draft Command player match,Live ESPN draft-room order was not separately observable from the public API capture.,6b4820a4fe67be0c38e2bdd39e4186b040e298353362d0bac6d8f9ecfb0c4535,espn_2026_candidate_20260831T214508Z_6e169d4c54c0
2026,2026-08-31T21:45:08Z,2026-08-31T16:45:08-05:00,candidate,espn-fantasy-api-kona-player-info-2026-ppr,https://lm-api-reads.fantasy.espn.com/apis/v3/games/ffl/seasons/2026/segments/0/leaguedefaults/1?view=kona_player_info,1,PPR,5160110,Jahdae Walker,jahdae walker,CHI,WR,"[3,4,5,23,7,20,21]",1246,,169.97,,"{""draftRanksByRankType.PPR"":{""auctionValue"":0,""published"":false,""rank"":1246,""rankSourceId"":0,""rankType"":""PPR"",""slotId"":0},""ownership"":{""activityLevel"":null,""auctionValueAverage"":0.0,""auctionValueAverageChange"":0.0,""averageDraftPosition"":169.97,""averageDraftPositionPercentChange"":-0.01,""date"":1788179424672,""leagueType"":0,""percentChange"":-0.01,""percentOwned"":0.15,""percentStarted"":0.01}}",-1076.03,,,unresolved,0.0,no Draft Command player match,Live ESPN draft-room order was not separately observable from the public API capture.,d255a827da78b7b1d27868798a1ed27b56cdc2d111a7edd520dd9dbfabc3ffcb,espn_2026_candidate_20260831T214508Z_6e169d4c54c0
2026,2026-08-31T21:45:08Z,2026-08-31T16:45:08-05:00,candidate,espn-fantasy-api-kona-player-info-2026-ppr,https://lm-api-reads.fantasy.espn.com/apis/v3/games/ffl/seasons/2026/segments/0/leaguedefaults/1?view=kona_player_info,1,PPR,3044720,Joshua Dobbs,joshua dobbs,DET,QB,"[0,7,20,21]",1248,,169.95,,"{""draftRanksByRankType.PPR"":{""auctionValue"":0,""published"":false,""rank"":1248,""rankSourceId"":0,""rankType"":""PPR"",""slotId"":0},""ownership"":{""activityLevel"":null,""auctionValueAverage"":0.0,""auctionValueAverageChange"":0.0,""averageDraftPosition"":169.95,""averageDraftPositionPercentChange"":-0.01,""date"":1788179418922,""leagueType"":0,""percentChange"":0.0,""percentOwned"":0.09,""percentStarted"":0.01}}",-1078.05,,,unresolved,0.0,no Draft Command player match,Live ESPN draft-room order was not separately observable from the public API capture.,0b427e191fb78f7e72f66ea46e9d652997da49db08ff1bdc9baa9dad51f8fef4,espn_2026_candidate_20260831T214508Z_6e169d4c54c0
2026,2026-08-31T21:45:08Z,2026-08-31T16:45:08-05:00,candidate,espn-fantasy-api-kona-player-info-2026-ppr,https://lm-api-reads.fantasy.espn.com/apis/v3/games/ffl/seasons/2026/segments/0/leaguedefaults/1?view=kona_player_info,1,PPR,4035671,Tyler Huntley,tyler huntley,BAL,QB,"[0,7,20,21]",1249,,169.97,,"{""draftRanksByRankType.PPR"":{""auctionValue"":0,""published"":false,""rank"":1249,""rankSourceId"":0,""rankType"":""PPR"",""slotId"":0},""ownership"":{""activityLevel"":null,""auctionValueAverage"":0.0,""auctionValueAverageChange"":0.0,""averageDraftPosition"":169.97,""averageDraftPositionPercentChange"":0.0,""date"":1788208213311,""leagueType"":0,""percentChange"":0.0,""percentOwned"":0.08,""percentStarted"":0.01}}",-1079.03,,,unresolved,0.0,no Draft Command player match,Live ESPN draft-room order was not separately observable from the public API capture.,15a5419e5a304c8860fbe587f3818b8149bcf9038c835e8f9324692e59ffbd5b,espn_2026_candidate_20260831T214508Z_6e169d4c54c0
2026,2026-08-31T21:45:08Z,2026-08-31T16:45:08-05:00,candidate,espn-fantasy-api-kona-player-info-2026-ppr,https://lm-api-reads.fantasy.espn.com/apis/v3/games/ffl/seasons/2026/segments/0/leaguedefaults/1?view=kona_player_info,1,PPR,4432260,Matthew Hibner,matthew hibner,BAL,TE,"[25,5,6,23,7,20,21]",1250,,169.98,,"{""draftRanksByRankType.PPR"":{""auctionValue"":0,""published"":false,""rank"":1250,""rankSourceId"":0,""rankType"":""PPR"",""slotId"":0},""ownership"":{""activityLevel"":null,""auctionValueAverage"":0.0,""auctionValueAverageChange"":0.0,""averageDraftPosition"":169.98,""averageDraftPositionPercentChange"":0.0,""date"":1788211818330,""leagueType"":0,""percentChange"":0.0,""percentOwned"":0.08,""percentStarted"":0.01}}",-1080.02,,,unresolved,0.0,no Draft Command player match,Live ESPN draft-room order was not separately observable from the public API capture.,29b7994f42a1970078779b407cc99f73e1f3adba72b17a2c7ebe60877a546c69,espn_2026_candidate_20260831T214508Z_6e169d4c54c0
2026,2026-08-31T21:45:08Z,2026-08-31T16:45:08-05:00,candidate,espn-fantasy-api-kona-player-info-2026-ppr,https://lm-api-reads.fantasy.espn.com/apis/v3/games/ffl/seasons/2026/segments/0/leaguedefaults/1?view=kona_player_info,1,PPR,4876132,Josh Cuevas,josh cuevas,BAL,TE,"[25,5,6,23,7,20,21]",1251,,169.99,,"{""draftRanksByRankType.PPR"":{""auctionValue"":0,""published"":false,""rank"":1251,""rankSourceId"":0,""rankType"":""PPR"",""slotId"":0},""ownership"":{""activityLevel"":null,""auctionValueAverage"":0.0,""auctionValueAverageChange"":0.0,""averageDraftPosition"":169.99,""averageDraftPositionPercentChange"":0.0,""date"":1788136226877,""leagueType"":0,""percentChange"":0.0,""percentOwned"":0.03,""percentStarted"":0.01}}",-1081.01,,,unresolved,0.0,no Draft Command player match,Live ESPN draft-room order was not separately observable from the public API capture.,456bd20fdebd85df62a2e80c64ec9ca119c762b0f83d5a512d8799f6c273b96e,espn_2026_candidate_20260831T214508Z_6e169d4c54c0
2026,2026-08-31T21:45:08Z,2026-08-31T16:45:08-05:00,candidate,espn-fantasy-api-kona-player-info-2026-ppr,https://lm-api-reads.fantasy.espn.com/apis/v3/games/ffl/seasons/2026/segments/0/leaguedefaults/1?view=kona_player_info,1,PPR,2975863,Eric Saubert,eric saubert,SEA,TE,"[5,6,23,7,20,21]",1252,,169.99,,"{""draftRanksByRankType.PPR"":{""auctionValue"":0,""published"":false,""rank"":1252,""rankSourceId"":0,""rankType"":""PPR"",""slotId"":0},""ownership"":{""activityLevel"":null,""auctionValueAverage"":0.0,""auctionValueAverageChange"":0.0,""averageDraftPosition"":169.99,""averageDraftPositionPercentChange"":0.0,""date"":1788161417146,""leagueType"":0,""percentChange"":0.0,""percentOwned"":0.04,""percentStarted"":0.01}}",-1082.01,,,unresolved,0.0,no Draft Command player match,Live ESPN draft-room order was not separately observable from the public API capture.,1bffc6f6776aac9410950c71e6660b736af9525e09f9b544ae94427d14032ce1,espn_2026_candidate_20260831T214508Z_6e169d4c54c0
2026,2026-08-31T21:45:08Z,2026-08-31T16:45:08-05:00,candidate,espn-fantasy-api-kona-player-info-2026-ppr,https://lm-api-reads.fantasy.espn.com/apis/v3/games/ffl/seasons/2026/segments/0/leaguedefaults/1?view=kona_player_info,1,PPR,4715355,Darius Cooper,darius cooper,PHI,WR,"[3,4,5,23,7,20,21]",1254,,169.97,,"{""draftRanksByRankType.PPR"":{""auctionValue"":0,""published"":false,""rank"":1254,""rankSourceId"":0,""rankType"":""PPR"",""slotId"":0},""ownership"":{""activityLevel"":null,""auctionValueAverage"":0.0,""auctionValueAverageChange"":0.0,""averageDraftPosition"":169.97,""averageDraftPositionPercentChange"":0.0,""date"":1788204619095,""leagueType"":0,""percentChange"":-0.01,""percentOwned"":0.09,""percentStarted"":0.01}}",-1084.03,,,unresolved,0.0,no Draft Command player match,Live ESPN draft-room order was not separately observable from the public API capture.,24c9ac303114fd4efb81587b03e4ba155a01bfe2e83160ffc0a0394151fc736b,espn_2026_candidate_20260831T214508Z_6e169d4c54c0
2026,2026-08-31T21:45:08Z,2026-08-31T16:45:08-05:00,candidate,espn-fantasy-api-kona-player-info-2026-ppr,https://lm-api-reads.fantasy.espn.com/apis/v3/games/ffl/seasons/2026/segments/0/leaguedefaults/1?view=kona_player_info,1,PPR,3125107,Andrew Beck,andrew beck,NYJ,RB,"[2,3,23,7,20,21]",1256,,169.99,,"{""draftRanksByRankType.PPR"":{""auctionValue"":0,""published"":false,""rank"":1256,""rankSourceId"":0,""rankType"":""PPR"",""slotId"":0},""ownership"":{""activityLevel"":null,""auctionValueAverage"":0.0,""auctionValueAverageChange"":0.0,""averageDraftPosition"":169.99,""averageDraftPositionPercentChange"":0.0,""date"":1788193813601,""leagueType"":0,""percentChange"":0.0,""percentOwned"":0.04,""percentStarted"":0.01}}",-1086.01,,,unresolved,0.0,no Draft Command player match,Live ESPN draft-room order was not separately observable from the public API capture.,10fc1725877a48660382f2e8ebe83e9c5c9dc4b673318d0fa3c41e32f05b521a,espn_2026_candidate_20260831T214508Z_6e169d4c54c0
2026,2026-08-31T21:45:08Z,2026-08-31T16:45:08-05:00,candidate,espn-fantasy-api-kona-player-info-2026-ppr,https://lm-api-reads.fantasy.espn.com/apis/v3/games/ffl/seasons/2026/segments/0/leaguedefaults/1?view=kona_player_info,1,PPR,4426485,Jonathan Mingo,jonathan mingo,DAL,WR,"[3,4,5,23,7,20,21]",1257,,169.97,,"{""draftRanksByRankType.PPR"":{""auctionValue"":0,""published"":false,""rank"":1257,""rankSourceId"":0,""rankType"":""PPR"",""slotId"":0},""ownership"":{""activityLevel"":null,""auctionValueAverage"":0.0,""auctionValueAverageChange"":0.0,""averageDraftPosition"":169.97,""averageDraftPositionPercentChange"":0.0,""date"":1788208214091,""leagueType"":0,""percentChange"":0.0,""percentOwned"":0.09,""percentStarted"":0.01}}",-1087.03,,,unresolved,0.0,no Draft Command player match,Live ESPN draft-room order was not separately observable from the public API capture.,ac07c9c8ff4189bf0375f12af4b6b7e5e83c52ac7c66641e49ede4581e385b40,espn_2026_candidate_20260831T214508Z_6e169d4c54c0
2026,2026-08-31T21:45:08Z,2026-08-31T16:45:08-05:00,candidate,espn-fantasy-api-kona-player-info-2026-ppr,https://lm-api-reads.fantasy.espn.com/apis/v3/games/ffl/seasons/2026/segments/0/leaguedefaults/1?view=kona_player_info,1,PPR,4242546,Davis Mills,davis mills,HOU,QB,"[0,7,20,21]",1258,,169.99,,"{""draftRanksByRankType.PPR"":{""auctionValue"":0,""published"":false,""rank"":1258,""rankSourceId"":0,""rankType"":""PPR"",""slotId"":0},""ownership"":{""activityLevel"":null,""auctionValueAverage"":0.0,""auctionValueAverageChange"":0.0,""averageDraftPosition"":169.99,""averageDraftPositionPercentChange"":0.0,""date"":1788208213603,""leagueType"":0,""percentChange"":0.0,""percentOwned"":0.05,""percentStarted"":0.01}}",-1088.01,,,unresolved,0.0,no Draft Command player match,Live ESPN draft-room order was not separately observable from the public API capture.,f3961b95416e35e682c5fd04d579346a3540533f6b0b44c73d255308b83f44f5,espn_2026_candidate_20260831T214508Z_6e169d4c54c0
2026,2026-08-31T21:45:08Z,2026-08-31T16:45:08-05:00,candidate,espn-fantasy-api-kona-player-info-2026-ppr,https://lm-api-reads.fantasy.espn.com/apis/v3/games/ffl/seasons/2026/segments/0/leaguedefaults/1?view=kona_player_info,1,PPR,4239944,Hunter Long,hunter long,ARI,TE,"[5,6,23,7,20,21]",1259,,169.99,,"{""draftRanksByRankType.PPR"":{""auctionValue"":0,""published"":false,""rank"":1259,""rankSourceId"":0,""rankType"":""PPR"",""slotId"":0},""ownership"":{""activityLevel"":null,""auctionValueAverage"":0.0,""auctionValueAverageChange"":0.0,""averageDraftPosition"":169.99,""averageDraftPositionPercentChange"":0.0,""date"":1787445019954,""leagueType"":0,""percentChange"":0.0,""percentOwned"":0.02,""percentStarted"":0.01}}",-1089.01,,,unresolved,0.0,no Draft Command player match,Live ESPN draft-room order was not separately observable from the public API capture.,4b9e00785ec90ed3b83ec3804ace071d70231e2342541c0e3f5f403e91359bf8,espn_2026_candidate_20260831T214508Z_6e169d4c54c0
2026,2026-08-31T21:45:08Z,2026-08-31T16:45:08-05:00,candidate,espn-fantasy-api-kona-player-info-2026-ppr,https://lm-api-reads.fantasy.espn.com/apis/v3/games/ffl/seasons/2026/segments/0/leaguedefaults/1?view=kona_player_info,1,PPR,4045305,Ian Thomas,ian thomas,LV,TE,"[5,6,23,7,20,21]",1260,,169.99,,"{""draftRanksByRankType.PPR"":{""auctionValue"":0,""published"":false,""rank"":1260,""rankSourceId"":0,""rankType"":""PPR"",""slotId"":0},""ownership"":{""activityLevel"":null,""auctionValueAverage"":0.0,""auctionValueAverageChange"":0.0,""averageDraftPosition"":169.99,""averageDraftPositionPercentChange"":0.0,""date"":1788103815252,""leagueType"":0,""percentChange"":0.0,""percentOwned"":0.02,""percentStarted"":0.01}}",-1090.01,,,unresolved,0.0,no Draft Command player match,Live ESPN draft-room order was not separately observable from the public API capture.,80b967a25f7e3717e862082b428dd6d60f76195670f9e4770a5042ee7c611283,espn_2026_candidate_20260831T214508Z_6e169d4c54c0
2026,2026-08-31T21:45:08Z,2026-08-31T16:45:08-05:00,candidate,espn-fantasy-api-kona-player-info-2026-ppr,https://lm-api-reads.fantasy.espn.com/apis/v3/games/ffl/seasons/2026/segments/0/leaguedefaults/1?view=kona_player_info,1,PPR,4035020,Charlie Woerner,charlie woerner,ATL,TE,"[5,6,23,7,20,21]",1261,,169.99,,"{""draftRanksByRankType.PPR"":{""auctionValue"":0,""published"":false,""rank"":1261,""rankSourceId"":0,""rankType"":""PPR"",""slotId"":0},""ownership"":{""activityLevel"":null,""auctionValueAverage"":0.0,""auctionValueAverageChange"":0.0,""averageDraftPosition"":169.99,""averageDraftPositionPercentChange"":0.0,""date"":1788147016832,""leagueType"":0,""percentChange"":0.0,""percentOwned"":0.02,""percentStarted"":0.0}}",-1091.01,,,unresolved,0.0,no Draft Command player match,Live ESPN draft-room order was not separately observable from the public API capture.,671adff4dffa3725a4d672787201c5d8b40de3b08cfe88fd1563007413532c7f,espn_2026_candidate_20260831T214508Z_6e169d4c54c0
2026,2026-08-31T21:45:08Z,2026-08-31T16:45:08-05:00,candidate,espn-fantasy-api-kona-player-info-2026-ppr,https://lm-api-reads.fantasy.espn.com/apis/v3/games/ffl/seasons/2026/segments/0/leaguedefaults/1?view=kona_player_info,1,PPR,4685413,Cade Klubnik,cade klubnik,NYJ,QB,"[25,0,7,20,21]",1262,,169.98,,"{""draftRanksByRankType.PPR"":{""auctionValue"":0,""published"":false,""rank"":1262,""rankSourceId"":0,""rankType"":""PPR"",""slotId"":0},""ownership"":{""activityLevel"":null,""auctionValueAverage"":0.0,""auctionValueAverageChange"":0.0,""averageDraftPosition"":169.98,""averageDraftPositionPercentChange"":0.0,""date"":1788204618749,""leagueType"":0,""percentChange"":-0.01,""percentOwned"":0.13,""percentStarted"":0.01}}",-1092.02,,,unresolved,0.0,no Draft Command player match,Live ESPN draft-room order was not separately observable from the public API capture.,a9f1355cf53f26eabc8208726a897295bdd00d7aaaaaaa5b685bfd57053dc648,espn_2026_candidate_20260831T214508Z_6e169d4c54c0
2026,2026-08-31T21:45:08Z,2026-08-31T16:45:08-05:00,candidate,espn-fantasy-api-kona-player-info-2026-ppr,https://lm-api-reads.fantasy.espn.com/apis/v3/games/ffl/seasons/2026/segments/0/leaguedefaults/1?view=kona_player_info,1,PPR,3052096,Johnny Mundt,johnny mundt,PHI,TE,"[5,6,23,7,20,21]",1263,,169.99,,"{""draftRanksByRankType.PPR"":{""auctionValue"":0,""published"":false,""rank"":1263,""rankSourceId"":0,""rankType"":""PPR"",""slotId"":0},""ownership"":{""activityLevel"":null,""auctionValueAverage"":0.0,""auctionValueAverageChange"":0.0,""averageDraftPosition"":169.99,""averageDraftPositionPercentChange"":0.0,""date"":1788211815752,""leagueType"":0,""percentChange"":0.0,""percentOwned"":0.04,""percentStarted"":0.01}}",-1093.01,,,unresolved,0.0,no Draft Command player match,Live ESPN draft-room order was not separately observable from the public API capture.,44f1da7515a6b43647b1e46ddbd7a61a237e6489268b6bb841fadbaba936c27c,espn_2026_candidate_20260831T214508Z_6e169d4c54c0
2026,2026-08-31T21:45:08Z,2026-08-31T16:45:08-05:00,candidate,espn-fantasy-api-kona-player-info-2026-ppr,https://lm-api-reads.fantasy.espn.com/apis/v3/games/ffl/seasons/2026/segments/0/leaguedefaults/1?view=kona_player_info,1,PPR,4685540,Carsen Ryan,carsen ryan,CLE,TE,"[25,5,6,23,7,20,21]",1264,,170,,"{""draftRanksByRankType.PPR"":{""auctionValue"":0,""published"":false,""rank"":1264,""rankSourceId"":0,""rankType"":""PPR"",""slotId"":0},""ownership"":{""activityLevel"":null,""auctionValueAverage"":0.0,""auctionValueAverageChange"":0.0,""averageDraftPosition"":170.0,""averageDraftPositionPercentChange"":0.0,""date"":1787023823174,""leagueType"":0,""percentChange"":0.0,""percentOwned"":0.01,""percentStarted"":0.0}}",-1094.0,,,unresolved,0.0,no Draft Command player match,Live ESPN draft-room order was not separately observable from the public API capture.,9961279b53e6cc058b93efd7a53bfe0d2f255a88e681cdb131e283de67110110,espn_2026_candidate_20260831T214508Z_6e169d4c54c0
2026,2026-08-31T21:45:08Z,2026-08-31T16:45:08-05:00,candidate,espn-fantasy-api-kona-player-info-2026-ppr,https://lm-api-reads.fantasy.espn.com/apis/v3/games/ffl/seasons/2026/segments/0/leaguedefaults/1?view=kona_player_info,1,PPR,4869132,Reggie Virgil,reggie virgil,ARI,WR,"[25,3,4,5,23,7,20,21]",1265,,169.99,,"{""draftRanksByRankType.PPR"":{""auctionValue"":0,""published"":false,""rank"":1265,""rankSourceId"":0,""rankType"":""PPR"",""slotId"":0},""ownership"":{""activityLevel"":null,""auctionValueAverage"":0.0,""auctionValueAverageChange"":0.0,""averageDraftPosition"":169.99,""averageDraftPositionPercentChange"":0.0,""date"":1788136226618,""leagueType"":0,""percentChange"":0.0,""percentOwned"":0.06,""percentStarted"":0.01}}",-1095.01,,,unresolved,0.0,no Draft Command player match,Live ESPN draft-room order was not separately observable from the public API capture.,e9852e7cf9557916d9eee2ce46323c56997b00fba654ab0e0b94765e8d0909bf,espn_2026_candidate_20260831T214508Z_6e169d4c54c0
2026,2026-08-31T21:45:08Z,2026-08-31T16:45:08-05:00,candidate,espn-fantasy-api-kona-player-info-2026-ppr,https://lm-api-reads.fantasy.espn.com/apis/v3/games/ffl/seasons/2026/segments/0/leaguedefaults/1?view=kona_player_info,1,PPR,3115293,Kyle Allen,kyle allen,BUF,QB,"[0,7,20,21]",1267,,169.96,,"{""draftRanksByRankType.PPR"":{""auctionValue"":0,""published"":false,""rank"":1267,""rankSourceId"":0,""rankType"":""PPR"",""slotId"":0},""ownership"":{""activityLevel"":null,""auctionValueAverage"":0.0,""auctionValueAverageChange"":0.0,""averageDraftPosition"":169.96,""averageDraftPositionPercentChange"":-0.01,""date"":1788197414448,""leagueType"":0,""percentChange"":-0.01,""percentOwned"":0.09,""percentStarted"":0.01}}",-1097.04,,,unresolved,0.0,no Draft Command player match,Live ESPN draft-room order was not separately observable from the public API capture.,3eae1c4be867b9e59749df7e988eeb1233b05ef915a04aba9d6d8c2bbf890f9f,espn_2026_candidate_20260831T214508Z_6e169d4c54c0
2026,2026-08-31T21:45:08Z,2026-08-31T16:45:08-05:00,candidate,espn-fantasy-api-kona-player-info-2026-ppr,https://lm-api-reads.fantasy.espn.com/apis/v3/games/ffl/seasons/2026/segments/0/leaguedefaults/1?view=kona_player_info,1,PPR,4433971,Kyle McCord,kyle mccord,MIA,QB,"[0,7,20,21]",1268,,169.99,,"{""draftRanksByRankType.PPR"":{""auctionValue"":0,""published"":false,""rank"":1268,""rankSourceId"":0,""rankType"":""PPR"",""slotId"":0},""ownership"":{""activityLevel"":null,""auctionValueAverage"":0.0,""auctionValueAverageChange"":0.0,""averageDraftPosition"":169.99,""averageDraftPositionPercentChange"":0.0,""date"":1788136224899,""leagueType"":0,""percentChange"":0.01,""percentOwned"":0.03,""percentStarted"":0.0}}",-1098.01,,,unresolved,0.0,no Draft Command player match,Live ESPN draft-room order was not separately observable from the public API capture.,66a330ba8a62402b59abb5ae980fa7adcd0f96f0f19a3dbb967a2bfd3fb981d7,espn_2026_candidate_20260831T214508Z_6e169d4c54c0
2026,2026-08-31T21:45:08Z,2026-08-31T16:45:08-05:00,candidate,espn-fantasy-api-kona-player-info-2026-ppr,https://lm-api-reads.fantasy.espn.com/apis/v3/games/ffl/seasons/2026/segments/0/leaguedefaults/1?view=kona_player_info,1,PPR,4360763,Brycen Tremayne,brycen tremayne,CAR,WR,"[3,4,5,23,7,20,21]",1270,,169.99,,"{""draftRanksByRankType.PPR"":{""auctionValue"":0,""published"":false,""rank"":1270,""rankSourceId"":0,""rankType"":""PPR"",""slotId"":0},""ownership"":{""activityLevel"":null,""auctionValueAverage"":0.0,""auctionValueAverageChange"":0.0,""averageDraftPosition"":169.99,""averageDraftPositionPercentChange"":0.0,""date"":1788208213801,""leagueType"":0,""percentChange"":0.0,""percentOwned"":0.03,""percentStarted"":0.0}}",-1100.01,,,unresolved,0.0,no Draft Command player match,Live ESPN draft-room order was not separately observable from the public API capture.,39de0ba38b2c97cc483255f6d5b9247a98828e6dfc4fe8d7286d29380fb270b6,espn_2026_candidate_20260831T214508Z_6e169d4c54c0
2026,2026-08-31T21:45:08Z,2026-08-31T16:45:08-05:00,candidate,espn-fantasy-api-kona-player-info-2026-ppr,https://lm-api-reads.fantasy.espn.com/apis/v3/games/ffl/seasons/2026/segments/0/leaguedefaults/1?view=kona_player_info,1,PPR,3924327,Drew Lock,drew lock,SEA,QB,"[0,7,20,21]",1271,,169.97,,"{""draftRanksByRankType.PPR"":{""auctionValue"":0,""published"":false,""rank"":1271,""rankSourceId"":0,""rankType"":""PPR"",""slotId"":0},""ownership"":{""activityLevel"":null,""auctionValueAverage"":0.0,""auctionValueAverageChange"":0.0,""averageDraftPosition"":169.97,""averageDraftPositionPercentChange"":0.0,""date"":1788136220174,""leagueType"":0,""percentChange"":-0.01,""percentOwned"":0.09,""percentStarted"":0.01}}",-1101.03,,,unresolved,0.0,no Draft Command player match,Live ESPN draft-room order was not separately observable from the public API capture.,a73ea41e471c4680923abccf21974da066078f516dbfc9689201cdb26582ad65,espn_2026_candidate_20260831T214508Z_6e169d4c54c0
2026,2026-08-31T21:45:08Z,2026-08-31T16:45:08-05:00,candidate,espn-fantasy-api-kona-player-info-2026-ppr,https://lm-api-reads.fantasy.espn.com/apis/v3/games/ffl/seasons/2026/segments/0/leaguedefaults/1?view=kona_player_info,1,PPR,4039505,Reggie Gilliam,reggie gilliam,NE,RB,"[2,3,23,7,20,21]",1272,,169.98,,"{""draftRanksByRankType.PPR"":{""auctionValue"":0,""published"":false,""rank"":1272,""rankSourceId"":0,""rankType"":""PPR"",""slotId"":0},""ownership"":{""activityLevel"":null,""auctionValueAverage"":0.0,""auctionValueAverageChange"":0.0,""averageDraftPosition"":169.98,""averageDraftPositionPercentChange"":0.0,""date"":1788208213391,""leagueType"":0,""percentChange"":0.0,""percentOwned"":0.07,""percentStarted"":0.01}}",-1102.02,,,unresolved,0.0,no Draft Command player match,Live ESPN draft-room order was not separately observable from the public API capture.,7a361acdb7fa0d893d4ef8c7a1c070eb3aa0df8e374e7b6990f3e4c097c6bc0c,espn_2026_candidate_20260831T214508Z_6e169d4c54c0
2026,2026-08-31T21:45:08Z,2026-08-31T16:45:08-05:00,candidate,espn-fantasy-api-kona-player-info-2026-ppr,https://lm-api-reads.fantasy.espn.com/apis/v3/games/ffl/seasons/2026/segments/0/leaguedefaults/1?view=kona_player_info,1,PPR,3039707,Mitchell Trubisky,mitchell trubisky,TEN,QB,"[0,7,20,21]",1273,,169.99,,"{""draftRanksByRankType.PPR"":{""auctionValue"":0,""published"":false,""rank"":1273,""rankSourceId"":0,""rankType"":""PPR"",""slotId"":0},""ownership"":{""activityLevel"":null,""auctionValueAverage"":0.0,""auctionValueAverageChange"":0.0,""averageDraftPosition"":169.99,""averageDraftPositionPercentChange"":-0.01,""date"":1788208212661,""leagueType"":0,""percentChange"":0.0,""percentOwned"":0.05,""percentStarted"":0.01}}",-1103.01,,,unresolved,0.0,no Draft Command player match,Live ESPN draft-room order was not separately observable from the public API capture.,ace87c500f4bf1eeaa3e7ba5facb792e7dff580be24978101bf54f37e576979e,espn_2026_candidate_20260831T214508Z_6e169d4c54c0
2026,2026-08-31T21:45:08Z,2026-08-31T16:45:08-05:00,candidate,espn-fantasy-api-kona-player-info-2026-ppr,https://lm-api-reads.fantasy.espn.com/apis/v3/games/ffl/seasons/2026/segments/0/leaguedefaults/1?view=kona_player_info,1,PPR,2975417,Patrick Ricard,patrick ricard,NYG,RB,"[2,3,23,7,20,21]",1276,,169.98,,"{""draftRanksByRankType.PPR"":{""auctionValue"":0,""published"":false,""rank"":1276,""rankSourceId"":0,""rankType"":""PPR"",""slotId"":0},""ownership"":{""activityLevel"":null,""auctionValueAverage"":0.0,""auctionValueAverageChange"":0.0,""averageDraftPosition"":169.98,""averageDraftPositionPercentChange"":0.0,""date"":1788211815510,""leagueType"":0,""percentChange"":0.0,""percentOwned"":0.08,""percentStarted"":0.01}}",-1106.02,,,unresolved,0.0,no Draft Command player match,Live ESPN draft-room order was not separately observable from the public API capture.,bf32df76e4debaa5dfe1734413f942aa885d8b7cd6b84bd868a7cad340ac8107,espn_2026_candidate_20260831T214508Z_6e169d4c54c0
2026,2026-08-31T21:45:08Z,2026-08-31T16:45:08-05:00,candidate,espn-fantasy-api-kona-player-info-2026-ppr,https://lm-api-reads.fantasy.espn.com/apis/v3/games/ffl/seasons/2026/segments/0/leaguedefaults/1?view=kona_player_info,1,PPR,4038524,Gardner Minshew II,gardner minshew,ARI,QB,"[0,7,20,21]",1278,,169.98,,"{""draftRanksByRankType.PPR"":{""auctionValue"":0,""published"":false,""rank"":1278,""rankSourceId"":0,""rankType"":""PPR"",""slotId"":0},""ownership"":{""activityLevel"":null,""auctionValueAverage"":0.01,""auctionValueAverageChange"":0.0,""averageDraftPosition"":169.98,""averageDraftPositionPercentChange"":0.0,""date"":1788139820630,""leagueType"":0,""percentChange"":0.0,""percentOwned"":0.07,""percentStarted"":0.01}}",-1108.02,,,unresolved,0.0,no Draft Command player match,Live ESPN draft-room order was not separately observable from the public API capture.,3ee3036ae3e64d72e678bd244df228421a38aba125c5e69b33c4fd58333454db,espn_2026_candidate_20260831T214508Z_6e169d4c54c0
2026,2026-08-31T21:45:08Z,2026-08-31T16:45:08-05:00,candidate,espn-fantasy-api-kona-player-info-2026-ppr,https://lm-api-reads.fantasy.espn.com/apis/v3/games/ffl/seasons/2026/segments/0/leaguedefaults/1?view=kona_player_info,1,PPR,2531358,Chris Manhertz,chris manhertz,NYG,TE,"[5,6,23,7,20,21]",1301,,169.99,,"{""draftRanksByRankType.PPR"":{""auctionValue"":0,""published"":false,""rank"":1301,""rankSourceId"":0,""rankType"":""PPR"",""slotId"":0},""ownership"":{""activityLevel"":null,""auctionValueAverage"":0.0,""auctionValueAverageChange"":0.0,""averageDraftPosition"":169.99,""averageDraftPositionPercentChange"":-0.01,""date"":1788179418623,""leagueType"":0,""percentChange"":0.0,""percentOwned"":0.03,""percentStarted"":0.01}}",-1131.01,,,unresolved,0.0,no Draft Command player match,Live ESPN draft-room order was not separately observable from the public API capture.,0b4339aab1de562294d6b269a3ed7200b01f7e5504336d76c2d1f3af4c1a95b1,espn_2026_candidate_20260831T214508Z_6e169d4c54c0
2026,2026-08-31T21:45:08Z,2026-08-31T16:45:08-05:00,candidate,espn-fantasy-api-kona-player-info-2026-ppr,https://lm-api-reads.fantasy.espn.com/apis/v3/games/ffl/seasons/2026/segments/0/leaguedefaults/1?view=kona_player_info,1,PPR,5081338,Kaden Wetjen,kaden wetjen,PIT,WR,"[25,3,4,5,23,7,20,21]",1302,,169.96,,"{""draftRanksByRankType.PPR"":{""auctionValue"":0,""published"":false,""rank"":1302,""rankSourceId"":0,""rankType"":""PPR"",""slotId"":0},""ownership"":{""activityLevel"":null,""auctionValueAverage"":0.0,""auctionValueAverageChange"":0.0,""averageDraftPosition"":169.96,""averageDraftPositionPercentChange"":0.0,""date"":1788179424521,""leagueType"":0,""percentChange"":0.0,""percentOwned"":0.18,""percentStarted"":0.02}}",-1132.04,,,unresolved,0.0,no Draft Command player match,Live ESPN draft-room order was not separately observable from the public API capture.,ab8d25df586b6c1977efa51d73b693810f1cdeb53c3c62f690e423925365daf3,espn_2026_candidate_20260831T214508Z_6e169d4c54c0
2026,2026-08-31T21:45:08Z,2026-08-31T16:45:08-05:00,candidate,espn-fantasy-api-kona-player-info-2026-ppr,https://lm-api-reads.fantasy.espn.com/apis/v3/games/ffl/seasons/2026/segments/0/leaguedefaults/1?view=kona_player_info,1,PPR,4035656,Ben Skowronek,ben skowronek,PIT,WR,"[3,4,5,23,7,20,21]",1304,,169.98,,"{""draftRanksByRankType.PPR"":{""auctionValue"":0,""published"":false,""rank"":1304,""rankSourceId"":0,""rankType"":""PPR"",""slotId"":0},""ownership"":{""activityLevel"":null,""auctionValueAverage"":0.0,""auctionValueAverageChange"":0.0,""averageDraftPosition"":169.98,""averageDraftPositionPercentChange"":-0.01,""date"":1788179419987,""leagueType"":0,""percentChange"":-0.01,""percentOwned"":0.07,""percentStarted"":0.01}}",-1134.02,,,unresolved,0.0,no Draft Command player match,Live ESPN draft-room order was not separately observable from the public API capture.,7e89fbf12ce175e737b084c36483151a18f57d5d05d5a768fe0a0c7e6baee4f6,espn_2026_candidate_20260831T214508Z_6e169d4c54c0
2026,2026-08-31T21:45:08Z,2026-08-31T16:45:08-05:00,candidate,espn-fantasy-api-kona-player-info-2026-ppr,https://lm-api-reads.fantasy.espn.com/apis/v3/games/ffl/seasons/2026/segments/0/leaguedefaults/1?view=kona_player_info,1,PPR,5097554,Kameron Johnson,kameron johnson,TB,WR,"[3,4,5,23,7,20,21]",1308,,169.99,,"{""draftRanksByRankType.PPR"":{""auctionValue"":0,""published"":false,""rank"":1308,""rankSourceId"":0,""rankType"":""PPR"",""slotId"":0},""ownership"":{""activityLevel"":null,""auctionValueAverage"":0.0,""auctionValueAverageChange"":0.0,""averageDraftPosition"":169.99,""averageDraftPositionPercentChange"":0.0,""date"":1788204619483,""leagueType"":0,""percentChange"":0.0,""percentOwned"":0.04,""percentStarted"":0.01}}",-1138.01,,,unresolved,0.0,no Draft Command player match,Live ESPN draft-room order was not separately observable from the public API capture.,cd4f04495a6930b1a3ab99142bc6f736d50d5412a5da05f7c0cd8a6004127700,espn_2026_candidate_20260831T214508Z_6e169d4c54c0
2026,2026-08-31T21:45:08Z,2026-08-31T16:45:08-05:00,candidate,espn-fantasy-api-kona-player-info-2026-ppr,https://lm-api-reads.fantasy.espn.com/apis/v3/games/ffl/seasons/2026/segments/0/leaguedefaults/1?view=kona_player_info,1,PPR,4429105,Arian Smith,arian smith,NYJ,WR,"[3,4,5,23,7,20,21]",1311,,169.99,,"{""draftRanksByRankType.PPR"":{""auctionValue"":0,""published"":false,""rank"":1311,""rankSourceId"":0,""rankType"":""PPR"",""slotId"":0},""ownership"":{""activityLevel"":null,""auctionValueAverage"":0.0,""auctionValueAverageChange"":-0.01,""averageDraftPosition"":169.99,""averageDraftPositionPercentChange"":0.0,""date"":1788190215796,""leagueType"":0,""percentChange"":0.0,""percentOwned"":0.04,""percentStarted"":0.01}}",-1141.01,,,unresolved,0.0,no Draft Command player match,Live ESPN draft-room order was not separately observable from the public API capture.,96e04a8e038bf75737605f78b10e00126ee66d147d0b168b17b547c9cb2605da,espn_2026_candidate_20260831T214508Z_6e169d4c54c0
2026,2026-08-31T21:45:08Z,2026-08-31T16:45:08-05:00,candidate,espn-fantasy-api-kona-player-info-2026-ppr,https://lm-api-reads.fantasy.espn.com/apis/v3/games/ffl/seasons/2026/segments/0/leaguedefaults/1?view=kona_player_info,1,PPR,3123075,Braxton Berrios,braxton berrios,FA,WR,"[3,4,5,23,7,20,21]",1321,,169.96,,"{""draftRanksByRankType.PPR"":{""auctionValue"":0,""published"":false,""rank"":1321,""rankSourceId"":0,""rankType"":""PPR"",""slotId"":0},""ownership"":{""activityLevel"":null,""auctionValueAverage"":0.0,""auctionValueAverageChange"":0.0,""averageDraftPosition"":169.96,""averageDraftPositionPercentChange"":0.0,""date"":1788211815941,""leagueType"":0,""percentChange"":-0.01,""percentOwned"":0.09,""percentStarted"":0.02}}",-1151.04,,,unresolved,0.0,no Draft Command player match,Live ESPN draft-room order was not separately observable from the public API capture.,9b964be0163c22fd4e9984847e4513f14e232b2846adb6a6ae34d73998118e1b,espn_2026_candidate_20260831T214508Z_6e169d4c54c0
2026,2026-08-31T21:45:08Z,2026-08-31T16:45:08-05:00,candidate,espn-fantasy-api-kona-player-info-2026-ppr,https://lm-api-reads.fantasy.espn.com/apis/v3/games/ffl/seasons/2026/segments/0/leaguedefaults/1?view=kona_player_info,1,PPR,4373273,British Brooks,british brooks,HOU,RB,"[2,3,23,7,20,21]",1323,,169.99,,"{""draftRanksByRankType.PPR"":{""auctionValue"":0,""published"":false,""rank"":1323,""rankSourceId"":0,""rankType"":""PPR"",""slotId"":0},""ownership"":{""activityLevel"":null,""auctionValueAverage"":0.0,""auctionValueAverageChange"":0.0,""averageDraftPosition"":169.99,""averageDraftPositionPercentChange"":0.0,""date"":1788179422139,""leagueType"":0,""percentChange"":0.0,""percentOwned"":0.04,""percentStarted"":0.01}}",-1153.01,,,unresolved,0.0,no Draft Command player match,Live ESPN draft-room order was not separately observable from the public API capture.,91578ea4989051830e8a866a8660ad76723fae8ab4f1417e5304106c028279a3,espn_2026_candidate_20260831T214508Z_6e169d4c54c0
2026,2026-08-31T21:45:08Z,2026-08-31T16:45:08-05:00,candidate,espn-fantasy-api-kona-player-info-2026-ppr,https://lm-api-reads.fantasy.espn.com/apis/v3/games/ffl/seasons/2026/segments/0/leaguedefaults/1?view=kona_player_info,1,PPR,4570738,Ke'Shawn Williams,ke shawn williams,CIN,WR,"[3,4,5,23,7,20,21]",1325,,169.99,,"{""draftRanksByRankType.PPR"":{""auctionValue"":0,""published"":false,""rank"":1325,""rankSourceId"":0,""rankType"":""PPR"",""slotId"":0},""ownership"":{""activityLevel"":null,""auctionValueAverage"":0.0,""auctionValueAverageChange"":0.0,""averageDraftPosition"":169.99,""averageDraftPositionPercentChange"":0.0,""date"":1787704220701,""leagueType"":0,""percentChange"":0.0,""percentOwned"":0.03,""percentStarted"":0.01}}",-1155.01,,,unresolved,0.0,no Draft Command player match,Live ESPN draft-room order was not separately observable from the public API capture.,53775af7798599f7a612cc527380686b181f702e44f6877eda80316ded1e8dd3,espn_2026_candidate_20260831T214508Z_6e169d4c54c0
2026,2026-08-31T21:45:08Z,2026-08-31T16:45:08-05:00,candidate,espn-fantasy-api-kona-player-info-2026-ppr,https://lm-api-reads.fantasy.espn.com/apis/v3/games/ffl/seasons/2026/segments/0/leaguedefaults/1?view=kona_player_info,1,PPR,4430656,Myles Price,myles price,MIN,WR,"[3,4,5,23,7,20,21]",1326,,169.96,,"{""draftRanksByRankType.PPR"":{""auctionValue"":0,""published"":false,""rank"":1326,""rankSourceId"":0,""rankType"":""PPR"",""slotId"":0},""ownership"":{""activityLevel"":null,""auctionValueAverage"":0.0,""auctionValueAverageChange"":0.0,""averageDraftPosition"":169.96,""averageDraftPositionPercentChange"":-0.01,""date"":1788179422822,""leagueType"":0,""percentChange"":0.0,""percentOwned"":0.12,""percentStarted"":0.03}}",-1156.04,,,unresolved,0.0,no Draft Command player match,Live ESPN draft-room order was not separately observable from the public API capture.,14530966f843d36307ad3346076e0f1a921e08b59a8c58c7c4eb34e173894e52,espn_2026_candidate_20260831T214508Z_6e169d4c54c0
2026,2026-08-31T21:45:08Z,2026-08-31T16:45:08-05:00,candidate,espn-fantasy-api-kona-player-info-2026-ppr,https://lm-api-reads.fantasy.espn.com/apis/v3/games/ffl/seasons/2026/segments/0/leaguedefaults/1?view=kona_player_info,1,PPR,4690143,LaJohntay Wester,lajohntay wester,BAL,WR,"[3,4,5,23,7,20,21]",1327,,169.98,,"{""draftRanksByRankType.PPR"":{""auctionValue"":0,""published"":false,""rank"":1327,""rankSourceId"":0,""rankType"":""PPR"",""slotId"":0},""ownership"":{""activityLevel"":null,""auctionValueAverage"":0.0,""auctionValueAverageChange"":0.0,""averageDraftPosition"":169.98,""averageDraftPositionPercentChange"":0.0,""date"":1788211819186,""leagueType"":0,""percentChange"":0.0,""percentOwned"":0.05,""percentStarted"":0.01}}",-1157.02,,,unresolved,0.0,no Draft Command player match,Live ESPN draft-room order was not separately observable from the public API capture.,49c2ee701b1f7256f0d8b41ca189aa2603de43940b3353453009ad82a27fb083,espn_2026_candidate_20260831T214508Z_6e169d4c54c0
2026,2026-08-31T21:45:08Z,2026-08-31T16:45:08-05:00,candidate,espn-fantasy-api-kona-player-info-2026-ppr,https://lm-api-reads.fantasy.espn.com/apis/v3/games/ffl/seasons/2026/segments/0/leaguedefaults/1?view=kona_player_info,1,PPR,4039050,Devin Duvernay,devin duvernay,ARI,WR,"[3,4,5,23,7,20,21]",1328,,169.99,,"{""draftRanksByRankType.PPR"":{""auctionValue"":0,""published"":false,""rank"":1328,""rankSourceId"":0,""rankType"":""PPR"",""slotId"":0},""ownership"":{""activityLevel"":null,""auctionValueAverage"":0.0,""auctionValueAverageChange"":0.0,""averageDraftPosition"":169.99,""averageDraftPositionPercentChange"":0.0,""date"":1787401814856,""leagueType"":0,""percentChange"":0.0,""percentOwned"":0.04,""percentStarted"":0.01}}",-1158.01,,,unresolved,0.0,no Draft Command player match,Live ESPN draft-room order was not separately observable from the public API capture.,f11ac40bbc80f0f211ae848b98a2cba531c366481c44e1a35969126f3a6bf4c7,espn_2026_candidate_20260831T214508Z_6e169d4c54c0
2026,2026-08-31T21:45:08Z,2026-08-31T16:45:08-05:00,candidate,espn-fantasy-api-kona-player-info-2026-ppr,https://lm-api-reads.fantasy.espn.com/apis/v3/games/ffl/seasons/2026/segments/0/leaguedefaults/1?view=kona_player_info,1,PPR,4372716,Nikko Remigio,nikko remigio,KC,WR,"[3,4,5,23,7,20,21]",1330,,169.99,,"{""draftRanksByRankType.PPR"":{""auctionValue"":0,""published"":false,""rank"":1330,""rankSourceId"":0,""rankType"":""PPR"",""slotId"":0},""ownership"":{""activityLevel"":null,""auctionValueAverage"":0.0,""auctionValueAverageChange"":0.0,""averageDraftPosition"":169.99,""averageDraftPositionPercentChange"":0.0,""date"":1788121821554,""leagueType"":0,""percentChange"":0.0,""percentOwned"":0.04,""percentStarted"":0.01}}",-1160.01,,,unresolved,0.0,no Draft Command player match,Live ESPN draft-room order was not separately observable from the public API capture.,a21b6f7994a4daa59e7aeeae06f318ae1b669b012d1dc5026b517d42247932d9,espn_2026_candidate_20260831T214508Z_6e169d4c54c0
2026,2026-08-31T21:45:08Z,2026-08-31T16:45:08-05:00,candidate,espn-fantasy-api-kona-player-info-2026-ppr,https://lm-api-reads.fantasy.espn.com/apis/v3/games/ffl/seasons/2026/segments/0/leaguedefaults/1?view=kona_player_info,1,PPR,4430191,Skyy Moore,skyy moore,GB,WR,"[3,4,5,23,7,20,21]",1331,,169.98,,"{""draftRanksByRankType.PPR"":{""auctionValue"":0,""published"":false,""rank"":1331,""rankSourceId"":0,""rankType"":""PPR"",""slotId"":0},""ownership"":{""activityLevel"":null,""auctionValueAverage"":0.0,""auctionValueAverageChange"":0.0,""averageDraftPosition"":169.98,""averageDraftPositionPercentChange"":-0.01,""date"":1788179422786,""leagueType"":0,""percentChange"":-0.01,""percentOwned"":0.08,""percentStarted"":0.01}}",-1161.02,,,unresolved,0.0,no Draft Command player match,Live ESPN draft-room order was not separately observable from the public API capture.,328f3808ebe431a4557430044a750d9e61b06775fbd74389810741344efa6b30,espn_2026_candidate_20260831T214508Z_6e169d4c54c0
2026,2026-08-31T21:45:08Z,2026-08-31T16:45:08-05:00,candidate,espn-fantasy-api-kona-player-info-2026-ppr,https://lm-api-reads.fantasy.espn.com/apis/v3/games/ffl/seasons/2026/segments/0/leaguedefaults/1?view=kona_player_info,1,PPR,4401805,Dareke Young,dareke young,LV,WR,"[3,4,5,23,7,20,21]",1332,,169.99,,"{""draftRanksByRankType.PPR"":{""auctionValue"":0,""published"":false,""rank"":1332,""rankSourceId"":0,""rankType"":""PPR"",""slotId"":0},""ownership"":{""activityLevel"":null,""auctionValueAverage"":0.0,""auctionValueAverageChange"":0.0,""averageDraftPosition"":169.99,""averageDraftPositionPercentChange"":0.0,""date"":1788132620332,""leagueType"":0,""percentChange"":0.0,""percentOwned"":0.02,""percentStarted"":0.0}}",-1162.01,,,unresolved,0.0,no Draft Command player match,Live ESPN draft-room order was not separately observable from the public API capture.,46f6902fdff2622532b9d9c4191f01903e2a29b818e2ac156ed3061937669d05,espn_2026_candidate_20260831T214508Z_6e169d4c54c0
2026,2026-08-31T21:45:08Z,2026-08-31T16:45:08-05:00,candidate,espn-fantasy-api-kona-player-info-2026-ppr,https://lm-api-reads.fantasy.espn.com/apis/v3/games/ffl/seasons/2026/segments/0/leaguedefaults/1?view=kona_player_info,1,PPR,4692835,Jalen Brooks,jalen brooks,ARI,WR,"[3,4,5,23,7,20,21]",1333,,169.99,,"{""draftRanksByRankType.PPR"":{""auctionValue"":0,""published"":false,""rank"":1333,""rankSourceId"":0,""rankType"":""PPR"",""slotId"":0},""ownership"":{""activityLevel"":null,""auctionValueAverage"":0.0,""auctionValueAverageChange"":0.0,""averageDraftPosition"":169.99,""averageDraftPositionPercentChange"":0.0,""date"":1788139824509,""leagueType"":0,""percentChange"":0.0,""percentOwned"":0.04,""percentStarted"":0.01}}",-1163.01,,,unresolved,0.0,no Draft Command player match,Live ESPN draft-room order was not separately observable from the public API capture.,902ceb47a9e6aebd74d33549bc3e3a0348ed4402cadb05e3b964d82a33aa5f53,espn_2026_candidate_20260831T214508Z_6e169d4c54c0
2026,2026-08-31T21:45:08Z,2026-08-31T16:45:08-05:00,candidate,espn-fantasy-api-kona-player-info-2026-ppr,https://lm-api-reads.fantasy.espn.com/apis/v3/games/ffl/seasons/2026/segments/0/leaguedefaults/1?view=kona_player_info,1,PPR,2975674,Robert Tonyan,robert tonyan,PIT,TE,"[5,6,23,7,20,21]",1334,,169.99,,"{""draftRanksByRankType.PPR"":{""auctionValue"":0,""published"":false,""rank"":1334,""rankSourceId"":0,""rankType"":""PPR"",""slotId"":0},""ownership"":{""activityLevel"":null,""auctionValueAverage"":0.0,""auctionValueAverageChange"":0.0,""averageDraftPosition"":169.99,""averageDraftPositionPercentChange"":0.0,""date"":1788143422634,""leagueType"":0,""percentChange"":0.0,""percentOwned"":0.03,""percentStarted"":0.01}}",-1164.01,,,unresolved,0.0,no Draft Command player match,Live ESPN draft-room order was not separately observable from the public API capture.,bb27006c6247726ea70b6ec075ce3b4cdf3974c517ee0c11551d7c9960b81157,espn_2026_candidate_20260831T214508Z_6e169d4c54c0
2026,2026-08-31T21:45:08Z,2026-08-31T16:45:08-05:00,candidate,espn-fantasy-api-kona-player-info-2026-ppr,https://lm-api-reads.fantasy.espn.com/apis/v3/games/ffl/seasons/2026/segments/0/leaguedefaults/1?view=kona_player_info,1,PPR,3728262,Ray-Ray McCloud III,ray ray mccloud,CHI,WR,"[3,4,5,23,7,20,21]",1335,,169.97,,"{""draftRanksByRankType.PPR"":{""auctionValue"":0,""published"":false,""rank"":1335,""rankSourceId"":0,""rankType"":""PPR"",""slotId"":0},""ownership"":{""activityLevel"":null,""auctionValueAverage"":0.0,""auctionValueAverageChange"":0.0,""averageDraftPosition"":169.97,""averageDraftPositionPercentChange"":-0.01,""date"":1788179419382,""leagueType"":0,""percentChange"":0.0,""percentOwned"":0.06,""percentStarted"":0.01}}",-1165.03,,,unresolved,0.0,no Draft Command player match,Live ESPN draft-room order was not separately observable from the public API capture.,83d1777e4f6e7568a6f38506ecd96c78914416cbca5ba8622bc1187077b02333,espn_2026_candidate_20260831T214508Z_6e169d4c54c0
2026,2026-08-31T21:45:08Z,2026-08-31T16:45:08-05:00,candidate,espn-fantasy-api-kona-player-info-2026-ppr,https://lm-api-reads.fantasy.espn.com/apis/v3/games/ffl/seasons/2026/segments/0/leaguedefaults/1?view=kona_player_info,1,PPR,2972515,Cooper Rush,cooper rush,ATL,QB,"[0,7,20,21]",1336,,169.99,,"{""draftRanksByRankType.PPR"":{""auctionValue"":0,""published"":false,""rank"":1336,""rankSourceId"":0,""rankType"":""PPR"",""slotId"":0},""ownership"":{""activityLevel"":null,""auctionValueAverage"":0.0,""auctionValueAverageChange"":0.0,""averageDraftPosition"":169.99,""averageDraftPositionPercentChange"":0.0,""date"":1787779819140,""leagueType"":0,""percentChange"":0.0,""percentOwned"":0.03,""percentStarted"":0.0}}",-1166.01,,,unresolved,0.0,no Draft Command player match,Live ESPN draft-room order was not separately observable from the public API capture.,8bf37e85dc5f637fcaf15a420a11657b1b2500de2621f1999a6aed59c6186e55,espn_2026_candidate_20260831T214508Z_6e169d4c54c0
2026,2026-08-31T21:45:08Z,2026-08-31T16:45:08-05:00,candidate,espn-fantasy-api-kona-player-info-2026-ppr,https://lm-api-reads.fantasy.espn.com/apis/v3/games/ffl/seasons/2026/segments/0/leaguedefaults/1?view=kona_player_info,1,PPR,3116407,Mason Rudolph,mason rudolph,PIT,QB,"[0,7,20,21]",1337,,169.98,,"{""draftRanksByRankType.PPR"":{""auctionValue"":0,""published"":false,""rank"":1337,""rankSourceId"":0,""rankType"":""PPR"",""slotId"":0},""ownership"":{""activityLevel"":null,""auctionValueAverage"":0.0,""auctionValueAverageChange"":0.0,""averageDraftPosition"":169.98,""averageDraftPositionPercentChange"":0.0,""date"":1788150616984,""leagueType"":0,""percentChange"":-0.01,""percentOwned"":0.07,""percentStarted"":0.01}}",-1167.02,,,unresolved,0.0,no Draft Command player match,Live ESPN draft-room order was not separately observable from the public API capture.,0b2bebbe3d4eacae13f9825a688ab765e709d718589514c412490d9753f7049d,espn_2026_candidate_20260831T214508Z_6e169d4c54c0
2026,2026-08-31T21:45:08Z,2026-08-31T16:45:08-05:00,candidate,espn-fantasy-api-kona-player-info-2026-ppr,https://lm-api-reads.fantasy.espn.com/apis/v3/games/ffl/seasons/2026/segments/0/leaguedefaults/1?view=kona_player_info,1,PPR,3127586,Jeremy McNichols,jeremy mcnichols,WAS,RB,"[2,3,23,7,20,21]",1338,,169.99,,"{""draftRanksByRankType.PPR"":{""auctionValue"":0,""published"":false,""rank"":1338,""rankSourceId"":0,""rankType"":""PPR"",""slotId"":0},""ownership"":{""activityLevel"":null,""auctionValueAverage"":0.0,""auctionValueAverageChange"":0.0,""averageDraftPosition"":169.99,""averageDraftPositionPercentChange"":0.0,""date"":1787790618042,""leagueType"":0,""percentChange"":0.0,""percentOwned"":0.04,""percentStarted"":0.01}}",-1168.01,,,unresolved,0.0,no Draft Command player match,Live ESPN draft-room order was not separately observable from the public API capture.,e3a4a58cef50714019bea03a9593cb5a03a48e3245777129b088ca4e35c1e9c4,espn_2026_candidate_20260831T214508Z_6e169d4c54c0
2026,2026-08-31T21:45:08Z,2026-08-31T16:45:08-05:00,candidate,espn-fantasy-api-kona-player-info-2026-ppr,https://lm-api-reads.fantasy.espn.com/apis/v3/games/ffl/seasons/2026/segments/0/leaguedefaults/1?view=kona_player_info,1,PPR,2576336,Ameer Abdullah,ameer abdullah,JAX,RB,"[2,3,23,7,20,21]",1339,,169.99,,"{""draftRanksByRankType.PPR"":{""auctionValue"":0,""published"":false,""rank"":1339,""rankSourceId"":0,""rankType"":""PPR"",""slotId"":0},""ownership"":{""activityLevel"":null,""auctionValueAverage"":0.0,""auctionValueAverageChange"":0.0,""averageDraftPosition"":169.99,""averageDraftPositionPercentChange"":0.0,""date"":1788121818067,""leagueType"":0,""percentChange"":0.0,""percentOwned"":0.04,""percentStarted"":0.01}}",-1169.01,,,unresolved,0.0,no Draft Command player match,Live ESPN draft-room order was not separately observable from the public API capture.,8c8f2e6419dae3950a3907bcce1ca3ed57c18bb7c51b09cb688d882c95887904,espn_2026_candidate_20260831T214508Z_6e169d4c54c0
2026,2026-08-31T21:45:08Z,2026-08-31T16:45:08-05:00,candidate,espn-fantasy-api-kona-player-info-2026-ppr,https://lm-api-reads.fantasy.espn.com/apis/v3/games/ffl/seasons/2026/segments/0/leaguedefaults/1?view=kona_player_info,1,PPR,4040761,Devin Singletary,devin singletary,NYG,RB,"[2,3,23,7,20,21]",1340,,169.98,,"{""draftRanksByRankType.PPR"":{""auctionValue"":0,""published"":false,""rank"":1340,""rankSourceId"":0,""rankType"":""PPR"",""slotId"":0},""ownership"":{""activityLevel"":null,""auctionValueAverage"":0.0,""auctionValueAverageChange"":0.0,""averageDraftPosition"":169.98,""averageDraftPositionPercentChange"":0.0,""date"":1788139820764,""leagueType"":0,""percentChange"":-0.02,""percentOwned"":0.44,""percentStarted"":0.04}}",-1170.02,,,unresolved,0.0,no Draft Command player match,Live ESPN draft-room order was not separately observable from the public API capture.,457c48eabb0e077aa5dcdb78afc2a28f1f1205b5dfa0eb183f4a49aa0de8d926,espn_2026_candidate_20260831T214508Z_6e169d4c54c0
2026,2026-08-31T21:45:08Z,2026-08-31T16:45:08-05:00,candidate,espn-fantasy-api-kona-player-info-2026-ppr,https://lm-api-reads.fantasy.espn.com/apis/v3/games/ffl/seasons/2026/segments/0/leaguedefaults/1?view=kona_player_info,1,PPR,3895856,Christian Kirk,christian kirk,SF,WR,"[3,4,5,23,7,20,21]",1341,,169.93,,"{""draftRanksByRankType.PPR"":{""auctionValue"":0,""published"":false,""rank"":1341,""rankSourceId"":0,""rankType"":""PPR"",""slotId"":0},""ownership"":{""activityLevel"":null,""auctionValueAverage"":0.01,""auctionValueAverageChange"":-0.01,""averageDraftPosition"":169.93,""averageDraftPositionPercentChange"":-0.01,""date"":1788211816146,""leagueType"":0,""percentChange"":-0.09,""percentOwned"":0.85,""percentStarted"":0.06}}",-1171.07,,,unresolved,0.0,no Draft Command player match,Live ESPN draft-room order was not separately observable from the public API capture.,1138dd7ff921776596e25426906b97425a6b14a0dc6d1eb4c2740e14146f01ea,espn_2026_candidate_20260831T214508Z_6e169d4c54c0
2026,2026-08-31T21:45:08Z,2026-08-31T16:45:08-05:00,candidate,espn-fantasy-api-kona-player-info-2026-ppr,https://lm-api-reads.fantasy.espn.com/apis/v3/games/ffl/seasons/2026/segments/0/leaguedefaults/1?view=kona_player_info,1,PPR,3134353,Tim Patrick,tim patrick,NYJ,WR,"[3,4,5,23,7,20,21]",1342,,169.98,,"{""draftRanksByRankType.PPR"":{""auctionValue"":0,""published"":false,""rank"":1342,""rankSourceId"":0,""rankType"":""PPR"",""slotId"":0},""ownership"":{""activityLevel"":null,""auctionValueAverage"":0.0,""auctionValueAverageChange"":0.0,""averageDraftPosition"":169.98,""averageDraftPositionPercentChange"":0.0,""date"":1788201013498,""leagueType"":0,""percentChange"":0.0,""percentOwned"":0.04,""percentStarted"":0.01}}",-1172.02,,,unresolved,0.0,no Draft Command player match,Live ESPN draft-room order was not separately observable from the public API capture.,43836216c3e0f15b7ec327f55f838f8b485a4fc82a98225727e1774f79224827,espn_2026_candidate_20260831T214508Z_6e169d4c54c0
2026,2026-08-31T21:45:08Z,2026-08-31T16:45:08-05:00,candidate,espn-fantasy-api-kona-player-info-2026-ppr,https://lm-api-reads.fantasy.espn.com/apis/v3/games/ffl/seasons/2026/segments/0/leaguedefaults/1?view=kona_player_info,1,PPR,2573079,Carson Wentz,carson wentz,MIN,QB,"[0,7,20,21]",1343,,169.98,,"{""draftRanksByRankType.PPR"":{""auctionValue"":0,""published"":false,""rank"":1343,""rankSourceId"":0,""rankType"":""PPR"",""slotId"":0},""ownership"":{""activityLevel"":null,""auctionValueAverage"":0.0,""auctionValueAverageChange"":0.0,""averageDraftPosition"":169.98,""averageDraftPositionPercentChange"":0.0,""date"":1788136217905,""leagueType"":0,""percentChange"":0.0,""percentOwned"":0.06,""percentStarted"":0.01}}",-1173.02,,,unresolved,0.0,no Draft Command player match,Live ESPN draft-room order was not separately observable from the public API capture.,9981747f6ed5c3d3cefd896c89f834927880693143a4736eb7d210292e96440b,espn_2026_candidate_20260831T214508Z_6e169d4c54c0
2026,2026-08-31T21:45:08Z,2026-08-31T16:45:08-05:00,candidate,espn-fantasy-api-kona-player-info-2026-ppr,https://lm-api-reads.fantasy.espn.com/apis/v3/games/ffl/seasons/2026/segments/0/leaguedefaults/1?view=kona_player_info,1,PPR,14012,Andy Dalton,andy dalton,PHI,QB,"[0,7,20,21]",1344,,169.99,,"{""draftRanksByRankType.PPR"":{""auctionValue"":0,""published"":false,""rank"":1344,""rankSourceId"":0,""rankType"":""PPR"",""slotId"":0},""ownership"":{""activityLevel"":null,""auctionValueAverage"":0.0,""auctionValueAverageChange"":0.0,""averageDraftPosition"":169.99,""averageDraftPositionPercentChange"":0.0,""date"":1788208212390,""leagueType"":0,""percentChange"":0.0,""percentOwned"":0.05,""percentStarted"":0.0}}",-1174.01,,,unresolved,0.0,no Draft Command player match,Live ESPN draft-room order was not separately observable from the public API capture.,71b792aa2d4bb57c0fcc6b6f3311ab886e8acd33785db5b4a277c3c1a656a89c,espn_2026_candidate_20260831T214508Z_6e169d4c54c0
2026,2026-08-31T21:45:08Z,2026-08-31T16:45:08-05:00,candidate,espn-fantasy-api-kona-player-info-2026-ppr,https://lm-api-reads.fantasy.espn.com/apis/v3/games/ffl/seasons/2026/segments/0/leaguedefaults/1?view=kona_player_info,1,PPR,15168,Case Keenum,case keenum,CHI,QB,"[0,7,20,21]",1345,,169.99,,"{""draftRanksByRankType.PPR"":{""auctionValue"":0,""published"":false,""rank"":1345,""rankSourceId"":0,""rankType"":""PPR"",""slotId"":0},""ownership"":{""activityLevel"":null,""auctionValueAverage"":0.0,""auctionValueAverageChange"":0.0,""averageDraftPosition"":169.99,""averageDraftPositionPercentChange"":0.0,""date"":1788129016741,""leagueType"":0,""percentChange"":0.0,""percentOwned"":0.03,""percentStarted"":0.0}}",-1175.01,,,unresolved,0.0,no Draft Command player match,Live ESPN draft-room order was not separately observable from the public API capture.,2c963881b66a5b049674ae2e559587a2ae2a8078b7f4e1e59ac0976f6f8109fa,espn_2026_candidate_20260831T214508Z_6e169d4c54c0
2026,2026-08-31T21:45:08Z,2026-08-31T16:45:08-05:00,candidate,espn-fantasy-api-kona-player-info-2026-ppr,https://lm-api-reads.fantasy.espn.com/apis/v3/games/ffl/seasons/2026/segments/0/leaguedefaults/1?view=kona_player_info,1,PPR,4039057,Lil'Jordan Humphrey,lil jordan humphrey,DEN,WR,"[3,4,5,23,7,20,21]",1346,,169.93,,"{""draftRanksByRankType.PPR"":{""auctionValue"":0,""published"":false,""rank"":1346,""rankSourceId"":0,""rankType"":""PPR"",""slotId"":0},""ownership"":{""activityLevel"":null,""auctionValueAverage"":0.0,""auctionValueAverageChange"":0.0,""averageDraftPosition"":169.93,""averageDraftPositionPercentChange"":-0.01,""date"":1788211816639,""leagueType"":0,""percentChange"":-0.01,""percentOwned"":0.19,""percentStarted"":0.04}}",-1176.07,,,unresolved,0.0,no Draft Command player match,Live ESPN draft-room order was not separately observable from the public API capture.,4156343bd09763df17d663db35dd5adfd62b328331e35c1fc92ac65df5bb4e54,espn_2026_candidate_20260831T214508Z_6e169d4c54c0
2026,2026-08-31T21:45:08Z,2026-08-31T16:45:08-05:00,candidate,espn-fantasy-api-kona-player-info-2026-ppr,https://lm-api-reads.fantasy.espn.com/apis/v3/games/ffl/seasons/2026/segments/0/leaguedefaults/1?view=kona_player_info,1,PPR,4424106,Gunner Olszewski,gunner olszewski,NYG,WR,"[3,4,5,23,7,20,21]",1347,,169.99,,"{""draftRanksByRankType.PPR"":{""auctionValue"":0,""published"":false,""rank"":1347,""rankSourceId"":0,""rankType"":""PPR"",""slotId"":0},""ownership"":{""activityLevel"":null,""auctionValueAverage"":0.0,""auctionValueAverageChange"":0.0,""averageDraftPosition"":169.99,""averageDraftPositionPercentChange"":-0.01,""date"":1788179422294,""leagueType"":0,""percentChange"":0.0,""percentOwned"":0.02,""percentStarted"":0.01}}",-1177.01,,,unresolved,0.0,no Draft Command player match,Live ESPN draft-room order was not separately observable from the public API capture.,2c03180dbe199932b9e25ec73eadd69887220e4440c3a0c0bb9f78798954c59e,espn_2026_candidate_20260831T214508Z_6e169d4c54c0
2026,2026-08-31T21:45:08Z,2026-08-31T16:45:08-05:00,candidate,espn-fantasy-api-kona-player-info-2026-ppr,https://lm-api-reads.fantasy.espn.com/apis/v3/games/ffl/seasons/2026/segments/0/leaguedefaults/1?view=kona_player_info,1,PPR,4360438,Brandon Aiyuk,brandon aiyuk,SF,WR,"[3,4,5,23,7,20,21]",1348,,169.96,,"{""draftRanksByRankType.PPR"":{""auctionValue"":0,""published"":false,""rank"":1348,""rankSourceId"":0,""rankType"":""PPR"",""slotId"":0},""ownership"":{""activityLevel"":null,""auctionValueAverage"":0.0,""auctionValueAverageChange"":0.0,""averageDraftPosition"":169.96,""averageDraftPositionPercentChange"":-0.01,""date"":1788211817321,""leagueType"":0,""percentChange"":-0.24,""percentOwned"":1.44,""percentStarted"":0.04}}",-1178.04,,,unresolved,0.0,no Draft Command player match,Live ESPN draft-room order was not separately observable from the public API capture.,b02444ca2b51e496d406bc4db018ae634a16cca266a34fda39f990489b1effaf,espn_2026_candidate_20260831T214508Z_6e169d4c54c0
2026,2026-08-31T21:45:08Z,2026-08-31T16:45:08-05:00,candidate,espn-fantasy-api-kona-player-info-2026-ppr,https://lm-api-reads.fantasy.espn.com/apis/v3/games/ffl/seasons/2026/segments/0/leaguedefaults/1?view=kona_player_info,1,PPR,4239934,AJ Dillon,aj dillon,CAR,RB,"[2,3,23,7,20,21]",1349,,169.98,,"{""draftRanksByRankType.PPR"":{""auctionValue"":0,""published"":false,""rank"":1349,""rankSourceId"":0,""rankType"":""PPR"",""slotId"":0},""ownership"":{""activityLevel"":null,""auctionValueAverage"":0.0,""auctionValueAverageChange"":0.0,""averageDraftPosition"":169.98,""averageDraftPositionPercentChange"":-0.01,""date"":1788143424095,""leagueType"":0,""percentChange"":0.0,""percentOwned"":0.09,""percentStarted"":0.01}}",-1179.02,,,unresolved,0.0,no Draft Command player match,Live ESPN draft-room order was not separately observable from the public API capture.,be3013b683eb42e8b67c773a75642b4c03b419f3309b9ce5a5edcdb63cdef832,espn_2026_candidate_20260831T214508Z_6e169d4c54c0
2026,2026-08-31T21:45:08Z,2026-08-31T16:45:08-05:00,candidate,espn-fantasy-api-kona-player-info-2026-ppr,https://lm-api-reads.fantasy.espn.com/apis/v3/games/ffl/seasons/2026/segments/0/leaguedefaults/1?view=kona_player_info,1,PPR,4241401,Trey Sermon,trey sermon,ATL,RB,"[2,3,23,7,20,21]",1351,,169.99,,"{""draftRanksByRankType.PPR"":{""auctionValue"":0,""published"":false,""rank"":1351,""rankSourceId"":0,""rankType"":""PPR"",""slotId"":0},""ownership"":{""activityLevel"":null,""auctionValueAverage"":0.0,""auctionValueAverageChange"":0.0,""averageDraftPosition"":169.99,""averageDraftPositionPercentChange"":0.0,""date"":1787326215662,""leagueType"":0,""percentChange"":0.0,""percentOwned"":0.02,""percentStarted"":0.0}}",-1181.01,,,unresolved,0.0,no Draft Command player match,Live ESPN draft-room order was not separately observable from the public API capture.,7c4639c27fe707d21341e02bca23d2cf612562f410e201913bc2a00d86faa2c7,espn_2026_candidate_20260831T214508Z_6e169d4c54c0
2026,2026-08-31T21:45:08Z,2026-08-31T16:45:08-05:00,candidate,espn-fantasy-api-kona-player-info-2026-ppr,https://lm-api-reads.fantasy.espn.com/apis/v3/games/ffl/seasons/2026/segments/0/leaguedefaults/1?view=kona_player_info,1,PPR,4372414,Elijah Moore,elijah moore,PHI,WR,"[3,4,5,23,7,20,21]",1352,,169.99,,"{""draftRanksByRankType.PPR"":{""auctionValue"":0,""published"":false,""rank"":1352,""rankSourceId"":0,""rankType"":""PPR"",""slotId"":0},""ownership"":{""activityLevel"":null,""auctionValueAverage"":0.0,""auctionValueAverageChange"":0.0,""averageDraftPosition"":169.99,""averageDraftPositionPercentChange"":0.0,""date"":1788208213985,""leagueType"":0,""percentChange"":0.0,""percentOwned"":0.05,""percentStarted"":0.01}}",-1182.01,,,unresolved,0.0,no Draft Command player match,Live ESPN draft-room order was not separately observable from the public API capture.,75fa75735820810ffd5169663411fbcfed655a86e5ddc8a19732ffcfef50a12d,espn_2026_candidate_20260831T214508Z_6e169d4c54c0
2026,2026-08-31T21:45:08Z,2026-08-31T16:45:08-05:00,candidate,espn-fantasy-api-kona-player-info-2026-ppr,https://lm-api-reads.fantasy.espn.com/apis/v3/games/ffl/seasons/2026/segments/0/leaguedefaults/1?view=kona_player_info,1,PPR,4361259,Zach Wilson,zach wilson,NO,QB,"[0,7,20,21]",1353,,169.99,,"{""draftRanksByRankType.PPR"":{""auctionValue"":0,""published"":false,""rank"":1353,""rankSourceId"":0,""rankType"":""PPR"",""slotId"":0},""ownership"":{""activityLevel"":null,""auctionValueAverage"":0.0,""auctionValueAverageChange"":0.0,""averageDraftPosition"":169.99,""averageDraftPositionPercentChange"":-0.01,""date"":1788143424836,""leagueType"":0,""percentChange"":0.0,""percentOwned"":0.04,""percentStarted"":0.01}}",-1183.01,,,unresolved,0.0,no Draft Command player match,Live ESPN draft-room order was not separately observable from the public API capture.,735ae359902695d27c1eef3a28a17764b8b218a94cd6cfcc508f82ff923e8cf2,espn_2026_candidate_20260831T214508Z_6e169d4c54c0
2026,2026-08-31T21:45:08Z,2026-08-31T16:45:08-05:00,candidate,espn-fantasy-api-kona-player-info-2026-ppr,https://lm-api-reads.fantasy.espn.com/apis/v3/games/ffl/seasons/2026/segments/0/leaguedefaults/1?view=kona_player_info,1,PPR,4374033,Jermar Jefferson,jermar jefferson,MIN,RB,"[2,3,23,7,20,21]",1354,,169.94,,"{""draftRanksByRankType.PPR"":{""auctionValue"":0,""published"":false,""rank"":1354,""rankSourceId"":0,""rankType"":""PPR"",""slotId"":0},""ownership"":{""activityLevel"":null,""auctionValueAverage"":0.01,""auctionValueAverageChange"":0.0,""averageDraftPosition"":169.94,""averageDraftPositionPercentChange"":-0.01,""date"":1788193814332,""leagueType"":0,""percentChange"":0.0,""percentOwned"":0.07,""percentStarted"":0.02}}",-1184.06,,,unresolved,0.0,no Draft Command player match,Live ESPN draft-room order was not separately observable from the public API capture.,56848210a8c7e29bf72d93604cc3b80ee6d34296418814f2dd0c81135a588770,espn_2026_candidate_20260831T214508Z_6e169d4c54c0
2026,2026-08-31T21:45:08Z,2026-08-31T16:45:08-05:00,candidate,espn-fantasy-api-kona-player-info-2026-ppr,https://lm-api-reads.fantasy.espn.com/apis/v3/games/ffl/seasons/2026/segments/0/leaguedefaults/1?view=kona_player_info,1,PPR,4241424,Tylan Wallace,tylan wallace,CLE,WR,"[3,4,5,23,7,20,21]",1355,,169.99,,"{""draftRanksByRankType.PPR"":{""auctionValue"":0,""published"":false,""rank"":1355,""rankSourceId"":0,""rankType"":""PPR"",""slotId"":0},""ownership"":{""activityLevel"":null,""auctionValueAverage"":0.0,""auctionValueAverageChange"":0.0,""averageDraftPosition"":169.99,""averageDraftPositionPercentChange"":0.0,""date"":1787707818914,""leagueType"":0,""percentChange"":0.0,""percentOwned"":0.02,""percentStarted"":0.0}}",-1185.01,,,unresolved,0.0,no Draft Command player match,Live ESPN draft-room order was not separately observable from the public API capture.,efbbff39cf2424d90374fae8c5f116703a139f82bda609b8d0f9895e279e7b54,espn_2026_candidate_20260831T214508Z_6e169d4c54c0
2026,2026-08-31T21:45:08Z,2026-08-31T16:45:08-05:00,candidate,espn-fantasy-api-kona-player-info-2026-ppr,https://lm-api-reads.fantasy.espn.com/apis/v3/games/ffl/seasons/2026/segments/0/leaguedefaults/1?view=kona_player_info,1,PPR,4039160,Kylen Granson,kylen granson,TEN,TE,"[5,6,23,7,20,21]",1356,,170,,"{""draftRanksByRankType.PPR"":{""auctionValue"":0,""published"":false,""rank"":1356,""rankSourceId"":0,""rankType"":""PPR"",""slotId"":0},""ownership"":{""activityLevel"":null,""auctionValueAverage"":0.0,""auctionValueAverageChange"":0.0,""averageDraftPosition"":170.0,""averageDraftPositionPercentChange"":0.0,""date"":1787538619213,""leagueType"":0,""percentChange"":0.0,""percentOwned"":0.01,""percentStarted"":0.0}}",-1186.0,,,unresolved,0.0,no Draft Command player match,Live ESPN draft-room order was not separately observable from the public API capture.,d144354a2c836b61890cfef8ab633d64c710726736745a422e86fd8035c6cb9e,espn_2026_candidate_20260831T214508Z_6e169d4c54c0
2026,2026-08-31T21:45:08Z,2026-08-31T16:45:08-05:00,candidate,espn-fantasy-api-kona-player-info-2026-ppr,https://lm-api-reads.fantasy.espn.com/apis/v3/games/ffl/seasons/2026/segments/0/leaguedefaults/1?view=kona_player_info,1,PPR,4360739,Simi Fehoko,simi fehoko,ARI,WR,"[3,4,5,23,7,20,21]",1357,,169.99,,"{""draftRanksByRankType.PPR"":{""auctionValue"":0,""published"":false,""rank"":1357,""rankSourceId"":0,""rankType"":""PPR"",""slotId"":0},""ownership"":{""activityLevel"":null,""auctionValueAverage"":0.0,""auctionValueAverageChange"":0.0,""averageDraftPosition"":169.99,""averageDraftPositionPercentChange"":0.0,""date"":1788049819593,""leagueType"":0,""percentChange"":0.0,""percentOwned"":0.02,""percentStarted"":0.0}}",-1187.01,,,unresolved,0.0,no Draft Command player match,Live ESPN draft-room order was not separately observable from the public API capture.,be161b9ed2fd7a77339370a456d3478ca3210a69e293f265bb51890c33fcd98c,espn_2026_candidate_20260831T214508Z_6e169d4c54c0
2026,2026-08-31T21:45:08Z,2026-08-31T16:45:08-05:00,candidate,espn-fantasy-api-kona-player-info-2026-ppr,https://lm-api-reads.fantasy.espn.com/apis/v3/games/ffl/seasons/2026/segments/0/leaguedefaults/1?view=kona_player_info,1,PPR,4241820,Sam Ehlinger,sam ehlinger,DEN,QB,"[0,7,20,21]",1358,,169.99,,"{""draftRanksByRankType.PPR"":{""auctionValue"":0,""published"":false,""rank"":1358,""rankSourceId"":0,""rankType"":""PPR"",""slotId"":0},""ownership"":{""activityLevel"":null,""auctionValueAverage"":0.0,""auctionValueAverageChange"":0.0,""averageDraftPosition"":169.99,""averageDraftPositionPercentChange"":0.0,""date"":1787625020846,""leagueType"":0,""percentChange"":0.0,""percentOwned"":0.02,""percentStarted"":0.0}}",-1188.01,,,unresolved,0.0,no Draft Command player match,Live ESPN draft-room order was not separately observable from the public API capture.,576662ed92da1aad92c7d5246ceb47abbe1a8d6b7728996000a90ca7ffcd62b9,espn_2026_candidate_20260831T214508Z_6e169d4c54c0
2026,2026-08-31T21:45:08Z,2026-08-31T16:45:08-05:00,candidate,espn-fantasy-api-kona-player-info-2026-ppr,https://lm-api-reads.fantasy.espn.com/apis/v3/games/ffl/seasons/2026/segments/0/leaguedefaults/1?view=kona_player_info,1,PPR,4034948,Feleipe Franks,feleipe franks,CAR,TE,"[5,6,23,7,20,21]",1359,,170,,"{""draftRanksByRankType.PPR"":{""auctionValue"":0,""published"":false,""rank"":1359,""rankSourceId"":0,""rankType"":""PPR"",""slotId"":0},""ownership"":{""activityLevel"":null,""auctionValueAverage"":0.0,""auctionValueAverageChange"":0.0,""averageDraftPosition"":170.0,""averageDraftPositionPercentChange"":0.0,""date"":1788136220436,""leagueType"":0,""percentChange"":0.0,""percentOwned"":0.01,""percentStarted"":0.0}}",-1189.0,,,unresolved,0.0,no Draft Command player match,Live ESPN draft-room order was not separately observable from the public API capture.,4146085b3ad643811bec439fa36b54a9375ec9529a1ac47388aaee43acbb6f0a,espn_2026_candidate_20260831T214508Z_6e169d4c54c0
2026,2026-08-31T21:45:08Z,2026-08-31T16:45:08-05:00,candidate,espn-fantasy-api-kona-player-info-2026-ppr,https://lm-api-reads.fantasy.espn.com/apis/v3/games/ffl/seasons/2026/segments/0/leaguedefaults/1?view=kona_player_info,1,PPR,4249030,D.J. Montgomery,d j montgomery,IND,WR,"[3,4,5,23,7,20,21]",1360,,169.96,,"{""draftRanksByRankType.PPR"":{""auctionValue"":0,""published"":false,""rank"":1360,""rankSourceId"":0,""rankType"":""PPR"",""slotId"":0},""ownership"":{""activityLevel"":null,""auctionValueAverage"":0.0,""auctionValueAverageChange"":0.0,""averageDraftPosition"":169.96,""averageDraftPositionPercentChange"":0.0,""date"":1788017415106,""leagueType"":0,""percentChange"":0.0,""percentOwned"":0.03,""percentStarted"":0.01}}",-1190.04,,,unresolved,0.0,no Draft Command player match,Live ESPN draft-room order was not separately observable from the public API capture.,02532ae4d9a9687a92627cea4251ca67ad082b4f352a6a2a45084a704d746eb8,espn_2026_candidate_20260831T214508Z_6e169d4c54c0
2026,2026-08-31T21:45:08Z,2026-08-31T16:45:08-05:00,candidate,espn-fantasy-api-kona-player-info-2026-ppr,https://lm-api-reads.fantasy.espn.com/apis/v3/games/ffl/seasons/2026/segments/0/leaguedefaults/1?view=kona_player_info,1,PPR,3871102,David Sills V,david sills,TB,WR,"[3,4,5,23,7,20,21]",1361,,170,,"{""draftRanksByRankType.PPR"":{""auctionValue"":0,""published"":false,""rank"":1361,""rankSourceId"":0,""rankType"":""PPR"",""slotId"":0},""ownership"":{""activityLevel"":null,""auctionValueAverage"":0.0,""auctionValueAverageChange"":0.0,""averageDraftPosition"":170.0,""averageDraftPositionPercentChange"":0.0,""date"":1788204615692,""leagueType"":0,""percentChange"":0.0,""percentOwned"":0.02,""percentStarted"":0.0}}",-1191.0,,,unresolved,0.0,no Draft Command player match,Live ESPN draft-room order was not separately observable from the public API capture.,8e485a4a800bb6f810c45aeaca479eadf8d54d6fa5d4d463ca543167094ed307,espn_2026_candidate_20260831T214508Z_6e169d4c54c0
2026,2026-08-31T21:45:08Z,2026-08-31T16:45:08-05:00,candidate,espn-fantasy-api-kona-player-info-2026-ppr,https://lm-api-reads.fantasy.espn.com/apis/v3/games/ffl/seasons/2026/segments/0/leaguedefaults/1?view=kona_player_info,1,PPR,4567096,John Metchie III,john metchie,CAR,WR,"[3,4,5,23,7,20,21]",1362,,169.99,,"{""draftRanksByRankType.PPR"":{""auctionValue"":0,""published"":false,""rank"":1362,""rankSourceId"":0,""rankType"":""PPR"",""slotId"":0},""ownership"":{""activityLevel"":null,""auctionValueAverage"":0.0,""auctionValueAverageChange"":0.0,""averageDraftPosition"":169.99,""averageDraftPositionPercentChange"":0.0,""date"":1788132621218,""leagueType"":0,""percentChange"":-0.01,""percentOwned"":0.07,""percentStarted"":0.01}}",-1192.01,,,unresolved,0.0,no Draft Command player match,Live ESPN draft-room order was not separately observable from the public API capture.,aeb4dac96826863460f57df912d1fbe14183707a4fddb6a85559a8e9d209168e,espn_2026_candidate_20260831T214508Z_6e169d4c54c0
2026,2026-08-31T21:45:08Z,2026-08-31T16:45:08-05:00,candidate,espn-fantasy-api-kona-player-info-2026-ppr,https://lm-api-reads.fantasy.espn.com/apis/v3/games/ffl/seasons/2026/segments/0/leaguedefaults/1?view=kona_player_info,1,PPR,4241410,Jelani Woods,jelani woods,NYJ,TE,"[5,6,23,7,20,21]",1363,,170,,"{""draftRanksByRankType.PPR"":{""auctionValue"":0,""published"":false,""rank"":1363,""rankSourceId"":0,""rankType"":""PPR"",""slotId"":0},""ownership"":{""activityLevel"":null,""auctionValueAverage"":0.0,""auctionValueAverageChange"":0.0,""averageDraftPosition"":170.0,""averageDraftPositionPercentChange"":0.0,""date"":1788179420750,""leagueType"":0,""percentChange"":0.0,""percentOwned"":0.02,""percentStarted"":0.01}}",-1193.0,,,unresolved,0.0,no Draft Command player match,Live ESPN draft-room order was not separately observable from the public API capture.,28a102148ecaf0e1609939615a28c19187824905b81294da47d035063ade29ad,espn_2026_candidate_20260831T214508Z_6e169d4c54c0
2026,2026-08-31T21:45:08Z,2026-08-31T16:45:08-05:00,candidate,espn-fantasy-api-kona-player-info-2026-ppr,https://lm-api-reads.fantasy.espn.com/apis/v3/games/ffl/seasons/2026/segments/0/leaguedefaults/1?view=kona_player_info,1,PPR,4243389,Calvin Austin III,calvin austin,NYG,WR,"[3,4,5,23,7,20,21]",1364,,169.99,,"{""draftRanksByRankType.PPR"":{""auctionValue"":0,""published"":false,""rank"":1364,""rankSourceId"":0,""rankType"":""PPR"",""slotId"":0},""ownership"":{""activityLevel"":null,""auctionValueAverage"":0.0,""auctionValueAverageChange"":0.0,""averageDraftPosition"":169.99,""averageDraftPositionPercentChange"":-0.01,""date"":1788179421067,""leagueType"":0,""percentChange"":-0.02,""percentOwned"":0.11,""percentStarted"":0.01}}",-1194.01,,,unresolved,0.0,no Draft Command player match,Live ESPN draft-room order was not separately observable from the public API capture.,71c07f2ad3cb07afc68711b156972469b80bce2b45e590f2c5fa6f7846d69846,espn_2026_candidate_20260831T214508Z_6e169d4c54c0
2026,2026-08-31T21:45:08Z,2026-08-31T16:45:08-05:00,candidate,espn-fantasy-api-kona-player-info-2026-ppr,https://lm-api-reads.fantasy.espn.com/apis/v3/games/ffl/seasons/2026/segments/0/leaguedefaults/1?view=kona_player_info,1,PPR,4241374,Grant Calcaterra,grant calcaterra,PHI,TE,"[5,6,23,7,20,21]",1365,,169.99,,"{""draftRanksByRankType.PPR"":{""auctionValue"":0,""published"":false,""rank"":1365,""rankSourceId"":0,""rankType"":""PPR"",""slotId"":0},""ownership"":{""activityLevel"":null,""auctionValueAverage"":0.0,""auctionValueAverageChange"":0.0,""averageDraftPosition"":169.99,""averageDraftPositionPercentChange"":0.0,""date"":1788143424193,""leagueType"":0,""percentChange"":0.0,""percentOwned"":0.03,""percentStarted"":0.01}}",-1195.01,,,unresolved,0.0,no Draft Command player match,Live ESPN draft-room order was not separately observable from the public API capture.,ae229e5395f6c2065bdb7e47de8d468c074a351e3ea5ebf67568008f2e75cd10,espn_2026_candidate_20260831T214508Z_6e169d4c54c0
2026,2026-08-31T21:45:08Z,2026-08-31T16:45:08-05:00,candidate,espn-fantasy-api-kona-player-info-2026-ppr,https://lm-api-reads.fantasy.espn.com/apis/v3/games/ffl/seasons/2026/segments/0/leaguedefaults/1?view=kona_player_info,1,PPR,4361438,Cole Turner,cole turner,MIA,TE,"[5,6,23,7,20,21]",1366,,170,,"{""draftRanksByRankType.PPR"":{""auctionValue"":0,""published"":false,""rank"":1366,""rankSourceId"":0,""rankType"":""PPR"",""slotId"":0},""ownership"":{""activityLevel"":null,""auctionValueAverage"":0.0,""auctionValueAverageChange"":0.0,""averageDraftPosition"":170.0,""averageDraftPositionPercentChange"":0.0,""date"":1788139821846,""leagueType"":0,""percentChange"":0.0,""percentOwned"":0.01,""percentStarted"":0.0}}",-1196.0,,,unresolved,0.0,no Draft Command player match,Live ESPN draft-room order was not separately observable from the public API capture.,bb5a0147427bf1f70595aed498ed53c72d36dfadbf819ce7adda3add1a65c851,espn_2026_candidate_20260831T214508Z_6e169d4c54c0
2026,2026-08-31T21:45:08Z,2026-08-31T16:45:08-05:00,candidate,espn-fantasy-api-kona-player-info-2026-ppr,https://lm-api-reads.fantasy.espn.com/apis/v3/games/ffl/seasons/2026/segments/0/leaguedefaults/1?view=kona_player_info,1,PPR,4242431,Ty Chandler,ty chandler,NO,RB,"[2,3,23,7,20,21]",1367,,169.99,,"{""draftRanksByRankType.PPR"":{""auctionValue"":0,""published"":false,""rank"":1367,""rankSourceId"":0,""rankType"":""PPR"",""slotId"":0},""ownership"":{""activityLevel"":null,""auctionValueAverage"":0.0,""auctionValueAverageChange"":0.0,""averageDraftPosition"":169.99,""averageDraftPositionPercentChange"":-0.01,""date"":1788193814053,""leagueType"":0,""percentChange"":0.0,""percentOwned"":0.03,""percentStarted"":0.0}}",-1197.01,,,unresolved,0.0,no Draft Command player match,Live ESPN draft-room order was not separately observable from the public API capture.,17e6ced5ef74a738ce0e2dc0714d3de9692dc72c7d79c55578560807201603be,espn_2026_candidate_20260831T214508Z_6e169d4c54c0
2026,2026-08-31T21:45:08Z,2026-08-31T16:45:08-05:00,candidate,espn-fantasy-api-kona-player-info-2026-ppr,https://lm-api-reads.fantasy.espn.com/apis/v3/games/ffl/seasons/2026/segments/0/leaguedefaults/1?view=kona_player_info,1,PPR,4036419,Skylar Thompson,skylar thompson,BAL,QB,"[0,7,20,21]",1368,,170,,"{""draftRanksByRankType.PPR"":{""auctionValue"":0,""published"":false,""rank"":1368,""rankSourceId"":0,""rankType"":""PPR"",""slotId"":0},""ownership"":{""activityLevel"":null,""auctionValueAverage"":0.0,""auctionValueAverageChange"":0.0,""averageDraftPosition"":170.0,""averageDraftPositionPercentChange"":0.0,""date"":1788179420127,""leagueType"":0,""percentChange"":0.0,""percentOwned"":0.01,""percentStarted"":0.0}}",-1198.0,,,unresolved,0.0,no Draft Command player match,Live ESPN draft-room order was not separately observable from the public API capture.,52a6721480ba354b42ba1257eb95b949a670b9f5d3c835d32b3db7a265922e79,espn_2026_candidate_20260831T214508Z_6e169d4c54c0
2026,2026-08-31T21:45:08Z,2026-08-31T16:45:08-05:00,candidate,espn-fantasy-api-kona-player-info-2026-ppr,https://lm-api-reads.fantasy.espn.com/apis/v3/games/ffl/seasons/2026/segments/0/leaguedefaults/1?view=kona_player_info,1,PPR,4036032,Brittain Brown,brittain brown,CHI,RB,"[2,3,23,7,20,21]",1369,,169.99,,"{""draftRanksByRankType.PPR"":{""auctionValue"":0,""published"":false,""rank"":1369,""rankSourceId"":0,""rankType"":""PPR"",""slotId"":0},""ownership"":{""activityLevel"":null,""auctionValueAverage"":0.0,""auctionValueAverageChange"":0.0,""averageDraftPosition"":169.99,""averageDraftPositionPercentChange"":-0.01,""date"":1788179420063,""leagueType"":0,""percentChange"":0.0,""percentOwned"":0.03,""percentStarted"":0.01}}",-1199.01,,,unresolved,0.0,no Draft Command player match,Live ESPN draft-room order was not separately observable from the public API capture.,15c225b5a945bd4df04731583a48c20be399b53407d04067e4d4b172256d8da6,espn_2026_candidate_20260831T214508Z_6e169d4c54c0
2026,2026-08-31T21:45:08Z,2026-08-31T16:45:08-05:00,candidate,espn-fantasy-api-kona-player-info-2026-ppr,https://lm-api-reads.fantasy.espn.com/apis/v3/games/ffl/seasons/2026/segments/0/leaguedefaults/1?view=kona_player_info,1,PPR,4367567,Julius Chestnut,julius chestnut,TEN,RB,"[2,3,23,7,20,21]",1370,,169.99,,"{""draftRanksByRankType.PPR"":{""auctionValue"":0,""published"":false,""rank"":1370,""rankSourceId"":0,""rankType"":""PPR"",""slotId"":0},""ownership"":{""activityLevel"":null,""auctionValueAverage"":0.0,""auctionValueAverageChange"":0.0,""averageDraftPosition"":169.99,""averageDraftPositionPercentChange"":0.0,""date"":1788049820106,""leagueType"":0,""percentChange"":0.0,""percentOwned"":0.04,""percentStarted"":0.01}}",-1200.01,,,unresolved,0.0,no Draft Command player match,Live ESPN draft-room order was not separately observable from the public API capture.,0542c114184cd4763d96804a6c554a2781ac1b985c54f2a8f69bf6ac3065926d,espn_2026_candidate_20260831T214508Z_6e169d4c54c0
2026,2026-08-31T21:45:08Z,2026-08-31T16:45:08-05:00,candidate,espn-fantasy-api-kona-player-info-2026-ppr,https://lm-api-reads.fantasy.espn.com/apis/v3/games/ffl/seasons/2026/segments/0/leaguedefaults/1?view=kona_player_info,1,PPR,4244049,Quintin Morris,quintin morris,JAX,TE,"[5,6,23,7,20,21]",1371,,170,,"{""draftRanksByRankType.PPR"":{""auctionValue"":0,""published"":false,""rank"":1371,""rankSourceId"":0,""rankType"":""PPR"",""slotId"":0},""ownership"":{""activityLevel"":null,""auctionValueAverage"":0.0,""auctionValueAverageChange"":0.0,""averageDraftPosition"":170.0,""averageDraftPositionPercentChange"":0.0,""date"":1788139821408,""leagueType"":0,""percentChange"":0.0,""percentOwned"":0.01,""percentStarted"":0.01}}",-1201.0,,,unresolved,0.0,no Draft Command player match,Live ESPN draft-room order was not separately observable from the public API capture.,a07497033e50fc1628bdb219f72843f0db52815e55f4a7f66d576c2d385273d1,espn_2026_candidate_20260831T214508Z_6e169d4c54c0
2026,2026-08-31T21:45:08Z,2026-08-31T16:45:08-05:00,candidate,espn-fantasy-api-kona-player-info-2026-ppr,https://lm-api-reads.fantasy.espn.com/apis/v3/games/ffl/seasons/2026/segments/0/leaguedefaults/1?view=kona_player_info,1,PPR,4243003,Ronnie Rivers,ronnie rivers,LAR,RB,"[2,3,23,7,20,21]",1372,,169.98,,"{""draftRanksByRankType.PPR"":{""auctionValue"":0,""published"":false,""rank"":1372,""rankSourceId"":0,""rankType"":""PPR"",""slotId"":0},""ownership"":{""activityLevel"":null,""auctionValueAverage"":0.0,""auctionValueAverageChange"":0.0,""averageDraftPosition"":169.98,""averageDraftPositionPercentChange"":0.0,""date"":1788179421005,""leagueType"":0,""percentChange"":0.0,""percentOwned"":0.05,""percentStarted"":0.01}}",-1202.02,,,unresolved,0.0,no Draft Command player match,Live ESPN draft-room order was not separately observable from the public API capture.,5104017bc4e47708b151aaba40e915e3e4b4f2f0371761cfdd937e08861cec80,espn_2026_candidate_20260831T214508Z_6e169d4c54c0
2026,2026-08-31T21:45:08Z,2026-08-31T16:45:08-05:00,candidate,espn-fantasy-api-kona-player-info-2026-ppr,https://lm-api-reads.fantasy.espn.com/apis/v3/games/ffl/seasons/2026/segments/0/leaguedefaults/1?view=kona_player_info,1,PPR,4916349,Nikola Kalinic,nikola kalinic,CHI,TE,"[5,6,23,7,20,21]",1373,,170,,"{""draftRanksByRankType.PPR"":{""auctionValue"":0,""published"":false,""rank"":1373,""rankSourceId"":0,""rankType"":""PPR"",""slotId"":0},""ownership"":{""activityLevel"":null,""auctionValueAverage"":0.0,""auctionValueAverageChange"":0.0,""averageDraftPosition"":170.0,""averageDraftPositionPercentChange"":-0.01,""date"":1788179424492,""leagueType"":0,""percentChange"":0.0,""percentOwned"":0.01,""percentStarted"":0.0}}",-1203.0,,,unresolved,0.0,no Draft Command player match,Live ESPN draft-room order was not separately observable from the public API capture.,de737a0080ef134148609bbfb560a04f0640f9236db242bfce1339217920b498,espn_2026_candidate_20260831T214508Z_6e169d4c54c0
2026,2026-08-31T21:45:08Z,2026-08-31T16:45:08-05:00,candidate,espn-fantasy-api-kona-player-info-2026-ppr,https://lm-api-reads.fantasy.espn.com/apis/v3/games/ffl/seasons/2026/segments/0/leaguedefaults/1?view=kona_player_info,1,PPR,4426386,Roschon Johnson,roschon johnson,CHI,RB,"[2,3,23,7,20,21]",1374,,169.98,,"{""draftRanksByRankType.PPR"":{""auctionValue"":0,""published"":false,""rank"":1374,""rankSourceId"":0,""rankType"":""PPR"",""slotId"":0},""ownership"":{""activityLevel"":null,""auctionValueAverage"":0.0,""auctionValueAverageChange"":0.0,""averageDraftPosition"":169.98,""averageDraftPositionPercentChange"":0.0,""date"":1788201014591,""leagueType"":0,""percentChange"":0.0,""percentOwned"":0.11,""percentStarted"":0.01}}",-1204.02,,,unresolved,0.0,no Draft Command player match,Live ESPN draft-room order was not separately observable from the public API capture.,53a3277c691323c7480fcbe3c7d601769f82795052b339c23905cfb511e9cd17,espn_2026_candidate_20260831T214508Z_6e169d4c54c0
2026,2026-08-31T21:45:08Z,2026-08-31T16:45:08-05:00,candidate,espn-fantasy-api-kona-player-info-2026-ppr,https://lm-api-reads.fantasy.espn.com/apis/v3/games/ffl/seasons/2026/segments/0/leaguedefaults/1?view=kona_player_info,1,PPR,4428085,Luke Musgrave,luke musgrave,GB,TE,"[5,6,23,7,20,21]",1375,,169.98,,"{""draftRanksByRankType.PPR"":{""auctionValue"":0,""published"":false,""rank"":1375,""rankSourceId"":0,""rankType"":""PPR"",""slotId"":0},""ownership"":{""activityLevel"":null,""auctionValueAverage"":0.0,""auctionValueAverageChange"":0.0,""averageDraftPosition"":169.98,""averageDraftPositionPercentChange"":-0.01,""date"":1788208214174,""leagueType"":0,""percentChange"":-0.02,""percentOwned"":0.13,""percentStarted"":0.02}}",-1205.02,,,unresolved,0.0,no Draft Command player match,Live ESPN draft-room order was not separately observable from the public API capture.,f50ebd434d768f9c74be848eb1368c9c936675aba640fadc857c1a6b558432c1,espn_2026_candidate_20260831T214508Z_6e169d4c54c0
2026,2026-08-31T21:45:08Z,2026-08-31T16:45:08-05:00,candidate,espn-fantasy-api-kona-player-info-2026-ppr,https://lm-api-reads.fantasy.espn.com/apis/v3/games/ffl/seasons/2026/segments/0/leaguedefaults/1?view=kona_player_info,1,PPR,4259553,Stetson Bennett IV,stetson bennett,LAR,QB,"[0,7,20,21]",1376,,169.97,,"{""draftRanksByRankType.PPR"":{""auctionValue"":0,""published"":false,""rank"":1376,""rankSourceId"":0,""rankType"":""PPR"",""slotId"":0},""ownership"":{""activityLevel"":null,""auctionValueAverage"":0.02,""auctionValueAverageChange"":0.0,""averageDraftPosition"":169.97,""averageDraftPositionPercentChange"":-0.01,""date"":1788197415201,""leagueType"":0,""percentChange"":0.0,""percentOwned"":0.08,""percentStarted"":0.01}}",-1206.03,,,unresolved,0.0,no Draft Command player match,Live ESPN draft-room order was not separately observable from the public API capture.,ba2432a6c53415cb71796ec83696d3c35346ce985b99b0e24fc76dbcaf16b116,espn_2026_candidate_20260831T214508Z_6e169d4c54c0
2026,2026-08-31T21:45:08Z,2026-08-31T16:45:08-05:00,candidate,espn-fantasy-api-kona-player-info-2026-ppr,https://lm-api-reads.fantasy.espn.com/apis/v3/games/ffl/seasons/2026/segments/0/leaguedefaults/1?view=kona_player_info,1,PPR,4361426,Justin Shorter,justin shorter,LV,WR,"[3,4,5,23,7,20,21]",1377,,170,,"{""draftRanksByRankType.PPR"":{""auctionValue"":0,""published"":false,""rank"":1377,""rankSourceId"":0,""rankType"":""PPR"",""slotId"":0},""ownership"":{""activityLevel"":null,""auctionValueAverage"":0.0,""auctionValueAverageChange"":0.0,""averageDraftPosition"":170.0,""averageDraftPositionPercentChange"":0.0,""date"":1787617821043,""leagueType"":0,""percentChange"":0.0,""percentOwned"":0.01,""percentStarted"":0.0}}",-1207.0,,,unresolved,0.0,no Draft Command player match,Live ESPN draft-room order was not separately observable from the public API capture.,2281ddde9be2eb5e832cd36c251ece5a255808a861a514a5e37068103304ac96,espn_2026_candidate_20260831T214508Z_6e169d4c54c0
2026,2026-08-31T21:45:08Z,2026-08-31T16:45:08-05:00,candidate,espn-fantasy-api-kona-player-info-2026-ppr,https://lm-api-reads.fantasy.espn.com/apis/v3/games/ffl/seasons/2026/segments/0/leaguedefaults/1?view=kona_player_info,1,PPR,4362523,Will Mallory,will mallory,IND,TE,"[5,6,23,7,20,21]",1378,,170,,"{""draftRanksByRankType.PPR"":{""auctionValue"":0,""published"":false,""rank"":1378,""rankSourceId"":0,""rankType"":""PPR"",""slotId"":0},""ownership"":{""activityLevel"":null,""auctionValueAverage"":0.0,""auctionValueAverageChange"":0.0,""averageDraftPosition"":170.0,""averageDraftPositionPercentChange"":0.0,""date"":1787833820064,""leagueType"":0,""percentChange"":0.0,""percentOwned"":0.01,""percentStarted"":0.0}}",-1208.0,,,unresolved,0.0,no Draft Command player match,Live ESPN draft-room order was not separately observable from the public API capture.,8bf656e524c9e698811c5d0c3dcf9895622c4f7a12286e97722f358fb55383f9,espn_2026_candidate_20260831T214508Z_6e169d4c54c0
2026,2026-08-31T21:45:08Z,2026-08-31T16:45:08-05:00,candidate,espn-fantasy-api-kona-player-info-2026-ppr,https://lm-api-reads.fantasy.espn.com/apis/v3/games/ffl/seasons/2026/segments/0/leaguedefaults/1?view=kona_player_info,1,PPR,4373684,Scott Matlock,scott matlock,LAC,RB,"[2,3,23,7,20,21]",1379,,169.99,,"{""draftRanksByRankType.PPR"":{""auctionValue"":0,""published"":false,""rank"":1379,""rankSourceId"":0,""rankType"":""PPR"",""slotId"":0},""ownership"":{""activityLevel"":null,""auctionValueAverage"":0.0,""auctionValueAverageChange"":0.0,""averageDraftPosition"":169.99,""averageDraftPositionPercentChange"":0.0,""date"":1788075015997,""leagueType"":0,""percentChange"":0.0,""percentOwned"":0.02,""percentStarted"":0.01}}",-1209.01,,,unresolved,0.0,no Draft Command player match,Live ESPN draft-room order was not separately observable from the public API capture.,bc7a9b7099b40227ca78f163338f74529d1bfba63da430e822793f044c4fb818,espn_2026_candidate_20260831T214508Z_6e169d4c54c0
2026,2026-08-31T21:45:08Z,2026-08-31T16:45:08-05:00,candidate,espn-fantasy-api-kona-player-info-2026-ppr,https://lm-api-reads.fantasy.espn.com/apis/v3/games/ffl/seasons/2026/segments/0/leaguedefaults/1?view=kona_player_info,1,PPR,4260394,Aidan O'Connell,aidan o connell,LV,QB,"[0,7,20,21]",1380,,169.99,,"{""draftRanksByRankType.PPR"":{""auctionValue"":0,""published"":false,""rank"":1380,""rankSourceId"":0,""rankType"":""PPR"",""slotId"":0},""ownership"":{""activityLevel"":null,""auctionValueAverage"":0.0,""auctionValueAverageChange"":0.0,""averageDraftPosition"":169.99,""averageDraftPositionPercentChange"":0.0,""date"":1788093016922,""leagueType"":0,""percentChange"":0.0,""percentOwned"":0.03,""percentStarted"":0.01}}",-1210.01,,,unresolved,0.0,no Draft Command player match,Live ESPN draft-room order was not separately observable from the public API capture.,0a2eb8a6e74fd99a520cd39356b1f8be413d5765d59516784634af641be6619b,espn_2026_candidate_20260831T214508Z_6e169d4c54c0
2026,2026-08-31T21:45:08Z,2026-08-31T16:45:08-05:00,candidate,espn-fantasy-api-kona-player-info-2026-ppr,https://lm-api-reads.fantasy.espn.com/apis/v3/games/ffl/seasons/2026/segments/0/leaguedefaults/1?view=kona_player_info,1,PPR,4360290,Brayden Willis,brayden willis,SF,TE,"[5,6,23,7,20,21]",1381,,170,,"{""draftRanksByRankType.PPR"":{""auctionValue"":0,""published"":false,""rank"":1381,""rankSourceId"":0,""rankType"":""PPR"",""slotId"":0},""ownership"":{""activityLevel"":null,""auctionValueAverage"":0.0,""auctionValueAverageChange"":0.0,""averageDraftPosition"":170.0,""averageDraftPositionPercentChange"":0.0,""date"":1788139821678,""leagueType"":0,""percentChange"":0.0,""percentOwned"":0.01,""percentStarted"":0.0}}",-1211.0,,,unresolved,0.0,no Draft Command player match,Live ESPN draft-room order was not separately observable from the public API capture.,183a3b4827e26320a68d003144789b5402d706c1bc4ac89c6dbed53d7db0fafc,espn_2026_candidate_20260831T214508Z_6e169d4c54c0
2026,2026-08-31T21:45:08Z,2026-08-31T16:45:08-05:00,candidate,espn-fantasy-api-kona-player-info-2026-ppr,https://lm-api-reads.fantasy.espn.com/apis/v3/games/ffl/seasons/2026/segments/0/leaguedefaults/1?view=kona_player_info,1,PPR,4365395,Julian Hill,julian hill,NE,TE,"[5,6,23,7,20,21]",1384,,170,,"{""draftRanksByRankType.PPR"":{""auctionValue"":0,""published"":false,""rank"":1384,""rankSourceId"":0,""rankType"":""PPR"",""slotId"":0},""ownership"":{""activityLevel"":null,""auctionValueAverage"":0.0,""auctionValueAverageChange"":0.0,""averageDraftPosition"":170.0,""averageDraftPositionPercentChange"":0.0,""date"":1788179422028,""leagueType"":0,""percentChange"":0.0,""percentOwned"":0.02,""percentStarted"":0.01}}",-1214.0,,,unresolved,0.0,no Draft Command player match,Live ESPN draft-room order was not separately observable from the public API capture.,90311ee90429b5f76fbc27d91b1ffdbd7633be100a46cc5212c4135affb3a66b,espn_2026_candidate_20260831T214508Z_6e169d4c54c0
2026,2026-08-31T21:45:08Z,2026-08-31T16:45:08-05:00,candidate,espn-fantasy-api-kona-player-info-2026-ppr,https://lm-api-reads.fantasy.espn.com/apis/v3/games/ffl/seasons/2026/segments/0/leaguedefaults/1?view=kona_player_info,1,PPR,3929636,Irv Charles,irv charles,SEA,WR,"[3,4,5,23,7,20,21]",1385,,170,,"{""draftRanksByRankType.PPR"":{""auctionValue"":0,""published"":false,""rank"":1385,""rankSourceId"":0,""rankType"":""PPR"",""slotId"":0},""ownership"":{""activityLevel"":null,""auctionValueAverage"":0.0,""auctionValueAverageChange"":0.0,""averageDraftPosition"":170.0,""averageDraftPositionPercentChange"":0.0,""date"":1787617819827,""leagueType"":0,""percentChange"":0.0,""percentOwned"":0.01,""percentStarted"":0.0}}",-1215.0,,,unresolved,0.0,no Draft Command player match,Live ESPN draft-room order was not separately observable from the public API capture.,7ef5fff655d8e30fe93504ce44f7244d8d63b69f5fc3223bb7e64cf901cfe573,espn_2026_candidate_20260831T214508Z_6e169d4c54c0
2026,2026-08-31T21:45:08Z,2026-08-31T16:45:08-05:00,candidate,espn-fantasy-api-kona-player-info-2026-ppr,https://lm-api-reads.fantasy.espn.com/apis/v3/games/ffl/seasons/2026/segments/0/leaguedefaults/1?view=kona_player_info,1,PPR,4360405,Jake Bobo,jake bobo,SEA,WR,"[3,4,5,23,7,20,21]",1386,,169.98,,"{""draftRanksByRankType.PPR"":{""auctionValue"":0,""published"":false,""rank"":1386,""rankSourceId"":0,""rankType"":""PPR"",""slotId"":0},""ownership"":{""activityLevel"":null,""auctionValueAverage"":0.0,""auctionValueAverageChange"":0.0,""averageDraftPosition"":169.98,""averageDraftPositionPercentChange"":-0.01,""date"":1788197415252,""leagueType"":0,""percentChange"":-0.01,""percentOwned"":0.09,""percentStarted"":0.01}}",-1216.02,,,unresolved,0.0,no Draft Command player match,Live ESPN draft-room order was not separately observable from the public API capture.,d36785898f6f469ab59c7acaf8f6681f01f9f358681f14525103a5570db4662d,espn_2026_candidate_20260831T214508Z_6e169d4c54c0
2026,2026-08-31T21:45:08Z,2026-08-31T16:45:08-05:00,candidate,espn-fantasy-api-kona-player-info-2026-ppr,https://lm-api-reads.fantasy.espn.com/apis/v3/games/ffl/seasons/2026/segments/0/leaguedefaults/1?view=kona_player_info,1,PPR,4242442,Princeton Fant,princeton fant,DAL,TE,"[5,6,23,7,20,21]",1387,,170,,"{""draftRanksByRankType.PPR"":{""auctionValue"":0,""published"":false,""rank"":1387,""rankSourceId"":0,""rankType"":""PPR"",""slotId"":0},""ownership"":{""activityLevel"":null,""auctionValueAverage"":0.0,""auctionValueAverageChange"":0.0,""averageDraftPosition"":170.0,""averageDraftPositionPercentChange"":0.0,""date"":1788129020340,""leagueType"":0,""percentChange"":0.0,""percentOwned"":0.01,""percentStarted"":0.0}}",-1217.0,,,unresolved,0.0,no Draft Command player match,Live ESPN draft-room order was not separately observable from the public API capture.,8d5f8f91b7e1706ceaf41742535362bf1c54fae4af9cd49dd8db7c90ebd67c30,espn_2026_candidate_20260831T214508Z_6e169d4c54c0
2026,2026-08-31T21:45:08Z,2026-08-31T16:45:08-05:00,candidate,espn-fantasy-api-kona-player-info-2026-ppr,https://lm-api-reads.fantasy.espn.com/apis/v3/games/ffl/seasons/2026/segments/0/leaguedefaults/1?view=kona_player_info,1,PPR,4243176,Brady Russell,brady russell,SEA,RB,"[2,3,23,7,20,21]",1388,,169.99,,"{""draftRanksByRankType.PPR"":{""auctionValue"":0,""published"":false,""rank"":1388,""rankSourceId"":0,""rankType"":""PPR"",""slotId"":0},""ownership"":{""activityLevel"":null,""auctionValueAverage"":0.0,""auctionValueAverageChange"":0.0,""averageDraftPosition"":169.99,""averageDraftPositionPercentChange"":0.0,""date"":1787502619723,""leagueType"":0,""percentChange"":0.0,""percentOwned"":0.02,""percentStarted"":0.01}}",-1218.01,,,unresolved,0.0,no Draft Command player match,Live ESPN draft-room order was not separately observable from the public API capture.,b59eed9842ee357adcb0aa651de60bb59532f1ee6a42c86e595b86f2d0af2679,espn_2026_candidate_20260831T214508Z_6e169d4c54c0
2026,2026-08-31T21:45:08Z,2026-08-31T16:45:08-05:00,candidate,espn-fantasy-api-kona-player-info-2026-ppr,https://lm-api-reads.fantasy.espn.com/apis/v3/games/ffl/seasons/2026/segments/0/leaguedefaults/1?view=kona_player_info,1,PPR,4369466,Ryan Miller,ryan miller,MIA,WR,"[3,4,5,23,7,20,21]",1389,,170,,"{""draftRanksByRankType.PPR"":{""auctionValue"":0,""published"":false,""rank"":1389,""rankSourceId"":0,""rankType"":""PPR"",""slotId"":0},""ownership"":{""activityLevel"":null,""auctionValueAverage"":0.0,""auctionValueAverageChange"":0.0,""averageDraftPosition"":170.0,""averageDraftPositionPercentChange"":0.0,""date"":1787056216842,""leagueType"":0,""percentChange"":0.0,""percentOwned"":0.01,""percentStarted"":0.0}}",-1219.0,,,unresolved,0.0,no Draft Command player match,Live ESPN draft-room order was not separately observable from the public API capture.,838a6de66b210cd59f4ea1850088e6ba5ec768b5d876eb74960f69f9ff87e818,espn_2026_candidate_20260831T214508Z_6e169d4c54c0
2026,2026-08-31T21:45:08Z,2026-08-31T16:45:08-05:00,candidate,espn-fantasy-api-kona-player-info-2026-ppr,https://lm-api-reads.fantasy.espn.com/apis/v3/games/ffl/seasons/2026/segments/0/leaguedefaults/1?view=kona_player_info,1,PPR,4369886,Chris Blair,chris blair,ATL,WR,"[3,4,5,23,7,20,21]",1390,,170,,"{""draftRanksByRankType.PPR"":{""auctionValue"":0,""published"":false,""rank"":1390,""rankSourceId"":0,""rankType"":""PPR"",""slotId"":0},""ownership"":{""activityLevel"":null,""auctionValueAverage"":0.0,""auctionValueAverageChange"":0.0,""averageDraftPosition"":170.0,""averageDraftPositionPercentChange"":0.0,""date"":1788118218603,""leagueType"":0,""percentChange"":0.0,""percentOwned"":0.01,""percentStarted"":0.0}}",-1220.0,,,unresolved,0.0,no Draft Command player match,Live ESPN draft-room order was not separately observable from the public API capture.,f597b3da0c9610980cdce7236a22a7811d125310061370026bdf17e5b3a50ade,espn_2026_candidate_20260831T214508Z_6e169d4c54c0
2026,2026-08-31T21:45:08Z,2026-08-31T16:45:08-05:00,candidate,espn-fantasy-api-kona-player-info-2026-ppr,https://lm-api-reads.fantasy.espn.com/apis/v3/games/ffl/seasons/2026/segments/0/leaguedefaults/1?view=kona_player_info,1,PPR,4428209,Ricky Pearsall,ricky pearsall,SF,WR,"[3,4,5,23,7,20,21]",1391,,169.94,,"{""draftRanksByRankType.PPR"":{""auctionValue"":0,""published"":false,""rank"":1391,""rankSourceId"":0,""rankType"":""PPR"",""slotId"":0},""ownership"":{""activityLevel"":null,""auctionValueAverage"":0.0,""auctionValueAverageChange"":0.0,""averageDraftPosition"":169.94,""averageDraftPositionPercentChange"":0.0,""date"":1788211817975,""leagueType"":0,""percentChange"":-1.4,""percentOwned"":6.8,""percentStarted"":0.17}}",-1221.06,,,unresolved,0.0,no Draft Command player match,Live ESPN draft-room order was not separately observable from the public API capture.,981c5e64dce424d81e1ffb1fdd8d697958a5ce32bdf1cdc84e0a6189f56d9b77,espn_2026_candidate_20260831T214508Z_6e169d4c54c0
2026,2026-08-31T21:45:08Z,2026-08-31T16:45:08-05:00,candidate,espn-fantasy-api-kona-player-info-2026-ppr,https://lm-api-reads.fantasy.espn.com/apis/v3/games/ffl/seasons/2026/segments/0/leaguedefaults/1?view=kona_player_info,1,PPR,4696700,Tip Reiman,tip reiman,ARI,TE,"[5,6,23,7,20,21]",1392,,170,,"{""draftRanksByRankType.PPR"":{""auctionValue"":0,""published"":false,""rank"":1392,""rankSourceId"":0,""rankType"":""PPR"",""slotId"":0},""ownership"":{""activityLevel"":null,""auctionValueAverage"":0.0,""auctionValueAverageChange"":0.0,""averageDraftPosition"":170.0,""averageDraftPositionPercentChange"":0.0,""date"":1788190216516,""leagueType"":0,""percentChange"":0.0,""percentOwned"":0.02,""percentStarted"":0.01}}",-1222.0,,,unresolved,0.0,no Draft Command player match,Live ESPN draft-room order was not separately observable from the public API capture.,c9fee96101bb1ae6c726a3a91e0a29e3825b3e4344ca7e65273a9c8e64399c66,espn_2026_candidate_20260831T214508Z_6e169d4c54c0
2026,2026-08-31T21:45:08Z,2026-08-31T16:45:08-05:00,candidate,espn-fantasy-api-kona-player-info-2026-ppr,https://lm-api-reads.fantasy.espn.com/apis/v3/games/ffl/seasons/2026/segments/0/leaguedefaults/1?view=kona_player_info,1,PPR,4372561,Isaac Guerendo,isaac guerendo,SF,RB,"[2,3,23,7,20,21]",1393,,170.1,,"{""draftRanksByRankType.PPR"":{""auctionValue"":0,""published"":false,""rank"":1393,""rankSourceId"":0,""rankType"":""PPR"",""slotId"":0},""ownership"":{""activityLevel"":null,""auctionValueAverage"":0.0,""auctionValueAverageChange"":0.0,""averageDraftPosition"":170.1,""averageDraftPositionPercentChange"":0.0,""date"":1788211817680,""leagueType"":0,""percentChange"":-0.01,""percentOwned"":0.25,""percentStarted"":0.01}}",-1222.9,,,unresolved,0.0,no Draft Command player match,Live ESPN draft-room order was not separately observable from the public API capture.,af05ed01f900db9152c8785ac3c4f4945c9725dce6e295c380703cb9bc2db38a,espn_2026_candidate_20260831T214508Z_6e169d4c54c0
