season,capture_timestamp_utc,capture_timestamp_cdt,snapshot_status,source_id,source_url,source_tier,scoring_format_key,espn_player_id,raw_player_name,normalized_player_name,nfl_team,primary_position,eligibility,espn_official_ppr_rank,espn_live_draft_room_rank,espn_adp,espn_adp_rank,raw_ownership_draft_fields,rank_adp_gap,draft_command_player_id,canonical_research_player_id,mapping_method,mapping_confidence,unresolved_reason,notes,raw_record_hash,snapshot_id
2026,2026-09-01T00:30:12Z,2026-08-31T19:30:12-05:00,frozen,espn-fantasy-api-kona-player-info-2026-ppr,https://lm-api-reads.fantasy.espn.com/apis/v3/games/ffl/seasons/2026/segments/0/leaguedefaults/1?view=kona_player_info,1,PPR,4429795,Jahmyr Gibbs,jahmyr gibbs,DET,RB,"[2,3,23,7,20,21]",1,,1.35,,"{""draftRanksByRankType.PPR"":{""auctionValue"":57,""published"":false,""rank"":1,""rankSourceId"":0,""rankType"":""PPR"",""slotId"":0},""ownership"":{""activityLevel"":null,""auctionValueAverage"":70.56,""auctionValueAverageChange"":0.56,""averageDraftPosition"":1.35,""averageDraftPositionPercentChange"":0.02,""date"":1788219020405,""leagueType"":0,""percentChange"":0.02,""percentOwned"":99.93,""percentStarted"":99.77}}",0.35,1,draft-command:1,exact stable-ID match,1.0,,Live ESPN draft-room order was not separately observable from the public API capture.,706fb1e1594c3c069710fffa2f2d6e48699081693f673ef166011c3e1d33a9c0,espn_2026_frozen_20260901T003012Z_3379127ab1c0
2026,2026-09-01T00:30:12Z,2026-08-31T19:30:12-05:00,frozen,espn-fantasy-api-kona-player-info-2026-ppr,https://lm-api-reads.fantasy.espn.com/apis/v3/games/ffl/seasons/2026/segments/0/leaguedefaults/1?view=kona_player_info,1,PPR,4430807,Bijan Robinson,bijan robinson,ATL,RB,"[2,3,23,7,20,21]",2,,2.39,,"{""draftRanksByRankType.PPR"":{""auctionValue"":56,""published"":false,""rank"":2,""rankSourceId"":0,""rankType"":""PPR"",""slotId"":0},""ownership"":{""activityLevel"":null,""auctionValueAverage"":68.33,""auctionValueAverageChange"":0.3,""averageDraftPosition"":2.39,""averageDraftPositionPercentChange"":0.02,""date"":1788219020486,""leagueType"":0,""percentChange"":0.02,""percentOwned"":99.9,""percentStarted"":99.7}}",0.39,2,draft-command:2,exact stable-ID match,1.0,,Live ESPN draft-room order was not separately observable from the public API capture.,1abc8dd89cd484364f2e3695ed486eaacb4713cc669c1822bfecf4af90253854,espn_2026_frozen_20260901T003012Z_3379127ab1c0
2026,2026-09-01T00:30:12Z,2026-08-31T19:30:12-05:00,frozen,espn-fantasy-api-kona-player-info-2026-ppr,https://lm-api-reads.fantasy.espn.com/apis/v3/games/ffl/seasons/2026/segments/0/leaguedefaults/1?view=kona_player_info,1,PPR,4362628,Ja'Marr Chase,ja marr chase,CIN,WR,"[3,4,5,23,7,20,21]",3,,4.3,,"{""draftRanksByRankType.PPR"":{""auctionValue"":56,""published"":false,""rank"":3,""rankSourceId"":0,""rankType"":""PPR"",""slotId"":0},""ownership"":{""activityLevel"":null,""auctionValueAverage"":62.82,""auctionValueAverageChange"":0.28,""averageDraftPosition"":4.3,""averageDraftPositionPercentChange"":-0.07,""date"":1788222620654,""leagueType"":0,""percentChange"":0.02,""percentOwned"":99.91,""percentStarted"":99.28}}",1.3,3,draft-command:3,exact stable-ID match,1.0,,Live ESPN draft-room order was not separately observable from the public API capture.,aa837a856884255c3ef3a773004538f420bdc62518b103958fe27a3740ad26f1,espn_2026_frozen_20260901T003012Z_3379127ab1c0
2026,2026-09-01T00:30:12Z,2026-08-31T19:30:12-05:00,frozen,espn-fantasy-api-kona-player-info-2026-ppr,https://lm-api-reads.fantasy.espn.com/apis/v3/games/ffl/seasons/2026/segments/0/leaguedefaults/1?view=kona_player_info,1,PPR,4426515,Puka Nacua,puka nacua,LAR,WR,"[3,4,5,23,7,20,21]",4,,5.28,,"{""draftRanksByRankType.PPR"":{""auctionValue"":55,""published"":false,""rank"":4,""rankSourceId"":0,""rankType"":""PPR"",""slotId"":0},""ownership"":{""activityLevel"":null,""auctionValueAverage"":60.28,""auctionValueAverageChange"":0.36,""averageDraftPosition"":5.28,""averageDraftPositionPercentChange"":0.02,""date"":1788222621050,""leagueType"":0,""percentChange"":0.02,""percentOwned"":99.9,""percentStarted"":99.04}}",1.28,4,draft-command:4,exact stable-ID match,1.0,,Live ESPN draft-room order was not separately observable from the public API capture.,8c4ba212922be8bae28936064eb9cbd705ada0e401525ceb7456010a7d3ff3a8,espn_2026_frozen_20260901T003012Z_3379127ab1c0
2026,2026-09-01T00:30:12Z,2026-08-31T19:30:12-05:00,frozen,espn-fantasy-api-kona-player-info-2026-ppr,https://lm-api-reads.fantasy.espn.com/apis/v3/games/ffl/seasons/2026/segments/0/leaguedefaults/1?view=kona_player_info,1,PPR,4242335,Jonathan Taylor,jonathan taylor,IND,RB,"[2,3,23,7,20,21]",5,,6.42,,"{""draftRanksByRankType.PPR"":{""auctionValue"":54,""published"":false,""rank"":5,""rankSourceId"":0,""rankType"":""PPR"",""slotId"":0},""ownership"":{""activityLevel"":null,""auctionValueAverage"":58.54,""auctionValueAverageChange"":0.7,""averageDraftPosition"":6.42,""averageDraftPositionPercentChange"":0.26,""date"":1788222620079,""leagueType"":0,""percentChange"":0.02,""percentOwned"":99.88,""percentStarted"":99.44}}",1.42,6,draft-command:6,exact stable-ID match,1.0,,Live ESPN draft-room order was not separately observable from the public API capture.,1256933411acc2ff248f5fa1689918c37e90aed6aab08ab78cf3770bc8a4f623,espn_2026_frozen_20260901T003012Z_3379127ab1c0
2026,2026-09-01T00:30:12Z,2026-08-31T19:30:12-05:00,frozen,espn-fantasy-api-kona-player-info-2026-ppr,https://lm-api-reads.fantasy.espn.com/apis/v3/games/ffl/seasons/2026/segments/0/leaguedefaults/1?view=kona_player_info,1,PPR,4430878,Jaxon Smith-Njigba,jaxon smith njigba,SEA,WR,"[3,4,5,23,7,20,21]",6,,6.15,,"{""draftRanksByRankType.PPR"":{""auctionValue"":53,""published"":false,""rank"":6,""rankSourceId"":0,""rankType"":""PPR"",""slotId"":0},""ownership"":{""activityLevel"":null,""auctionValueAverage"":60.14,""auctionValueAverageChange"":0.28,""averageDraftPosition"":6.15,""averageDraftPositionPercentChange"":-0.11,""date"":1788219020522,""leagueType"":0,""percentChange"":0.02,""percentOwned"":99.91,""percentStarted"":99.66}}",0.15,7,draft-command:7,exact stable-ID match,1.0,,Live ESPN draft-room order was not separately observable from the public API capture.,0dace383c84a14dcf3d2c9d10c357566bb8ecf24893004df9a45f6a92823d71c,espn_2026_frozen_20260901T003012Z_3379127ab1c0
2026,2026-09-01T00:30:12Z,2026-08-31T19:30:12-05:00,frozen,espn-fantasy-api-kona-player-info-2026-ppr,https://lm-api-reads.fantasy.espn.com/apis/v3/games/ffl/seasons/2026/segments/0/leaguedefaults/1?view=kona_player_info,1,PPR,3117251,Christian McCaffrey,christian mccaffrey,SF,RB,"[2,3,23,7,20,21]",7,,7.66,,"{""draftRanksByRankType.PPR"":{""auctionValue"":52,""published"":false,""rank"":7,""rankSourceId"":0,""rankType"":""PPR"",""slotId"":0},""ownership"":{""activityLevel"":null,""auctionValueAverage"":56.47,""auctionValueAverageChange"":0.4,""averageDraftPosition"":7.66,""averageDraftPositionPercentChange"":-0.05,""date"":1788222618842,""leagueType"":0,""percentChange"":0.02,""percentOwned"":99.89,""percentStarted"":98.96}}",0.66,5,draft-command:5,exact stable-ID match,1.0,,Live ESPN draft-room order was not separately observable from the public API capture.,c20a7e34976e5cb2277ff6d88bd340b5c131973b3644daa2ff6f9dfeb92aa762,espn_2026_frozen_20260901T003012Z_3379127ab1c0
2026,2026-09-01T00:30:12Z,2026-08-31T19:30:12-05:00,frozen,espn-fantasy-api-kona-player-info-2026-ppr,https://lm-api-reads.fantasy.espn.com/apis/v3/games/ffl/seasons/2026/segments/0/leaguedefaults/1?view=kona_player_info,1,PPR,4374302,Amon-Ra St. Brown,amon ra st brown,DET,WR,"[3,4,5,23,7,20,21]",8,,8.34,,"{""draftRanksByRankType.PPR"":{""auctionValue"":52,""published"":false,""rank"":8,""rankSourceId"":0,""rankType"":""PPR"",""slotId"":0},""ownership"":{""activityLevel"":null,""auctionValueAverage"":57.77,""auctionValueAverageChange"":0.44,""averageDraftPosition"":8.34,""averageDraftPositionPercentChange"":-0.02,""date"":1788222620802,""leagueType"":0,""percentChange"":0.02,""percentOwned"":99.91,""percentStarted"":99.65}}",0.34,8,draft-command:8,exact stable-ID match,1.0,,Live ESPN draft-room order was not separately observable from the public API capture.,32b4c87e44abe7c798837d3747e932c60634602ac416761118608d635038f57d,espn_2026_frozen_20260901T003012Z_3379127ab1c0
2026,2026-09-01T00:30:12Z,2026-08-31T19:30:12-05:00,frozen,espn-fantasy-api-kona-player-info-2026-ppr,https://lm-api-reads.fantasy.espn.com/apis/v3/games/ffl/seasons/2026/segments/0/leaguedefaults/1?view=kona_player_info,1,PPR,4379399,James Cook III,james cook,BUF,RB,"[2,3,23,7,20,21]",9,,10.56,,"{""draftRanksByRankType.PPR"":{""auctionValue"":51,""published"":false,""rank"":9,""rankSourceId"":0,""rankType"":""PPR"",""slotId"":0},""ownership"":{""activityLevel"":null,""auctionValueAverage"":53.43,""auctionValueAverageChange"":0.99,""averageDraftPosition"":10.56,""averageDraftPositionPercentChange"":0.39,""date"":1788222620813,""leagueType"":0,""percentChange"":0.02,""percentOwned"":99.88,""percentStarted"":97.63}}",1.56,9,draft-command:9,exact stable-ID match,1.0,,Live ESPN draft-room order was not separately observable from the public API capture.,97fadf2369948fff1a0a00fa0e6f5f617861111fd653304225b68dd5d6022993,espn_2026_frozen_20260901T003012Z_3379127ab1c0
2026,2026-09-01T00:30:12Z,2026-08-31T19:30:12-05:00,frozen,espn-fantasy-api-kona-player-info-2026-ppr,https://lm-api-reads.fantasy.espn.com/apis/v3/games/ffl/seasons/2026/segments/0/leaguedefaults/1?view=kona_player_info,1,PPR,4429160,De'Von Achane,de von achane,MIA,RB,"[2,3,23,7,20,21]",10,,12.12,,"{""draftRanksByRankType.PPR"":{""auctionValue"":50,""published"":false,""rank"":10,""rankSourceId"":0,""rankType"":""PPR"",""slotId"":0},""ownership"":{""activityLevel"":null,""auctionValueAverage"":49.56,""auctionValueAverageChange"":0.22,""averageDraftPosition"":12.12,""averageDraftPositionPercentChange"":-0.04,""date"":1788219020340,""leagueType"":0,""percentChange"":0.02,""percentOwned"":99.84,""percentStarted"":99.15}}",2.12,12,draft-command:12,exact stable-ID match,1.0,,Live ESPN draft-room order was not separately observable from the public API capture.,3323c318cec3c18c7f903ca879189c53e69ab6723ece69ed1a29ad7fb73e7757,espn_2026_frozen_20260901T003012Z_3379127ab1c0
2026,2026-09-01T00:30:12Z,2026-08-31T19:30:12-05:00,frozen,espn-fantasy-api-kona-player-info-2026-ppr,https://lm-api-reads.fantasy.espn.com/apis/v3/games/ffl/seasons/2026/segments/0/leaguedefaults/1?view=kona_player_info,1,PPR,4241389,CeeDee Lamb,ceedee lamb,DAL,WR,"[3,4,5,23,7,20,21]",11,,11.67,,"{""draftRanksByRankType.PPR"":{""auctionValue"":48,""published"":false,""rank"":11,""rankSourceId"":0,""rankType"":""PPR"",""slotId"":0},""ownership"":{""activityLevel"":null,""auctionValueAverage"":51.35,""auctionValueAverageChange"":0.2,""averageDraftPosition"":11.67,""averageDraftPositionPercentChange"":-0.23,""date"":1788222620004,""leagueType"":0,""percentChange"":0.02,""percentOwned"":99.9,""percentStarted"":99.46}}",0.67,10,draft-command:10,exact stable-ID match,1.0,,Live ESPN draft-room order was not separately observable from the public API capture.,690a981aace16fe5404bb988efe54f43e66c3ebab55e48363c3b32ae068fdc0e,espn_2026_frozen_20260901T003012Z_3379127ab1c0
2026,2026-09-01T00:30:12Z,2026-08-31T19:30:12-05:00,frozen,espn-fantasy-api-kona-player-info-2026-ppr,https://lm-api-reads.fantasy.espn.com/apis/v3/games/ffl/seasons/2026/segments/0/leaguedefaults/1?view=kona_player_info,1,PPR,4262921,Justin Jefferson,justin jefferson,MIN,WR,"[3,4,5,23,7,20,21]",12,,12.63,,"{""draftRanksByRankType.PPR"":{""auctionValue"":46,""published"":false,""rank"":12,""rankSourceId"":0,""rankType"":""PPR"",""slotId"":0},""ownership"":{""activityLevel"":null,""auctionValueAverage"":50.85,""auctionValueAverageChange"":0.3,""averageDraftPosition"":12.63,""averageDraftPositionPercentChange"":-0.11,""date"":1788222620303,""leagueType"":0,""percentChange"":0.02,""percentOwned"":99.87,""percentStarted"":99.38}}",0.63,11,draft-command:11,exact stable-ID match,1.0,,Live ESPN draft-room order was not separately observable from the public API capture.,4e1272c81ccf53587561fe232774ca6b74e5892c671e51c30764d5c8ddb7734d,espn_2026_frozen_20260901T003012Z_3379127ab1c0
2026,2026-09-01T00:30:12Z,2026-08-31T19:30:12-05:00,frozen,espn-fantasy-api-kona-player-info-2026-ppr,https://lm-api-reads.fantasy.espn.com/apis/v3/games/ffl/seasons/2026/segments/0/leaguedefaults/1?view=kona_player_info,1,PPR,4685382,Omarion Hampton,omarion hampton,LAC,RB,"[2,3,23,7,20,21]",13,,19.85,,"{""draftRanksByRankType.PPR"":{""auctionValue"":45,""published"":false,""rank"":13,""rankSourceId"":0,""rankType"":""PPR"",""slotId"":0},""ownership"":{""activityLevel"":null,""auctionValueAverage"":41.37,""auctionValueAverageChange"":1.48,""averageDraftPosition"":19.85,""averageDraftPositionPercentChange"":1.48,""date"":1788219021441,""leagueType"":0,""percentChange"":0.08,""percentOwned"":99.42,""percentStarted"":95.62}}",6.85,15,draft-command:15,exact stable-ID match,1.0,,Live ESPN draft-room order was not separately observable from the public API capture.,a6eb0d89b9dcc3563843c5100a67b949ee43cfbbeb80799743fbff76c058e93a,espn_2026_frozen_20260901T003012Z_3379127ab1c0
2026,2026-09-01T00:30:12Z,2026-08-31T19:30:12-05:00,frozen,espn-fantasy-api-kona-player-info-2026-ppr,https://lm-api-reads.fantasy.espn.com/apis/v3/games/ffl/seasons/2026/segments/0/leaguedefaults/1?view=kona_player_info,1,PPR,4362238,Chase Brown,chase brown,CIN,RB,"[2,3,23,7,20,21]",14,,17.65,,"{""draftRanksByRankType.PPR"":{""auctionValue"":43,""published"":false,""rank"":14,""rankSourceId"":0,""rankType"":""PPR"",""slotId"":0},""ownership"":{""activityLevel"":null,""auctionValueAverage"":42.88,""auctionValueAverageChange"":1.24,""averageDraftPosition"":17.65,""averageDraftPositionPercentChange"":0.96,""date"":1788222620628,""leagueType"":0,""percentChange"":0.06,""percentOwned"":99.43,""percentStarted"":95.18}}",3.65,14,draft-command:14,exact stable-ID match,1.0,,Live ESPN draft-room order was not separately observable from the public API capture.,f16a3ad5adf9862d19a3666abfca395e2e4dcf2447ecfca906bea42b25522a8d,espn_2026_frozen_20260901T003012Z_3379127ab1c0
2026,2026-09-01T00:30:12Z,2026-08-31T19:30:12-05:00,frozen,espn-fantasy-api-kona-player-info-2026-ppr,https://lm-api-reads.fantasy.espn.com/apis/v3/games/ffl/seasons/2026/segments/0/leaguedefaults/1?view=kona_player_info,1,PPR,3929630,Saquon Barkley,saquon barkley,PHI,RB,"[2,3,23,7,20,21]",15,,14.19,,"{""draftRanksByRankType.PPR"":{""auctionValue"":42,""published"":false,""rank"":15,""rankSourceId"":0,""rankType"":""PPR"",""slotId"":0},""ownership"":{""activityLevel"":null,""auctionValueAverage"":47.17,""auctionValueAverageChange"":1.03,""averageDraftPosition"":14.19,""averageDraftPositionPercentChange"":0.26,""date"":1788222619314,""leagueType"":0,""percentChange"":0.02,""percentOwned"":99.84,""percentStarted"":98.71}}",-0.81,13,draft-command:13,exact stable-ID match,1.0,,Live ESPN draft-room order was not separately observable from the public API capture.,510035bab05a1030136609e487e9a140ba9ce17cd75e224e60d4d5b69baa425e,espn_2026_frozen_20260901T003012Z_3379127ab1c0
2026,2026-09-01T00:30:12Z,2026-08-31T19:30:12-05:00,frozen,espn-fantasy-api-kona-player-info-2026-ppr,https://lm-api-reads.fantasy.espn.com/apis/v3/games/ffl/seasons/2026/segments/0/leaguedefaults/1?view=kona_player_info,1,PPR,3043078,Derrick Henry,derrick henry,BAL,RB,"[2,3,23,7,20,21]",16,,16.96,,"{""draftRanksByRankType.PPR"":{""auctionValue"":40,""published"":false,""rank"":16,""rankSourceId"":0,""rankType"":""PPR"",""slotId"":0},""ownership"":{""activityLevel"":null,""auctionValueAverage"":42.44,""auctionValueAverageChange"":0.81,""averageDraftPosition"":16.96,""averageDraftPositionPercentChange"":0.38,""date"":1788222618455,""leagueType"":0,""percentChange"":0.03,""percentOwned"":99.79,""percentStarted"":97.71}}",0.96,16,draft-command:16,exact stable-ID match,1.0,,Live ESPN draft-room order was not separately observable from the public API capture.,3c7a6073192598c317f96e3c30d6ee60ee6faf92782b5d419570fc31f127e4b2,espn_2026_frozen_20260901T003012Z_3379127ab1c0
2026,2026-09-01T00:30:12Z,2026-08-31T19:30:12-05:00,frozen,espn-fantasy-api-kona-player-info-2026-ppr,https://lm-api-reads.fantasy.espn.com/apis/v3/games/ffl/seasons/2026/segments/0/leaguedefaults/1?view=kona_player_info,1,PPR,4426502,Drake London,drake london,ATL,WR,"[3,4,5,23,7,20,21]",17,,19.91,,"{""draftRanksByRankType.PPR"":{""auctionValue"":38,""published"":false,""rank"":17,""rankSourceId"":0,""rankType"":""PPR"",""slotId"":0},""ownership"":{""activityLevel"":null,""auctionValueAverage"":37.8,""auctionValueAverageChange"":-0.34,""averageDraftPosition"":19.91,""averageDraftPositionPercentChange"":-0.31,""date"":1788222620978,""leagueType"":0,""percentChange"":0.03,""percentOwned"":99.72,""percentStarted"":97.46}}",2.91,17,draft-command:17,exact stable-ID match,1.0,,Live ESPN draft-room order was not separately observable from the public API capture.,aedbe4534305afd20fa2b19b7d2ab88bc2bf018fcf8efe2a0efda98acf983120,espn_2026_frozen_20260901T003012Z_3379127ab1c0
2026,2026-09-01T00:30:12Z,2026-08-31T19:30:12-05:00,frozen,espn-fantasy-api-kona-player-info-2026-ppr,https://lm-api-reads.fantasy.espn.com/apis/v3/games/ffl/seasons/2026/segments/0/leaguedefaults/1?view=kona_player_info,1,PPR,4890973,Ashton Jeanty,ashton jeanty,LV,RB,"[2,3,23,7,20,21]",18,,21.42,,"{""draftRanksByRankType.PPR"":{""auctionValue"":37,""published"":false,""rank"":18,""rankSourceId"":0,""rankType"":""PPR"",""slotId"":0},""ownership"":{""activityLevel"":null,""auctionValueAverage"":38.32,""auctionValueAverageChange"":-0.73,""averageDraftPosition"":21.42,""averageDraftPositionPercentChange"":-0.59,""date"":1788219022269,""leagueType"":0,""percentChange"":0.03,""percentOwned"":99.63,""percentStarted"":95.12}}",3.42,18,draft-command:18,exact stable-ID match,1.0,,Live ESPN draft-room order was not separately observable from the public API capture.,9571876121e06e4790ecc6c660d98517b483e192636cedf05555af13af3ccc77,espn_2026_frozen_20260901T003012Z_3379127ab1c0
2026,2026-09-01T00:30:12Z,2026-08-31T19:30:12-05:00,frozen,espn-fantasy-api-kona-player-info-2026-ppr,https://lm-api-reads.fantasy.espn.com/apis/v3/games/ffl/seasons/2026/segments/0/leaguedefaults/1?view=kona_player_info,1,PPR,4047646,A.J. Brown,a j brown,NE,WR,"[3,4,5,23,7,20,21]",19,,21.9,,"{""draftRanksByRankType.PPR"":{""auctionValue"":36,""published"":false,""rank"":19,""rankSourceId"":0,""rankType"":""PPR"",""slotId"":0},""ownership"":{""activityLevel"":null,""auctionValueAverage"":36.38,""auctionValueAverageChange"":0.93,""averageDraftPosition"":21.9,""averageDraftPositionPercentChange"":1.1,""date"":1788222619723,""leagueType"":0,""percentChange"":0.04,""percentOwned"":99.63,""percentStarted"":92.81}}",2.9,20,draft-command:20,exact stable-ID match,1.0,,Live ESPN draft-room order was not separately observable from the public API capture.,a5668a25691d4095f76ffc3373566a1bd5babc22daa34da4f7fb4d60558ca1ed,espn_2026_frozen_20260901T003012Z_3379127ab1c0
2026,2026-09-01T00:30:12Z,2026-08-31T19:30:12-05:00,frozen,espn-fantasy-api-kona-player-info-2026-ppr,https://lm-api-reads.fantasy.espn.com/apis/v3/games/ffl/seasons/2026/segments/0/leaguedefaults/1?view=kona_player_info,1,PPR,4361307,Trey McBride,trey mcbride,ARI,TE,"[5,6,23,7,20,21]",20,,22.35,,"{""draftRanksByRankType.PPR"":{""auctionValue"":35,""published"":false,""rank"":20,""rankSourceId"":0,""rankType"":""PPR"",""slotId"":0},""ownership"":{""activityLevel"":null,""auctionValueAverage"":34.55,""auctionValueAverageChange"":-0.2,""averageDraftPosition"":22.35,""averageDraftPositionPercentChange"":-0.37,""date"":1788222620539,""leagueType"":0,""percentChange"":0.02,""percentOwned"":99.87,""percentStarted"":99.4}}",2.35,23,draft-command:23,exact stable-ID match,1.0,,Live ESPN draft-room order was not separately observable from the public API capture.,f4aac8672528b86161350223b04c9f6ae01fb66d602afd1a4bb693ba020427a8,espn_2026_frozen_20260901T003012Z_3379127ab1c0
2026,2026-09-01T00:30:12Z,2026-08-31T19:30:12-05:00,frozen,espn-fantasy-api-kona-player-info-2026-ppr,https://lm-api-reads.fantasy.espn.com/apis/v3/games/ffl/seasons/2026/segments/0/leaguedefaults/1?view=kona_player_info,1,PPR,4870808,Jeremiyah Love,jeremiyah love,ARI,RB,"[25,2,3,23,7,20,21]",21,,25.8,,"{""draftRanksByRankType.PPR"":{""auctionValue"":34,""published"":false,""rank"":21,""rankSourceId"":0,""rankType"":""PPR"",""slotId"":0},""ownership"":{""activityLevel"":null,""auctionValueAverage"":34.22,""auctionValueAverageChange"":-0.54,""averageDraftPosition"":25.8,""averageDraftPositionPercentChange"":-0.64,""date"":1788219022160,""leagueType"":0,""percentChange"":0.05,""percentOwned"":99.34,""percentStarted"":93.18}}",4.8,27,draft-command:27,exact stable-ID match,1.0,,Live ESPN draft-room order was not separately observable from the public API capture.,6d58a14fbf1d6bded229cd37bf3516d1d1e3eab8024912fbc1d1f7f2302ecf4f,espn_2026_frozen_20260901T003012Z_3379127ab1c0
2026,2026-09-01T00:30:12Z,2026-08-31T19:30:12-05:00,frozen,espn-fantasy-api-kona-player-info-2026-ppr,https://lm-api-reads.fantasy.espn.com/apis/v3/games/ffl/seasons/2026/segments/0/leaguedefaults/1?view=kona_player_info,1,PPR,4432665,Brock Bowers,brock bowers,LV,TE,"[5,6,23,7,20,21]",22,,24,,"{""draftRanksByRankType.PPR"":{""auctionValue"":33,""published"":false,""rank"":22,""rankSourceId"":0,""rankType"":""PPR"",""slotId"":0},""ownership"":{""activityLevel"":null,""auctionValueAverage"":33.55,""auctionValueAverageChange"":0.32,""averageDraftPosition"":24.0,""averageDraftPositionPercentChange"":0.11,""date"":1788219020649,""leagueType"":0,""percentChange"":0.03,""percentOwned"":99.86,""percentStarted"":99.49}}",2.0,21,draft-command:21,exact stable-ID match,1.0,,Live ESPN draft-room order was not separately observable from the public API capture.,b6e4fcffae8dc55dad3b8391b681bd83baa29ecb4d4b69926a3b3f56be8cc88a,espn_2026_frozen_20260901T003012Z_3379127ab1c0
2026,2026-09-01T00:30:12Z,2026-08-31T19:30:12-05:00,frozen,espn-fantasy-api-kona-player-info-2026-ppr,https://lm-api-reads.fantasy.espn.com/apis/v3/games/ffl/seasons/2026/segments/0/leaguedefaults/1?view=kona_player_info,1,PPR,4258173,Nico Collins,nico collins,HOU,WR,"[3,4,5,23,7,20,21]",23,,25.95,,"{""draftRanksByRankType.PPR"":{""auctionValue"":32,""published"":false,""rank"":23,""rankSourceId"":0,""rankType"":""PPR"",""slotId"":0},""ownership"":{""activityLevel"":null,""auctionValueAverage"":32.79,""auctionValueAverageChange"":0.32,""averageDraftPosition"":25.95,""averageDraftPositionPercentChange"":0.21,""date"":1788222620239,""leagueType"":0,""percentChange"":0.04,""percentOwned"":99.64,""percentStarted"":96.02}}",2.95,22,draft-command:22,exact stable-ID match,1.0,,Live ESPN draft-room order was not separately observable from the public API capture.,5461b628bc640bfc70ff61aeb4b637974d45810efb177286fc6fb373b03d6e12,espn_2026_frozen_20260901T003012Z_3379127ab1c0
2026,2026-09-01T00:30:12Z,2026-08-31T19:30:12-05:00,frozen,espn-fantasy-api-kona-player-info-2026-ppr,https://lm-api-reads.fantasy.espn.com/apis/v3/games/ffl/seasons/2026/segments/0/leaguedefaults/1?view=kona_player_info,1,PPR,4361370,Chris Olave,chris olave,NO,WR,"[3,4,5,23,7,20,21]",24,,29.83,,"{""draftRanksByRankType.PPR"":{""auctionValue"":32,""published"":false,""rank"":24,""rankSourceId"":0,""rankType"":""PPR"",""slotId"":0},""ownership"":{""activityLevel"":null,""auctionValueAverage"":29.31,""auctionValueAverageChange"":0.35,""averageDraftPosition"":29.83,""averageDraftPositionPercentChange"":0.29,""date"":1788222620549,""leagueType"":0,""percentChange"":0.08,""percentOwned"":99.16,""percentStarted"":91.44}}",5.83,26,draft-command:26,exact stable-ID match,1.0,,Live ESPN draft-room order was not separately observable from the public API capture.,20f73e421debd972037cb085899a2904f4e498b5e978dfb457cf543e031647b7,espn_2026_frozen_20260901T003012Z_3379127ab1c0
2026,2026-09-01T00:30:12Z,2026-08-31T19:30:12-05:00,frozen,espn-fantasy-api-kona-player-info-2026-ppr,https://lm-api-reads.fantasy.espn.com/apis/v3/games/ffl/seasons/2026/segments/0/leaguedefaults/1?view=kona_player_info,1,PPR,4567048,Kenneth Walker III,kenneth walker,KC,RB,"[2,3,23,7,20,21]",25,,24.82,,"{""draftRanksByRankType.PPR"":{""auctionValue"":31,""published"":false,""rank"":25,""rankSourceId"":0,""rankType"":""PPR"",""slotId"":0},""ownership"":{""activityLevel"":null,""auctionValueAverage"":36.63,""auctionValueAverageChange"":-0.16,""averageDraftPosition"":24.82,""averageDraftPositionPercentChange"":-0.62,""date"":1788219020705,""leagueType"":0,""percentChange"":0.03,""percentOwned"":99.47,""percentStarted"":92.28}}",-0.18,19,draft-command:19,exact stable-ID match,1.0,,Live ESPN draft-room order was not separately observable from the public API capture.,2d8a1570c4ba9533c8bec8a8affc3d730848e093a2b097d7d4dcb9d84ce71fb4,espn_2026_frozen_20260901T003012Z_3379127ab1c0
2026,2026-09-01T00:30:12Z,2026-08-31T19:30:12-05:00,frozen,espn-fantasy-api-kona-player-info-2026-ppr,https://lm-api-reads.fantasy.espn.com/apis/v3/games/ffl/seasons/2026/segments/0/leaguedefaults/1?view=kona_player_info,1,PPR,3918298,Josh Allen,josh allen,BUF,QB,"[0,7,20,21]",26,,19.57,,"{""draftRanksByRankType.PPR"":{""auctionValue"":30,""published"":false,""rank"":26,""rankSourceId"":0,""rankType"":""PPR"",""slotId"":0},""ownership"":{""activityLevel"":null,""auctionValueAverage"":38.45,""auctionValueAverageChange"":1.08,""averageDraftPosition"":19.57,""averageDraftPositionPercentChange"":0.45,""date"":1788222619259,""leagueType"":0,""percentChange"":0.02,""percentOwned"":99.9,""percentStarted"":97.69}}",-6.43,25,draft-command:25,exact stable-ID match,1.0,,Live ESPN draft-room order was not separately observable from the public API capture.,cbd1ebe9386e56b624acccafbb38c717e5ba28fbd5aa7e7b649c061909c1975a,espn_2026_frozen_20260901T003012Z_3379127ab1c0
2026,2026-09-01T00:30:12Z,2026-08-31T19:30:12-05:00,frozen,espn-fantasy-api-kona-player-info-2026-ppr,https://lm-api-reads.fantasy.espn.com/apis/v3/games/ffl/seasons/2026/segments/0/leaguedefaults/1?view=kona_player_info,1,PPR,4428331,Rashee Rice,rashee rice,KC,WR,"[3,4,5,23,7,20,21]",27,,28.16,,"{""draftRanksByRankType.PPR"":{""auctionValue"":30,""published"":false,""rank"":27,""rankSourceId"":0,""rankType"":""PPR"",""slotId"":0},""ownership"":{""activityLevel"":null,""auctionValueAverage"":30.6,""auctionValueAverageChange"":-1.24,""averageDraftPosition"":28.16,""averageDraftPositionPercentChange"":-1.55,""date"":1788219020144,""leagueType"":0,""percentChange"":0.05,""percentOwned"":99.46,""percentStarted"":94.39}}",1.16,30,draft-command:30,exact stable-ID match,1.0,,Live ESPN draft-room order was not separately observable from the public API capture.,25bd827188d95e94114ebda628d812cf53fb0954ffe00dac32696f1bcb8eadaa,espn_2026_frozen_20260901T003012Z_3379127ab1c0
2026,2026-09-01T00:30:12Z,2026-08-31T19:30:12-05:00,frozen,espn-fantasy-api-kona-player-info-2026-ppr,https://lm-api-reads.fantasy.espn.com/apis/v3/games/ffl/seasons/2026/segments/0/leaguedefaults/1?view=kona_player_info,1,PPR,4426354,George Pickens,george pickens,DAL,WR,"[3,4,5,23,7,20,21]",28,,28.65,,"{""draftRanksByRankType.PPR"":{""auctionValue"":29,""published"":false,""rank"":28,""rankSourceId"":0,""rankType"":""PPR"",""slotId"":0},""ownership"":{""activityLevel"":null,""auctionValueAverage"":29.44,""auctionValueAverageChange"":0.59,""averageDraftPosition"":28.65,""averageDraftPositionPercentChange"":0.48,""date"":1788222620939,""leagueType"":0,""percentChange"":0.04,""percentOwned"":99.68,""percentStarted"":93.64}}",0.65,24,draft-command:24,exact stable-ID match,1.0,,Live ESPN draft-room order was not separately observable from the public API capture.,16ba39ecf105400b4eda3aac5d932a4dc2e0ff34fc49c25f831390ef81453c5c,espn_2026_frozen_20260901T003012Z_3379127ab1c0
2026,2026-09-01T00:30:12Z,2026-08-31T19:30:12-05:00,frozen,espn-fantasy-api-kona-player-info-2026-ppr,https://lm-api-reads.fantasy.espn.com/apis/v3/games/ffl/seasons/2026/segments/0/leaguedefaults/1?view=kona_player_info,1,PPR,4569618,Garrett Wilson,garrett wilson,NYJ,WR,"[3,4,5,23,7,20,21]",29,,37.18,,"{""draftRanksByRankType.PPR"":{""auctionValue"":28,""published"":false,""rank"":29,""rankSourceId"":0,""rankType"":""PPR"",""slotId"":0},""ownership"":{""activityLevel"":null,""auctionValueAverage"":23.47,""auctionValueAverageChange"":-0.21,""averageDraftPosition"":37.18,""averageDraftPositionPercentChange"":-0.16,""date"":1788219020869,""leagueType"":0,""percentChange"":0.11,""percentOwned"":98.8,""percentStarted"":88.89}}",8.18,38,draft-command:38,exact stable-ID match,1.0,,Live ESPN draft-room order was not separately observable from the public API capture.,0ac6122becc2502886cb280e4ce92d34726d3d0270ce4758d7f034a9c6ca0122,espn_2026_frozen_20260901T003012Z_3379127ab1c0
2026,2026-09-01T00:30:12Z,2026-08-31T19:30:12-05:00,frozen,espn-fantasy-api-kona-player-info-2026-ppr,https://lm-api-reads.fantasy.espn.com/apis/v3/games/ffl/seasons/2026/segments/0/leaguedefaults/1?view=kona_player_info,1,PPR,4427366,Breece Hall,breece hall,NYJ,RB,"[2,3,23,7,20,21]",30,,35.81,,"{""draftRanksByRankType.PPR"":{""auctionValue"":27,""published"":false,""rank"":30,""rankSourceId"":0,""rankType"":""PPR"",""slotId"":0},""ownership"":{""activityLevel"":null,""auctionValueAverage"":26.03,""auctionValueAverageChange"":-0.36,""averageDraftPosition"":35.81,""averageDraftPositionPercentChange"":-0.4,""date"":1788219020095,""leagueType"":0,""percentChange"":0.1,""percentOwned"":98.59,""percentStarted"":89.44}}",5.81,31,draft-command:31,exact stable-ID match,1.0,,Live ESPN draft-room order was not separately observable from the public API capture.,4cc98e313cf51a6b71fd003e8b7d7c06ce319f48354fb28553a17d0d457fa255,espn_2026_frozen_20260901T003012Z_3379127ab1c0
2026,2026-09-01T00:30:12Z,2026-08-31T19:30:12-05:00,frozen,espn-fantasy-api-kona-player-info-2026-ppr,https://lm-api-reads.fantasy.espn.com/apis/v3/games/ffl/seasons/2026/segments/0/leaguedefaults/1?view=kona_player_info,1,PPR,4361579,Javonte Williams,javonte williams,DAL,RB,"[2,3,23,7,20,21]",31,,33.56,,"{""draftRanksByRankType.PPR"":{""auctionValue"":26,""published"":false,""rank"":31,""rankSourceId"":0,""rankType"":""PPR"",""slotId"":0},""ownership"":{""activityLevel"":null,""auctionValueAverage"":26.95,""auctionValueAverageChange"":0.4,""averageDraftPosition"":33.56,""averageDraftPositionPercentChange"":0.59,""date"":1788222620575,""leagueType"":0,""percentChange"":0.12,""percentOwned"":98.73,""percentStarted"":90.05}}",2.56,33,draft-command:33,exact stable-ID match,1.0,,Live ESPN draft-room order was not separately observable from the public API capture.,670444bc57e9829e6409fafc638a3f62d15eda1f8f75976aa712625bdb8be888,espn_2026_frozen_20260901T003012Z_3379127ab1c0
2026,2026-09-01T00:30:12Z,2026-08-31T19:30:12-05:00,frozen,espn-fantasy-api-kona-player-info-2026-ppr,https://lm-api-reads.fantasy.espn.com/apis/v3/games/ffl/seasons/2026/segments/0/leaguedefaults/1?view=kona_player_info,1,PPR,4430737,Kyren Williams,kyren williams,LAR,RB,"[2,3,23,7,20,21]",32,,36.79,,"{""draftRanksByRankType.PPR"":{""auctionValue"":25,""published"":false,""rank"":32,""rankSourceId"":0,""rankType"":""PPR"",""slotId"":0},""ownership"":{""activityLevel"":null,""auctionValueAverage"":25.19,""auctionValueAverageChange"":0.83,""averageDraftPosition"":36.79,""averageDraftPositionPercentChange"":1.59,""date"":1788219020479,""leagueType"":0,""percentChange"":0.2,""percentOwned"":98.35,""percentStarted"":86.18}}",4.79,29,draft-command:29,exact stable-ID match,1.0,,Live ESPN draft-room order was not separately observable from the public API capture.,d59cc049d2b2c9506e77e0f4ace86a842d32a764e1ba8f2a50bd433450fd99ba,espn_2026_frozen_20260901T003012Z_3379127ab1c0
2026,2026-09-01T00:30:12Z,2026-08-31T19:30:12-05:00,frozen,espn-fantasy-api-kona-player-info-2026-ppr,https://lm-api-reads.fantasy.espn.com/apis/v3/games/ffl/seasons/2026/segments/0/leaguedefaults/1?view=kona_player_info,1,PPR,4595348,Malik Nabers,malik nabers,NYG,WR,"[3,4,5,23,7,20,21]",33,,34.56,,"{""draftRanksByRankType.PPR"":{""auctionValue"":24,""published"":false,""rank"":33,""rankSourceId"":0,""rankType"":""PPR"",""slotId"":0},""ownership"":{""activityLevel"":null,""auctionValueAverage"":27.57,""auctionValueAverageChange"":0.14,""averageDraftPosition"":34.56,""averageDraftPositionPercentChange"":0.01,""date"":1788219021085,""leagueType"":0,""percentChange"":0.1,""percentOwned"":98.96,""percentStarted"":86.03}}",1.56,28,draft-command:28,exact stable-ID match,1.0,,Live ESPN draft-room order was not separately observable from the public API capture.,e70d2c81b05f27d1d068dc4f9f8608e96e54162b62e7f7262b057f360076e084,espn_2026_frozen_20260901T003012Z_3379127ab1c0
2026,2026-09-01T00:30:12Z,2026-08-31T19:30:12-05:00,frozen,espn-fantasy-api-kona-player-info-2026-ppr,https://lm-api-reads.fantasy.espn.com/apis/v3/games/ffl/seasons/2026/segments/0/leaguedefaults/1?view=kona_player_info,1,PPR,4239996,Travis Etienne Jr.,travis etienne,NO,RB,"[2,3,23,7,20,21]",34,,42.33,,"{""draftRanksByRankType.PPR"":{""auctionValue"":23,""published"":false,""rank"":34,""rankSourceId"":0,""rankType"":""PPR"",""slotId"":0},""ownership"":{""activityLevel"":null,""auctionValueAverage"":20.8,""auctionValueAverageChange"":0.24,""averageDraftPosition"":42.33,""averageDraftPositionPercentChange"":0.67,""date"":1788222619797,""leagueType"":0,""percentChange"":0.21,""percentOwned"":97.66,""percentStarted"":84.63}}",8.33,42,draft-command:42,exact stable-ID match,1.0,,Live ESPN draft-room order was not separately observable from the public API capture.,6f63949ff7c3a247dc3e850673211d2a0fcd8fec84c744dfedb44c8ab385feb7,espn_2026_frozen_20260901T003012Z_3379127ab1c0
2026,2026-09-01T00:30:12Z,2026-08-31T19:30:12-05:00,frozen,espn-fantasy-api-kona-player-info-2026-ppr,https://lm-api-reads.fantasy.espn.com/apis/v3/games/ffl/seasons/2026/segments/0/leaguedefaults/1?view=kona_player_info,1,PPR,4241478,DeVonta Smith,devonta smith,PHI,WR,"[3,4,5,23,7,20,21]",35,,37.31,,"{""draftRanksByRankType.PPR"":{""auctionValue"":22,""published"":false,""rank"":35,""rankSourceId"":0,""rankType"":""PPR"",""slotId"":0},""ownership"":{""activityLevel"":null,""auctionValueAverage"":23.16,""auctionValueAverageChange"":0.37,""averageDraftPosition"":37.31,""averageDraftPositionPercentChange"":0.97,""date"":1788222620035,""leagueType"":0,""percentChange"":0.09,""percentOwned"":99.05,""percentStarted"":89.08}}",2.31,32,draft-command:32,exact stable-ID match,1.0,,Live ESPN draft-room order was not separately observable from the public API capture.,4b7f1f566da2d685534ffff9bbbe7154ded697de60a40ea910376a098afe863d,espn_2026_frozen_20260901T003012Z_3379127ab1c0
2026,2026-09-01T00:30:12Z,2026-08-31T19:30:12-05:00,frozen,espn-fantasy-api-kona-player-info-2026-ppr,https://lm-api-reads.fantasy.espn.com/apis/v3/games/ffl/seasons/2026/segments/0/leaguedefaults/1?view=kona_player_info,1,PPR,4685472,Tetairoa McMillan,tetairoa mcmillan,CAR,WR,"[3,4,5,23,7,20,21]",36,,41.78,,"{""draftRanksByRankType.PPR"":{""auctionValue"":22,""published"":false,""rank"":36,""rankSourceId"":0,""rankType"":""PPR"",""slotId"":0},""ownership"":{""activityLevel"":null,""auctionValueAverage"":20.26,""auctionValueAverageChange"":-0.13,""averageDraftPosition"":41.78,""averageDraftPositionPercentChange"":0.1,""date"":1788219021474,""leagueType"":0,""percentChange"":0.13,""percentOwned"":98.53,""percentStarted"":86.71}}",5.78,36,draft-command:36,exact stable-ID match,1.0,,Live ESPN draft-room order was not separately observable from the public API capture.,24d16d658c4538c597b8255f8c509a3470c0ec11b0fd8e86d5a9516813577e15,espn_2026_frozen_20260901T003012Z_3379127ab1c0
2026,2026-09-01T00:30:12Z,2026-08-31T19:30:12-05:00,frozen,espn-fantasy-api-kona-player-info-2026-ppr,https://lm-api-reads.fantasy.espn.com/apis/v3/games/ffl/seasons/2026/segments/0/leaguedefaults/1?view=kona_player_info,1,PPR,4429615,Zay Flowers,zay flowers,BAL,WR,"[3,4,5,23,7,20,21]",38,,44.06,,"{""draftRanksByRankType.PPR"":{""auctionValue"":22,""published"":false,""rank"":38,""rankSourceId"":0,""rankType"":""PPR"",""slotId"":0},""ownership"":{""activityLevel"":null,""auctionValueAverage"":20.32,""auctionValueAverageChange"":-0.14,""averageDraftPosition"":44.06,""averageDraftPositionPercentChange"":-0.57,""date"":1788219020398,""leagueType"":0,""percentChange"":0.09,""percentOwned"":98.42,""percentStarted"":84.62}}",6.06,37,draft-command:37,exact stable-ID match,1.0,,Live ESPN draft-room order was not separately observable from the public API capture.,37d318b57b082e2e004a2967ae5e812d75b22236629ae81aaf57ba9348b8112c,espn_2026_frozen_20260901T003012Z_3379127ab1c0
2026,2026-09-01T00:30:12Z,2026-08-31T19:30:12-05:00,frozen,espn-fantasy-api-kona-player-info-2026-ppr,https://lm-api-reads.fantasy.espn.com/apis/v3/games/ffl/seasons/2026/segments/0/leaguedefaults/1?view=kona_player_info,1,PPR,4567750,Emeka Egbuka,emeka egbuka,TB,WR,"[3,4,5,23,7,20,21]",39,,45.47,,"{""draftRanksByRankType.PPR"":{""auctionValue"":21,""published"":false,""rank"":39,""rankSourceId"":0,""rankType"":""PPR"",""slotId"":0},""ownership"":{""activityLevel"":null,""auctionValueAverage"":20.3,""auctionValueAverageChange"":0.34,""averageDraftPosition"":45.47,""averageDraftPositionPercentChange"":0.93,""date"":1788219020778,""leagueType"":0,""percentChange"":0.17,""percentOwned"":97.8,""percentStarted"":81.22}}",6.47,41,draft-command:41,exact stable-ID match,1.0,,Live ESPN draft-room order was not separately observable from the public API capture.,f7fd66b6d5aa436a6072df4e0452072af579714d8ce1242591c85450d37fb767,espn_2026_frozen_20260901T003012Z_3379127ab1c0
2026,2026-09-01T00:30:12Z,2026-08-31T19:30:12-05:00,frozen,espn-fantasy-api-kona-player-info-2026-ppr,https://lm-api-reads.fantasy.espn.com/apis/v3/games/ffl/seasons/2026/segments/0/leaguedefaults/1?view=kona_player_info,1,PPR,4685702,Quinshon Judkins,quinshon judkins,CLE,RB,"[2,3,23,7,20,21]",40,,50.28,,"{""draftRanksByRankType.PPR"":{""auctionValue"":21,""published"":false,""rank"":40,""rankSourceId"":0,""rankType"":""PPR"",""slotId"":0},""ownership"":{""activityLevel"":null,""auctionValueAverage"":17.61,""auctionValueAverageChange"":0.15,""averageDraftPosition"":50.28,""averageDraftPositionPercentChange"":1.64,""date"":1788219021567,""leagueType"":0,""percentChange"":0.37,""percentOwned"":96.14,""percentStarted"":75.08}}",10.28,47,draft-command:47,exact stable-ID match,1.0,,Live ESPN draft-room order was not separately observable from the public API capture.,0d2480d7f60ebb43ad3525a17fc9a5dcdd4a8cd61abdca226665acb23b40cadf,espn_2026_frozen_20260901T003012Z_3379127ab1c0
2026,2026-09-01T00:30:12Z,2026-08-31T19:30:12-05:00,frozen,espn-fantasy-api-kona-player-info-2026-ppr,https://lm-api-reads.fantasy.espn.com/apis/v3/games/ffl/seasons/2026/segments/0/leaguedefaults/1?view=kona_player_info,1,PPR,4612826,Ladd McConkey,ladd mcconkey,LAC,WR,"[3,4,5,23,7,20,21]",41,,46.75,,"{""draftRanksByRankType.PPR"":{""auctionValue"":20,""published"":false,""rank"":41,""rankSourceId"":0,""rankType"":""PPR"",""slotId"":0},""ownership"":{""activityLevel"":null,""auctionValueAverage"":19.88,""auctionValueAverageChange"":0.68,""averageDraftPosition"":46.75,""averageDraftPositionPercentChange"":1.17,""date"":1788219021208,""leagueType"":0,""percentChange"":0.28,""percentOwned"":97.18,""percentStarted"":79.1}}",5.75,39,draft-command:39,exact stable-ID match,1.0,,Live ESPN draft-room order was not separately observable from the public API capture.,e360f2e4ccf6718dcb6ea27a25caa62947bec2229d78c2f7f4d42cdc7ae41f8b,espn_2026_frozen_20260901T003012Z_3379127ab1c0
2026,2026-09-01T00:30:12Z,2026-08-31T19:30:12-05:00,frozen,espn-fantasy-api-kona-player-info-2026-ppr,https://lm-api-reads.fantasy.espn.com/apis/v3/games/ffl/seasons/2026/segments/0/leaguedefaults/1?view=kona_player_info,1,PPR,4696981,Cam Skattebo,cam skattebo,NYG,RB,"[2,3,23,7,20,21]",42,,45.48,,"{""draftRanksByRankType.PPR"":{""auctionValue"":19,""published"":false,""rank"":42,""rankSourceId"":0,""rankType"":""PPR"",""slotId"":0},""ownership"":{""activityLevel"":null,""auctionValueAverage"":18.15,""auctionValueAverageChange"":-0.13,""averageDraftPosition"":45.48,""averageDraftPositionPercentChange"":-0.01,""date"":1788219021830,""leagueType"":0,""percentChange"":0.12,""percentOwned"":98.45,""percentStarted"":83.71}}",3.48,45,draft-command:45,exact stable-ID match,1.0,,Live ESPN draft-room order was not separately observable from the public API capture.,3229d92e15d51103add6799e772637b6444916582cd6096e09a7925ce8e3844e,espn_2026_frozen_20260901T003012Z_3379127ab1c0
2026,2026-09-01T00:30:12Z,2026-08-31T19:30:12-05:00,frozen,espn-fantasy-api-kona-player-info-2026-ppr,https://lm-api-reads.fantasy.espn.com/apis/v3/games/ffl/seasons/2026/segments/0/leaguedefaults/1?view=kona_player_info,1,PPR,4723086,Colston Loveland,colston loveland,CHI,TE,"[5,6,23,7,20,21]",43,,42.87,,"{""draftRanksByRankType.PPR"":{""auctionValue"":19,""published"":false,""rank"":43,""rankSourceId"":0,""rankType"":""PPR"",""slotId"":0},""ownership"":{""activityLevel"":null,""auctionValueAverage"":17.76,""auctionValueAverageChange"":0.65,""averageDraftPosition"":42.87,""averageDraftPositionPercentChange"":0.57,""date"":1788219022006,""leagueType"":0,""percentChange"":0.06,""percentOwned"":99.51,""percentStarted"":96.76}}",-0.13,40,draft-command:40,exact stable-ID match,1.0,,Live ESPN draft-room order was not separately observable from the public API capture.,56c7dd89881569664a96da89d6061bb756f8a7ce1997e52fbb64e1c6ea136324,espn_2026_frozen_20260901T003012Z_3379127ab1c0
2026,2026-09-01T00:30:12Z,2026-08-31T19:30:12-05:00,frozen,espn-fantasy-api-kona-player-info-2026-ppr,https://lm-api-reads.fantasy.espn.com/apis/v3/games/ffl/seasons/2026/segments/0/leaguedefaults/1?view=kona_player_info,1,PPR,4239993,Tee Higgins,tee higgins,CIN,WR,"[3,4,5,23,7,20,21]",44,,51.3,,"{""draftRanksByRankType.PPR"":{""auctionValue"":18,""published"":false,""rank"":44,""rankSourceId"":0,""rankType"":""PPR"",""slotId"":0},""ownership"":{""activityLevel"":null,""auctionValueAverage"":16.14,""auctionValueAverageChange"":0.47,""averageDraftPosition"":51.3,""averageDraftPositionPercentChange"":1.06,""date"":1788222619786,""leagueType"":0,""percentChange"":0.23,""percentOwned"":96.94,""percentStarted"":74.57}}",7.3,35,draft-command:35,exact stable-ID match,1.0,,Live ESPN draft-room order was not separately observable from the public API capture.,8593f73048dc641f245ac2687f0e57fac364b4b798e950d0b61402cc4643aab2,espn_2026_frozen_20260901T003012Z_3379127ab1c0
2026,2026-09-01T00:30:12Z,2026-08-31T19:30:12-05:00,frozen,espn-fantasy-api-kona-player-info-2026-ppr,https://lm-api-reads.fantasy.espn.com/apis/v3/games/ffl/seasons/2026/segments/0/leaguedefaults/1?view=kona_player_info,1,PPR,16800,Davante Adams,davante adams,LAR,WR,"[3,4,5,23,7,20,21]",45,,46.34,,"{""draftRanksByRankType.PPR"":{""auctionValue"":17,""published"":false,""rank"":45,""rankSourceId"":0,""rankType"":""PPR"",""slotId"":0},""ownership"":{""activityLevel"":null,""auctionValueAverage"":17.43,""auctionValueAverageChange"":0.05,""averageDraftPosition"":46.34,""averageDraftPositionPercentChange"":0.07,""date"":1788222618005,""leagueType"":0,""percentChange"":0.11,""percentOwned"":98.42,""percentStarted"":83.8}}",1.34,48,draft-command:48,exact stable-ID match,1.0,,Live ESPN draft-room order was not separately observable from the public API capture.,7e35ab548e81ca040a2568c208326b694effc8e9f0d0381b4cfae11ebc1bb7f9,espn_2026_frozen_20260901T003012Z_3379127ab1c0
2026,2026-09-01T00:30:12Z,2026-08-31T19:30:12-05:00,frozen,espn-fantasy-api-kona-player-info-2026-ppr,https://lm-api-reads.fantasy.espn.com/apis/v3/games/ffl/seasons/2026/segments/0/leaguedefaults/1?view=kona_player_info,1,PPR,4372016,Jaylen Waddle,jaylen waddle,DEN,WR,"[3,4,5,23,7,20,21]",46,,52.78,,"{""draftRanksByRankType.PPR"":{""auctionValue"":17,""published"":false,""rank"":46,""rankSourceId"":0,""rankType"":""PPR"",""slotId"":0},""ownership"":{""activityLevel"":null,""auctionValueAverage"":16.24,""auctionValueAverageChange"":0.4,""averageDraftPosition"":52.78,""averageDraftPositionPercentChange"":0.93,""date"":1788222620737,""leagueType"":0,""percentChange"":0.26,""percentOwned"":96.3,""percentStarted"":67.61}}",6.78,43,draft-command:43,exact stable-ID match,1.0,,Live ESPN draft-room order was not separately observable from the public API capture.,98970c9f1ec98ded82f14898b12b014cd087a8dc3460325e910c01561c534fd7,espn_2026_frozen_20260901T003012Z_3379127ab1c0
2026,2026-09-01T00:30:12Z,2026-08-31T19:30:12-05:00,frozen,espn-fantasy-api-kona-player-info-2026-ppr,https://lm-api-reads.fantasy.espn.com/apis/v3/games/ffl/seasons/2026/segments/0/leaguedefaults/1?view=kona_player_info,1,PPR,4259545,D'Andre Swift,d andre swift,CHI,RB,"[2,3,23,7,20,21]",47,,54.65,,"{""draftRanksByRankType.PPR"":{""auctionValue"":15,""published"":false,""rank"":47,""rankSourceId"":0,""rankType"":""PPR"",""slotId"":0},""ownership"":{""activityLevel"":null,""auctionValueAverage"":15.01,""auctionValueAverageChange"":0.89,""averageDraftPosition"":54.65,""averageDraftPositionPercentChange"":2.38,""date"":1788222620276,""leagueType"":0,""percentChange"":0.47,""percentOwned"":94.54,""percentStarted"":66.62}}",7.65,46,draft-command:46,exact stable-ID match,1.0,,Live ESPN draft-room order was not separately observable from the public API capture.,621b6e58f7c612c914abf2744172b4d8de3baf2373501eea1aba6decb9e047ed,espn_2026_frozen_20260901T003012Z_3379127ab1c0
2026,2026-09-01T00:30:12Z,2026-08-31T19:30:12-05:00,frozen,espn-fantasy-api-kona-player-info-2026-ppr,https://lm-api-reads.fantasy.espn.com/apis/v3/games/ffl/seasons/2026/segments/0/leaguedefaults/1?view=kona_player_info,1,PPR,4882093,Bhayshul Tuten,bhayshul tuten,JAX,RB,"[2,3,23,7,20,21]",48,,63.78,,"{""draftRanksByRankType.PPR"":{""auctionValue"":15,""published"":false,""rank"":48,""rankSourceId"":0,""rankType"":""PPR"",""slotId"":0},""ownership"":{""activityLevel"":null,""auctionValueAverage"":12.42,""auctionValueAverageChange"":0.66,""averageDraftPosition"":63.78,""averageDraftPositionPercentChange"":2.69,""date"":1788219022262,""leagueType"":0,""percentChange"":0.7,""percentOwned"":92.39,""percentStarted"":52.38}}",15.78,57,draft-command:57,exact stable-ID match,1.0,,Live ESPN draft-room order was not separately observable from the public API capture.,ef2708b783d9b766845f7b26fc8e243b24068894940fe148db296f8eb80ddc77,espn_2026_frozen_20260901T003012Z_3379127ab1c0
2026,2026-09-01T00:30:12Z,2026-08-31T19:30:12-05:00,frozen,espn-fantasy-api-kona-player-info-2026-ppr,https://lm-api-reads.fantasy.espn.com/apis/v3/games/ffl/seasons/2026/segments/0/leaguedefaults/1?view=kona_player_info,1,PPR,3916387,Lamar Jackson,lamar jackson,BAL,QB,"[0,7,20,21]",49,,35.36,,"{""draftRanksByRankType.PPR"":{""auctionValue"":14,""published"":false,""rank"":49,""rankSourceId"":0,""rankType"":""PPR"",""slotId"":0},""ownership"":{""activityLevel"":null,""auctionValueAverage"":22.95,""auctionValueAverageChange"":0.91,""averageDraftPosition"":35.36,""averageDraftPositionPercentChange"":0.66,""date"":1788222619182,""leagueType"":0,""percentChange"":0.03,""percentOwned"":99.77,""percentStarted"":94.49}}",-13.64,44,draft-command:44,exact stable-ID match,1.0,,Live ESPN draft-room order was not separately observable from the public API capture.,88a376b02b1bc267c7d4f875a0e2234e33d7c2930c26f113f8ba794a4e7da667,espn_2026_frozen_20260901T003012Z_3379127ab1c0
2026,2026-09-01T00:30:12Z,2026-08-31T19:30:12-05:00,frozen,espn-fantasy-api-kona-player-info-2026-ppr,https://lm-api-reads.fantasy.espn.com/apis/v3/games/ffl/seasons/2026/segments/0/leaguedefaults/1?view=kona_player_info,1,PPR,4596448,Bucky Irving,bucky irving,TB,RB,"[2,3,23,7,20,21]",50,,56.92,,"{""draftRanksByRankType.PPR"":{""auctionValue"":13,""published"":false,""rank"":50,""rankSourceId"":0,""rankType"":""PPR"",""slotId"":0},""ownership"":{""activityLevel"":null,""auctionValueAverage"":14.69,""auctionValueAverageChange"":-0.36,""averageDraftPosition"":56.92,""averageDraftPositionPercentChange"":-0.41,""date"":1788219021102,""leagueType"":0,""percentChange"":0.27,""percentOwned"":96.01,""percentStarted"":70.21}}",6.92,49,draft-command:49,exact stable-ID match,1.0,,Live ESPN draft-room order was not separately observable from the public API capture.,6eb19d82ffd668abd00bd48bc3c91cbb6b7244fa6170301aadd9c413b75055df,espn_2026_frozen_20260901T003012Z_3379127ab1c0
2026,2026-09-01T00:30:12Z,2026-08-31T19:30:12-05:00,frozen,espn-fantasy-api-kona-player-info-2026-ppr,https://lm-api-reads.fantasy.espn.com/apis/v3/games/ffl/seasons/2026/segments/0/leaguedefaults/1?view=kona_player_info,1,PPR,4035538,David Montgomery,david montgomery,HOU,RB,"[2,3,23,7,20,21]",51,,63.66,,"{""draftRanksByRankType.PPR"":{""auctionValue"":13,""published"":false,""rank"":51,""rankSourceId"":0,""rankType"":""PPR"",""slotId"":0},""ownership"":{""activityLevel"":null,""auctionValueAverage"":11.62,""auctionValueAverageChange"":0.37,""averageDraftPosition"":63.66,""averageDraftPositionPercentChange"":1.75,""date"":1788222619466,""leagueType"":0,""percentChange"":0.5,""percentOwned"":93.59,""percentStarted"":54.55}}",12.66,53,draft-command:53,exact stable-ID match,1.0,,Live ESPN draft-room order was not separately observable from the public API capture.,6ae364848eb4748faa1327ba5bcf9e3400c8649566ab9125301831afd0e3aba4,espn_2026_frozen_20260901T003012Z_3379127ab1c0
2026,2026-09-01T00:30:12Z,2026-08-31T19:30:12-05:00,frozen,espn-fantasy-api-kona-player-info-2026-ppr,https://lm-api-reads.fantasy.espn.com/apis/v3/games/ffl/seasons/2026/segments/0/leaguedefaults/1?view=kona_player_info,1,PPR,3121422,Terry McLaurin,terry mclaurin,WAS,WR,"[3,4,5,23,7,20,21]",52,,61.06,,"{""draftRanksByRankType.PPR"":{""auctionValue"":12,""published"":false,""rank"":52,""rankSourceId"":0,""rankType"":""PPR"",""slotId"":0},""ownership"":{""activityLevel"":null,""auctionValueAverage"":11.78,""auctionValueAverageChange"":-0.26,""averageDraftPosition"":61.06,""averageDraftPositionPercentChange"":-0.11,""date"":1788222618879,""leagueType"":0,""percentChange"":0.24,""percentOwned"":95.5,""percentStarted"":63.34}}",9.06,51,draft-command:51,exact stable-ID match,1.0,,Live ESPN draft-room order was not separately observable from the public API capture.,e5c1f913b130a88a6517bdf4b87eb1ce5450cd4a45f0d223078721cb6bc95764,espn_2026_frozen_20260901T003012Z_3379127ab1c0
2026,2026-09-01T00:30:12Z,2026-08-31T19:30:12-05:00,frozen,espn-fantasy-api-kona-player-info-2026-ppr,https://lm-api-reads.fantasy.espn.com/apis/v3/games/ffl/seasons/2026/segments/0/leaguedefaults/1?view=kona_player_info,1,PPR,3915416,DJ Moore,dj moore,BUF,WR,"[3,4,5,23,7,20,21]",53,,62.23,,"{""draftRanksByRankType.PPR"":{""auctionValue"":11,""published"":false,""rank"":53,""rankSourceId"":0,""rankType"":""PPR"",""slotId"":0},""ownership"":{""activityLevel"":null,""auctionValueAverage"":12.46,""auctionValueAverageChange"":0.15,""averageDraftPosition"":62.23,""averageDraftPositionPercentChange"":0.49,""date"":1788222619129,""leagueType"":0,""percentChange"":0.38,""percentOwned"":94.62,""percentStarted"":53.93}}",9.23,54,draft-command:54,exact stable-ID match,1.0,,Live ESPN draft-room order was not separately observable from the public API capture.,cb0915e98db272836d1c8e0ea4464df9ef4b7855389394e784a471b0172687c8,espn_2026_frozen_20260901T003012Z_3379127ab1c0
2026,2026-09-01T00:30:12Z,2026-08-31T19:30:12-05:00,frozen,espn-fantasy-api-kona-player-info-2026-ppr,https://lm-api-reads.fantasy.espn.com/apis/v3/games/ffl/seasons/2026/segments/0/leaguedefaults/1?view=kona_player_info,1,PPR,4685512,Jadarian Price,jadarian price,SEA,RB,"[25,2,3,23,7,20,21]",54,,69.96,,"{""draftRanksByRankType.PPR"":{""auctionValue"":11,""published"":false,""rank"":54,""rankSourceId"":0,""rankType"":""PPR"",""slotId"":0},""ownership"":{""activityLevel"":null,""auctionValueAverage"":12.16,""auctionValueAverageChange"":0.65,""averageDraftPosition"":69.96,""averageDraftPositionPercentChange"":1.99,""date"":1788219021504,""leagueType"":0,""percentChange"":0.68,""percentOwned"":92.55,""percentStarted"":53.05}}",15.96,63,draft-command:63,exact stable-ID match,1.0,,Live ESPN draft-room order was not separately observable from the public API capture.,871fb73a904250d596c1148f9d5789c673b4c3d416eee28834552b8b97f43ecc,espn_2026_frozen_20260901T003012Z_3379127ab1c0
2026,2026-09-01T00:30:12Z,2026-08-31T19:30:12-05:00,frozen,espn-fantasy-api-kona-player-info-2026-ppr,https://lm-api-reads.fantasy.espn.com/apis/v3/games/ffl/seasons/2026/segments/0/leaguedefaults/1?view=kona_player_info,1,PPR,4426388,Jameson Williams,jameson williams,DET,WR,"[3,4,5,23,7,20,21]",55,,64.73,,"{""draftRanksByRankType.PPR"":{""auctionValue"":10,""published"":false,""rank"":55,""rankSourceId"":0,""rankType"":""PPR"",""slotId"":0},""ownership"":{""activityLevel"":null,""auctionValueAverage"":10.52,""auctionValueAverageChange"":0.06,""averageDraftPosition"":64.73,""averageDraftPositionPercentChange"":0.66,""date"":1788222620951,""leagueType"":0,""percentChange"":0.29,""percentOwned"":94.82,""percentStarted"":55.08}}",9.73,55,draft-command:55,exact stable-ID match,1.0,,Live ESPN draft-room order was not separately observable from the public API capture.,83490cf315f079b0d1992bec2872cabc799d4757083eeabd4b3af59633c06bdc,espn_2026_frozen_20260901T003012Z_3379127ab1c0
2026,2026-09-01T00:30:12Z,2026-08-31T19:30:12-05:00,frozen,espn-fantasy-api-kona-player-info-2026-ppr,https://lm-api-reads.fantasy.espn.com/apis/v3/games/ffl/seasons/2026/segments/0/leaguedefaults/1?view=kona_player_info,1,PPR,4431459,Tyler Warren,tyler warren,IND,TE,"[5,6,23,7,20,21]",56,,51.93,,"{""draftRanksByRankType.PPR"":{""auctionValue"":10,""published"":false,""rank"":56,""rankSourceId"":0,""rankType"":""PPR"",""slotId"":0},""ownership"":{""activityLevel"":null,""auctionValueAverage"":12.51,""auctionValueAverageChange"":-0.06,""averageDraftPosition"":51.93,""averageDraftPositionPercentChange"":-0.3,""date"":1788219020590,""leagueType"":0,""percentChange"":0.05,""percentOwned"":99.02,""percentStarted"":93.79}}",-4.07,50,draft-command:50,exact stable-ID match,1.0,,Live ESPN draft-room order was not separately observable from the public API capture.,1d6fb91a85eb9bed59bb12b50c82119f5b05d96687e4acbc5fe53fad3012b046,espn_2026_frozen_20260901T003012Z_3379127ab1c0
2026,2026-09-01T00:30:12Z,2026-08-31T19:30:12-05:00,frozen,espn-fantasy-api-kona-player-info-2026-ppr,https://lm-api-reads.fantasy.espn.com/apis/v3/games/ffl/seasons/2026/segments/0/leaguedefaults/1?view=kona_player_info,1,PPR,4431299,Rome Odunze,rome odunze,CHI,WR,"[3,4,5,23,7,20,21]",58,,64.86,,"{""draftRanksByRankType.PPR"":{""auctionValue"":10,""published"":false,""rank"":58,""rankSourceId"":0,""rankType"":""PPR"",""slotId"":0},""ownership"":{""activityLevel"":null,""auctionValueAverage"":10.8,""auctionValueAverageChange"":-0.18,""averageDraftPosition"":64.86,""averageDraftPositionPercentChange"":0.16,""date"":1788219020568,""leagueType"":0,""percentChange"":0.43,""percentOwned"":94.32,""percentStarted"":56.0}}",6.86,58,draft-command:58,exact stable-ID match,1.0,,Live ESPN draft-room order was not separately observable from the public API capture.,3744ecb3d9d967eda4d1f66789bd520a3ad196897a9f9db721bc212fc65e4b24,espn_2026_frozen_20260901T003012Z_3379127ab1c0
2026,2026-09-01T00:30:12Z,2026-08-31T19:30:12-05:00,frozen,espn-fantasy-api-kona-player-info-2026-ppr,https://lm-api-reads.fantasy.espn.com/apis/v3/games/ffl/seasons/2026/segments/0/leaguedefaults/1?view=kona_player_info,1,PPR,4426348,Jayden Daniels,jayden daniels,WAS,QB,"[0,7,20,21]",60,,52.59,,"{""draftRanksByRankType.PPR"":{""auctionValue"":10,""published"":false,""rank"":60,""rankSourceId"":0,""rankType"":""PPR"",""slotId"":0},""ownership"":{""activityLevel"":null,""auctionValueAverage"":14.8,""auctionValueAverageChange"":0.26,""averageDraftPosition"":52.59,""averageDraftPositionPercentChange"":-0.52,""date"":1788222620929,""leagueType"":0,""percentChange"":0.06,""percentOwned"":98.9,""percentStarted"":82.51}}",-7.41,60,draft-command:60,exact stable-ID match,1.0,,Live ESPN draft-room order was not separately observable from the public API capture.,0e3c0d952dbec5f99e319c4cf55ba658bb0801f1eb501b3b4b38bd952a9f2f6b,espn_2026_frozen_20260901T003012Z_3379127ab1c0
2026,2026-09-01T00:30:12Z,2026-08-31T19:30:12-05:00,frozen,espn-fantasy-api-kona-player-info-2026-ppr,https://lm-api-reads.fantasy.espn.com/apis/v3/games/ffl/seasons/2026/segments/0/leaguedefaults/1?view=kona_player_info,1,PPR,4431452,Drake Maye,drake maye,NE,QB,"[0,7,20,21]",62,,47.42,,"{""draftRanksByRankType.PPR"":{""auctionValue"":9,""published"":false,""rank"":62,""rankSourceId"":0,""rankType"":""PPR"",""slotId"":0},""ownership"":{""activityLevel"":null,""auctionValueAverage"":15.99,""auctionValueAverageChange"":0.36,""averageDraftPosition"":47.42,""averageDraftPositionPercentChange"":-0.08,""date"":1788219020586,""leagueType"":0,""percentChange"":0.07,""percentOwned"":99.29,""percentStarted"":80.4}}",-14.58,56,draft-command:56,exact stable-ID match,1.0,,Live ESPN draft-room order was not separately observable from the public API capture.,afc6d9899a4d3603831ab198b81eee801f296ea6b3f134085113c644247b03be,espn_2026_frozen_20260901T003012Z_3379127ab1c0
2026,2026-09-01T00:30:12Z,2026-08-31T19:30:12-05:00,frozen,espn-fantasy-api-kona-player-info-2026-ppr,https://lm-api-reads.fantasy.espn.com/apis/v3/games/ffl/seasons/2026/segments/0/leaguedefaults/1?view=kona_player_info,1,PPR,4432710,TreVeyon Henderson,treveyon henderson,NE,RB,"[2,3,23,7,20,21]",64,,79.65,,"{""draftRanksByRankType.PPR"":{""auctionValue"":9,""published"":false,""rank"":64,""rankSourceId"":0,""rankType"":""PPR"",""slotId"":0},""ownership"":{""activityLevel"":null,""auctionValueAverage"":7.28,""auctionValueAverageChange"":-0.08,""averageDraftPosition"":79.65,""averageDraftPositionPercentChange"":0.01,""date"":1788219020656,""leagueType"":0,""percentChange"":0.4,""percentOwned"":91.87,""percentStarted"":34.08}}",15.65,61,draft-command:61,exact stable-ID match,1.0,,Live ESPN draft-room order was not separately observable from the public API capture.,dc91c32ecee9ff522828fbf8656e2af9961150243d911481c7af8d6530b24093,espn_2026_frozen_20260901T003012Z_3379127ab1c0
2026,2026-09-01T00:30:12Z,2026-08-31T19:30:12-05:00,frozen,espn-fantasy-api-kona-player-info-2026-ppr,https://lm-api-reads.fantasy.espn.com/apis/v3/games/ffl/seasons/2026/segments/0/leaguedefaults/1?view=kona_player_info,1,PPR,4685278,Luther Burden III,luther burden,CHI,WR,"[3,4,5,23,7,20,21]",66,,76.19,,"{""draftRanksByRankType.PPR"":{""auctionValue"":9,""published"":false,""rank"":66,""rankSourceId"":0,""rankType"":""PPR"",""slotId"":0},""ownership"":{""activityLevel"":null,""auctionValueAverage"":8.66,""auctionValueAverageChange"":0.06,""averageDraftPosition"":76.19,""averageDraftPositionPercentChange"":0.61,""date"":1788219021400,""leagueType"":0,""percentChange"":0.48,""percentOwned"":92.02,""percentStarted"":35.49}}",10.19,52,draft-command:52,exact stable-ID match,1.0,,Live ESPN draft-room order was not separately observable from the public API capture.,519e12ac4a04d07be1161b7b2047935270bcf67b4ed29a5f2589f7edd74a4d3d,espn_2026_frozen_20260901T003012Z_3379127ab1c0
2026,2026-09-01T00:30:12Z,2026-08-31T19:30:12-05:00,frozen,espn-fantasy-api-kona-player-info-2026-ppr,https://lm-api-reads.fantasy.espn.com/apis/v3/games/ffl/seasons/2026/segments/0/leaguedefaults/1?view=kona_player_info,1,PPR,4871023,Carnell Tate,carnell tate,TEN,WR,"[25,3,4,5,23,7,20,21]",67,,76.94,,"{""draftRanksByRankType.PPR"":{""auctionValue"":8,""published"":false,""rank"":67,""rankSourceId"":0,""rankType"":""PPR"",""slotId"":0},""ownership"":{""activityLevel"":null,""auctionValueAverage"":7.03,""auctionValueAverageChange"":-0.06,""averageDraftPosition"":76.94,""averageDraftPositionPercentChange"":0.58,""date"":1788219022195,""leagueType"":0,""percentChange"":0.41,""percentOwned"":92.85,""percentStarted"":38.97}}",9.94,66,draft-command:66,exact stable-ID match,1.0,,Live ESPN draft-room order was not separately observable from the public API capture.,d1899488d0181fc568a4fec929bd1b27ddb9f3ea9a520f08a8bcc63df10570e2,espn_2026_frozen_20260901T003012Z_3379127ab1c0
2026,2026-09-01T00:30:12Z,2026-08-31T19:30:12-05:00,frozen,espn-fantasy-api-kona-player-info-2026-ppr,https://lm-api-reads.fantasy.espn.com/apis/v3/games/ffl/seasons/2026/segments/0/leaguedefaults/1?view=kona_player_info,1,PPR,16737,Mike Evans,mike evans,SF,WR,"[3,4,5,23,7,20,21]",68,,86.52,,"{""draftRanksByRankType.PPR"":{""auctionValue"":8,""published"":false,""rank"":68,""rankSourceId"":0,""rankType"":""PPR"",""slotId"":0},""ownership"":{""activityLevel"":null,""auctionValueAverage"":5.97,""auctionValueAverageChange"":0.27,""averageDraftPosition"":86.52,""averageDraftPositionPercentChange"":2.03,""date"":1788222617994,""leagueType"":0,""percentChange"":0.56,""percentOwned"":89.44,""percentStarted"":22.16}}",18.52,62,draft-command:62,exact stable-ID match,1.0,,Live ESPN draft-room order was not separately observable from the public API capture.,32ba2dc69769f896cbcd011d22bd34612f4428d6af1012a0aa65fb782be0740a,espn_2026_frozen_20260901T003012Z_3379127ab1c0
2026,2026-09-01T00:30:12Z,2026-08-31T19:30:12-05:00,frozen,espn-fantasy-api-kona-player-info-2026-ppr,https://lm-api-reads.fantasy.espn.com/apis/v3/games/ffl/seasons/2026/segments/0/leaguedefaults/1?view=kona_player_info,1,PPR,4569173,Rhamondre Stevenson,rhamondre stevenson,NE,RB,"[2,3,23,7,20,21]",69,,80.65,,"{""draftRanksByRankType.PPR"":{""auctionValue"":8,""published"":false,""rank"":69,""rankSourceId"":0,""rankType"":""PPR"",""slotId"":0},""ownership"":{""activityLevel"":null,""auctionValueAverage"":6.43,""auctionValueAverageChange"":0.21,""averageDraftPosition"":80.65,""averageDraftPositionPercentChange"":1.2,""date"":1788219020829,""leagueType"":0,""percentChange"":0.9,""percentOwned"":89.1,""percentStarted"":26.26}}",11.65,70,draft-command:70,exact stable-ID match,1.0,,Live ESPN draft-room order was not separately observable from the public API capture.,9b07a01ba6d5e81120895c1d940ca26d3dac6f762a03b8479d5412a50d12c7ac,espn_2026_frozen_20260901T003012Z_3379127ab1c0
2026,2026-09-01T00:30:12Z,2026-08-31T19:30:12-05:00,frozen,espn-fantasy-api-kona-player-info-2026-ppr,https://lm-api-reads.fantasy.espn.com/apis/v3/games/ffl/seasons/2026/segments/0/leaguedefaults/1?view=kona_player_info,1,PPR,3915511,Joe Burrow,joe burrow,CIN,QB,"[0,7,20,21]",70,,54.47,,"{""draftRanksByRankType.PPR"":{""auctionValue"":7,""published"":false,""rank"":70,""rankSourceId"":0,""rankType"":""PPR"",""slotId"":0},""ownership"":{""activityLevel"":null,""auctionValueAverage"":13.83,""auctionValueAverageChange"":0.53,""averageDraftPosition"":54.47,""averageDraftPositionPercentChange"":0.77,""date"":1788222619149,""leagueType"":0,""percentChange"":0.23,""percentOwned"":97.57,""percentStarted"":86.39}}",-15.53,59,draft-command:59,exact stable-ID match,1.0,,Live ESPN draft-room order was not separately observable from the public API capture.,1d311a6e24bbc4fc919a7b642e829b75ff6f2b329c4a6e17686cacaa4592e57e,espn_2026_frozen_20260901T003012Z_3379127ab1c0
2026,2026-09-01T00:30:12Z,2026-08-31T19:30:12-05:00,frozen,espn-fantasy-api-kona-player-info-2026-ppr,https://lm-api-reads.fantasy.espn.com/apis/v3/games/ffl/seasons/2026/segments/0/leaguedefaults/1?view=kona_player_info,1,PPR,4432708,Marvin Harrison Jr.,marvin harrison,ARI,WR,"[3,4,5,23,7,20,21]",72,,79.9,,"{""draftRanksByRankType.PPR"":{""auctionValue"":7,""published"":false,""rank"":72,""rankSourceId"":0,""rankType"":""PPR"",""slotId"":0},""ownership"":{""activityLevel"":null,""auctionValueAverage"":6.87,""auctionValueAverageChange"":0.2,""averageDraftPosition"":79.9,""averageDraftPositionPercentChange"":1.65,""date"":1788219020652,""leagueType"":0,""percentChange"":0.7,""percentOwned"":90.85,""percentStarted"":28.83}}",7.9,67,draft-command:67,exact stable-ID match,1.0,,Live ESPN draft-room order was not separately observable from the public API capture.,657a4262be63f2adb915ea823949e8657c8c9339fe9d1e07f76f7ea502159c41,espn_2026_frozen_20260901T003012Z_3379127ab1c0
2026,2026-09-01T00:30:12Z,2026-08-31T19:30:12-05:00,frozen,espn-fantasy-api-kona-player-info-2026-ppr,https://lm-api-reads.fantasy.espn.com/apis/v3/games/ffl/seasons/2026/segments/0/leaguedefaults/1?view=kona_player_info,1,PPR,4035687,Michael Pittman Jr.,michael pittman,PIT,WR,"[3,4,5,23,7,20,21]",73,,90.21,,"{""draftRanksByRankType.PPR"":{""auctionValue"":7,""published"":false,""rank"":73,""rankSourceId"":0,""rankType"":""PPR"",""slotId"":0},""ownership"":{""activityLevel"":null,""auctionValueAverage"":4.33,""auctionValueAverageChange"":-0.01,""averageDraftPosition"":90.21,""averageDraftPositionPercentChange"":0.44,""date"":1788222619490,""leagueType"":0,""percentChange"":0.43,""percentOwned"":89.37,""percentStarted"":23.3}}",17.21,86,draft-command:86,exact stable-ID match,1.0,,Live ESPN draft-room order was not separately observable from the public API capture.,742d831abd0886b07b49d975b9ed159a0ecbd3f040421454f562d41b63381751,espn_2026_frozen_20260901T003012Z_3379127ab1c0
2026,2026-09-01T00:30:12Z,2026-08-31T19:30:12-05:00,frozen,espn-fantasy-api-kona-player-info-2026-ppr,https://lm-api-reads.fantasy.espn.com/apis/v3/games/ffl/seasons/2026/segments/0/leaguedefaults/1?view=kona_player_info,1,PPR,3916148,Tony Pollard,tony pollard,TEN,RB,"[2,3,23,7,20,21]",74,,92.3,,"{""draftRanksByRankType.PPR"":{""auctionValue"":7,""published"":false,""rank"":74,""rankSourceId"":0,""rankType"":""PPR"",""slotId"":0},""ownership"":{""activityLevel"":null,""auctionValueAverage"":4.73,""auctionValueAverageChange"":0.34,""averageDraftPosition"":92.3,""averageDraftPositionPercentChange"":3.46,""date"":1788222619171,""leagueType"":0,""percentChange"":0.66,""percentOwned"":88.06,""percentStarted"":24.39}}",18.3,77,draft-command:77,exact stable-ID match,1.0,,Live ESPN draft-room order was not separately observable from the public API capture.,0f21174d6d259e9d8026934eabb129a6940954e15ebe5063381afe0cdd746ee8,espn_2026_frozen_20260901T003012Z_3379127ab1c0
2026,2026-09-01T00:30:12Z,2026-08-31T19:30:12-05:00,frozen,espn-fantasy-api-kona-player-info-2026-ppr,https://lm-api-reads.fantasy.espn.com/apis/v3/games/ffl/seasons/2026/segments/0/leaguedefaults/1?view=kona_player_info,1,PPR,4047650,DK Metcalf,dk metcalf,PIT,WR,"[3,4,5,23,7,20,21]",75,,85.67,,"{""draftRanksByRankType.PPR"":{""auctionValue"":6,""published"":false,""rank"":75,""rankSourceId"":0,""rankType"":""PPR"",""slotId"":0},""ownership"":{""activityLevel"":null,""auctionValueAverage"":5.39,""auctionValueAverageChange"":0.02,""averageDraftPosition"":85.67,""averageDraftPositionPercentChange"":0.35,""date"":1788222619728,""leagueType"":0,""percentChange"":0.42,""percentOwned"":91.15,""percentStarted"":29.6}}",10.67,73,draft-command:73,exact stable-ID match,1.0,,Live ESPN draft-room order was not separately observable from the public API capture.,14ef32c2253e62d0e467425f89b172784783d1aacb8f184c57e6f4b9dbacba83,espn_2026_frozen_20260901T003012Z_3379127ab1c0
2026,2026-09-01T00:30:12Z,2026-08-31T19:30:12-05:00,frozen,espn-fantasy-api-kona-player-info-2026-ppr,https://lm-api-reads.fantasy.espn.com/apis/v3/games/ffl/seasons/2026/segments/0/leaguedefaults/1?view=kona_player_info,1,PPR,4040715,Jalen Hurts,jalen hurts,PHI,QB,"[0,7,20,21]",76,,53.96,,"{""draftRanksByRankType.PPR"":{""auctionValue"":6,""published"":false,""rank"":76,""rankSourceId"":0,""rankType"":""PPR"",""slotId"":0},""ownership"":{""activityLevel"":null,""auctionValueAverage"":13.34,""auctionValueAverageChange"":0.12,""averageDraftPosition"":53.96,""averageDraftPositionPercentChange"":-0.84,""date"":1788222619659,""leagueType"":0,""percentChange"":0.14,""percentOwned"":98.17,""percentStarted"":91.24}}",-22.04,64,draft-command:64,exact stable-ID match,1.0,,Live ESPN draft-room order was not separately observable from the public API capture.,deba558e1f2f80d14d0c0ab51fd6c4ad8a683c6b1de3c3fba07e658900ff0999,espn_2026_frozen_20260901T003012Z_3379127ab1c0
2026,2026-09-01T00:30:12Z,2026-08-31T19:30:12-05:00,frozen,espn-fantasy-api-kona-player-info-2026-ppr,https://lm-api-reads.fantasy.espn.com/apis/v3/games/ffl/seasons/2026/segments/0/leaguedefaults/1?view=kona_player_info,1,PPR,5083076,Harold Fannin Jr.,harold fannin,CLE,TE,"[5,6,23,7,20,21]",77,,71.37,,"{""draftRanksByRankType.PPR"":{""auctionValue"":6,""published"":false,""rank"":77,""rankSourceId"":0,""rankType"":""PPR"",""slotId"":0},""ownership"":{""activityLevel"":null,""auctionValueAverage"":5.54,""auctionValueAverageChange"":0.08,""averageDraftPosition"":71.37,""averageDraftPositionPercentChange"":1.11,""date"":1788219022394,""leagueType"":0,""percentChange"":0.48,""percentOwned"":94.56,""percentStarted"":82.56}}",-5.63,71,draft-command:71,exact stable-ID match,1.0,,Live ESPN draft-room order was not separately observable from the public API capture.,12fa3593e09149af52cd32b5e52171d372b64dcb0ce52dc4b0b1c23fb10153a1,espn_2026_frozen_20260901T003012Z_3379127ab1c0
2026,2026-09-01T00:30:12Z,2026-08-31T19:30:12-05:00,frozen,espn-fantasy-api-kona-player-info-2026-ppr,https://lm-api-reads.fantasy.espn.com/apis/v3/games/ffl/seasons/2026/segments/0/leaguedefaults/1?view=kona_player_info,1,PPR,3128429,Courtland Sutton,courtland sutton,DEN,WR,"[3,4,5,23,7,20,21]",78,,81.35,,"{""draftRanksByRankType.PPR"":{""auctionValue"":6,""published"":false,""rank"":78,""rankSourceId"":0,""rankType"":""PPR"",""slotId"":0},""ownership"":{""activityLevel"":null,""auctionValueAverage"":5.64,""auctionValueAverageChange"":-0.02,""averageDraftPosition"":81.35,""averageDraftPositionPercentChange"":-0.11,""date"":1788222618973,""leagueType"":0,""percentChange"":0.46,""percentOwned"":91.47,""percentStarted"":33.62}}",3.35,81,draft-command:81,exact stable-ID match,1.0,,Live ESPN draft-room order was not separately observable from the public API capture.,f9b3f8e210ecd1935d8d1dad36baadc822c7b0e39ff0b247115e8f5c88e211e2,espn_2026_frozen_20260901T003012Z_3379127ab1c0
2026,2026-09-01T00:30:12Z,2026-08-31T19:30:12-05:00,frozen,espn-fantasy-api-kona-player-info-2026-ppr,https://lm-api-reads.fantasy.espn.com/apis/v3/games/ffl/seasons/2026/segments/0/leaguedefaults/1?view=kona_player_info,1,PPR,4360248,Kyle Pitts Sr.,kyle pitts,ATL,TE,"[5,6,23,7,20,21]",79,,67.85,,"{""draftRanksByRankType.PPR"":{""auctionValue"":6,""published"":false,""rank"":79,""rankSourceId"":0,""rankType"":""PPR"",""slotId"":0},""ownership"":{""activityLevel"":null,""auctionValueAverage"":6.55,""auctionValueAverageChange"":0.01,""averageDraftPosition"":67.85,""averageDraftPositionPercentChange"":-0.67,""date"":1788222620447,""leagueType"":0,""percentChange"":0.2,""percentOwned"":96.37,""percentStarted"":83.86}}",-11.15,74,draft-command:74,exact stable-ID match,1.0,,Live ESPN draft-room order was not separately observable from the public API capture.,e4b5d87946aa3c24c7d01958e92c5476bdff2c2a7b69724eac51dfc1b1138b28,espn_2026_frozen_20260901T003012Z_3379127ab1c0
2026,2026-09-01T00:30:12Z,2026-08-31T19:30:12-05:00,frozen,espn-fantasy-api-kona-player-info-2026-ppr,https://lm-api-reads.fantasy.espn.com/apis/v3/games/ffl/seasons/2026/segments/0/leaguedefaults/1?view=kona_player_info,1,PPR,2577417,Dak Prescott,dak prescott,DAL,QB,"[0,7,20,21]",80,,73.89,,"{""draftRanksByRankType.PPR"":{""auctionValue"":6,""published"":false,""rank"":80,""rankSourceId"":0,""rankType"":""PPR"",""slotId"":0},""ownership"":{""activityLevel"":null,""auctionValueAverage"":8.63,""auctionValueAverageChange"":0.4,""averageDraftPosition"":73.89,""averageDraftPositionPercentChange"":2.38,""date"":1788222618150,""leagueType"":0,""percentChange"":0.55,""percentOwned"":92.54,""percentStarted"":64.46}}",-6.11,75,draft-command:75,exact stable-ID match,1.0,,Live ESPN draft-room order was not separately observable from the public API capture.,5691d29248b29e80af4627d802649a90314750488fdc5015ec62ff1409769769,espn_2026_frozen_20260901T003012Z_3379127ab1c0
2026,2026-09-01T00:30:12Z,2026-08-31T19:30:12-05:00,frozen,espn-fantasy-api-kona-player-info-2026-ppr,https://lm-api-reads.fantasy.espn.com/apis/v3/games/ffl/seasons/2026/segments/0/leaguedefaults/1?view=kona_player_info,1,PPR,4569987,Jaylen Warren,jaylen warren,PIT,RB,"[2,3,23,7,20,21]",81,,90.19,,"{""draftRanksByRankType.PPR"":{""auctionValue"":5,""published"":false,""rank"":81,""rankSourceId"":0,""rankType"":""PPR"",""slotId"":0},""ownership"":{""activityLevel"":null,""auctionValueAverage"":4.4,""auctionValueAverageChange"":0.27,""averageDraftPosition"":90.19,""averageDraftPositionPercentChange"":2.27,""date"":1788219020886,""leagueType"":0,""percentChange"":0.84,""percentOwned"":88.7,""percentStarted"":31.2}}",9.19,72,draft-command:72,exact stable-ID match,1.0,,Live ESPN draft-room order was not separately observable from the public API capture.,c417fcc04a0d4958144939e0b1259e69669b10ad756acac70b6c6a89d63b4788,espn_2026_frozen_20260901T003012Z_3379127ab1c0
2026,2026-09-01T00:30:12Z,2026-08-31T19:30:12-05:00,frozen,espn-fantasy-api-kona-player-info-2026-ppr,https://lm-api-reads.fantasy.espn.com/apis/v3/games/ffl/seasons/2026/segments/0/leaguedefaults/1?view=kona_player_info,1,PPR,4248528,Christian Watson,christian watson,GB,WR,"[3,4,5,23,7,20,21]",85,,90.79,,"{""draftRanksByRankType.PPR"":{""auctionValue"":5,""published"":false,""rank"":85,""rankSourceId"":0,""rankType"":""PPR"",""slotId"":0},""ownership"":{""activityLevel"":null,""auctionValueAverage"":5.44,""auctionValueAverageChange"":0.33,""averageDraftPosition"":90.79,""averageDraftPositionPercentChange"":1.4,""date"":1788222620181,""leagueType"":0,""percentChange"":0.63,""percentOwned"":88.13,""percentStarted"":19.05}}",5.79,65,draft-command:65,exact stable-ID match,1.0,,Live ESPN draft-room order was not separately observable from the public API capture.,cb6ab7ee4ae7ba7e6e4d3168baf45d3a00d530d25cf21c5a41b6385032982f87,espn_2026_frozen_20260901T003012Z_3379127ab1c0
2026,2026-09-01T00:30:12Z,2026-08-31T19:30:12-05:00,frozen,espn-fantasy-api-kona-player-info-2026-ppr,https://lm-api-reads.fantasy.espn.com/apis/v3/games/ffl/seasons/2026/segments/0/leaguedefaults/1?view=kona_player_info,1,PPR,4432620,Parker Washington,parker washington,JAX,WR,"[3,4,5,23,7,20,21]",87,,90.84,,"{""draftRanksByRankType.PPR"":{""auctionValue"":5,""published"":false,""rank"":87,""rankSourceId"":0,""rankType"":""PPR"",""slotId"":0},""ownership"":{""activityLevel"":null,""auctionValueAverage"":5.74,""auctionValueAverageChange"":0.27,""averageDraftPosition"":90.84,""averageDraftPositionPercentChange"":1.33,""date"":1788219020645,""leagueType"":0,""percentChange"":0.87,""percentOwned"":87.49,""percentStarted"":16.75}}",3.84,69,draft-command:69,exact stable-ID match,1.0,,Live ESPN draft-room order was not separately observable from the public API capture.,17b9a8a479f373605b70043c970481ddbf117317800aa6e881dc680e75371f71,espn_2026_frozen_20260901T003012Z_3379127ab1c0
2026,2026-09-01T00:30:12Z,2026-08-31T19:30:12-05:00,frozen,espn-fantasy-api-kona-player-info-2026-ppr,https://lm-api-reads.fantasy.espn.com/apis/v3/games/ffl/seasons/2026/segments/0/leaguedefaults/1?view=kona_player_info,1,PPR,4371733,Kenny Gainwell,kenny gainwell,TB,RB,"[2,3,23,7,20,21]",88,,104.17,,"{""draftRanksByRankType.PPR"":{""auctionValue"":5,""published"":false,""rank"":88,""rankSourceId"":0,""rankType"":""PPR"",""slotId"":0},""ownership"":{""activityLevel"":null,""auctionValueAverage"":2.67,""auctionValueAverageChange"":0.18,""averageDraftPosition"":104.17,""averageDraftPositionPercentChange"":3.22,""date"":1788222620723,""leagueType"":0,""percentChange"":0.8,""percentOwned"":83.79,""percentStarted"":11.7}}",16.17,98,draft-command:98,exact stable-ID match,1.0,,Live ESPN draft-room order was not separately observable from the public API capture.,24cd7bdabae16c76c10d0cd8e76ed6c834dd9e31e8df12bd6f3afb75ca7a78b4,espn_2026_frozen_20260901T003012Z_3379127ab1c0
2026,2026-09-01T00:30:12Z,2026-08-31T19:30:12-05:00,frozen,espn-fantasy-api-kona-player-info-2026-ppr,https://lm-api-reads.fantasy.espn.com/apis/v3/games/ffl/seasons/2026/segments/0/leaguedefaults/1?view=kona_player_info,1,PPR,3040151,George Kittle,george kittle,SF,TE,"[5,6,23,7,20,21]",89,,77.88,,"{""draftRanksByRankType.PPR"":{""auctionValue"":4,""published"":false,""rank"":89,""rankSourceId"":0,""rankType"":""PPR"",""slotId"":0},""ownership"":{""activityLevel"":null,""auctionValueAverage"":4.98,""auctionValueAverageChange"":0.31,""averageDraftPosition"":77.88,""averageDraftPositionPercentChange"":2.99,""date"":1788222618410,""leagueType"":0,""percentChange"":0.77,""percentOwned"":92.09,""percentStarted"":38.3}}",-11.12,85,draft-command:85,exact stable-ID match,1.0,,Live ESPN draft-room order was not separately observable from the public API capture.,28f56b98be82a72fb28e53105204efff9dc28d2b0f2708fd6e0d94023ffcd1cf,espn_2026_frozen_20260901T003012Z_3379127ab1c0
2026,2026-09-01T00:30:12Z,2026-08-31T19:30:12-05:00,frozen,espn-fantasy-api-kona-player-info-2026-ppr,https://lm-api-reads.fantasy.espn.com/apis/v3/games/ffl/seasons/2026/segments/0/leaguedefaults/1?view=kona_player_info,1,PPR,4429023,MarShawn Lloyd,marshawn lloyd,GB,RB,"[2,3,23,7,20,21]",90,,140.02,,"{""draftRanksByRankType.PPR"":{""auctionValue"":4,""published"":false,""rank"":90,""rankSourceId"":0,""rankType"":""PPR"",""slotId"":0},""ownership"":{""activityLevel"":null,""auctionValueAverage"":2.06,""auctionValueAverageChange"":1.1,""averageDraftPosition"":140.02,""averageDraftPositionPercentChange"":18.73,""date"":1788219020268,""leagueType"":0,""percentChange"":17.09,""percentOwned"":59.74,""percentStarted"":12.46}}",50.02,151,draft-command:151,exact stable-ID match,1.0,,Live ESPN draft-room order was not separately observable from the public API capture.,66891ff228d6fdd6e73cb2696b70a589cb76601ad6ead4ad8ed05393b23db7c6,espn_2026_frozen_20260901T003012Z_3379127ab1c0
2026,2026-09-01T00:30:12Z,2026-08-31T19:30:12-05:00,frozen,espn-fantasy-api-kona-player-info-2026-ppr,https://lm-api-reads.fantasy.espn.com/apis/v3/games/ffl/seasons/2026/segments/0/leaguedefaults/1?view=kona_player_info,1,PPR,4569587,Wan'Dale Robinson,wan dale robinson,TEN,WR,"[3,4,5,23,7,20,21]",91,,115.48,,"{""draftRanksByRankType.PPR"":{""auctionValue"":4,""published"":false,""rank"":91,""rankSourceId"":0,""rankType"":""PPR"",""slotId"":0},""ownership"":{""activityLevel"":null,""auctionValueAverage"":2.09,""auctionValueAverageChange"":0.03,""averageDraftPosition"":115.48,""averageDraftPositionPercentChange"":-0.14,""date"":1788219020857,""leagueType"":0,""percentChange"":0.47,""percentOwned"":81.29,""percentStarted"":6.28}}",24.48,103,draft-command:103,exact stable-ID match,1.0,,Live ESPN draft-room order was not separately observable from the public API capture.,e7aad1d09a28cf73244b2f72b656f6c5824c038a93f0f9385b80f4c4c2cce0b4,espn_2026_frozen_20260901T003012Z_3379127ab1c0
2026,2026-09-01T00:30:12Z,2026-08-31T19:30:12-05:00,frozen,espn-fantasy-api-kona-player-info-2026-ppr,https://lm-api-reads.fantasy.espn.com/apis/v3/games/ffl/seasons/2026/segments/0/leaguedefaults/1?view=kona_player_info,1,PPR,4430027,Sam LaPorta,sam laporta,DET,TE,"[5,6,23,7,20,21]",92,,72.77,,"{""draftRanksByRankType.PPR"":{""auctionValue"":4,""published"":false,""rank"":92,""rankSourceId"":0,""rankType"":""PPR"",""slotId"":0},""ownership"":{""activityLevel"":null,""auctionValueAverage"":6.01,""auctionValueAverageChange"":0.0,""averageDraftPosition"":72.77,""averageDraftPositionPercentChange"":-0.29,""date"":1788219020425,""leagueType"":0,""percentChange"":0.29,""percentOwned"":95.45,""percentStarted"":79.89}}",-19.23,68,draft-command:68,exact stable-ID match,1.0,,Live ESPN draft-room order was not separately observable from the public API capture.,5fe40d36cf34da2f106c8a915a6edc52a565903ca3bc4ca65c785e12e0f125f5,espn_2026_frozen_20260901T003012Z_3379127ab1c0
2026,2026-09-01T00:30:12Z,2026-08-31T19:30:12-05:00,frozen,espn-fantasy-api-kona-player-info-2026-ppr,https://lm-api-reads.fantasy.espn.com/apis/v3/games/ffl/seasons/2026/segments/0/leaguedefaults/1?view=kona_player_info,1,PPR,4047365,Josh Jacobs,josh jacobs,GB,RB,"[2,3,23,7,20,21]",93,,54.26,,"{""draftRanksByRankType.PPR"":{""auctionValue"":4,""published"":false,""rank"":93,""rankSourceId"":0,""rankType"":""PPR"",""slotId"":0},""ownership"":{""activityLevel"":null,""auctionValueAverage"":20.65,""auctionValueAverageChange"":-2.55,""averageDraftPosition"":54.26,""averageDraftPositionPercentChange"":-9.55,""date"":1788222619718,""leagueType"":0,""percentChange"":-1.41,""percentOwned"":96.03,""percentStarted"":45.41}}",-38.74,34,draft-command:34,exact stable-ID match,1.0,,Live ESPN draft-room order was not separately observable from the public API capture.,818e5ed3915aed74fa9acda0f7f70c41ce47cb1b0bd6ef93d11bcf3b580b4fb7,espn_2026_frozen_20260901T003012Z_3379127ab1c0
2026,2026-09-01T00:30:12Z,2026-08-31T19:30:12-05:00,frozen,espn-fantasy-api-kona-player-info-2026-ppr,https://lm-api-reads.fantasy.espn.com/apis/v3/games/ffl/seasons/2026/segments/0/leaguedefaults/1?view=kona_player_info,1,PPR,4038815,Rico Dowdle,rico dowdle,PIT,RB,"[2,3,23,7,20,21]",95,,96.59,,"{""draftRanksByRankType.PPR"":{""auctionValue"":4,""published"":false,""rank"":95,""rankSourceId"":0,""rankType"":""PPR"",""slotId"":0},""ownership"":{""activityLevel"":null,""auctionValueAverage"":3.88,""auctionValueAverageChange"":0.13,""averageDraftPosition"":96.59,""averageDraftPositionPercentChange"":1.66,""date"":1788222619572,""leagueType"":0,""percentChange"":0.67,""percentOwned"":87.66,""percentStarted"":25.17}}",1.59,82,draft-command:82,exact stable-ID match,1.0,,Live ESPN draft-room order was not separately observable from the public API capture.,5db50cbe5dc93205cded83501e535612173de74d13f6009b75fa5193947e6c94,espn_2026_frozen_20260901T003012Z_3379127ab1c0
2026,2026-09-01T00:30:12Z,2026-08-31T19:30:12-05:00,frozen,espn-fantasy-api-kona-player-info-2026-ppr,https://lm-api-reads.fantasy.espn.com/apis/v3/games/ffl/seasons/2026/segments/0/leaguedefaults/1?view=kona_player_info,1,PPR,4360761,Michael Wilson,michael wilson,ARI,WR,"[3,4,5,23,7,20,21]",97,,102.11,,"{""draftRanksByRankType.PPR"":{""auctionValue"":4,""published"":false,""rank"":97,""rankSourceId"":0,""rankType"":""PPR"",""slotId"":0},""ownership"":{""activityLevel"":null,""auctionValueAverage"":3.0,""auctionValueAverageChange"":0.02,""averageDraftPosition"":102.11,""averageDraftPositionPercentChange"":0.54,""date"":1788222620499,""leagueType"":0,""percentChange"":0.55,""percentOwned"":85.5,""percentStarted"":10.84}}",5.11,83,draft-command:83,exact stable-ID match,1.0,,Live ESPN draft-room order was not separately observable from the public API capture.,84e0147a1f53b9d32cd50fa32f41de1b3b1a7f257df7701bf1538df4e09d8eab,espn_2026_frozen_20260901T003012Z_3379127ab1c0
2026,2026-09-01T00:30:12Z,2026-08-31T19:30:12-05:00,frozen,espn-fantasy-api-kona-player-info-2026-ppr,https://lm-api-reads.fantasy.espn.com/apis/v3/games/ffl/seasons/2026/segments/0/leaguedefaults/1?view=kona_player_info,1,PPR,4689114,Jaxson Dart,jaxson dart,NYG,QB,"[0,7,20,21]",100,,82.26,,"{""draftRanksByRankType.PPR"":{""auctionValue"":4,""published"":false,""rank"":100,""rankSourceId"":0,""rankType"":""PPR"",""slotId"":0},""ownership"":{""activityLevel"":null,""auctionValueAverage"":7.42,""auctionValueAverageChange"":0.26,""averageDraftPosition"":82.26,""averageDraftPositionPercentChange"":-1.54,""date"":1788219021723,""leagueType"":0,""percentChange"":0.32,""percentOwned"":93.77,""percentStarted"":66.99}}",-17.74,90,draft-command:90,exact stable-ID match,1.0,,Live ESPN draft-room order was not separately observable from the public API capture.,df3b949994b808a4e10f415bf1aa140e8e82076ff1ddceb24ca9b2f8e6e2a7e7,espn_2026_frozen_20260901T003012Z_3379127ab1c0
2026,2026-09-01T00:30:12Z,2026-08-31T19:30:12-05:00,frozen,espn-fantasy-api-kona-player-info-2026-ppr,https://lm-api-reads.fantasy.espn.com/apis/v3/games/ffl/seasons/2026/segments/0/leaguedefaults/1?view=kona_player_info,1,PPR,4038941,Justin Herbert,justin herbert,LAC,QB,"[0,7,20,21]",102,,89.56,,"{""draftRanksByRankType.PPR"":{""auctionValue"":4,""published"":false,""rank"":102,""rankSourceId"":0,""rankType"":""PPR"",""slotId"":0},""ownership"":{""activityLevel"":null,""auctionValueAverage"":6.87,""auctionValueAverageChange"":0.47,""averageDraftPosition"":89.56,""averageDraftPositionPercentChange"":3.9,""date"":1788222619587,""leagueType"":0,""percentChange"":0.75,""percentOwned"":90.24,""percentStarted"":53.98}}",-12.44,80,draft-command:80,exact stable-ID match,1.0,,Live ESPN draft-room order was not separately observable from the public API capture.,2576c1a477e28accc968c7ef1fd7890669ae27351620b8082022b2c125c508b2,espn_2026_frozen_20260901T003012Z_3379127ab1c0
2026,2026-09-01T00:30:12Z,2026-08-31T19:30:12-05:00,frozen,espn-fantasy-api-kona-player-info-2026-ppr,https://lm-api-reads.fantasy.espn.com/apis/v3/games/ffl/seasons/2026/segments/0/leaguedefaults/1?view=kona_player_info,1,PPR,4678008,Jonathon Brooks,jonathon brooks,CAR,RB,"[2,3,23,7,20,21]",104,,107.19,,"{""draftRanksByRankType.PPR"":{""auctionValue"":3,""published"":false,""rank"":104,""rankSourceId"":0,""rankType"":""PPR"",""slotId"":0},""ownership"":{""activityLevel"":null,""auctionValueAverage"":3.88,""auctionValueAverageChange"":0.15,""averageDraftPosition"":107.19,""averageDraftPositionPercentChange"":2.25,""date"":1788219021242,""leagueType"":0,""percentChange"":1.21,""percentOwned"":81.99,""percentStarted"":8.94}}",3.19,88,draft-command:88,exact stable-ID match,1.0,,Live ESPN draft-room order was not separately observable from the public API capture.,0aab907c578e15e1ce2dfea25574de377d7e11ad5e82753233011c265e2a954e,espn_2026_frozen_20260901T003012Z_3379127ab1c0
2026,2026-09-01T00:30:12Z,2026-08-31T19:30:12-05:00,frozen,espn-fantasy-api-kona-player-info-2026-ppr,https://lm-api-reads.fantasy.espn.com/apis/v3/games/ffl/seasons/2026/segments/0/leaguedefaults/1?view=kona_player_info,1,PPR,2976212,Stefon Diggs,stefon diggs,WAS,WR,"[3,4,5,23,7,20,21]",106,,105.88,,"{""draftRanksByRankType.PPR"":{""auctionValue"":3,""published"":false,""rank"":106,""rankSourceId"":0,""rankType"":""PPR"",""slotId"":0},""ownership"":{""activityLevel"":null,""auctionValueAverage"":2.81,""auctionValueAverageChange"":0.19,""averageDraftPosition"":105.88,""averageDraftPositionPercentChange"":4.9,""date"":1788222618302,""leagueType"":0,""percentChange"":1.53,""percentOwned"":79.04,""percentStarted"":8.56}}",-0.12,92,draft-command:92,exact stable-ID match,1.0,,Live ESPN draft-room order was not separately observable from the public API capture.,3a6b4df9da154a860edff12692d25a061da415c95f444d24d4c88b7fa8ea05d8,espn_2026_frozen_20260901T003012Z_3379127ab1c0
2026,2026-09-01T00:30:12Z,2026-08-31T19:30:12-05:00,frozen,espn-fantasy-api-kona-player-info-2026-ppr,https://lm-api-reads.fantasy.espn.com/apis/v3/games/ffl/seasons/2026/segments/0/leaguedefaults/1?view=kona_player_info,1,PPR,4431611,Caleb Williams,caleb williams,CHI,QB,"[0,7,20,21]",107,,92.39,,"{""draftRanksByRankType.PPR"":{""auctionValue"":3,""published"":false,""rank"":107,""rankSourceId"":0,""rankType"":""PPR"",""slotId"":0},""ownership"":{""activityLevel"":null,""auctionValueAverage"":7.08,""auctionValueAverageChange"":0.37,""averageDraftPosition"":92.39,""averageDraftPositionPercentChange"":0.35,""date"":1788219020623,""leagueType"":0,""percentChange"":0.56,""percentOwned"":90.21,""percentStarted"":48.42}}",-14.61,79,draft-command:79,exact stable-ID match,1.0,,Live ESPN draft-room order was not separately observable from the public API capture.,a30a738ceede9fdf0a8b4706aaf6f2d32b9ccd11bb41c361df425b7b65310d1a,espn_2026_frozen_20260901T003012Z_3379127ab1c0
2026,2026-09-01T00:30:12Z,2026-08-31T19:30:12-05:00,frozen,espn-fantasy-api-kona-player-info-2026-ppr,https://lm-api-reads.fantasy.espn.com/apis/v3/games/ffl/seasons/2026/segments/0/leaguedefaults/1?view=kona_player_info,1,PPR,4241416,Chuba Hubbard,chuba hubbard,CAR,RB,"[2,3,23,7,20,21]",108,,109.22,,"{""draftRanksByRankType.PPR"":{""auctionValue"":3,""published"":false,""rank"":108,""rankSourceId"":0,""rankType"":""PPR"",""slotId"":0},""ownership"":{""activityLevel"":null,""auctionValueAverage"":2.52,""auctionValueAverageChange"":0.16,""averageDraftPosition"":109.22,""averageDraftPositionPercentChange"":2.96,""date"":1788222620012,""leagueType"":0,""percentChange"":0.63,""percentOwned"":83.67,""percentStarted"":11.51}}",1.22,84,draft-command:84,exact stable-ID match,1.0,,Live ESPN draft-room order was not separately observable from the public API capture.,3be8ce1663f753673acf9ecdd7468bc78ab09be9843f15d949a35e72afd0d02a,espn_2026_frozen_20260901T003012Z_3379127ab1c0
2026,2026-09-01T00:30:12Z,2026-08-31T19:30:12-05:00,frozen,espn-fantasy-api-kona-player-info-2026-ppr,https://lm-api-reads.fantasy.espn.com/apis/v3/games/ffl/seasons/2026/segments/0/leaguedefaults/1?view=kona_player_info,1,PPR,4685415,Travis Hunter,travis hunter,JAX,WR,"[3,4,5,23,7,20,21,12,14,15]",109,,118.96,,"{""draftRanksByRankType.PPR"":{""auctionValue"":3,""published"":false,""rank"":109,""rankSourceId"":0,""rankType"":""PPR"",""slotId"":0},""ownership"":{""activityLevel"":null,""auctionValueAverage"":1.73,""auctionValueAverageChange"":0.04,""averageDraftPosition"":118.96,""averageDraftPositionPercentChange"":0.55,""date"":1788219021462,""leagueType"":0,""percentChange"":0.6,""percentOwned"":74.24,""percentStarted"":6.29}}",9.96,132,draft-command:132,exact stable-ID match,1.0,,Live ESPN draft-room order was not separately observable from the public API capture.,d22cfe62d5b9746f835898e4481712951eed809ebc1d28c86f2cbe99be66936a,espn_2026_frozen_20260901T003012Z_3379127ab1c0
2026,2026-09-01T00:30:12Z,2026-08-31T19:30:12-05:00,frozen,espn-fantasy-api-kona-player-info-2026-ppr,https://lm-api-reads.fantasy.espn.com/apis/v3/games/ffl/seasons/2026/segments/0/leaguedefaults/1?view=kona_player_info,1,PPR,3042519,Aaron Jones Sr.,aaron jones,MIN,RB,"[2,3,23,7,20,21]",110,,116.72,,"{""draftRanksByRankType.PPR"":{""auctionValue"":3,""published"":false,""rank"":110,""rankSourceId"":0,""rankType"":""PPR"",""slotId"":0},""ownership"":{""activityLevel"":null,""auctionValueAverage"":2.01,""auctionValueAverageChange"":0.11,""averageDraftPosition"":116.72,""averageDraftPositionPercentChange"":3.58,""date"":1788222618443,""leagueType"":0,""percentChange"":0.83,""percentOwned"":80.12,""percentStarted"":8.38}}",6.72,114,draft-command:114,exact stable-ID match,1.0,,Live ESPN draft-room order was not separately observable from the public API capture.,f852abf58945348843dcbc0ac99bcfb7e0fa888be44e2b041521363a89d33f2e,espn_2026_frozen_20260901T003012Z_3379127ab1c0
2026,2026-09-01T00:30:12Z,2026-08-31T19:30:12-05:00,frozen,espn-fantasy-api-kona-player-info-2026-ppr,https://lm-api-reads.fantasy.espn.com/apis/v3/games/ffl/seasons/2026/segments/0/leaguedefaults/1?view=kona_player_info,1,PPR,4360078,Alec Pierce,alec pierce,IND,WR,"[3,4,5,23,7,20,21]",111,,108.22,,"{""draftRanksByRankType.PPR"":{""auctionValue"":3,""published"":false,""rank"":111,""rankSourceId"":0,""rankType"":""PPR"",""slotId"":0},""ownership"":{""activityLevel"":null,""auctionValueAverage"":3.22,""auctionValueAverageChange"":-0.08,""averageDraftPosition"":108.22,""averageDraftPositionPercentChange"":-1.07,""date"":1788222620441,""leagueType"":0,""percentChange"":0.42,""percentOwned"":85.21,""percentStarted"":8.57}}",-2.78,93,draft-command:93,exact stable-ID match,1.0,,Live ESPN draft-room order was not separately observable from the public API capture.,4f2a0d384097305d8c263ced5477cffa7fd153b7cf35bca6d8654fe5729e0cb1,espn_2026_frozen_20260901T003012Z_3379127ab1c0
2026,2026-09-01T00:30:12Z,2026-08-31T19:30:12-05:00,frozen,espn-fantasy-api-kona-player-info-2026-ppr,https://lm-api-reads.fantasy.espn.com/apis/v3/games/ffl/seasons/2026/segments/0/leaguedefaults/1?view=kona_player_info,1,PPR,3916433,Jakobi Meyers,jakobi meyers,JAX,WR,"[3,4,5,23,7,20,21]",112,,122.29,,"{""draftRanksByRankType.PPR"":{""auctionValue"":3,""published"":false,""rank"":112,""rankSourceId"":0,""rankType"":""PPR"",""slotId"":0},""ownership"":{""activityLevel"":null,""auctionValueAverage"":1.67,""auctionValueAverageChange"":-0.05,""averageDraftPosition"":122.29,""averageDraftPositionPercentChange"":-1.53,""date"":1788222619193,""leagueType"":0,""percentChange"":0.18,""percentOwned"":79.92,""percentStarted"":5.26}}",10.29,109,draft-command:109,exact stable-ID match,1.0,,Live ESPN draft-room order was not separately observable from the public API capture.,60362bc26ad2b78db88bc388d59b9ea84517321c8fbad08a2158783811eeae5c,espn_2026_frozen_20260901T003012Z_3379127ab1c0
2026,2026-09-01T00:30:12Z,2026-08-31T19:30:12-05:00,frozen,espn-fantasy-api-kona-player-info-2026-ppr,https://lm-api-reads.fantasy.espn.com/apis/v3/games/ffl/seasons/2026/segments/0/leaguedefaults/1?view=kona_player_info,1,PPR,4432773,Brian Thomas Jr.,brian thomas,JAX,WR,"[3,4,5,23,7,20,21]",114,,112.81,,"{""draftRanksByRankType.PPR"":{""auctionValue"":3,""published"":false,""rank"":114,""rankSourceId"":0,""rankType"":""PPR"",""slotId"":0},""ownership"":{""activityLevel"":null,""auctionValueAverage"":2.87,""auctionValueAverageChange"":-0.12,""averageDraftPosition"":112.81,""averageDraftPositionPercentChange"":-2.29,""date"":1788219020675,""leagueType"":0,""percentChange"":0.26,""percentOwned"":83.94,""percentStarted"":8.31}}",-1.19,78,draft-command:78,exact stable-ID match,1.0,,Live ESPN draft-room order was not separately observable from the public API capture.,a0d867162c7c6cd3814876749f332da08cf9d680272adf20cb4661a03b1447f4,espn_2026_frozen_20260901T003012Z_3379127ab1c0
2026,2026-09-01T00:30:12Z,2026-08-31T19:30:12-05:00,frozen,espn-fantasy-api-kona-player-info-2026-ppr,https://lm-api-reads.fantasy.espn.com/apis/v3/games/ffl/seasons/2026/segments/0/leaguedefaults/1?view=kona_player_info,1,PPR,4701936,Matthew Golden,matthew golden,GB,WR,"[3,4,5,23,7,20,21]",117,,111.18,,"{""draftRanksByRankType.PPR"":{""auctionValue"":3,""published"":false,""rank"":117,""rankSourceId"":0,""rankType"":""PPR"",""slotId"":0},""ownership"":{""activityLevel"":null,""auctionValueAverage"":2.56,""auctionValueAverageChange"":-0.05,""averageDraftPosition"":111.18,""averageDraftPositionPercentChange"":-2.08,""date"":1788219021954,""leagueType"":0,""percentChange"":0.54,""percentOwned"":84.57,""percentStarted"":10.22}}",-5.82,108,draft-command:108,exact stable-ID match,1.0,,Live ESPN draft-room order was not separately observable from the public API capture.,0e71546cb245be43a1fb49530c74dbc0f0ee00fa2e10d1aec2ea34f9e25eb760,espn_2026_frozen_20260901T003012Z_3379127ab1c0
2026,2026-09-01T00:30:12Z,2026-08-31T19:30:12-05:00,frozen,espn-fantasy-api-kona-player-info-2026-ppr,https://lm-api-reads.fantasy.espn.com/apis/v3/games/ffl/seasons/2026/segments/0/leaguedefaults/1?view=kona_player_info,1,PPR,3116165,Chris Godwin Jr.,chris godwin,TB,WR,"[3,4,5,23,7,20,21]",118,,125.66,,"{""draftRanksByRankType.PPR"":{""auctionValue"":2,""published"":false,""rank"":118,""rankSourceId"":0,""rankType"":""PPR"",""slotId"":0},""ownership"":{""activityLevel"":null,""auctionValueAverage"":2.03,""auctionValueAverageChange"":0.13,""averageDraftPosition"":125.66,""averageDraftPositionPercentChange"":4.16,""date"":1788222618721,""leagueType"":0,""percentChange"":1.21,""percentOwned"":74.08,""percentStarted"":4.75}}",7.66,89,draft-command:89,exact stable-ID match,1.0,,Live ESPN draft-room order was not separately observable from the public API capture.,6c43ae55b1430f992e6e5963845de3c8eb8b842e275fa5bba465b7e03737c1f7,espn_2026_frozen_20260901T003012Z_3379127ab1c0
2026,2026-09-01T00:30:12Z,2026-08-31T19:30:12-05:00,frozen,espn-fantasy-api-kona-player-info-2026-ppr,https://lm-api-reads.fantasy.espn.com/apis/v3/games/ffl/seasons/2026/segments/0/leaguedefaults/1?view=kona_player_info,1,PPR,4429205,Jordan Addison,jordan addison,MIN,WR,"[3,4,5,23,7,20,21]",119,,119.9,,"{""draftRanksByRankType.PPR"":{""auctionValue"":2,""published"":false,""rank"":119,""rankSourceId"":0,""rankType"":""PPR"",""slotId"":0},""ownership"":{""activityLevel"":null,""auctionValueAverage"":2.18,""auctionValueAverageChange"":-0.01,""averageDraftPosition"":119.9,""averageDraftPositionPercentChange"":-1.06,""date"":1788219020369,""leagueType"":0,""percentChange"":0.59,""percentOwned"":80.53,""percentStarted"":5.79}}",0.9,95,draft-command:95,exact stable-ID match,1.0,,Live ESPN draft-room order was not separately observable from the public API capture.,0a169894494310abc7f8964238a77f2cb94cbe8679139a64d83dc2b375710deb,espn_2026_frozen_20260901T003012Z_3379127ab1c0
2026,2026-09-01T00:30:12Z,2026-08-31T19:30:12-05:00,frozen,espn-fantasy-api-kona-player-info-2026-ppr,https://lm-api-reads.fantasy.espn.com/apis/v3/games/ffl/seasons/2026/segments/0/leaguedefaults/1?view=kona_player_info,1,PPR,4360310,Trevor Lawrence,trevor lawrence,JAX,QB,"[0,7,20,21]",120,,97.88,,"{""draftRanksByRankType.PPR"":{""auctionValue"":2,""published"":false,""rank"":120,""rankSourceId"":0,""rankType"":""PPR"",""slotId"":0},""ownership"":{""activityLevel"":null,""auctionValueAverage"":6.06,""auctionValueAverageChange"":0.07,""averageDraftPosition"":97.88,""averageDraftPositionPercentChange"":-1.62,""date"":1788222620456,""leagueType"":0,""percentChange"":0.33,""percentOwned"":88.51,""percentStarted"":47.74}}",-22.12,87,draft-command:87,exact stable-ID match,1.0,,Live ESPN draft-room order was not separately observable from the public API capture.,8b3b40faee9b8c9f45ab3b89a0dca9484e9d2cb229f3559a6b70a9476b5b3c35,espn_2026_frozen_20260901T003012Z_3379127ab1c0
2026,2026-09-01T00:30:12Z,2026-08-31T19:30:12-05:00,frozen,espn-fantasy-api-kona-player-info-2026-ppr,https://lm-api-reads.fantasy.espn.com/apis/v3/games/ffl/seasons/2026/segments/0/leaguedefaults/1?view=kona_player_info,1,PPR,4697815,Rachaad White,rachaad white,WAS,RB,"[2,3,23,7,20,21]",121,,126.12,,"{""draftRanksByRankType.PPR"":{""auctionValue"":2,""published"":false,""rank"":121,""rankSourceId"":0,""rankType"":""PPR"",""slotId"":0},""ownership"":{""activityLevel"":null,""auctionValueAverage"":1.54,""auctionValueAverageChange"":0.07,""averageDraftPosition"":126.12,""averageDraftPositionPercentChange"":2.54,""date"":1788219021881,""leagueType"":0,""percentChange"":0.66,""percentOwned"":74.28,""percentStarted"":3.19}}",5.12,111,draft-command:111,exact stable-ID match,1.0,,Live ESPN draft-room order was not separately observable from the public API capture.,4f92185c1c81a184f565e58c244fb06325b31baa364ef207de3f7b7d894599a5,espn_2026_frozen_20260901T003012Z_3379127ab1c0
2026,2026-09-01T00:30:12Z,2026-08-31T19:30:12-05:00,frozen,espn-fantasy-api-kona-player-info-2026-ppr,https://lm-api-reads.fantasy.espn.com/apis/v3/games/ffl/seasons/2026/segments/0/leaguedefaults/1?view=kona_player_info,1,PPR,4241985,J.K. Dobbins,j k dobbins,DEN,RB,"[2,3,23,7,20,21]",122,,113.19,,"{""draftRanksByRankType.PPR"":{""auctionValue"":2,""published"":false,""rank"":122,""rankSourceId"":0,""rankType"":""PPR"",""slotId"":0},""ownership"":{""activityLevel"":null,""auctionValueAverage"":3.06,""auctionValueAverageChange"":0.12,""averageDraftPosition"":113.19,""averageDraftPositionPercentChange"":0.73,""date"":1788222620045,""leagueType"":0,""percentChange"":0.64,""percentOwned"":82.78,""percentStarted"":9.62}}",-8.81,91,draft-command:91,exact stable-ID match,1.0,,Live ESPN draft-room order was not separately observable from the public API capture.,1e5ce2569da11aae06de22af8705aa4746e86fcc8e8e0db1b7ae01b13fd1f46f,espn_2026_frozen_20260901T003012Z_3379127ab1c0
2026,2026-09-01T00:30:12Z,2026-08-31T19:30:12-05:00,frozen,espn-fantasy-api-kona-player-info-2026-ppr,https://lm-api-reads.fantasy.espn.com/apis/v3/games/ffl/seasons/2026/segments/0/leaguedefaults/1?view=kona_player_info,1,PPR,4361741,Brock Purdy,brock purdy,SF,QB,"[0,7,20,21]",124,,109.11,,"{""draftRanksByRankType.PPR"":{""auctionValue"":2,""published"":false,""rank"":124,""rankSourceId"":0,""rankType"":""PPR"",""slotId"":0},""ownership"":{""activityLevel"":null,""auctionValueAverage"":4.66,""auctionValueAverageChange"":0.01,""averageDraftPosition"":109.11,""averageDraftPositionPercentChange"":-1.79,""date"":1788222620589,""leagueType"":0,""percentChange"":0.27,""percentOwned"":84.79,""percentStarted"":23.11}}",-14.89,104,draft-command:104,exact stable-ID match,1.0,,Live ESPN draft-room order was not separately observable from the public API capture.,3a3b5a69968f19ee17be452aefeb6959de5e9b7bf25f0cb529adc0fdd5bfae79,espn_2026_frozen_20260901T003012Z_3379127ab1c0
2026,2026-09-01T00:30:12Z,2026-08-31T19:30:12-05:00,frozen,espn-fantasy-api-kona-player-info-2026-ppr,https://lm-api-reads.fantasy.espn.com/apis/v3/games/ffl/seasons/2026/segments/0/leaguedefaults/1?view=kona_player_info,1,PPR,4608686,Kyle Monangai,kyle monangai,CHI,RB,"[2,3,23,7,20,21]",125,,124.35,,"{""draftRanksByRankType.PPR"":{""auctionValue"":2,""published"":false,""rank"":125,""rankSourceId"":0,""rankType"":""PPR"",""slotId"":0},""ownership"":{""activityLevel"":null,""auctionValueAverage"":1.99,""auctionValueAverageChange"":0.04,""averageDraftPosition"":124.35,""averageDraftPositionPercentChange"":1.02,""date"":1788219021186,""leagueType"":0,""percentChange"":0.65,""percentOwned"":77.84,""percentStarted"":5.75}}",-0.65,99,draft-command:99,exact stable-ID match,1.0,,Live ESPN draft-room order was not separately observable from the public API capture.,b5cf69d9e9fbfb7ad2b48ea7bca249f3cbf37fd261444dba41a43f0fdb2b2fe7,espn_2026_frozen_20260901T003012Z_3379127ab1c0
2026,2026-09-01T00:30:12Z,2026-08-31T19:30:12-05:00,frozen,espn-fantasy-api-kona-player-info-2026-ppr,https://lm-api-reads.fantasy.espn.com/apis/v3/games/ffl/seasons/2026/segments/0/leaguedefaults/1?view=kona_player_info,1,PPR,4572680,Tucker Kraft,tucker kraft,GB,TE,"[5,6,23,7,20,21]",126,,90.95,,"{""draftRanksByRankType.PPR"":{""auctionValue"":2,""published"":false,""rank"":126,""rankSourceId"":0,""rankType"":""PPR"",""slotId"":0},""ownership"":{""activityLevel"":null,""auctionValueAverage"":4.39,""auctionValueAverageChange"":-0.03,""averageDraftPosition"":90.95,""averageDraftPositionPercentChange"":-0.32,""date"":1788219020966,""leagueType"":0,""percentChange"":0.62,""percentOwned"":90.21,""percentStarted"":60.61}}",-35.05,76,draft-command:76,exact stable-ID match,1.0,,Live ESPN draft-room order was not separately observable from the public API capture.,488a6c668a938278940260be6b72634daa42099feccc3f392346d2a47966edcb,espn_2026_frozen_20260901T003012Z_3379127ab1c0
2026,2026-09-01T00:30:12Z,2026-08-31T19:30:12-05:00,frozen,espn-fantasy-api-kona-player-info-2026-ppr,https://lm-api-reads.fantasy.espn.com/apis/v3/games/ffl/seasons/2026/segments/0/leaguedefaults/1?view=kona_player_info,1,PPR,4688813,Josh Downs,josh downs,IND,WR,"[3,4,5,23,7,20,21]",127,,137.23,,"{""draftRanksByRankType.PPR"":{""auctionValue"":2,""published"":false,""rank"":127,""rankSourceId"":0,""rankType"":""PPR"",""slotId"":0},""ownership"":{""activityLevel"":null,""auctionValueAverage"":1.36,""auctionValueAverageChange"":-0.01,""averageDraftPosition"":137.23,""averageDraftPositionPercentChange"":-0.01,""date"":1788219021707,""leagueType"":0,""percentChange"":-0.01,""percentOwned"":72.01,""percentStarted"":2.42}}",10.23,96,draft-command:96,exact stable-ID match,1.0,,Live ESPN draft-room order was not separately observable from the public API capture.,91746f33b11ec88bb5c1078643d9f92778c6d69859b10f571a99c1699cba8f5f,espn_2026_frozen_20260901T003012Z_3379127ab1c0
2026,2026-09-01T00:30:12Z,2026-08-31T19:30:12-05:00,frozen,espn-fantasy-api-kona-player-info-2026-ppr,https://lm-api-reads.fantasy.espn.com/apis/v3/games/ffl/seasons/2026/segments/0/leaguedefaults/1?view=kona_player_info,1,PPR,4373678,Khalil Shakir,khalil shakir,BUF,WR,"[3,4,5,23,7,20,21]",130,,139.65,,"{""draftRanksByRankType.PPR"":{""auctionValue"":2,""published"":false,""rank"":130,""rankSourceId"":0,""rankType"":""PPR"",""slotId"":0},""ownership"":{""activityLevel"":null,""auctionValueAverage"":1.16,""auctionValueAverageChange"":-0.05,""averageDraftPosition"":139.65,""averageDraftPositionPercentChange"":-2.93,""date"":1788222620782,""leagueType"":0,""percentChange"":-0.12,""percentOwned"":70.72,""percentStarted"":2.51}}",9.65,129,draft-command:129,exact stable-ID match,1.0,,Live ESPN draft-room order was not separately observable from the public API capture.,1808a3d947b874051a218e24bc1eb25ffe6c94cd8ede1622e94247b477ef89b5,espn_2026_frozen_20260901T003012Z_3379127ab1c0
2026,2026-09-01T00:30:12Z,2026-08-31T19:30:12-05:00,frozen,espn-fantasy-api-kona-player-info-2026-ppr,https://lm-api-reads.fantasy.espn.com/apis/v3/games/ffl/seasons/2026/segments/0/leaguedefaults/1?view=kona_player_info,1,PPR,15847,Travis Kelce,travis kelce,KC,TE,"[5,6,23,7,20,21]",131,,95.23,,"{""draftRanksByRankType.PPR"":{""auctionValue"":2,""published"":false,""rank"":131,""rankSourceId"":0,""rankType"":""PPR"",""slotId"":0},""ownership"":{""activityLevel"":null,""auctionValueAverage"":3.13,""auctionValueAverageChange"":0.1,""averageDraftPosition"":95.23,""averageDraftPositionPercentChange"":0.22,""date"":1788222617911,""leagueType"":0,""percentChange"":0.5,""percentOwned"":90.0,""percentStarted"":51.68}}",-35.77,105,draft-command:105,exact stable-ID match,1.0,,Live ESPN draft-room order was not separately observable from the public API capture.,c1ffb0f2b9d0588e6cb2d349804827589394d06a1ca3b5d0ef3f5a06043ddaf2,espn_2026_frozen_20260901T003012Z_3379127ab1c0
2026,2026-09-01T00:30:12Z,2026-08-31T19:30:12-05:00,frozen,espn-fantasy-api-kona-player-info-2026-ppr,https://lm-api-reads.fantasy.espn.com/apis/v3/games/ffl/seasons/2026/segments/0/leaguedefaults/1?view=kona_player_info,1,PPR,3139477,Patrick Mahomes,patrick mahomes,KC,QB,"[0,7,20,21]",132,,107.81,,"{""draftRanksByRankType.PPR"":{""auctionValue"":2,""published"":false,""rank"":132,""rankSourceId"":0,""rankType"":""PPR"",""slotId"":0},""ownership"":{""activityLevel"":null,""auctionValueAverage"":5.7,""auctionValueAverageChange"":0.08,""averageDraftPosition"":107.81,""averageDraftPositionPercentChange"":-0.57,""date"":1788222619018,""leagueType"":0,""percentChange"":0.39,""percentOwned"":86.18,""percentStarted"":19.94}}",-24.19,112,draft-command:112,exact stable-ID match,1.0,,Live ESPN draft-room order was not separately observable from the public API capture.,c21eff97f27df87d3f43eba67bbc1670fd722d6db5c7044c59da218ba6a0bb1f,espn_2026_frozen_20260901T003012Z_3379127ab1c0
2026,2026-09-01T00:30:12Z,2026-08-31T19:30:12-05:00,frozen,espn-fantasy-api-kona-player-info-2026-ppr,https://lm-api-reads.fantasy.espn.com/apis/v3/games/ffl/seasons/2026/segments/0/leaguedefaults/1?view=kona_player_info,1,PPR,4568490,RJ Harvey,rj harvey,DEN,RB,"[2,3,23,7,20,21]",133,,127.45,,"{""draftRanksByRankType.PPR"":{""auctionValue"":2,""published"":false,""rank"":133,""rankSourceId"":0,""rankType"":""PPR"",""slotId"":0},""ownership"":{""activityLevel"":null,""auctionValueAverage"":1.85,""auctionValueAverageChange"":0.06,""averageDraftPosition"":127.45,""averageDraftPositionPercentChange"":2.76,""date"":1788219020807,""leagueType"":0,""percentChange"":0.8,""percentOwned"":75.74,""percentStarted"":4.22}}",-5.55,94,draft-command:94,exact stable-ID match,1.0,,Live ESPN draft-room order was not separately observable from the public API capture.,341a7141251dbff62dbe1f6ef7901f18544190fe6bd6e6e31619602c8fa2201c,espn_2026_frozen_20260901T003012Z_3379127ab1c0
2026,2026-09-01T00:30:12Z,2026-08-31T19:30:12-05:00,frozen,espn-fantasy-api-kona-player-info-2026-ppr,https://lm-api-reads.fantasy.espn.com/apis/v3/games/ffl/seasons/2026/segments/0/leaguedefaults/1?view=kona_player_info,1,PPR,3121023,Dallas Goedert,dallas goedert,PHI,TE,"[5,6,23,7,20,21]",134,,104.06,,"{""draftRanksByRankType.PPR"":{""auctionValue"":2,""published"":false,""rank"":134,""rankSourceId"":0,""rankType"":""PPR"",""slotId"":0},""ownership"":{""activityLevel"":null,""auctionValueAverage"":2.29,""auctionValueAverageChange"":0.04,""averageDraftPosition"":104.06,""averageDraftPositionPercentChange"":-1.21,""date"":1788222618865,""leagueType"":0,""percentChange"":0.42,""percentOwned"":89.25,""percentStarted"":55.22}}",-29.94,117,draft-command:117,exact stable-ID match,1.0,,Live ESPN draft-room order was not separately observable from the public API capture.,bce8113d00fd5fa819e8f24d267b984c2c1d10fb07f405ac48407c7b37af62f6,espn_2026_frozen_20260901T003012Z_3379127ab1c0
2026,2026-09-01T00:30:12Z,2026-08-31T19:30:12-05:00,frozen,espn-fantasy-api-kona-player-info-2026-ppr,https://lm-api-reads.fantasy.espn.com/apis/v3/games/ffl/seasons/2026/segments/0/leaguedefaults/1?view=kona_player_info,1,PPR,4870795,Makai Lemon,makai lemon,PHI,WR,"[25,3,4,5,23,7,20,21]",137,,133.19,,"{""draftRanksByRankType.PPR"":{""auctionValue"":2,""published"":false,""rank"":137,""rankSourceId"":0,""rankType"":""PPR"",""slotId"":0},""ownership"":{""activityLevel"":null,""auctionValueAverage"":1.57,""auctionValueAverageChange"":0.05,""averageDraftPosition"":133.19,""averageDraftPositionPercentChange"":2.43,""date"":1788219022151,""leagueType"":0,""percentChange"":0.62,""percentOwned"":74.89,""percentStarted"":3.77}}",-3.81,100,draft-command:100,exact stable-ID match,1.0,,Live ESPN draft-room order was not separately observable from the public API capture.,c6c96fd53e551ebde9d177bcb4fd4bfa23c5c1be7cf2066177655f29518a636b,espn_2026_frozen_20260901T003012Z_3379127ab1c0
2026,2026-09-01T00:30:12Z,2026-08-31T19:30:12-05:00,frozen,espn-fantasy-api-kona-player-info-2026-ppr,https://lm-api-reads.fantasy.espn.com/apis/v3/games/ffl/seasons/2026/segments/0/leaguedefaults/1?view=kona_player_info,1,PPR,4429096,Blake Corum,blake corum,LAR,RB,"[2,3,23,7,20,21]",138,,127.68,,"{""draftRanksByRankType.PPR"":{""auctionValue"":2,""published"":false,""rank"":138,""rankSourceId"":0,""rankType"":""PPR"",""slotId"":0},""ownership"":{""activityLevel"":null,""auctionValueAverage"":2.58,""auctionValueAverageChange"":0.14,""averageDraftPosition"":127.68,""averageDraftPositionPercentChange"":2.17,""date"":1788219020307,""leagueType"":0,""percentChange"":0.94,""percentOwned"":75.93,""percentStarted"":3.9}}",-10.32,97,draft-command:97,exact stable-ID match,1.0,,Live ESPN draft-room order was not separately observable from the public API capture.,f4aaad0f4d1ef1e00d2ec6e0f7d4898bc3e24c78e1463f3d915b76f828f22073,espn_2026_frozen_20260901T003012Z_3379127ab1c0
2026,2026-09-01T00:30:12Z,2026-08-31T19:30:12-05:00,frozen,espn-fantasy-api-kona-player-info-2026-ppr,https://lm-api-reads.fantasy.espn.com/apis/v3/games/ffl/seasons/2026/segments/0/leaguedefaults/1?view=kona_player_info,1,PPR,4426338,Bo Nix,bo nix,DEN,QB,"[0,7,20,21]",139,,99.71,,"{""draftRanksByRankType.PPR"":{""auctionValue"":2,""published"":false,""rank"":139,""rankSourceId"":0,""rankType"":""PPR"",""slotId"":0},""ownership"":{""activityLevel"":null,""auctionValueAverage"":6.2,""auctionValueAverageChange"":0.06,""averageDraftPosition"":99.71,""averageDraftPositionPercentChange"":-3.31,""date"":1788222620921,""leagueType"":0,""percentChange"":0.24,""percentOwned"":89.04,""percentStarted"":36.73}}",-39.29,113,draft-command:113,exact stable-ID match,1.0,,Live ESPN draft-room order was not separately observable from the public API capture.,32c91508983a4fa40c8198a51f45466472fcd27221f3f51e1eaac0cc8c79352a,espn_2026_frozen_20260901T003012Z_3379127ab1c0
2026,2026-09-01T00:30:12Z,2026-08-31T19:30:12-05:00,frozen,espn-fantasy-api-kona-player-info-2026-ppr,https://lm-api-reads.fantasy.espn.com/apis/v3/games/ffl/seasons/2026/segments/0/leaguedefaults/1?view=kona_player_info,1,PPR,4242355,Jake Ferguson,jake ferguson,DAL,TE,"[5,6,23,7,20,21]",140,,109.18,,"{""draftRanksByRankType.PPR"":{""auctionValue"":2,""published"":false,""rank"":140,""rankSourceId"":0,""rankType"":""PPR"",""slotId"":0},""ownership"":{""activityLevel"":null,""auctionValueAverage"":2.02,""auctionValueAverageChange"":0.05,""averageDraftPosition"":109.18,""averageDraftPositionPercentChange"":0.31,""date"":1788222620081,""leagueType"":0,""percentChange"":0.42,""percentOwned"":86.26,""percentStarted"":40.17}}",-30.82,119,draft-command:119,exact stable-ID match,1.0,,Live ESPN draft-room order was not separately observable from the public API capture.,8583b56da9a61c9b012e5fcceed7b124e716e44bde28f3cf4439a0c89c1cdcc5,espn_2026_frozen_20260901T003012Z_3379127ab1c0
2026,2026-09-01T00:30:12Z,2026-08-31T19:30:12-05:00,frozen,espn-fantasy-api-kona-player-info-2026-ppr,https://lm-api-reads.fantasy.espn.com/apis/v3/games/ffl/seasons/2026/segments/0/leaguedefaults/1?view=kona_player_info,1,PPR,12483,Matthew Stafford,matthew stafford,LAR,QB,"[0,7,20,21]",141,,90.81,,"{""draftRanksByRankType.PPR"":{""auctionValue"":2,""published"":false,""rank"":141,""rankSourceId"":0,""rankType"":""PPR"",""slotId"":0},""ownership"":{""activityLevel"":null,""auctionValueAverage"":6.28,""auctionValueAverageChange"":0.13,""averageDraftPosition"":90.81,""averageDraftPositionPercentChange"":-2.36,""date"":1788222617768,""leagueType"":0,""percentChange"":0.29,""percentOwned"":92.7,""percentStarted"":53.0}}",-50.19,106,draft-command:106,exact stable-ID match,1.0,,Live ESPN draft-room order was not separately observable from the public API capture.,0ba9f701919bc22da6e10cfe6811954031529af9e3dfdebd5a9c27f214950533,espn_2026_frozen_20260901T003012Z_3379127ab1c0
2026,2026-09-01T00:30:12Z,2026-08-31T19:30:12-05:00,frozen,espn-fantasy-api-kona-player-info-2026-ppr,https://lm-api-reads.fantasy.espn.com/apis/v3/games/ffl/seasons/2026/segments/0/leaguedefaults/1?view=kona_player_info,1,PPR,3917315,Kyler Murray,kyler murray,MIN,QB,"[0,7,20,21]",143,,139.71,,"{""draftRanksByRankType.PPR"":{""auctionValue"":2,""published"":false,""rank"":143,""rankSourceId"":0,""rankType"":""PPR"",""slotId"":0},""ownership"":{""activityLevel"":null,""auctionValueAverage"":2.82,""auctionValueAverageChange"":0.12,""averageDraftPosition"":139.71,""averageDraftPositionPercentChange"":1.56,""date"":1788222619238,""leagueType"":0,""percentChange"":1.44,""percentOwned"":63.07,""percentStarted"":10.41}}",-3.29,123,draft-command:123,exact stable-ID match,1.0,,Live ESPN draft-room order was not separately observable from the public API capture.,f34b51f33f0c38a4263e0770ab96d2590edeebc4a977afe97fd87e133d1b0dab,espn_2026_frozen_20260901T003012Z_3379127ab1c0
2026,2026-09-01T00:30:12Z,2026-08-31T19:30:12-05:00,frozen,espn-fantasy-api-kona-player-info-2026-ppr,https://lm-api-reads.fantasy.espn.com/apis/v3/games/ffl/seasons/2026/segments/0/leaguedefaults/1?view=kona_player_info,1,PPR,4575131,Jacory Croskey-Merritt,jacory croskey merritt,WAS,RB,"[2,3,23,7,20,21]",145,,135.91,,"{""draftRanksByRankType.PPR"":{""auctionValue"":2,""published"":false,""rank"":145,""rankSourceId"":0,""rankType"":""PPR"",""slotId"":0},""ownership"":{""activityLevel"":null,""auctionValueAverage"":1.87,""auctionValueAverageChange"":0.03,""averageDraftPosition"":135.91,""averageDraftPositionPercentChange"":-0.83,""date"":1788219020994,""leagueType"":0,""percentChange"":0.42,""percentOwned"":71.14,""percentStarted"":2.62}}",-9.09,102,draft-command:102,exact stable-ID match,1.0,,Live ESPN draft-room order was not separately observable from the public API capture.,8f997682abdbf096782ac8c02ec69a480fdfb8e0126539603ce16b36e79483e2,espn_2026_frozen_20260901T003012Z_3379127ab1c0
2026,2026-09-01T00:30:12Z,2026-08-31T19:30:12-05:00,frozen,espn-fantasy-api-kona-player-info-2026-ppr,https://lm-api-reads.fantasy.espn.com/apis/v3/games/ffl/seasons/2026/segments/0/leaguedefaults/1?view=kona_player_info,1,PPR,4361050,Isaiah Likely,isaiah likely,NYG,TE,"[5,6,23,7,20,21]",147,,123.37,,"{""draftRanksByRankType.PPR"":{""auctionValue"":2,""published"":false,""rank"":147,""rankSourceId"":0,""rankType"":""PPR"",""slotId"":0},""ownership"":{""activityLevel"":null,""auctionValueAverage"":1.95,""auctionValueAverageChange"":0.07,""averageDraftPosition"":123.37,""averageDraftPositionPercentChange"":1.15,""date"":1788222620524,""leagueType"":0,""percentChange"":0.7,""percentOwned"":80.15,""percentStarted"":24.96}}",-23.63,115,draft-command:115,exact stable-ID match,1.0,,Live ESPN draft-room order was not separately observable from the public API capture.,654d2a979787aea781268291d3cab57d7940a3d73cc140d1b9862a4f3663fa1c,espn_2026_frozen_20260901T003012Z_3379127ab1c0
2026,2026-09-01T00:30:12Z,2026-08-31T19:30:12-05:00,frozen,espn-fantasy-api-kona-player-info-2026-ppr,https://lm-api-reads.fantasy.espn.com/apis/v3/games/ffl/seasons/2026/segments/0/leaguedefaults/1?view=kona_player_info,1,PPR,4429025,Quentin Johnston,quentin johnston,LAC,WR,"[3,4,5,23,7,20,21]",148,,130.09,,"{""draftRanksByRankType.PPR"":{""auctionValue"":2,""published"":false,""rank"":148,""rankSourceId"":0,""rankType"":""PPR"",""slotId"":0},""ownership"":{""activityLevel"":null,""auctionValueAverage"":1.87,""auctionValueAverageChange"":0.13,""averageDraftPosition"":130.09,""averageDraftPositionPercentChange"":2.31,""date"":1788219020273,""leagueType"":0,""percentChange"":1.23,""percentOwned"":74.18,""percentStarted"":5.02}}",-17.91,101,draft-command:101,exact stable-ID match,1.0,,Live ESPN draft-room order was not separately observable from the public API capture.,9232ce224f239e1510631d28d0df6d4d5986a8a36ef806862a60cac7cac878cb,espn_2026_frozen_20260901T003012Z_3379127ab1c0
2026,2026-09-01T00:30:12Z,2026-08-31T19:30:12-05:00,frozen,espn-fantasy-api-kona-player-info-2026-ppr,https://lm-api-reads.fantasy.espn.com/apis/v3/games/ffl/seasons/2026/segments/0/leaguedefaults/1?view=kona_player_info,1,PPR,4362249,Jayden Reed,jayden reed,GB,WR,"[3,4,5,23,7,20,21]",150,,137.86,,"{""draftRanksByRankType.PPR"":{""auctionValue"":2,""published"":false,""rank"":150,""rankSourceId"":0,""rankType"":""PPR"",""slotId"":0},""ownership"":{""activityLevel"":null,""auctionValueAverage"":1.35,""auctionValueAverageChange"":-0.05,""averageDraftPosition"":137.86,""averageDraftPositionPercentChange"":-2.64,""date"":1788222620635,""leagueType"":0,""percentChange"":0.27,""percentOwned"":71.17,""percentStarted"":3.43}}",-12.14,110,draft-command:110,exact stable-ID match,1.0,,Live ESPN draft-room order was not separately observable from the public API capture.,b6844144f8940497a075d3cba9fbdc870bdf73373772d83e00c2cc160c300c35,espn_2026_frozen_20260901T003012Z_3379127ab1c0
2026,2026-09-01T00:30:12Z,2026-08-31T19:30:12-05:00,frozen,espn-fantasy-api-kona-player-info-2026-ppr,https://lm-api-reads.fantasy.espn.com/apis/v3/games/ffl/seasons/2026/segments/0/leaguedefaults/1?view=kona_player_info,1,PPR,4683062,Xavier Worthy,xavier worthy,KC,WR,"[3,4,5,23,7,20,21]",151,,129.34,,"{""draftRanksByRankType.PPR"":{""auctionValue"":1,""published"":false,""rank"":151,""rankSourceId"":0,""rankType"":""PPR"",""slotId"":0},""ownership"":{""activityLevel"":null,""auctionValueAverage"":1.6,""auctionValueAverageChange"":-0.01,""averageDraftPosition"":129.34,""averageDraftPositionPercentChange"":-1.14,""date"":1788219021284,""leagueType"":0,""percentChange"":0.92,""percentOwned"":75.74,""percentStarted"":4.16}}",-21.66,126,draft-command:126,exact stable-ID match,1.0,,Live ESPN draft-room order was not separately observable from the public API capture.,46cac1fe0b6eb6fee047af1cbac8af3fd881e97f4dab844cab664d657d9fae0e,espn_2026_frozen_20260901T003012Z_3379127ab1c0
2026,2026-09-01T00:30:12Z,2026-08-31T19:30:12-05:00,frozen,espn-fantasy-api-kona-player-info-2026-ppr,https://lm-api-reads.fantasy.espn.com/apis/v3/games/ffl/seasons/2026/segments/0/leaguedefaults/1?view=kona_player_info,1,PPR,4710714,De'Zhaun Stribling,de zhaun stribling,SF,WR,"[25,3,4,5,23,7,20,21]",152,,141.9,,"{""draftRanksByRankType.PPR"":{""auctionValue"":1,""published"":false,""rank"":152,""rankSourceId"":0,""rankType"":""PPR"",""slotId"":0},""ownership"":{""activityLevel"":null,""auctionValueAverage"":2.0,""auctionValueAverageChange"":0.14,""averageDraftPosition"":141.9,""averageDraftPositionPercentChange"":2.32,""date"":1788219021990,""leagueType"":0,""percentChange"":3.04,""percentOwned"":55.54,""percentStarted"":1.42}}",-10.1,118,draft-command:118,exact stable-ID match,1.0,,Live ESPN draft-room order was not separately observable from the public API capture.,81857b88ce69084f59326de50d05c0acf9ae3d76ea80f11cf22e84b8ce061aa8,espn_2026_frozen_20260901T003012Z_3379127ab1c0
2026,2026-09-01T00:30:12Z,2026-08-31T19:30:12-05:00,frozen,espn-fantasy-api-kona-player-info-2026-ppr,https://lm-api-reads.fantasy.espn.com/apis/v3/games/ffl/seasons/2026/segments/0/leaguedefaults/1?view=kona_player_info,1,PPR,3116365,Mark Andrews,mark andrews,BAL,TE,"[5,6,23,7,20,21]",153,,125.74,,"{""draftRanksByRankType.PPR"":{""auctionValue"":1,""published"":false,""rank"":153,""rankSourceId"":0,""rankType"":""PPR"",""slotId"":0},""ownership"":{""activityLevel"":null,""auctionValueAverage"":1.55,""auctionValueAverageChange"":0.01,""averageDraftPosition"":125.74,""averageDraftPositionPercentChange"":-1.1,""date"":1788222618821,""leagueType"":0,""percentChange"":0.42,""percentOwned"":81.18,""percentStarted"":26.84}}",-27.26,125,draft-command:125,exact stable-ID match,1.0,,Live ESPN draft-room order was not separately observable from the public API capture.,ded8263a7db3a91e5ff9f9891a1c0611f992df445b4e54f2cfbadbf8416c9a3c,espn_2026_frozen_20260901T003012Z_3379127ab1c0
2026,2026-09-01T00:30:12Z,2026-08-31T19:30:12-05:00,frozen,espn-fantasy-api-kona-player-info-2026-ppr,https://lm-api-reads.fantasy.espn.com/apis/v3/games/ffl/seasons/2026/segments/0/leaguedefaults/1?view=kona_player_info,1,PPR,4361432,Romeo Doubs,romeo doubs,NE,WR,"[3,4,5,23,7,20,21]",154,,148.29,,"{""draftRanksByRankType.PPR"":{""auctionValue"":1,""published"":false,""rank"":154,""rankSourceId"":0,""rankType"":""PPR"",""slotId"":0},""ownership"":{""activityLevel"":null,""auctionValueAverage"":1.0,""auctionValueAverageChange"":0.03,""averageDraftPosition"":148.29,""averageDraftPositionPercentChange"":0.81,""date"":1788222620565,""leagueType"":0,""percentChange"":0.78,""percentOwned"":60.67,""percentStarted"":1.72}}",-5.71,122,draft-command:122,exact stable-ID match,1.0,,Live ESPN draft-room order was not separately observable from the public API capture.,d26dd472104e949e91383874371142dce3c9414f68276322fabd6f9f7bae2996,espn_2026_frozen_20260901T003012Z_3379127ab1c0
2026,2026-09-01T00:30:12Z,2026-08-31T19:30:12-05:00,frozen,espn-fantasy-api-kona-player-info-2026-ppr,https://lm-api-reads.fantasy.espn.com/apis/v3/games/ffl/seasons/2026/segments/0/leaguedefaults/1?view=kona_player_info,1,PPR,4695883,Jalen Coker,jalen coker,CAR,WR,"[3,4,5,23,7,20,21]",156,,155.89,,"{""draftRanksByRankType.PPR"":{""auctionValue"":1,""published"":false,""rank"":156,""rankSourceId"":0,""rankType"":""PPR"",""slotId"":0},""ownership"":{""activityLevel"":null,""auctionValueAverage"":0.81,""auctionValueAverageChange"":0.02,""averageDraftPosition"":155.89,""averageDraftPositionPercentChange"":1.08,""date"":1788219021802,""leagueType"":0,""percentChange"":1.98,""percentOwned"":45.52,""percentStarted"":0.9}}",-0.11,121,draft-command:121,exact stable-ID match,1.0,,Live ESPN draft-room order was not separately observable from the public API capture.,aa4263c9a8c6fd19b8cb6b2a0c5ddd03d124143924c8463ea703de02ff48bf33,espn_2026_frozen_20260901T003012Z_3379127ab1c0
2026,2026-09-01T00:30:12Z,2026-08-31T19:30:12-05:00,frozen,espn-fantasy-api-kona-player-info-2026-ppr,https://lm-api-reads.fantasy.espn.com/apis/v3/games/ffl/seasons/2026/segments/0/leaguedefaults/1?view=kona_player_info,1,PPR,4385690,Dalton Kincaid,dalton kincaid,BUF,TE,"[5,6,23,7,20,21]",157,,130.87,,"{""draftRanksByRankType.PPR"":{""auctionValue"":1,""published"":false,""rank"":157,""rankSourceId"":0,""rankType"":""PPR"",""slotId"":0},""ownership"":{""activityLevel"":null,""auctionValueAverage"":1.52,""auctionValueAverageChange"":0.04,""averageDraftPosition"":130.87,""averageDraftPositionPercentChange"":0.16,""date"":1788222620902,""leagueType"":0,""percentChange"":0.96,""percentOwned"":73.68,""percentStarted"":16.77}}",-26.13,107,draft-command:107,exact stable-ID match,1.0,,Live ESPN draft-room order was not separately observable from the public API capture.,d8bd7473e45738fbec3be431328c52aeda7b760fc6f8d78e6ba4ed8662f2f478,espn_2026_frozen_20260901T003012Z_3379127ab1c0
2026,2026-09-01T00:30:12Z,2026-08-31T19:30:12-05:00,frozen,espn-fantasy-api-kona-player-info-2026-ppr,https://lm-api-reads.fantasy.espn.com/apis/v3/games/ffl/seasons/2026/segments/0/leaguedefaults/1?view=kona_player_info,1,PPR,4360689,Tyler Shough,tyler shough,NO,QB,"[0,7,20,21]",158,,153.02,,"{""draftRanksByRankType.PPR"":{""auctionValue"":1,""published"":false,""rank"":158,""rankSourceId"":0,""rankType"":""PPR"",""slotId"":0},""ownership"":{""activityLevel"":null,""auctionValueAverage"":1.82,""auctionValueAverageChange"":0.07,""averageDraftPosition"":153.02,""averageDraftPositionPercentChange"":0.5,""date"":1788222620493,""leagueType"":0,""percentChange"":0.94,""percentOwned"":46.29,""percentStarted"":4.1}}",-4.98,138,draft-command:138,exact stable-ID match,1.0,,Live ESPN draft-room order was not separately observable from the public API capture.,ed7504f7586b72881eafd4a6006168024ef6dd65636d0029f8bbf54d162d072d,espn_2026_frozen_20260901T003012Z_3379127ab1c0
2026,2026-09-01T00:30:12Z,2026-08-31T19:30:12-05:00,frozen,espn-fantasy-api-kona-player-info-2026-ppr,https://lm-api-reads.fantasy.espn.com/apis/v3/games/ffl/seasons/2026/segments/0/leaguedefaults/1?view=kona_player_info,1,PPR,3046779,Jared Goff,jared goff,DET,QB,"[0,7,20,21]",159,,136.05,,"{""draftRanksByRankType.PPR"":{""auctionValue"":1,""published"":false,""rank"":159,""rankSourceId"":0,""rankType"":""PPR"",""slotId"":0},""ownership"":{""activityLevel"":null,""auctionValueAverage"":2.8,""auctionValueAverageChange"":0.09,""averageDraftPosition"":136.05,""averageDraftPositionPercentChange"":-0.15,""date"":1788222618543,""leagueType"":0,""percentChange"":0.85,""percentOwned"":68.25,""percentStarted"":11.94}}",-22.95,124,draft-command:124,exact stable-ID match,1.0,,Live ESPN draft-room order was not separately observable from the public API capture.,50c5aa5eb58b336b019baa43dcc75f225c2b664904108c0b274190f588ca94d7,espn_2026_frozen_20260901T003012Z_3379127ab1c0
2026,2026-09-01T00:30:12Z,2026-08-31T19:30:12-05:00,frozen,espn-fantasy-api-kona-player-info-2026-ppr,https://lm-api-reads.fantasy.espn.com/apis/v3/games/ffl/seasons/2026/segments/0/leaguedefaults/1?view=kona_player_info,1,PPR,4428557,Tyjae Spears,tyjae spears,TEN,RB,"[2,3,23,7,20,21]",160,,146.91,,"{""draftRanksByRankType.PPR"":{""auctionValue"":1,""published"":false,""rank"":160,""rankSourceId"":0,""rankType"":""PPR"",""slotId"":0},""ownership"":{""activityLevel"":null,""auctionValueAverage"":0.84,""auctionValueAverageChange"":0.07,""averageDraftPosition"":146.91,""averageDraftPositionPercentChange"":3.07,""date"":1788219020169,""leagueType"":0,""percentChange"":3.03,""percentOwned"":50.2,""percentStarted"":1.8}}",-13.09,130,draft-command:130,exact stable-ID match,1.0,,Live ESPN draft-room order was not separately observable from the public API capture.,99019d5b96d25a2623b519cf638b04b28da1a0ea7e4bfb65e8d5620b78ba0c88,espn_2026_frozen_20260901T003012Z_3379127ab1c0
2026,2026-09-01T00:30:12Z,2026-08-31T19:30:12-05:00,frozen,espn-fantasy-api-kona-player-info-2026-ppr,https://lm-api-reads.fantasy.espn.com/apis/v3/games/ffl/seasons/2026/segments/0/leaguedefaults/1?view=kona_player_info,1,PPR,4360569,Jordan Mason,jordan mason,MIN,RB,"[2,3,23,7,20,21]",161,,139.47,,"{""draftRanksByRankType.PPR"":{""auctionValue"":1,""published"":false,""rank"":161,""rankSourceId"":0,""rankType"":""PPR"",""slotId"":0},""ownership"":{""activityLevel"":null,""auctionValueAverage"":2.07,""auctionValueAverageChange"":0.06,""averageDraftPosition"":139.47,""averageDraftPositionPercentChange"":0.16,""date"":1788222620484,""leagueType"":0,""percentChange"":1.07,""percentOwned"":65.58,""percentStarted"":3.0}}",-21.53,116,draft-command:116,exact stable-ID match,1.0,,Live ESPN draft-room order was not separately observable from the public API capture.,0aeffeb8d9760a912b555d13b63fb54b68b30da92331b2cfa011498c8477025c,espn_2026_frozen_20260901T003012Z_3379127ab1c0
2026,2026-09-01T00:30:12Z,2026-08-31T19:30:12-05:00,frozen,espn-fantasy-api-kona-player-info-2026-ppr,https://lm-api-reads.fantasy.espn.com/apis/v3/games/ffl/seasons/2026/segments/0/leaguedefaults/1?view=kona_player_info,1,PPR,3126486,Deebo Samuel Sr.,deebo samuel,SF,WR,"[3,4,5,23,7,20,21]",163,,141.06,,"{""draftRanksByRankType.PPR"":{""auctionValue"":1,""published"":false,""rank"":163,""rankSourceId"":0,""rankType"":""PPR"",""slotId"":0},""ownership"":{""activityLevel"":null,""auctionValueAverage"":1.25,""auctionValueAverageChange"":-0.04,""averageDraftPosition"":141.06,""averageDraftPositionPercentChange"":-2.32,""date"":1788222618963,""leagueType"":0,""percentChange"":0.07,""percentOwned"":69.56,""percentStarted"":4.33}}",-21.94,133,draft-command:133,exact stable-ID match,1.0,,Live ESPN draft-room order was not separately observable from the public API capture.,8eb59f21d8ae59afc28c0859e0ef394a0ee64e1d557b14798d3d72f1474f662d,espn_2026_frozen_20260901T003012Z_3379127ab1c0
2026,2026-09-01T00:30:12Z,2026-08-31T19:30:12-05:00,frozen,espn-fantasy-api-kona-player-info-2026-ppr,https://lm-api-reads.fantasy.espn.com/apis/v3/games/ffl/seasons/2026/segments/0/leaguedefaults/1?view=kona_player_info,1,PPR,4870653,KC Concepcion,kc concepcion,CLE,WR,"[25,3,4,5,23,7,20,21]",164,,146.68,,"{""draftRanksByRankType.PPR"":{""auctionValue"":1,""published"":false,""rank"":164,""rankSourceId"":0,""rankType"":""PPR"",""slotId"":0},""ownership"":{""activityLevel"":null,""auctionValueAverage"":1.33,""auctionValueAverageChange"":0.06,""averageDraftPosition"":146.68,""averageDraftPositionPercentChange"":-0.38,""date"":1788219022136,""leagueType"":0,""percentChange"":0.55,""percentOwned"":65.08,""percentStarted"":1.84}}",-17.32,120,draft-command:120,exact stable-ID match,1.0,,Live ESPN draft-room order was not separately observable from the public API capture.,ec4730e0f5239102ea0ce3a161339c8d15b9406ae253f6e2da9d8c10d63288af,espn_2026_frozen_20260901T003012Z_3379127ab1c0
2026,2026-09-01T00:30:12Z,2026-08-31T19:30:12-05:00,frozen,espn-fantasy-api-kona-player-info-2026-ppr,https://lm-api-reads.fantasy.espn.com/apis/v3/games/ffl/seasons/2026/segments/0/leaguedefaults/1?view=kona_player_info,1,PPR,4426385,Zach Charbonnet,zach charbonnet,SEA,RB,"[2,3,23,7,20,21]",165,,153.25,,"{""draftRanksByRankType.PPR"":{""auctionValue"":1,""published"":false,""rank"":165,""rankSourceId"":0,""rankType"":""PPR"",""slotId"":0},""ownership"":{""activityLevel"":null,""auctionValueAverage"":1.11,""auctionValueAverageChange"":0.02,""averageDraftPosition"":153.25,""averageDraftPositionPercentChange"":0.56,""date"":1788222620947,""leagueType"":0,""percentChange"":0.34,""percentOwned"":55.8,""percentStarted"":0.54}}",-11.75,135,draft-command:135,exact stable-ID match,1.0,,Live ESPN draft-room order was not separately observable from the public API capture.,edfa6da44df61fbad137b3c121fbc915264b3e577f7613ba5cc5006efd03141b,espn_2026_frozen_20260901T003012Z_3379127ab1c0
2026,2026-09-01T00:30:12Z,2026-08-31T19:30:12-05:00,frozen,espn-fantasy-api-kona-player-info-2026-ppr,https://lm-api-reads.fantasy.espn.com/apis/v3/games/ffl/seasons/2026/segments/0/leaguedefaults/1?view=kona_player_info,1,PPR,4429059,Woody Marks,woody marks,HOU,RB,"[2,3,23,7,20,21]",167,,151.49,,"{""draftRanksByRankType.PPR"":{""auctionValue"":1,""published"":false,""rank"":167,""rankSourceId"":0,""rankType"":""PPR"",""slotId"":0},""ownership"":{""activityLevel"":null,""auctionValueAverage"":1.04,""auctionValueAverageChange"":-0.02,""averageDraftPosition"":151.49,""averageDraftPositionPercentChange"":-0.74,""date"":1788219020284,""leagueType"":0,""percentChange"":0.23,""percentOwned"":59.37,""percentStarted"":1.74}}",-15.51,134,draft-command:134,exact stable-ID match,1.0,,Live ESPN draft-room order was not separately observable from the public API capture.,12e0b40b15baf97f246b4b807004c5cd0e8fd458a1ffecd2c37a937f206cad00,espn_2026_frozen_20260901T003012Z_3379127ab1c0
2026,2026-09-01T00:30:12Z,2026-08-31T19:30:12-05:00,frozen,espn-fantasy-api-kona-player-info-2026-ppr,https://lm-api-reads.fantasy.espn.com/apis/v3/games/ffl/seasons/2026/segments/0/leaguedefaults/1?view=kona_player_info,1,PPR,4430834,Jalen McMillan,jalen mcmillan,TB,WR,"[3,4,5,23,7,20,21]",171,,165.08,,"{""draftRanksByRankType.PPR"":{""auctionValue"":1,""published"":false,""rank"":171,""rankSourceId"":0,""rankType"":""PPR"",""slotId"":0},""ownership"":{""activityLevel"":null,""auctionValueAverage"":0.46,""auctionValueAverageChange"":0.04,""averageDraftPosition"":165.08,""averageDraftPositionPercentChange"":0.99,""date"":1788219020506,""leagueType"":0,""percentChange"":2.13,""percentOwned"":26.94,""percentStarted"":0.36}}",-5.92,149,draft-command:149,exact stable-ID match,1.0,,Live ESPN draft-room order was not separately observable from the public API capture.,6ae7c43917c601be7441f949d5b41dcfeb4b17b69c008972d3f82ed6548b27d2,espn_2026_frozen_20260901T003012Z_3379127ab1c0
2026,2026-09-01T00:30:12Z,2026-08-31T19:30:12-05:00,frozen,espn-fantasy-api-kona-player-info-2026-ppr,https://lm-api-reads.fantasy.espn.com/apis/v3/games/ffl/seasons/2026/segments/0/leaguedefaults/1?view=kona_player_info,1,PPR,4702555,Jonah Coleman,jonah coleman,DEN,RB,"[25,2,3,23,7,20,21]",173,,169.15,,"{""draftRanksByRankType.PPR"":{""auctionValue"":1,""published"":false,""rank"":173,""rankSourceId"":0,""rankType"":""PPR"",""slotId"":0},""ownership"":{""activityLevel"":null,""auctionValueAverage"":0.46,""auctionValueAverageChange"":0.04,""averageDraftPosition"":169.15,""averageDraftPositionPercentChange"":0.23,""date"":1788219021963,""leagueType"":0,""percentChange"":1.33,""percentOwned"":15.78,""percentStarted"":0.27}}",-3.85,147,draft-command:147,exact stable-ID match,1.0,,Live ESPN draft-room order was not separately observable from the public API capture.,7493e2e32c435237b1ea3c47f4d4f0b4725ef827f089369158efd07bbe4ecec6,espn_2026_frozen_20260901T003012Z_3379127ab1c0
2026,2026-09-01T00:30:12Z,2026-08-31T19:30:12-05:00,frozen,espn-fantasy-api-kona-player-info-2026-ppr,https://lm-api-reads.fantasy.espn.com/apis/v3/games/ffl/seasons/2026/segments/0/leaguedefaults/1?view=kona_player_info,1,PPR,3052587,Baker Mayfield,baker mayfield,TB,QB,"[0,7,20,21]",175,,145.99,,"{""draftRanksByRankType.PPR"":{""auctionValue"":1,""published"":false,""rank"":175,""rankSourceId"":0,""rankType"":""PPR"",""slotId"":0},""ownership"":{""activityLevel"":null,""auctionValueAverage"":2.16,""auctionValueAverageChange"":0.08,""averageDraftPosition"":145.99,""averageDraftPositionPercentChange"":0.1,""date"":1788222618611,""leagueType"":0,""percentChange"":1.22,""percentOwned"":55.46,""percentStarted"":9.17}}",-29.01,131,draft-command:131,exact stable-ID match,1.0,,Live ESPN draft-room order was not separately observable from the public API capture.,8374c3722d60eb135570ca5fd969f41bf54847710caa794fb3c909d46ae0e08f,espn_2026_frozen_20260901T003012Z_3379127ab1c0
2026,2026-09-01T00:30:12Z,2026-08-31T19:30:12-05:00,frozen,espn-fantasy-api-kona-player-info-2026-ppr,https://lm-api-reads.fantasy.espn.com/apis/v3/games/ffl/seasons/2026/segments/0/leaguedefaults/1?view=kona_player_info,1,PPR,4366031,Tank Dell,tank dell,HOU,WR,"[3,4,5,23,7,20,21]",176,,162.72,,"{""draftRanksByRankType.PPR"":{""auctionValue"":1,""published"":false,""rank"":176,""rankSourceId"":0,""rankType"":""PPR"",""slotId"":0},""ownership"":{""activityLevel"":null,""auctionValueAverage"":0.55,""auctionValueAverageChange"":-0.09,""averageDraftPosition"":162.72,""averageDraftPositionPercentChange"":-2.2,""date"":1788222620692,""leagueType"":0,""percentChange"":-0.39,""percentOwned"":34.61,""percentStarted"":0.37}}",-13.28,189,draft-command:189,exact stable-ID match,1.0,,Live ESPN draft-room order was not separately observable from the public API capture.,410e743497ebf6688d91a4727fa9ad24007aefa8fc48ff6f2b11315107ca53df,espn_2026_frozen_20260901T003012Z_3379127ab1c0
2026,2026-09-01T00:30:12Z,2026-08-31T19:30:12-05:00,frozen,espn-fantasy-api-kona-player-info-2026-ppr,https://lm-api-reads.fantasy.espn.com/apis/v3/games/ffl/seasons/2026/segments/0/leaguedefaults/1?view=kona_player_info,1,PPR,3917792,Daniel Jones,daniel jones,IND,QB,"[0,7,20,21]",177,,159.42,,"{""draftRanksByRankType.PPR"":{""auctionValue"":1,""published"":false,""rank"":177,""rankSourceId"":0,""rankType"":""PPR"",""slotId"":0},""ownership"":{""activityLevel"":null,""auctionValueAverage"":1.27,""auctionValueAverageChange"":0.05,""averageDraftPosition"":159.42,""averageDraftPositionPercentChange"":-0.5,""date"":1788222619246,""leagueType"":0,""percentChange"":0.67,""percentOwned"":36.54,""percentStarted"":2.63}}",-17.58,155,draft-command:155,exact stable-ID match,1.0,,Live ESPN draft-room order was not separately observable from the public API capture.,a12b351272c93139f25fd010c86d5f5549677f78409dee572c278f2c8445f380,espn_2026_frozen_20260901T003012Z_3379127ab1c0
2026,2026-09-01T00:30:12Z,2026-08-31T19:30:12-05:00,frozen,espn-fantasy-api-kona-player-info-2026-ppr,https://lm-api-reads.fantasy.espn.com/apis/v3/games/ffl/seasons/2026/segments/0/leaguedefaults/1?view=kona_player_info,1,PPR,4362619,Chris Rodriguez Jr.,chris rodriguez,JAX,RB,"[2,3,23,7,20,21]",183,,164.95,,"{""draftRanksByRankType.PPR"":{""auctionValue"":0,""published"":false,""rank"":183,""rankSourceId"":0,""rankType"":""PPR"",""slotId"":0},""ownership"":{""activityLevel"":null,""auctionValueAverage"":0.51,""auctionValueAverageChange"":0.0,""averageDraftPosition"":164.95,""averageDraftPositionPercentChange"":0.19,""date"":1788222620650,""leagueType"":0,""percentChange"":1.29,""percentOwned"":27.62,""percentStarted"":0.44}}",-18.05,128,draft-command:128,exact stable-ID match,1.0,,Live ESPN draft-room order was not separately observable from the public API capture.,c9df10d387aabb1596a9162b5a62ad58aafc1cb1c67d33598f623ddaa9ca52af,espn_2026_frozen_20260901T003012Z_3379127ab1c0
2026,2026-09-01T00:30:12Z,2026-08-31T19:30:12-05:00,frozen,espn-fantasy-api-kona-player-info-2026-ppr,https://lm-api-reads.fantasy.espn.com/apis/v3/games/ffl/seasons/2026/segments/0/leaguedefaults/1?view=kona_player_info,1,PPR,4361529,Isiah Pacheco,isiah pacheco,DET,RB,"[2,3,23,7,20,21]",184,,158.09,,"{""draftRanksByRankType.PPR"":{""auctionValue"":0,""published"":false,""rank"":184,""rankSourceId"":0,""rankType"":""PPR"",""slotId"":0},""ownership"":{""activityLevel"":null,""auctionValueAverage"":0.68,""auctionValueAverageChange"":0.05,""averageDraftPosition"":158.09,""averageDraftPositionPercentChange"":1.13,""date"":1788222620570,""leagueType"":0,""percentChange"":0.85,""percentOwned"":43.88,""percentStarted"":1.78}}",-25.91,156,draft-command:156,exact stable-ID match,1.0,,Live ESPN draft-room order was not separately observable from the public API capture.,27a19b7794c42a37b68655443de1c64ee5c7dc9ea249119c9327cb735905bee3,espn_2026_frozen_20260901T003012Z_3379127ab1c0
2026,2026-09-01T00:30:12Z,2026-08-31T19:30:12-05:00,frozen,espn-fantasy-api-kona-player-info-2026-ppr,https://lm-api-reads.fantasy.espn.com/apis/v3/games/ffl/seasons/2026/segments/0/leaguedefaults/1?view=kona_player_info,1,PPR,3054850,Alvin Kamara,alvin kamara,NO,RB,"[2,3,23,7,20,21]",189,,160.38,,"{""draftRanksByRankType.PPR"":{""auctionValue"":0,""published"":false,""rank"":189,""rankSourceId"":0,""rankType"":""PPR"",""slotId"":0},""ownership"":{""activityLevel"":null,""auctionValueAverage"":0.61,""auctionValueAverageChange"":-0.01,""averageDraftPosition"":160.38,""averageDraftPositionPercentChange"":-0.17,""date"":1788222618636,""leagueType"":0,""percentChange"":-0.11,""percentOwned"":41.76,""percentStarted"":0.87}}",-28.62,153,draft-command:153,exact stable-ID match,1.0,,Live ESPN draft-room order was not separately observable from the public API capture.,03733a4d3f7f675e031c5a42d830c212f830d399efd7663aa5a558c98373fada,espn_2026_frozen_20260901T003012Z_3379127ab1c0
2026,2026-09-01T00:30:12Z,2026-08-31T19:30:12-05:00,frozen,espn-fantasy-api-kona-player-info-2026-ppr,https://lm-api-reads.fantasy.espn.com/apis/v3/games/ffl/seasons/2026/segments/0/leaguedefaults/1?view=kona_player_info,1,PPR,3929645,Juwan Johnson,juwan johnson,NO,TE,"[5,6,23,7,20,21]",191,,158.96,,"{""draftRanksByRankType.PPR"":{""auctionValue"":0,""published"":false,""rank"":191,""rankSourceId"":0,""rankType"":""PPR"",""slotId"":0},""ownership"":{""activityLevel"":null,""auctionValueAverage"":0.54,""auctionValueAverageChange"":0.04,""averageDraftPosition"":158.96,""averageDraftPositionPercentChange"":1.06,""date"":1788222619317,""leagueType"":0,""percentChange"":1.84,""percentOwned"":38.48,""percentStarted"":6.44}}",-32.04,142,draft-command:142,exact stable-ID match,1.0,,Live ESPN draft-room order was not separately observable from the public API capture.,37f895531dbbfdcd9202224324f8eb0bb4a9af364466a23caa1ea074a893f761,espn_2026_frozen_20260901T003012Z_3379127ab1c0
2026,2026-09-01T00:30:12Z,2026-08-31T19:30:12-05:00,frozen,espn-fantasy-api-kona-player-info-2026-ppr,https://lm-api-reads.fantasy.espn.com/apis/v3/games/ffl/seasons/2026/segments/0/leaguedefaults/1?view=kona_player_info,1,PPR,3046439,Hunter Henry,hunter henry,NE,TE,"[5,6,23,7,20,21]",192,,151.46,,"{""draftRanksByRankType.PPR"":{""auctionValue"":0,""published"":false,""rank"":192,""rankSourceId"":0,""rankType"":""PPR"",""slotId"":0},""ownership"":{""activityLevel"":null,""auctionValueAverage"":0.72,""auctionValueAverageChange"":-0.06,""averageDraftPosition"":151.46,""averageDraftPositionPercentChange"":-1.87,""date"":1788222618538,""leagueType"":0,""percentChange"":-0.28,""percentOwned"":57.87,""percentStarted"":7.84}}",-40.54,139,draft-command:139,exact stable-ID match,1.0,,Live ESPN draft-room order was not separately observable from the public API capture.,9a9d6b8f54be3a59b3295b7c66620fb38416229f80f39eb7597e02abc41d8b56,espn_2026_frozen_20260901T003012Z_3379127ab1c0
2026,2026-09-01T00:30:12Z,2026-08-31T19:30:12-05:00,frozen,espn-fantasy-api-kona-player-info-2026-ppr,https://lm-api-reads.fantasy.espn.com/apis/v3/games/ffl/seasons/2026/segments/0/leaguedefaults/1?view=kona_player_info,1,PPR,4373626,Tyler Allgeier,tyler allgeier,ARI,RB,"[2,3,23,7,20,21]",195,,162.85,,"{""draftRanksByRankType.PPR"":{""auctionValue"":0,""published"":false,""rank"":195,""rankSourceId"":0,""rankType"":""PPR"",""slotId"":0},""ownership"":{""activityLevel"":null,""auctionValueAverage"":0.59,""auctionValueAverageChange"":0.02,""averageDraftPosition"":162.85,""averageDraftPositionPercentChange"":0.24,""date"":1788222620779,""leagueType"":0,""percentChange"":1.51,""percentOwned"":32.58,""percentStarted"":0.7}}",-32.15,136,draft-command:136,exact stable-ID match,1.0,,Live ESPN draft-room order was not separately observable from the public API capture.,3ac41fcf322a6d8cf722d8e969a146f4f4c8cf91db3396763b4f32c5283ba6b8,espn_2026_frozen_20260901T003012Z_3379127ab1c0
2026,2026-09-01T00:30:12Z,2026-08-31T19:30:12-05:00,frozen,espn-fantasy-api-kona-player-info-2026-ppr,https://lm-api-reads.fantasy.espn.com/apis/v3/games/ffl/seasons/2026/segments/0/leaguedefaults/1?view=kona_player_info,1,PPR,4036133,T.J. Hockenson,t j hockenson,MIN,TE,"[5,6,23,7,20,21]",199,,148.13,,"{""draftRanksByRankType.PPR"":{""auctionValue"":0,""published"":false,""rank"":199,""rankSourceId"":0,""rankType"":""PPR"",""slotId"":0},""ownership"":{""activityLevel"":null,""auctionValueAverage"":0.83,""auctionValueAverageChange"":-0.07,""averageDraftPosition"":148.13,""averageDraftPositionPercentChange"":-3.54,""date"":1788222619514,""leagueType"":0,""percentChange"":-0.75,""percentOwned"":65.76,""percentStarted"":11.36}}",-50.87,161,draft-command:161,exact stable-ID match,1.0,,Live ESPN draft-room order was not separately observable from the public API capture.,c8655a32e833d03be277907f5e6d7a68f0aa7ac5b0bbe11f0594fe13affd4c21,espn_2026_frozen_20260901T003012Z_3379127ab1c0
2026,2026-09-01T00:30:12Z,2026-08-31T19:30:12-05:00,frozen,espn-fantasy-api-kona-player-info-2026-ppr,https://lm-api-reads.fantasy.espn.com/apis/v3/games/ffl/seasons/2026/segments/0/leaguedefaults/1?view=kona_player_info,1,PPR,5083315,Kenyon Sadiq,kenyon sadiq,NYJ,TE,"[25,5,6,23,7,20,21]",200,,161.15,,"{""draftRanksByRankType.PPR"":{""auctionValue"":0,""published"":false,""rank"":200,""rankSourceId"":0,""rankType"":""PPR"",""slotId"":0},""ownership"":{""activityLevel"":null,""auctionValueAverage"":0.56,""auctionValueAverageChange"":-0.09,""averageDraftPosition"":161.15,""averageDraftPositionPercentChange"":-3.46,""date"":1788219022400,""leagueType"":0,""percentChange"":-2.62,""percentOwned"":52.19,""percentStarted"":4.91}}",-38.85,173,draft-command:173,exact stable-ID match,1.0,,Live ESPN draft-room order was not separately observable from the public API capture.,5061ba4a073694cd26176ab5ad6fdef1b31c3e2c307a4652ed245ef764b146b4,espn_2026_frozen_20260901T003012Z_3379127ab1c0
2026,2026-09-01T00:30:12Z,2026-08-31T19:30:12-05:00,frozen,espn-fantasy-api-kona-player-info-2026-ppr,https://lm-api-reads.fantasy.espn.com/apis/v3/games/ffl/seasons/2026/segments/0/leaguedefaults/1?view=kona_player_info,1,PPR,15818,Keenan Allen,keenan allen,IND,WR,"[3,4,5,23,7,20,21]",201,,165.64,,"{""draftRanksByRankType.PPR"":{""auctionValue"":0,""published"":false,""rank"":201,""rankSourceId"":0,""rankType"":""PPR"",""slotId"":0},""ownership"":{""activityLevel"":null,""auctionValueAverage"":0.35,""auctionValueAverageChange"":0.0,""averageDraftPosition"":165.64,""averageDraftPositionPercentChange"":0.1,""date"":1788222617892,""leagueType"":0,""percentChange"":0.88,""percentOwned"":25.32,""percentStarted"":0.51}}",-35.36,143,draft-command:143,exact stable-ID match,1.0,,Live ESPN draft-room order was not separately observable from the public API capture.,a5b71fbe7a58a09a95c29b614a087588162b9aa5be49b977c064625a5f385aaa,espn_2026_frozen_20260901T003012Z_3379127ab1c0
2026,2026-09-01T00:30:12Z,2026-08-31T19:30:12-05:00,frozen,espn-fantasy-api-kona-player-info-2026-ppr,https://lm-api-reads.fantasy.espn.com/apis/v3/games/ffl/seasons/2026/segments/0/leaguedefaults/1?view=kona_player_info,1,PPR,4036378,Jordan Love,jordan love,GB,QB,"[0,7,20,21]",203,,155.68,,"{""draftRanksByRankType.PPR"":{""auctionValue"":0,""published"":false,""rank"":203,""rankSourceId"":0,""rankType"":""PPR"",""slotId"":0},""ownership"":{""activityLevel"":null,""auctionValueAverage"":1.71,""auctionValueAverageChange"":0.14,""averageDraftPosition"":155.68,""averageDraftPositionPercentChange"":0.38,""date"":1788222619535,""leagueType"":0,""percentChange"":1.56,""percentOwned"":38.25,""percentStarted"":5.17}}",-47.32,137,draft-command:137,exact stable-ID match,1.0,,Live ESPN draft-room order was not separately observable from the public API capture.,f26159d3e9f9ffbd97d82d7001f9eba408745a4b0471b6709a6f77b7de5e5db9,espn_2026_frozen_20260901T003012Z_3379127ab1c0
2026,2026-09-01T00:30:12Z,2026-08-31T19:30:12-05:00,frozen,espn-fantasy-api-kona-player-info-2026-ppr,https://lm-api-reads.fantasy.espn.com/apis/v3/games/ffl/seasons/2026/segments/0/leaguedefaults/1?view=kona_player_info,1,PPR,3925357,Calvin Ridley,calvin ridley,TEN,WR,"[3,4,5,23,7,20,21]",205,,168.34,,"{""draftRanksByRankType.PPR"":{""auctionValue"":0,""published"":false,""rank"":205,""rankSourceId"":0,""rankType"":""PPR"",""slotId"":0},""ownership"":{""activityLevel"":null,""auctionValueAverage"":0.27,""auctionValueAverageChange"":0.0,""averageDraftPosition"":168.34,""averageDraftPositionPercentChange"":-0.05,""date"":1788222619302,""leagueType"":0,""percentChange"":0.88,""percentOwned"":24.94,""percentStarted"":0.47}}",-36.66,192,draft-command:192,exact stable-ID match,1.0,,Live ESPN draft-room order was not separately observable from the public API capture.,24ba3329e0a48d711d6df1e63dc6b12f836af8357312091266a0e000ab6ea34c,espn_2026_frozen_20260901T003012Z_3379127ab1c0
2026,2026-09-01T00:30:12Z,2026-08-31T19:30:12-05:00,frozen,espn-fantasy-api-kona-player-info-2026-ppr,https://lm-api-reads.fantasy.espn.com/apis/v3/games/ffl/seasons/2026/segments/0/leaguedefaults/1?view=kona_player_info,1,PPR,5081397,Dylan Sampson,dylan sampson,CLE,RB,"[2,3,23,7,20,21]",206,,169.1,,"{""draftRanksByRankType.PPR"":{""auctionValue"":0,""published"":false,""rank"":206,""rankSourceId"":0,""rankType"":""PPR"",""slotId"":0},""ownership"":{""activityLevel"":null,""auctionValueAverage"":0.22,""auctionValueAverageChange"":0.02,""averageDraftPosition"":169.1,""averageDraftPositionPercentChange"":0.44,""date"":1788219022363,""leagueType"":0,""percentChange"":1.99,""percentOwned"":16.43,""percentStarted"":0.36}}",-36.9,159,draft-command:159,exact stable-ID match,1.0,,Live ESPN draft-room order was not separately observable from the public API capture.,82a1810724f379d7b5a64706b0ca8fa7f40205e87e8eb4447cc54e358712ddca,espn_2026_frozen_20260901T003012Z_3379127ab1c0
2026,2026-09-01T00:30:12Z,2026-08-31T19:30:12-05:00,frozen,espn-fantasy-api-kona-player-info-2026-ppr,https://lm-api-reads.fantasy.espn.com/apis/v3/games/ffl/seasons/2026/segments/0/leaguedefaults/1?view=kona_player_info,1,PPR,4241474,Brian Robinson Jr.,brian robinson,ATL,RB,"[2,3,23,7,20,21]",207,,167.56,,"{""draftRanksByRankType.PPR"":{""auctionValue"":0,""published"":false,""rank"":207,""rankSourceId"":0,""rankType"":""PPR"",""slotId"":0},""ownership"":{""activityLevel"":null,""auctionValueAverage"":1.14,""auctionValueAverageChange"":-0.07,""averageDraftPosition"":167.56,""averageDraftPositionPercentChange"":-0.73,""date"":1788222620030,""leagueType"":0,""percentChange"":0.77,""percentOwned"":25.38,""percentStarted"":0.9}}",-39.44,152,draft-command:152,exact stable-ID match,1.0,,Live ESPN draft-room order was not separately observable from the public API capture.,88467612240b393504849c6e49f6b71834146f8a7e841b8b02adfc47cc44bee3,espn_2026_frozen_20260901T003012Z_3379127ab1c0
2026,2026-09-01T00:30:12Z,2026-08-31T19:30:12-05:00,frozen,espn-fantasy-api-kona-player-info-2026-ppr,https://lm-api-reads.fantasy.espn.com/apis/v3/games/ffl/seasons/2026/segments/0/leaguedefaults/1?view=kona_player_info,1,PPR,4430539,Brenton Strange,brenton strange,JAX,TE,"[5,6,23,7,20,21]",208,,167.55,,"{""draftRanksByRankType.PPR"":{""auctionValue"":0,""published"":false,""rank"":208,""rankSourceId"":0,""rankType"":""PPR"",""slotId"":0},""ownership"":{""activityLevel"":null,""auctionValueAverage"":0.27,""auctionValueAverageChange"":0.01,""averageDraftPosition"":167.55,""averageDraftPositionPercentChange"":0.03,""date"":1788219020475,""leagueType"":0,""percentChange"":1.55,""percentOwned"":23.61,""percentStarted"":2.94}}",-40.45,146,draft-command:146,exact stable-ID match,1.0,,Live ESPN draft-room order was not separately observable from the public API capture.,587aacddafe9da469e7401be1b8c029905fbd4fab50e26ceca720f66ae1f7f00,espn_2026_frozen_20260901T003012Z_3379127ab1c0
2026,2026-09-01T00:30:12Z,2026-08-31T19:30:12-05:00,frozen,espn-fantasy-api-kona-player-info-2026-ppr,https://lm-api-reads.fantasy.espn.com/apis/v3/games/ffl/seasons/2026/segments/0/leaguedefaults/1?view=kona_player_info,1,PPR,4586312,Jaylin Noel,jaylin noel,HOU,WR,"[3,4,5,23,7,20,21]",212,,171.84,,"{""draftRanksByRankType.PPR"":{""auctionValue"":0,""published"":false,""rank"":212,""rankSourceId"":0,""rankType"":""PPR"",""slotId"":0},""ownership"":{""activityLevel"":null,""auctionValueAverage"":0.09,""auctionValueAverageChange"":0.01,""averageDraftPosition"":171.84,""averageDraftPositionPercentChange"":-0.09,""date"":1788219021033,""leagueType"":0,""percentChange"":1.26,""percentOwned"":8.29,""percentStarted"":0.16}}",-40.16,172,draft-command:172,exact stable-ID match,1.0,,Live ESPN draft-room order was not separately observable from the public API capture.,c98ffc808003f0c3bc14564c08c4a2b14219484f103a6c8fccce52c4a04e39b0,espn_2026_frozen_20260901T003012Z_3379127ab1c0
2026,2026-09-01T00:30:12Z,2026-08-31T19:30:12-05:00,frozen,espn-fantasy-api-kona-player-info-2026-ppr,https://lm-api-reads.fantasy.espn.com/apis/v3/games/ffl/seasons/2026/segments/0/leaguedefaults/1?view=kona_player_info,1,PPR,4570037,Terrance Ferguson,terrance ferguson,LAR,TE,"[5,6,23,7,20,21]",213,,168.34,,"{""draftRanksByRankType.PPR"":{""auctionValue"":0,""published"":false,""rank"":213,""rankSourceId"":0,""rankType"":""PPR"",""slotId"":0},""ownership"":{""activityLevel"":null,""auctionValueAverage"":0.33,""auctionValueAverageChange"":0.01,""averageDraftPosition"":168.34,""averageDraftPositionPercentChange"":-0.85,""date"":1788219020897,""leagueType"":0,""percentChange"":0.5,""percentOwned"":24.09,""percentStarted"":2.58}}",-44.66,157,draft-command:157,exact stable-ID match,1.0,,Live ESPN draft-room order was not separately observable from the public API capture.,68423b9567c2f6ebabab5d804986d24b9dbd9a5bd357514fc70e2636625030d4,espn_2026_frozen_20260901T003012Z_3379127ab1c0
2026,2026-09-01T00:30:12Z,2026-08-31T19:30:12-05:00,frozen,espn-fantasy-api-kona-player-info-2026-ppr,https://lm-api-reads.fantasy.espn.com/apis/v3/games/ffl/seasons/2026/segments/0/leaguedefaults/1?view=kona_player_info,1,PPR,4032473,Rashid Shaheed,rashid shaheed,SEA,WR,"[3,4,5,23,7,20,21]",214,,160.04,,"{""draftRanksByRankType.PPR"":{""auctionValue"":0,""published"":false,""rank"":214,""rankSourceId"":0,""rankType"":""PPR"",""slotId"":0},""ownership"":{""activityLevel"":null,""auctionValueAverage"":0.67,""auctionValueAverageChange"":-0.03,""averageDraftPosition"":160.04,""averageDraftPositionPercentChange"":-1.16,""date"":1788222619383,""leagueType"":0,""percentChange"":0.47,""percentOwned"":43.26,""percentStarted"":2.32}}",-53.96,141,draft-command:141,exact stable-ID match,1.0,,Live ESPN draft-room order was not separately observable from the public API capture.,40ec0705a950d32a222bd7179a25bbfea04861285db467bda33c17df80a70ed8,espn_2026_frozen_20260901T003012Z_3379127ab1c0
2026,2026-09-01T00:30:12Z,2026-08-31T19:30:12-05:00,frozen,espn-fantasy-api-kona-player-info-2026-ppr,https://lm-api-reads.fantasy.espn.com/apis/v3/games/ffl/seasons/2026/segments/0/leaguedefaults/1?view=kona_player_info,1,PPR,4832800,Denzel Boston,denzel boston,CLE,WR,"[25,3,4,5,23,7,20,21]",215,,168.79,,"{""draftRanksByRankType.PPR"":{""auctionValue"":0,""published"":false,""rank"":215,""rankSourceId"":0,""rankType"":""PPR"",""slotId"":0},""ownership"":{""activityLevel"":null,""auctionValueAverage"":0.31,""auctionValueAverageChange"":-0.01,""averageDraftPosition"":168.79,""averageDraftPositionPercentChange"":-0.78,""date"":1788219022056,""leagueType"":0,""percentChange"":0.72,""percentOwned"":24.36,""percentStarted"":0.46}}",-46.21,144,draft-command:144,exact stable-ID match,1.0,,Live ESPN draft-room order was not separately observable from the public API capture.,86c645f13a902573e354d5150c1c5cb88ed0a127e90101b146fe678d71302c2d,espn_2026_frozen_20260901T003012Z_3379127ab1c0
2026,2026-09-01T00:30:12Z,2026-08-31T19:30:12-05:00,frozen,espn-fantasy-api-kona-player-info-2026-ppr,https://lm-api-reads.fantasy.espn.com/apis/v3/games/ffl/seasons/2026/segments/0/leaguedefaults/1?view=kona_player_info,1,PPR,4241463,Jerry Jeudy,jerry jeudy,CLE,WR,"[3,4,5,23,7,20,21]",216,,168.29,,"{""draftRanksByRankType.PPR"":{""auctionValue"":0,""published"":false,""rank"":216,""rankSourceId"":0,""rankType"":""PPR"",""slotId"":0},""ownership"":{""activityLevel"":null,""auctionValueAverage"":0.3,""auctionValueAverageChange"":-0.01,""averageDraftPosition"":168.29,""averageDraftPositionPercentChange"":-0.64,""date"":1788222620019,""leagueType"":0,""percentChange"":0.25,""percentOwned"":28.22,""percentStarted"":0.66}}",-47.71,171,draft-command:171,exact stable-ID match,1.0,,Live ESPN draft-room order was not separately observable from the public API capture.,bd06195d68cd8554b23f669b2742921ce69f7dac29fe590752fedb90ce0a356f,espn_2026_frozen_20260901T003012Z_3379127ab1c0
2026,2026-09-01T00:30:12Z,2026-08-31T19:30:12-05:00,frozen,espn-fantasy-api-kona-player-info-2026-ppr,https://lm-api-reads.fantasy.espn.com/apis/v3/games/ffl/seasons/2026/segments/0/leaguedefaults/1?view=kona_player_info,1,PPR,4597500,Adonai Mitchell,adonai mitchell,NYJ,WR,"[3,4,5,23,7,20,21]",220,,171.05,,"{""draftRanksByRankType.PPR"":{""auctionValue"":0,""published"":false,""rank"":220,""rankSourceId"":0,""rankType"":""PPR"",""slotId"":0},""ownership"":{""activityLevel"":null,""auctionValueAverage"":0.17,""auctionValueAverageChange"":-0.01,""averageDraftPosition"":171.05,""averageDraftPositionPercentChange"":-0.3,""date"":1788219021119,""leagueType"":0,""percentChange"":0.62,""percentOwned"":14.88,""percentStarted"":0.28}}",-48.95,168,draft-command:168,exact stable-ID match,1.0,,Live ESPN draft-room order was not separately observable from the public API capture.,96200dc8ffd4fcde4605bbd8ed0fadb6c3b2f89bf9d13963f0666c83388f3489,espn_2026_frozen_20260901T003012Z_3379127ab1c0
2026,2026-09-01T00:30:12Z,2026-08-31T19:30:12-05:00,frozen,espn-fantasy-api-kona-player-info-2026-ppr,https://lm-api-reads.fantasy.espn.com/apis/v3/games/ffl/seasons/2026/segments/0/leaguedefaults/1?view=kona_player_info,1,PPR,4869645,Caleb Douglas,caleb douglas,MIA,WR,"[25,3,4,5,23,7,20,21]",221,,170.66,,"{""draftRanksByRankType.PPR"":{""auctionValue"":0,""published"":false,""rank"":221,""rankSourceId"":0,""rankType"":""PPR"",""slotId"":0},""ownership"":{""activityLevel"":null,""auctionValueAverage"":0.2,""auctionValueAverageChange"":-0.01,""averageDraftPosition"":170.66,""averageDraftPositionPercentChange"":-0.34,""date"":1788219022106,""leagueType"":0,""percentChange"":0.65,""percentOwned"":14.13,""percentStarted"":0.23}}",-50.34,158,draft-command:158,exact stable-ID match,1.0,,Live ESPN draft-room order was not separately observable from the public API capture.,eed90372b1e5fa1f93f0cfa8f476be0230356e242fb0c5a4e2e7ef0d5d6330eb,espn_2026_frozen_20260901T003012Z_3379127ab1c0
2026,2026-09-01T00:30:12Z,2026-08-31T19:30:12-05:00,frozen,espn-fantasy-api-kona-player-info-2026-ppr,https://lm-api-reads.fantasy.espn.com/apis/v3/games/ffl/seasons/2026/segments/0/leaguedefaults/1?view=kona_player_info,1,PPR,4242512,Malik Willis,malik willis,MIA,QB,"[0,7,20,21]",222,,167.52,,"{""draftRanksByRankType.PPR"":{""auctionValue"":0,""published"":false,""rank"":222,""rankSourceId"":0,""rankType"":""PPR"",""slotId"":0},""ownership"":{""activityLevel"":null,""auctionValueAverage"":0.89,""auctionValueAverageChange"":0.06,""averageDraftPosition"":167.52,""averageDraftPositionPercentChange"":-0.2,""date"":1788222620093,""leagueType"":0,""percentChange"":0.49,""percentOwned"":19.91,""percentStarted"":1.75}}",-54.48,148,draft-command:148,exact stable-ID match,1.0,,Live ESPN draft-room order was not separately observable from the public API capture.,594a72f2cca8575c7b74c94122652e86daeea7b72bfb08697ea60cbe86e93585,espn_2026_frozen_20260901T003012Z_3379127ab1c0
2026,2026-09-01T00:30:12Z,2026-08-31T19:30:12-05:00,frozen,espn-fantasy-api-kona-player-info-2026-ppr,https://lm-api-reads.fantasy.espn.com/apis/v3/games/ffl/seasons/2026/segments/0/leaguedefaults/1?view=kona_player_info,1,PPR,4880281,Jordyn Tyson,jordyn tyson,NO,WR,"[25,3,4,5,23,7,20,21]",223,,168.1,,"{""draftRanksByRankType.PPR"":{""auctionValue"":1,""published"":false,""rank"":223,""rankSourceId"":0,""rankType"":""PPR"",""slotId"":0},""ownership"":{""activityLevel"":null,""auctionValueAverage"":0.49,""auctionValueAverageChange"":0.01,""averageDraftPosition"":168.1,""averageDraftPositionPercentChange"":-0.25,""date"":1788219022259,""leagueType"":0,""percentChange"":-2.06,""percentOwned"":42.57,""percentStarted"":1.28}}",-54.9,127,draft-command:127,exact stable-ID match,1.0,,Live ESPN draft-room order was not separately observable from the public API capture.,d97c8859c2de2d6bc4850af1f319ffec93a75c2b20b16489f2f02ab86f8c21ca,espn_2026_frozen_20260901T003012Z_3379127ab1c0
2026,2026-09-01T00:30:12Z,2026-08-31T19:30:12-05:00,frozen,espn-fantasy-api-kona-player-info-2026-ppr,https://lm-api-reads.fantasy.espn.com/apis/v3/games/ffl/seasons/2026/segments/0/leaguedefaults/1?view=kona_player_info,1,PPR,4428718,Tre Tucker,tre tucker,LV,WR,"[3,4,5,23,7,20,21]",226,,169.12,,"{""draftRanksByRankType.PPR"":{""auctionValue"":1,""published"":false,""rank"":226,""rankSourceId"":0,""rankType"":""PPR"",""slotId"":0},""ownership"":{""activityLevel"":null,""auctionValueAverage"":0.37,""auctionValueAverageChange"":0.03,""averageDraftPosition"":169.12,""averageDraftPositionPercentChange"":-0.22,""date"":1788219020185,""leagueType"":0,""percentChange"":1.22,""percentOwned"":24.07,""percentStarted"":0.94}}",-56.88,154,draft-command:154,exact stable-ID match,1.0,,Live ESPN draft-room order was not separately observable from the public API capture.,0397602347406f78779001b9517280eab6431c38f226220c0f5230bae3e3fffc,espn_2026_frozen_20260901T003012Z_3379127ab1c0
2026,2026-09-01T00:30:12Z,2026-08-31T19:30:12-05:00,frozen,espn-fantasy-api-kona-player-info-2026-ppr,https://lm-api-reads.fantasy.espn.com/apis/v3/games/ffl/seasons/2026/segments/0/leaguedefaults/1?view=kona_player_info,1,PPR,4382466,Jalen Nailor,jalen nailor,LV,WR,"[3,4,5,23,7,20,21]",227,,171.07,,"{""draftRanksByRankType.PPR"":{""auctionValue"":1,""published"":false,""rank"":227,""rankSourceId"":0,""rankType"":""PPR"",""slotId"":0},""ownership"":{""activityLevel"":null,""auctionValueAverage"":0.25,""auctionValueAverageChange"":0.02,""averageDraftPosition"":171.07,""averageDraftPositionPercentChange"":-0.1,""date"":1788222620893,""leagueType"":0,""percentChange"":0.38,""percentOwned"":12.85,""percentStarted"":0.34}}",-55.93,162,draft-command:162,exact stable-ID match,1.0,,Live ESPN draft-room order was not separately observable from the public API capture.,62e8283e5d14667a5cb713f0cec2bb6d817da1d09f01482f130348b7e3716708,espn_2026_frozen_20260901T003012Z_3379127ab1c0
2026,2026-09-01T00:30:12Z,2026-08-31T19:30:12-05:00,frozen,espn-fantasy-api-kona-player-info-2026-ppr,https://lm-api-reads.fantasy.espn.com/apis/v3/games/ffl/seasons/2026/segments/0/leaguedefaults/1?view=kona_player_info,1,PPR,4596334,Keaton Mitchell,keaton mitchell,LAC,RB,"[2,3,23,7,20,21]",228,,169.37,,"{""draftRanksByRankType.PPR"":{""auctionValue"":1,""published"":false,""rank"":228,""rankSourceId"":0,""rankType"":""PPR"",""slotId"":0},""ownership"":{""activityLevel"":null,""auctionValueAverage"":0.37,""auctionValueAverageChange"":0.0,""averageDraftPosition"":169.37,""averageDraftPositionPercentChange"":-0.12,""date"":1788219021090,""leagueType"":0,""percentChange"":1.39,""percentOwned"":19.51,""percentStarted"":0.34}}",-58.63,140,draft-command:140,exact stable-ID match,1.0,,Live ESPN draft-room order was not separately observable from the public API capture.,744da1b6edee7e62f254004195657128675ed5a9f1ecc7930ae468600ec1a882,espn_2026_frozen_20260901T003012Z_3379127ab1c0
2026,2026-09-01T00:30:12Z,2026-08-31T19:30:12-05:00,frozen,espn-fantasy-api-kona-player-info-2026-ppr,https://lm-api-reads.fantasy.espn.com/apis/v3/games/ffl/seasons/2026/segments/0/leaguedefaults/1?view=kona_player_info,1,PPR,4686658,Mike Washington Jr.,mike washington,LV,RB,"[25,2,3,23,7,20,21]",229,,164.24,,"{""draftRanksByRankType.PPR"":{""auctionValue"":1,""published"":false,""rank"":229,""rankSourceId"":0,""rankType"":""PPR"",""slotId"":0},""ownership"":{""activityLevel"":null,""auctionValueAverage"":0.88,""auctionValueAverageChange"":-0.11,""averageDraftPosition"":164.24,""averageDraftPositionPercentChange"":-0.98,""date"":1788219021657,""leagueType"":0,""percentChange"":-0.47,""percentOwned"":36.48,""percentStarted"":1.0}}",-64.76,145,draft-command:145,exact stable-ID match,1.0,,Live ESPN draft-room order was not separately observable from the public API capture.,d32c6b9bf7017e1e3890e96fe49642579cfe8993e773a96048c05be5ec1465e4,espn_2026_frozen_20260901T003012Z_3379127ab1c0
2026,2026-09-01T00:30:12Z,2026-08-31T19:30:12-05:00,frozen,espn-fantasy-api-kona-player-info-2026-ppr,https://lm-api-reads.fantasy.espn.com/apis/v3/games/ffl/seasons/2026/segments/0/leaguedefaults/1?view=kona_player_info,1,PPR,4685247,Braelon Allen,braelon allen,NYJ,RB,"[2,3,23,7,20,21]",230,,170.98,,"{""draftRanksByRankType.PPR"":{""auctionValue"":1,""published"":false,""rank"":230,""rankSourceId"":0,""rankType"":""PPR"",""slotId"":0},""ownership"":{""activityLevel"":null,""auctionValueAverage"":0.25,""auctionValueAverageChange"":0.03,""averageDraftPosition"":170.98,""averageDraftPositionPercentChange"":-0.01,""date"":1788219021376,""leagueType"":0,""percentChange"":0.81,""percentOwned"":11.36,""percentStarted"":0.23}}",-59.02,166,draft-command:166,exact stable-ID match,1.0,,Live ESPN draft-room order was not separately observable from the public API capture.,8564a786e1430585f58ee998262158f95d3ab0c81bec45a05cdb124c9eed38e3,espn_2026_frozen_20260901T003012Z_3379127ab1c0
2026,2026-09-01T00:30:12Z,2026-08-31T19:30:12-05:00,frozen,espn-fantasy-api-kona-player-info-2026-ppr,https://lm-api-reads.fantasy.espn.com/apis/v3/games/ffl/seasons/2026/segments/0/leaguedefaults/1?view=kona_player_info,1,PPR,4360939,Rashod Bateman,rashod bateman,BAL,WR,"[3,4,5,23,7,20,21]",232,,171.39,,"{""draftRanksByRankType.PPR"":{""auctionValue"":1,""published"":false,""rank"":232,""rankSourceId"":0,""rankType"":""PPR"",""slotId"":0},""ownership"":{""activityLevel"":null,""auctionValueAverage"":0.16,""auctionValueAverageChange"":0.01,""averageDraftPosition"":171.39,""averageDraftPositionPercentChange"":-0.07,""date"":1788222620521,""leagueType"":0,""percentChange"":0.24,""percentOwned"":9.01,""percentStarted"":0.28}}",-60.61,186,draft-command:186,exact stable-ID match,1.0,,Live ESPN draft-room order was not separately observable from the public API capture.,7f2cbb6446601be55b053a60c435b48d3df1111c5d082b17c66f57fb0346c200,espn_2026_frozen_20260901T003012Z_3379127ab1c0
2026,2026-09-01T00:30:12Z,2026-08-31T19:30:12-05:00,frozen,espn-fantasy-api-kona-player-info-2026-ppr,https://lm-api-reads.fantasy.espn.com/apis/v3/games/ffl/seasons/2026/segments/0/leaguedefaults/1?view=kona_player_info,1,PPR,4428850,Dontayvion Wicks,dontayvion wicks,PHI,WR,"[3,4,5,23,7,20,21]",235,,170.97,,"{""draftRanksByRankType.PPR"":{""auctionValue"":1,""published"":false,""rank"":235,""rankSourceId"":0,""rankType"":""PPR"",""slotId"":0},""ownership"":{""activityLevel"":null,""auctionValueAverage"":0.19,""auctionValueAverageChange"":0.01,""averageDraftPosition"":170.97,""averageDraftPositionPercentChange"":-0.08,""date"":1788219020193,""leagueType"":0,""percentChange"":0.46,""percentOwned"":9.01,""percentStarted"":0.23}}",-64.03,163,draft-command:163,exact stable-ID match,1.0,,Live ESPN draft-room order was not separately observable from the public API capture.,91a513098eba897b598263957e4b4d99eebdcc178a9dbe1065d84ed54e7ed409,espn_2026_frozen_20260901T003012Z_3379127ab1c0
2026,2026-09-01T00:30:12Z,2026-08-31T19:30:12-05:00,frozen,espn-fantasy-api-kona-player-info-2026-ppr,https://lm-api-reads.fantasy.espn.com/apis/v3/games/ffl/seasons/2026/segments/0/leaguedefaults/1?view=kona_player_info,1,PPR,4569559,Devaughn Vele,devaughn vele,NO,WR,"[3,4,5,23,7,20,21]",236,,171.65,,"{""draftRanksByRankType.PPR"":{""auctionValue"":1,""published"":false,""rank"":236,""rankSourceId"":0,""rankType"":""PPR"",""slotId"":0},""ownership"":{""activityLevel"":null,""auctionValueAverage"":0.13,""auctionValueAverageChange"":0.02,""averageDraftPosition"":171.65,""averageDraftPositionPercentChange"":-0.06,""date"":1788219020851,""leagueType"":0,""percentChange"":0.89,""percentOwned"":8.37,""percentStarted"":0.43}}",-64.35,167,draft-command:167,exact stable-ID match,1.0,,Live ESPN draft-room order was not separately observable from the public API capture.,8f7bc14a03e8214a17fe6a7280aa3ad93d26f619fa8bc29d1cd857c87261e75b,espn_2026_frozen_20260901T003012Z_3379127ab1c0
2026,2026-09-01T00:30:12Z,2026-08-31T19:30:12-05:00,frozen,espn-fantasy-api-kona-player-info-2026-ppr,https://lm-api-reads.fantasy.espn.com/apis/v3/games/ffl/seasons/2026/segments/0/leaguedefaults/1?view=kona_player_info,1,PPR,4429013,Tank Bigsby,tank bigsby,PHI,RB,"[2,3,23,7,20,21]",237,,169.72,,"{""draftRanksByRankType.PPR"":{""auctionValue"":1,""published"":false,""rank"":237,""rankSourceId"":0,""rankType"":""PPR"",""slotId"":0},""ownership"":{""activityLevel"":null,""auctionValueAverage"":0.31,""auctionValueAverageChange"":0.0,""averageDraftPosition"":169.72,""averageDraftPositionPercentChange"":-0.17,""date"":1788219020245,""leagueType"":0,""percentChange"":0.39,""percentOwned"":18.13,""percentStarted"":0.47}}",-67.28,150,draft-command:150,exact stable-ID match,1.0,,Live ESPN draft-room order was not separately observable from the public API capture.,e90e439e1f0f6a5ac81d04b01ed860524398a1db957109256fe71e0f5ab7809f,espn_2026_frozen_20260901T003012Z_3379127ab1c0
2026,2026-09-01T00:30:12Z,2026-08-31T19:30:12-05:00,frozen,espn-fantasy-api-kona-player-info-2026-ppr,https://lm-api-reads.fantasy.espn.com/apis/v3/games/ffl/seasons/2026/segments/0/leaguedefaults/1?view=kona_player_info,1,PPR,4429501,Ray Davis,ray davis,BUF,RB,"[2,3,23,7,20,21]",238,,171.04,,"{""draftRanksByRankType.PPR"":{""auctionValue"":0,""published"":false,""rank"":238,""rankSourceId"":0,""rankType"":""PPR"",""slotId"":0},""ownership"":{""activityLevel"":null,""auctionValueAverage"":0.16,""auctionValueAverageChange"":-0.01,""averageDraftPosition"":171.04,""averageDraftPositionPercentChange"":-0.06,""date"":1788219020383,""leagueType"":0,""percentChange"":0.05,""percentOwned"":10.09,""percentStarted"":0.33}}",-66.96,169,draft-command:169,exact stable-ID match,1.0,,Live ESPN draft-room order was not separately observable from the public API capture.,8b48cb9ed44e584245a014ed4ab36bd946098c6ea86aeccac58670b26b8ca836,espn_2026_frozen_20260901T003012Z_3379127ab1c0
2026,2026-09-01T00:30:12Z,2026-08-31T19:30:12-05:00,frozen,espn-fantasy-api-kona-player-info-2026-ppr,https://lm-api-reads.fantasy.espn.com/apis/v3/games/ffl/seasons/2026/segments/0/leaguedefaults/1?view=kona_player_info,1,PPR,4241457,Najee Harris,najee harris,NYG,RB,"[2,3,23,7,20,21]",270,,170.2,,"{""draftRanksByRankType.PPR"":{""auctionValue"":0,""published"":false,""rank"":270,""rankSourceId"":0,""rankType"":""PPR"",""slotId"":0},""ownership"":{""activityLevel"":null,""auctionValueAverage"":0.12,""auctionValueAverageChange"":0.02,""averageDraftPosition"":170.2,""averageDraftPositionPercentChange"":-0.07,""date"":1788222620015,""leagueType"":0,""percentChange"":1.21,""percentOwned"":8.86,""percentStarted"":0.34}}",-99.8,,,unresolved,0.0,no Draft Command player match,Live ESPN draft-room order was not separately observable from the public API capture.,a475b08f9d0a508886b2b7da37c548ac1bc087b2dfb81d27904e3bff7360ab17,espn_2026_frozen_20260901T003012Z_3379127ab1c0
2026,2026-09-01T00:30:12Z,2026-08-31T19:30:12-05:00,frozen,espn-fantasy-api-kona-player-info-2026-ppr,https://lm-api-reads.fantasy.espn.com/apis/v3/games/ffl/seasons/2026/segments/0/leaguedefaults/1?view=kona_player_info,1,PPR,4038441,Justice Hill,justice hill,BAL,RB,"[2,3,23,7,20,21]",273,,168.54,,"{""draftRanksByRankType.PPR"":{""auctionValue"":0,""published"":false,""rank"":273,""rankSourceId"":0,""rankType"":""PPR"",""slotId"":0},""ownership"":{""activityLevel"":null,""auctionValueAverage"":0.23,""auctionValueAverageChange"":0.02,""averageDraftPosition"":168.54,""averageDraftPositionPercentChange"":0.48,""date"":1788222619569,""leagueType"":0,""percentChange"":1.94,""percentOwned"":17.55,""percentStarted"":0.58}}",-104.46,194,draft-command:194,exact stable-ID match,1.0,,Live ESPN draft-room order was not separately observable from the public API capture.,02f8e97a49c8269bbabdde69a12643883c586a3af4f8c3765821e7eb0b47ec8c,espn_2026_frozen_20260901T003012Z_3379127ab1c0
2026,2026-09-01T00:30:12Z,2026-08-31T19:30:12-05:00,frozen,espn-fantasy-api-kona-player-info-2026-ppr,https://lm-api-reads.fantasy.espn.com/apis/v3/games/ffl/seasons/2026/segments/0/leaguedefaults/1?view=kona_player_info,1,PPR,4870847,Ja'Kobi Lane,ja kobi lane,BAL,WR,"[25,3,4,5,23,7,20,21]",276,,168.64,,"{""draftRanksByRankType.PPR"":{""auctionValue"":0,""published"":false,""rank"":276,""rankSourceId"":0,""rankType"":""PPR"",""slotId"":0},""ownership"":{""activityLevel"":null,""auctionValueAverage"":0.25,""auctionValueAverageChange"":0.0,""averageDraftPosition"":168.64,""averageDraftPositionPercentChange"":-0.23,""date"":1788219022165,""leagueType"":0,""percentChange"":0.44,""percentOwned"":17.47,""percentStarted"":0.56}}",-107.36,178,draft-command:178,exact stable-ID match,1.0,,Live ESPN draft-room order was not separately observable from the public API capture.,22f8e452bc124b5a357baaeb4c6120a6f58bc6742f5d71eb7bdd0e13cac77d7f,espn_2026_frozen_20260901T003012Z_3379127ab1c0
2026,2026-09-01T00:30:12Z,2026-08-31T19:30:12-05:00,frozen,espn-fantasy-api-kona-player-info-2026-ppr,https://lm-api-reads.fantasy.espn.com/apis/v3/games/ffl/seasons/2026/segments/0/leaguedefaults/1?view=kona_player_info,1,PPR,4432577,C.J. Stroud,c j stroud,HOU,QB,"[0,7,20,21]",280,,165.25,,"{""draftRanksByRankType.PPR"":{""auctionValue"":0,""published"":false,""rank"":280,""rankSourceId"":0,""rankType"":""PPR"",""slotId"":0},""ownership"":{""activityLevel"":null,""auctionValueAverage"":0.85,""auctionValueAverageChange"":0.06,""averageDraftPosition"":165.25,""averageDraftPositionPercentChange"":-0.1,""date"":1788219020642,""leagueType"":0,""percentChange"":0.82,""percentOwned"":22.74,""percentStarted"":2.92}}",-114.75,170,draft-command:170,exact stable-ID match,1.0,,Live ESPN draft-room order was not separately observable from the public API capture.,a23e7ed74662874ec757bff08813cfd0028bbc727a7b7409c6382b33eebd5872,espn_2026_frozen_20260901T003012Z_3379127ab1c0
2026,2026-09-01T00:30:12Z,2026-08-31T19:30:12-05:00,frozen,espn-fantasy-api-kona-player-info-2026-ppr,https://lm-api-reads.fantasy.espn.com/apis/v3/games/ffl/seasons/2026/segments/0/leaguedefaults/1?view=kona_player_info,1,PPR,3912547,Sam Darnold,sam darnold,SEA,QB,"[0,7,20,21]",283,,162.24,,"{""draftRanksByRankType.PPR"":{""auctionValue"":0,""published"":false,""rank"":283,""rankSourceId"":0,""rankType"":""PPR"",""slotId"":0},""ownership"":{""activityLevel"":null,""auctionValueAverage"":1.13,""auctionValueAverageChange"":0.06,""averageDraftPosition"":162.24,""averageDraftPositionPercentChange"":-0.09,""date"":1788222619097,""leagueType"":0,""percentChange"":0.84,""percentOwned"":25.49,""percentStarted"":2.79}}",-120.76,160,draft-command:160,exact stable-ID match,1.0,,Live ESPN draft-room order was not separately observable from the public API capture.,6310d176f7f578c23bd306080f54a4af8ba5d97d7eea200bb5db818d7711751a,espn_2026_frozen_20260901T003012Z_3379127ab1c0
2026,2026-09-01T00:30:12Z,2026-08-31T19:30:12-05:00,frozen,espn-fantasy-api-kona-player-info-2026-ppr,https://lm-api-reads.fantasy.espn.com/apis/v3/games/ffl/seasons/2026/segments/0/leaguedefaults/1?view=kona_player_info,1,PPR,3886598,Jauan Jennings,jauan jennings,MIN,WR,"[3,4,5,23,7,20,21]",285,,171.1,,"{""draftRanksByRankType.PPR"":{""auctionValue"":0,""published"":false,""rank"":285,""rankSourceId"":0,""rankType"":""PPR"",""slotId"":0},""ownership"":{""activityLevel"":null,""auctionValueAverage"":0.09,""auctionValueAverageChange"":0.0,""averageDraftPosition"":171.1,""averageDraftPositionPercentChange"":-0.06,""date"":1788222619067,""leagueType"":0,""percentChange"":0.12,""percentOwned"":9.01,""percentStarted"":0.26}}",-113.9,183,draft-command:183,exact stable-ID match,1.0,,Live ESPN draft-room order was not separately observable from the public API capture.,0851daa97360655344153e82e529d638fcc9923bb1ed75569f850a41ea7acb71,espn_2026_frozen_20260901T003012Z_3379127ab1c0
2026,2026-09-01T00:30:12Z,2026-08-31T19:30:12-05:00,frozen,espn-fantasy-api-kona-player-info-2026-ppr,https://lm-api-reads.fantasy.espn.com/apis/v3/games/ffl/seasons/2026/segments/0/leaguedefaults/1?view=kona_player_info,1,PPR,4682648,Malachi Fields,malachi fields,NYG,WR,"[25,3,4,5,23,7,20,21]",287,,170.1,,"{""draftRanksByRankType.PPR"":{""auctionValue"":0,""published"":false,""rank"":287,""rankSourceId"":0,""rankType"":""PPR"",""slotId"":0},""ownership"":{""activityLevel"":null,""auctionValueAverage"":0.04,""auctionValueAverageChange"":0.0,""averageDraftPosition"":170.1,""averageDraftPositionPercentChange"":-0.04,""date"":1788219021257,""leagueType"":0,""percentChange"":0.16,""percentOwned"":2.83,""percentStarted"":0.1}}",-116.9,,,unresolved,0.0,no Draft Command player match,Live ESPN draft-room order was not separately observable from the public API capture.,8f69c8896244e13a36419042780f613de6d31a6673db53611bad39c36541c70b,espn_2026_frozen_20260901T003012Z_3379127ab1c0
2026,2026-09-01T00:30:12Z,2026-08-31T19:30:12-05:00,frozen,espn-fantasy-api-kona-player-info-2026-ppr,https://lm-api-reads.fantasy.espn.com/apis/v3/games/ffl/seasons/2026/segments/0/leaguedefaults/1?view=kona_player_info,1,PPR,4685261,Germie Bernard,germie bernard,PIT,WR,"[25,3,4,5,23,7,20,21]",290,,171.33,,"{""draftRanksByRankType.PPR"":{""auctionValue"":0,""published"":false,""rank"":290,""rankSourceId"":0,""rankType"":""PPR"",""slotId"":0},""ownership"":{""activityLevel"":null,""auctionValueAverage"":0.06,""auctionValueAverageChange"":0.0,""averageDraftPosition"":171.33,""averageDraftPositionPercentChange"":-0.02,""date"":1788219021388,""leagueType"":0,""percentChange"":-0.06,""percentOwned"":7.11,""percentStarted"":0.2}}",-118.67,,,unresolved,0.0,no Draft Command player match,Live ESPN draft-room order was not separately observable from the public API capture.,4a14266323fb2e7048c4223b042b2c1c8ca31a665cdd3411664d7b985ee8acde,espn_2026_frozen_20260901T003012Z_3379127ab1c0
2026,2026-09-01T00:30:12Z,2026-08-31T19:30:12-05:00,frozen,espn-fantasy-api-kona-player-info-2026-ppr,https://lm-api-reads.fantasy.espn.com/apis/v3/games/ffl/seasons/2026/segments/0/leaguedefaults/1?view=kona_player_info,1,PPR,4686612,Tre' Harris,tre harris,LAC,WR,"[3,4,5,23,7,20,21]",293,,171.17,,"{""draftRanksByRankType.PPR"":{""auctionValue"":0,""published"":false,""rank"":293,""rankSourceId"":0,""rankType"":""PPR"",""slotId"":0},""ownership"":{""activityLevel"":null,""auctionValueAverage"":0.06,""auctionValueAverageChange"":0.0,""averageDraftPosition"":171.17,""averageDraftPositionPercentChange"":-0.06,""date"":1788219021652,""leagueType"":0,""percentChange"":0.12,""percentOwned"":4.51,""percentStarted"":0.11}}",-121.83,179,draft-command:179,exact stable-ID match,1.0,,Live ESPN draft-room order was not separately observable from the public API capture.,f5f52f1a733a00cbde7e669d8cbe216eb26c2e48f22cc9b122d5bc2af7e4a4b1,espn_2026_frozen_20260901T003012Z_3379127ab1c0
2026,2026-09-01T00:30:12Z,2026-08-31T19:30:12-05:00,frozen,espn-fantasy-api-kona-player-info-2026-ppr,https://lm-api-reads.fantasy.espn.com/apis/v3/games/ffl/seasons/2026/segments/0/leaguedefaults/1?view=kona_player_info,1,PPR,4361411,Pat Freiermuth,pat freiermuth,PIT,TE,"[5,6,23,7,20,21]",296,,169.53,,"{""draftRanksByRankType.PPR"":{""auctionValue"":0,""published"":false,""rank"":296,""rankSourceId"":0,""rankType"":""PPR"",""slotId"":0},""ownership"":{""activityLevel"":null,""auctionValueAverage"":0.13,""auctionValueAverageChange"":0.01,""averageDraftPosition"":169.53,""averageDraftPositionPercentChange"":-0.16,""date"":1788222620556,""leagueType"":0,""percentChange"":0.36,""percentOwned"":14.14,""percentStarted"":2.01}}",-126.47,,,unresolved,0.0,no Draft Command player match,Live ESPN draft-room order was not separately observable from the public API capture.,44278575aefb9a6d49d1959bcb1ee739f7584833d9ece8a6c7aa7ee7fcfeaf17,espn_2026_frozen_20260901T003012Z_3379127ab1c0
2026,2026-09-01T00:30:12Z,2026-08-31T19:30:12-05:00,frozen,espn-fantasy-api-kona-player-info-2026-ppr,https://lm-api-reads.fantasy.espn.com/apis/v3/games/ffl/seasons/2026/segments/0/leaguedefaults/1?view=kona_player_info,1,PPR,3117256,Dalton Schultz,dalton schultz,HOU,TE,"[5,6,23,7,20,21]",297,,168.62,,"{""draftRanksByRankType.PPR"":{""auctionValue"":0,""published"":false,""rank"":297,""rankSourceId"":0,""rankType"":""PPR"",""slotId"":0},""ownership"":{""activityLevel"":null,""auctionValueAverage"":0.15,""auctionValueAverageChange"":0.0,""averageDraftPosition"":168.62,""averageDraftPositionPercentChange"":-0.16,""date"":1788222618850,""leagueType"":0,""percentChange"":0.56,""percentOwned"":17.8,""percentStarted"":2.49}}",-128.38,164,draft-command:164,exact stable-ID match,1.0,,Live ESPN draft-room order was not separately observable from the public API capture.,3716ccd7b694f5ed851081a9a67f5b3bc63c1e9edc5cda616a086a8d9e85b104,espn_2026_frozen_20260901T003012Z_3379127ab1c0
2026,2026-09-01T00:30:12Z,2026-08-31T19:30:12-05:00,frozen,espn-fantasy-api-kona-player-info-2026-ppr,https://lm-api-reads.fantasy.espn.com/apis/v3/games/ffl/seasons/2026/segments/0/leaguedefaults/1?view=kona_player_info,1,PPR,5083754,Ryan Flournoy,ryan flournoy,DAL,WR,"[3,4,5,23,7,20,21]",299,,171.09,,"{""draftRanksByRankType.PPR"":{""auctionValue"":0,""published"":false,""rank"":299,""rankSourceId"":0,""rankType"":""PPR"",""slotId"":0},""ownership"":{""activityLevel"":null,""auctionValueAverage"":0.05,""auctionValueAverageChange"":-0.01,""averageDraftPosition"":171.09,""averageDraftPositionPercentChange"":-0.05,""date"":1788219022405,""leagueType"":0,""percentChange"":0.11,""percentOwned"":4.33,""percentStarted"":0.2}}",-127.91,175,draft-command:175,exact stable-ID match,1.0,,Live ESPN draft-room order was not separately observable from the public API capture.,8b87799e0831925575fb0acd6cbc61ad43c28511532441b297b258a3d334b577,espn_2026_frozen_20260901T003012Z_3379127ab1c0
2026,2026-09-01T00:30:12Z,2026-08-31T19:30:12-05:00,frozen,espn-fantasy-api-kona-player-info-2026-ppr,https://lm-api-reads.fantasy.espn.com/apis/v3/games/ffl/seasons/2026/segments/0/leaguedefaults/1?view=kona_player_info,1,PPR,4870612,Zachariah Branch,zachariah branch,ATL,WR,"[25,3,4,5,23,7,20,21]",302,,170.89,,"{""draftRanksByRankType.PPR"":{""auctionValue"":0,""published"":false,""rank"":302,""rankSourceId"":0,""rankType"":""PPR"",""slotId"":0},""ownership"":{""activityLevel"":null,""auctionValueAverage"":0.06,""auctionValueAverageChange"":0.0,""averageDraftPosition"":170.89,""averageDraftPositionPercentChange"":-0.06,""date"":1788219022122,""leagueType"":0,""percentChange"":0.02,""percentOwned"":5.44,""percentStarted"":0.17}}",-131.11,193,draft-command:193,exact stable-ID match,1.0,,Live ESPN draft-room order was not separately observable from the public API capture.,529a24df4011af775f48895b7a278120a704326379c073f06f7ab4d7dd62b78a,espn_2026_frozen_20260901T003012Z_3379127ab1c0
2026,2026-09-01T00:30:12Z,2026-08-31T19:30:12-05:00,frozen,espn-fantasy-api-kona-player-info-2026-ppr,https://lm-api-reads.fantasy.espn.com/apis/v3/games/ffl/seasons/2026/segments/0/leaguedefaults/1?view=kona_player_info,1,PPR,4723820,Omar Cooper Jr.,omar cooper,NYJ,WR,"[25,3,4,5,23,7,20,21]",304,,171.2,,"{""draftRanksByRankType.PPR"":{""auctionValue"":0,""published"":false,""rank"":304,""rankSourceId"":0,""rankType"":""PPR"",""slotId"":0},""ownership"":{""activityLevel"":null,""auctionValueAverage"":0.05,""auctionValueAverageChange"":0.0,""averageDraftPosition"":171.2,""averageDraftPositionPercentChange"":-0.03,""date"":1788219022012,""leagueType"":0,""percentChange"":-0.43,""percentOwned"":7.51,""percentStarted"":0.17}}",-132.8,188,draft-command:188,exact stable-ID match,1.0,,Live ESPN draft-room order was not separately observable from the public API capture.,ff54a6f255e6bbf72bdcfeea11394372a941f4af2102851d5d83ce03bfbe8b57,espn_2026_frozen_20260901T003012Z_3379127ab1c0
2026,2026-09-01T00:30:12Z,2026-08-31T19:30:12-05:00,frozen,espn-fantasy-api-kona-player-info-2026-ppr,https://lm-api-reads.fantasy.espn.com/apis/v3/games/ffl/seasons/2026/segments/0/leaguedefaults/1?view=kona_player_info,1,PPR,4429022,Kayshon Boutte,kayshon boutte,HOU,WR,"[3,4,5,23,7,20,21]",305,,170.59,,"{""draftRanksByRankType.PPR"":{""auctionValue"":0,""published"":false,""rank"":305,""rankSourceId"":0,""rankType"":""PPR"",""slotId"":0},""ownership"":{""activityLevel"":null,""auctionValueAverage"":0.11,""auctionValueAverageChange"":0.0,""averageDraftPosition"":170.59,""averageDraftPositionPercentChange"":0.02,""date"":1788219020262,""leagueType"":0,""percentChange"":0.93,""percentOwned"":9.28,""percentStarted"":0.29}}",-134.41,180,draft-command:180,exact stable-ID match,1.0,,Live ESPN draft-room order was not separately observable from the public API capture.,8965cd8a452e477a81c7fe1116d8cba580530323ba658d2799d8feac2f6d4972,espn_2026_frozen_20260901T003012Z_3379127ab1c0
2026,2026-09-01T00:30:12Z,2026-08-31T19:30:12-05:00,frozen,espn-fantasy-api-kona-player-info-2026-ppr,https://lm-api-reads.fantasy.espn.com/apis/v3/games/ffl/seasons/2026/segments/0/leaguedefaults/1?view=kona_player_info,1,PPR,4696044,Kaelon Black,kaelon black,SF,RB,"[25,2,3,23,7,20,21]",306,,170.43,,"{""draftRanksByRankType.PPR"":{""auctionValue"":0,""published"":false,""rank"":306,""rankSourceId"":0,""rankType"":""PPR"",""slotId"":0},""ownership"":{""activityLevel"":null,""auctionValueAverage"":0.18,""auctionValueAverageChange"":0.02,""averageDraftPosition"":170.43,""averageDraftPositionPercentChange"":-0.02,""date"":1788219021819,""leagueType"":0,""percentChange"":0.7,""percentOwned"":7.33,""percentStarted"":0.13}}",-135.57,181,draft-command:181,exact stable-ID match,1.0,,Live ESPN draft-room order was not separately observable from the public API capture.,5b6f4095a03b14ee4bebd0aa772ab640fffbec3bb12b14e2e918813f846abedb,espn_2026_frozen_20260901T003012Z_3379127ab1c0
2026,2026-09-01T00:30:12Z,2026-08-31T19:30:12-05:00,frozen,espn-fantasy-api-kona-player-info-2026-ppr,https://lm-api-reads.fantasy.espn.com/apis/v3/games/ffl/seasons/2026/segments/0/leaguedefaults/1?view=kona_player_info,1,PPR,4430968,Kimani Vidal,kimani vidal,LAC,RB,"[2,3,23,7,20,21]",307,,170.96,,"{""draftRanksByRankType.PPR"":{""auctionValue"":0,""published"":false,""rank"":307,""rankSourceId"":0,""rankType"":""PPR"",""slotId"":0},""ownership"":{""activityLevel"":null,""auctionValueAverage"":0.05,""auctionValueAverageChange"":0.0,""averageDraftPosition"":170.96,""averageDraftPositionPercentChange"":-0.04,""date"":1788219020540,""leagueType"":0,""percentChange"":0.15,""percentOwned"":3.12,""percentStarted"":0.08}}",-136.04,,,unresolved,0.0,no Draft Command player match,Live ESPN draft-room order was not separately observable from the public API capture.,17d7c59e35616bb7e1cf47cf0e790234411841bf4c8a2d4a893cb42ab63d8759,espn_2026_frozen_20260901T003012Z_3379127ab1c0
2026,2026-09-01T00:30:12Z,2026-08-31T19:30:12-05:00,frozen,espn-fantasy-api-kona-player-info-2026-ppr,https://lm-api-reads.fantasy.espn.com/apis/v3/games/ffl/seasons/2026/segments/0/leaguedefaults/1?view=kona_player_info,1,PPR,4682745,Jaylen Wright,jaylen wright,MIA,RB,"[2,3,23,7,20,21]",308,,170.56,,"{""draftRanksByRankType.PPR"":{""auctionValue"":0,""published"":false,""rank"":308,""rankSourceId"":0,""rankType"":""PPR"",""slotId"":0},""ownership"":{""activityLevel"":null,""auctionValueAverage"":0.04,""auctionValueAverageChange"":0.0,""averageDraftPosition"":170.56,""averageDraftPositionPercentChange"":-0.04,""date"":1788219021263,""leagueType"":0,""percentChange"":0.12,""percentOwned"":2.34,""percentStarted"":0.12}}",-137.44,,,unresolved,0.0,no Draft Command player match,Live ESPN draft-room order was not separately observable from the public API capture.,5136d1a9cb044aded55a27dea256a241ddf7aaf74f6bdbadb610239bc793a8ce,espn_2026_frozen_20260901T003012Z_3379127ab1c0
2026,2026-09-01T00:30:12Z,2026-08-31T19:30:12-05:00,frozen,espn-fantasy-api-kona-player-info-2026-ppr,https://lm-api-reads.fantasy.espn.com/apis/v3/games/ffl/seasons/2026/segments/0/leaguedefaults/1?view=kona_player_info,1,PPR,4686728,Gunnar Helm,gunnar helm,TEN,TE,"[5,6,23,7,20,21]",310,,170.75,,"{""draftRanksByRankType.PPR"":{""auctionValue"":0,""published"":false,""rank"":310,""rankSourceId"":0,""rankType"":""PPR"",""slotId"":0},""ownership"":{""activityLevel"":null,""auctionValueAverage"":0.05,""auctionValueAverageChange"":0.0,""averageDraftPosition"":170.75,""averageDraftPositionPercentChange"":-0.08,""date"":1788219021663,""leagueType"":0,""percentChange"":0.21,""percentOwned"":5.67,""percentStarted"":0.59}}",-139.25,197,draft-command:197,exact stable-ID match,1.0,,Live ESPN draft-room order was not separately observable from the public API capture.,0c8a55101356d02b65e9cfecb3a6371da4cdec82d775c22326ca6de1b7e240c2,espn_2026_frozen_20260901T003012Z_3379127ab1c0
2026,2026-09-01T00:30:12Z,2026-08-31T19:30:12-05:00,frozen,espn-fantasy-api-kona-player-info-2026-ppr,https://lm-api-reads.fantasy.espn.com/apis/v3/games/ffl/seasons/2026/segments/0/leaguedefaults/1?view=kona_player_info,1,PPR,4360635,Chig Okonkwo,chig okonkwo,WAS,TE,"[5,6,23,7,20,21]",311,,170.15,,"{""draftRanksByRankType.PPR"":{""auctionValue"":0,""published"":false,""rank"":311,""rankSourceId"":0,""rankType"":""PPR"",""slotId"":0},""ownership"":{""activityLevel"":null,""auctionValueAverage"":0.1,""auctionValueAverageChange"":0.0,""averageDraftPosition"":170.15,""averageDraftPositionPercentChange"":-0.11,""date"":1788222620487,""leagueType"":0,""percentChange"":0.1,""percentOwned"":8.79,""percentStarted"":1.15}}",-140.85,165,draft-command:165,exact stable-ID match,1.0,,Live ESPN draft-room order was not separately observable from the public API capture.,04e63ef424506974b96a238cb5838d3f6f4cb3cdc1a829b53c2da9e62d88437d,espn_2026_frozen_20260901T003012Z_3379127ab1c0
2026,2026-09-01T00:30:12Z,2026-08-31T19:30:12-05:00,frozen,espn-fantasy-api-kona-player-info-2026-ppr,https://lm-api-reads.fantasy.espn.com/apis/v3/games/ffl/seasons/2026/segments/0/leaguedefaults/1?view=kona_player_info,1,PPR,4576297,AJ Barner,aj barner,SEA,TE,"[5,6,23,7,20,21]",312,,169.69,,"{""draftRanksByRankType.PPR"":{""auctionValue"":0,""published"":false,""rank"":312,""rankSourceId"":0,""rankType"":""PPR"",""slotId"":0},""ownership"":{""activityLevel"":null,""auctionValueAverage"":0.09,""auctionValueAverageChange"":0.01,""averageDraftPosition"":169.69,""averageDraftPositionPercentChange"":-0.05,""date"":1788219021016,""leagueType"":0,""percentChange"":0.14,""percentOwned"":6.99,""percentStarted"":0.95}}",-142.31,174,draft-command:174,exact stable-ID match,1.0,,Live ESPN draft-room order was not separately observable from the public API capture.,be640cedd4cc264ae0eca79a5557cc5ffd61428e358095b344951dbef9a0552b,espn_2026_frozen_20260901T003012Z_3379127ab1c0
2026,2026-09-01T00:30:12Z,2026-08-31T19:30:12-05:00,frozen,espn-fantasy-api-kona-player-info-2026-ppr,https://lm-api-reads.fantasy.espn.com/apis/v3/games/ffl/seasons/2026/segments/0/leaguedefaults/1?view=kona_player_info,1,PPR,4685720,Bryce Young,bryce young,CAR,QB,"[0,7,20,21]",313,,168.9,,"{""draftRanksByRankType.PPR"":{""auctionValue"":0,""published"":false,""rank"":313,""rankSourceId"":0,""rankType"":""PPR"",""slotId"":0},""ownership"":{""activityLevel"":null,""auctionValueAverage"":0.42,""auctionValueAverageChange"":0.0,""averageDraftPosition"":168.9,""averageDraftPositionPercentChange"":-0.04,""date"":1788219021573,""leagueType"":0,""percentChange"":0.33,""percentOwned"":10.01,""percentStarted"":0.88}}",-144.1,177,draft-command:177,exact stable-ID match,1.0,,Live ESPN draft-room order was not separately observable from the public API capture.,38a2c58e0b3b787c15f31db2d2e0c448da188f57fb4a5f731c0da202880b1717,espn_2026_frozen_20260901T003012Z_3379127ab1c0
2026,2026-09-01T00:30:12Z,2026-08-31T19:30:12-05:00,frozen,espn-fantasy-api-kona-player-info-2026-ppr,https://lm-api-reads.fantasy.espn.com/apis/v3/games/ffl/seasons/2026/segments/0/leaguedefaults/1?view=kona_player_info,1,PPR,4688380,Cam Ward,cam ward,TEN,QB,"[0,7,20,21]",315,,169.22,,"{""draftRanksByRankType.PPR"":{""auctionValue"":0,""published"":false,""rank"":315,""rankSourceId"":0,""rankType"":""PPR"",""slotId"":0},""ownership"":{""activityLevel"":null,""auctionValueAverage"":0.4,""auctionValueAverageChange"":0.01,""averageDraftPosition"":169.22,""averageDraftPositionPercentChange"":-0.04,""date"":1788219021697,""leagueType"":0,""percentChange"":0.08,""percentOwned"":9.73,""percentStarted"":0.72}}",-145.78,182,draft-command:182,exact stable-ID match,1.0,,Live ESPN draft-room order was not separately observable from the public API capture.,4139b4ed4efdf2b363c4661da8afe27b2fa5d70b38246867fe3d2b30f021fda3,espn_2026_frozen_20260901T003012Z_3379127ab1c0
2026,2026-09-01T00:30:12Z,2026-08-31T19:30:12-05:00,frozen,espn-fantasy-api-kona-player-info-2026-ppr,https://lm-api-reads.fantasy.espn.com/apis/v3/games/ffl/seasons/2026/segments/0/leaguedefaults/1?view=kona_player_info,1,PPR,2578570,Jacoby Brissett,jacoby brissett,ARI,QB,"[0,7,20,21]",317,,169.97,,"{""draftRanksByRankType.PPR"":{""auctionValue"":0,""published"":false,""rank"":317,""rankSourceId"":0,""rankType"":""PPR"",""slotId"":0},""ownership"":{""activityLevel"":null,""auctionValueAverage"":0.24,""auctionValueAverageChange"":0.01,""averageDraftPosition"":169.97,""averageDraftPositionPercentChange"":0.0,""date"":1788222618175,""leagueType"":0,""percentChange"":0.16,""percentOwned"":4.77,""percentStarted"":0.34}}",-147.03,200,draft-command:200,exact stable-ID match,1.0,,Live ESPN draft-room order was not separately observable from the public API capture.,74d9222abda0db530682d0c6862335e2ab13cf514066c8b8da0d7328605bbe2f,espn_2026_frozen_20260901T003012Z_3379127ab1c0
2026,2026-09-01T00:30:12Z,2026-08-31T19:30:12-05:00,frozen,espn-fantasy-api-kona-player-info-2026-ppr,https://lm-api-reads.fantasy.espn.com/apis/v3/games/ffl/seasons/2026/segments/0/leaguedefaults/1?view=kona_player_info,1,PPR,4711533,Ollie Gordon II,ollie gordon,MIA,RB,"[2,3,23,7,20,21]",319,,170.67,,"{""draftRanksByRankType.PPR"":{""auctionValue"":0,""published"":false,""rank"":319,""rankSourceId"":0,""rankType"":""PPR"",""slotId"":0},""ownership"":{""activityLevel"":null,""auctionValueAverage"":0.02,""auctionValueAverageChange"":0.0,""averageDraftPosition"":170.67,""averageDraftPositionPercentChange"":-0.02,""date"":1788219022002,""leagueType"":0,""percentChange"":0.01,""percentOwned"":1.53,""percentStarted"":0.06}}",-148.33,191,draft-command:191,exact stable-ID match,1.0,,Live ESPN draft-room order was not separately observable from the public API capture.,dae6210f8dfbe1f39000b118484b2e70f13ed90ed7b7659e573c792e5ed62fdb,espn_2026_frozen_20260901T003012Z_3379127ab1c0
2026,2026-09-01T00:30:12Z,2026-08-31T19:30:12-05:00,frozen,espn-fantasy-api-kona-player-info-2026-ppr,https://lm-api-reads.fantasy.espn.com/apis/v3/games/ffl/seasons/2026/segments/0/leaguedefaults/1?view=kona_player_info,1,PPR,3116389,Samaje Perine,samaje perine,CIN,RB,"[2,3,23,7,20,21]",320,,171.16,,"{""draftRanksByRankType.PPR"":{""auctionValue"":0,""published"":false,""rank"":320,""rankSourceId"":0,""rankType"":""PPR"",""slotId"":0},""ownership"":{""activityLevel"":null,""auctionValueAverage"":0.06,""auctionValueAverageChange"":0.0,""averageDraftPosition"":171.16,""averageDraftPositionPercentChange"":-0.05,""date"":1788222618824,""leagueType"":0,""percentChange"":0.36,""percentOwned"":5.18,""percentStarted"":0.22}}",-148.84,,,unresolved,0.0,no Draft Command player match,Live ESPN draft-room order was not separately observable from the public API capture.,189406701920cfe14434735a40ee380f5c0786273b8d7d81f15418b28b559bc6,espn_2026_frozen_20260901T003012Z_3379127ab1c0
2026,2026-09-01T00:30:12Z,2026-08-31T19:30:12-05:00,frozen,espn-fantasy-api-kona-player-info-2026-ppr,https://lm-api-reads.fantasy.espn.com/apis/v3/games/ffl/seasons/2026/segments/0/leaguedefaults/1?view=kona_player_info,1,PPR,3915411,Ty Johnson,ty johnson,BUF,RB,"[2,3,23,7,20,21]",321,,170.74,,"{""draftRanksByRankType.PPR"":{""auctionValue"":0,""published"":false,""rank"":321,""rankSourceId"":0,""rankType"":""PPR"",""slotId"":0},""ownership"":{""activityLevel"":null,""auctionValueAverage"":0.02,""auctionValueAverageChange"":0.0,""averageDraftPosition"":170.74,""averageDraftPositionPercentChange"":-0.03,""date"":1788222619127,""leagueType"":0,""percentChange"":0.05,""percentOwned"":1.59,""percentStarted"":0.11}}",-150.26,,,unresolved,0.0,no Draft Command player match,Live ESPN draft-room order was not separately observable from the public API capture.,1191816f028af0a38fd094736010678fa7e6746017b2b15900dc4c5ef56b153b,espn_2026_frozen_20260901T003012Z_3379127ab1c0
2026,2026-09-01T00:30:12Z,2026-08-31T19:30:12-05:00,frozen,espn-fantasy-api-kona-player-info-2026-ppr,https://lm-api-reads.fantasy.espn.com/apis/v3/games/ffl/seasons/2026/segments/0/leaguedefaults/1?view=kona_player_info,1,PPR,4569603,Malik Washington,malik washington,MIA,WR,"[3,4,5,23,7,20,21]",322,,170.17,,"{""draftRanksByRankType.PPR"":{""auctionValue"":0,""published"":false,""rank"":322,""rankSourceId"":0,""rankType"":""PPR"",""slotId"":0},""ownership"":{""activityLevel"":null,""auctionValueAverage"":0.13,""auctionValueAverageChange"":0.01,""averageDraftPosition"":170.17,""averageDraftPositionPercentChange"":-0.03,""date"":1788219020863,""leagueType"":0,""percentChange"":0.36,""percentOwned"":7.97,""percentStarted"":0.77}}",-151.83,187,draft-command:187,exact stable-ID match,1.0,,Live ESPN draft-room order was not separately observable from the public API capture.,25b5582c1fbbc5669a3fd616a142f87a0ac43c9a6ba634570adb4bc97d21c4d6,espn_2026_frozen_20260901T003012Z_3379127ab1c0
2026,2026-09-01T00:30:12Z,2026-08-31T19:30:12-05:00,frozen,espn-fantasy-api-kona-player-info-2026-ppr,https://lm-api-reads.fantasy.espn.com/apis/v3/games/ffl/seasons/2026/segments/0/leaguedefaults/1?view=kona_player_info,1,PPR,4240603,Malik Davis,malik davis,DAL,RB,"[2,3,23,7,20,21]",324,,170.11,,"{""draftRanksByRankType.PPR"":{""auctionValue"":0,""published"":false,""rank"":324,""rankSourceId"":0,""rankType"":""PPR"",""slotId"":0},""ownership"":{""activityLevel"":null,""auctionValueAverage"":0.02,""auctionValueAverageChange"":0.01,""averageDraftPosition"":170.11,""averageDraftPositionPercentChange"":-0.06,""date"":1788222619850,""leagueType"":0,""percentChange"":0.61,""percentOwned"":1.45,""percentStarted"":0.09}}",-153.89,,,unresolved,0.0,no Draft Command player match,Live ESPN draft-room order was not separately observable from the public API capture.,da2a0e655f5641d5e65a1d4b403c2595a7ec148a7151a3a3c8a2def685ddebac,espn_2026_frozen_20260901T003012Z_3379127ab1c0
2026,2026-09-01T00:30:12Z,2026-08-31T19:30:12-05:00,frozen,espn-fantasy-api-kona-player-info-2026-ppr,https://lm-api-reads.fantasy.espn.com/apis/v3/games/ffl/seasons/2026/segments/0/leaguedefaults/1?view=kona_player_info,1,PPR,4596602,Brashard Smith,brashard smith,KC,RB,"[2,3,23,7,20,21]",325,,170.09,,"{""draftRanksByRankType.PPR"":{""auctionValue"":0,""published"":false,""rank"":325,""rankSourceId"":0,""rankType"":""PPR"",""slotId"":0},""ownership"":{""activityLevel"":null,""auctionValueAverage"":0.0,""auctionValueAverageChange"":0.0,""averageDraftPosition"":170.09,""averageDraftPositionPercentChange"":-0.01,""date"":1788219021113,""leagueType"":0,""percentChange"":0.03,""percentOwned"":0.31,""percentStarted"":0.04}}",-154.91,,,unresolved,0.0,no Draft Command player match,Live ESPN draft-room order was not separately observable from the public API capture.,c1ab189d7565179ddd821f374fdec1bebe2998a78cb92658cebd829335ee8ba7,espn_2026_frozen_20260901T003012Z_3379127ab1c0
2026,2026-09-01T00:30:12Z,2026-08-31T19:30:12-05:00,frozen,espn-fantasy-api-kona-player-info-2026-ppr,https://lm-api-reads.fantasy.espn.com/apis/v3/games/ffl/seasons/2026/segments/0/leaguedefaults/1?view=kona_player_info,1,PPR,2977187,Cooper Kupp,cooper kupp,SEA,WR,"[3,4,5,23,7,20,21]",326,,169.21,,"{""draftRanksByRankType.PPR"":{""auctionValue"":0,""published"":false,""rank"":326,""rankSourceId"":0,""rankType"":""PPR"",""slotId"":0},""ownership"":{""activityLevel"":null,""auctionValueAverage"":0.16,""auctionValueAverageChange"":-0.01,""averageDraftPosition"":169.21,""averageDraftPositionPercentChange"":-0.06,""date"":1788222618329,""leagueType"":0,""percentChange"":0.27,""percentOwned"":11.62,""percentStarted"":0.86}}",-156.79,,,unresolved,0.0,no Draft Command player match,Live ESPN draft-room order was not separately observable from the public API capture.,d34f8a4de411acdb4694592d8f8391082d606d0166414ded5b1fab0cfe4e7085,espn_2026_frozen_20260901T003012Z_3379127ab1c0
2026,2026-09-01T00:30:12Z,2026-08-31T19:30:12-05:00,frozen,espn-fantasy-api-kona-player-info-2026-ppr,https://lm-api-reads.fantasy.espn.com/apis/v3/games/ffl/seasons/2026/segments/0/leaguedefaults/1?view=kona_player_info,1,PPR,4430034,Xavier Legette,xavier legette,CAR,WR,"[3,4,5,23,7,20,21]",327,,170.72,,"{""draftRanksByRankType.PPR"":{""auctionValue"":0,""published"":false,""rank"":327,""rankSourceId"":0,""rankType"":""PPR"",""slotId"":0},""ownership"":{""activityLevel"":null,""auctionValueAverage"":0.02,""auctionValueAverageChange"":0.0,""averageDraftPosition"":170.72,""averageDraftPositionPercentChange"":-0.02,""date"":1788219020431,""leagueType"":0,""percentChange"":-0.04,""percentOwned"":2.14,""percentStarted"":0.1}}",-156.28,,,unresolved,0.0,no Draft Command player match,Live ESPN draft-room order was not separately observable from the public API capture.,502c4c9f8216b6f22dbda3b97046b520584b6a5b59f4d3211e39cedfd0ae7b05,espn_2026_frozen_20260901T003012Z_3379127ab1c0
2026,2026-09-01T00:30:12Z,2026-08-31T19:30:12-05:00,frozen,espn-fantasy-api-kona-player-info-2026-ppr,https://lm-api-reads.fantasy.espn.com/apis/v3/games/ffl/seasons/2026/segments/0/leaguedefaults/1?view=kona_player_info,1,PPR,4361409,Jahan Dotson,jahan dotson,ATL,WR,"[3,4,5,23,7,20,21]",328,,170.66,,"{""draftRanksByRankType.PPR"":{""auctionValue"":0,""published"":false,""rank"":328,""rankSourceId"":0,""rankType"":""PPR"",""slotId"":0},""ownership"":{""activityLevel"":null,""auctionValueAverage"":0.01,""auctionValueAverageChange"":0.0,""averageDraftPosition"":170.66,""averageDraftPositionPercentChange"":-0.02,""date"":1788222620552,""leagueType"":0,""percentChange"":0.05,""percentOwned"":1.08,""percentStarted"":0.05}}",-157.34,,,unresolved,0.0,no Draft Command player match,Live ESPN draft-room order was not separately observable from the public API capture.,b0d028dfe75080427df203064faa1c87cc3460bf2b2bd033d5f6d02f643589e5,espn_2026_frozen_20260901T003012Z_3379127ab1c0
2026,2026-09-01T00:30:12Z,2026-08-31T19:30:12-05:00,frozen,espn-fantasy-api-kona-player-info-2026-ppr,https://lm-api-reads.fantasy.espn.com/apis/v3/games/ffl/seasons/2026/segments/0/leaguedefaults/1?view=kona_player_info,1,PPR,4686422,Xavier Hutchinson,xavier hutchinson,HOU,WR,"[3,4,5,23,7,20,21]",329,,170.07,,"{""draftRanksByRankType.PPR"":{""auctionValue"":0,""published"":false,""rank"":329,""rankSourceId"":0,""rankType"":""PPR"",""slotId"":0},""ownership"":{""activityLevel"":null,""auctionValueAverage"":0.0,""auctionValueAverageChange"":0.0,""averageDraftPosition"":170.07,""averageDraftPositionPercentChange"":0.04,""date"":1788219021630,""leagueType"":0,""percentChange"":0.01,""percentOwned"":0.39,""percentStarted"":0.03}}",-158.93,,,unresolved,0.0,no Draft Command player match,Live ESPN draft-room order was not separately observable from the public API capture.,0ff204859ebe05ce2e868788302d593814f377b3dad84ffcd42bf475c9c3cf55,espn_2026_frozen_20260901T003012Z_3379127ab1c0
2026,2026-09-01T00:30:12Z,2026-08-31T19:30:12-05:00,frozen,espn-fantasy-api-kona-player-info-2026-ppr,https://lm-api-reads.fantasy.espn.com/apis/v3/games/ffl/seasons/2026/segments/0/leaguedefaults/1?view=kona_player_info,1,PPR,4249417,Jalen Tolbert,jalen tolbert,MIA,WR,"[3,4,5,23,7,20,21]",330,,170.55,,"{""draftRanksByRankType.PPR"":{""auctionValue"":0,""published"":false,""rank"":330,""rankSourceId"":0,""rankType"":""PPR"",""slotId"":0},""ownership"":{""activityLevel"":null,""auctionValueAverage"":0.01,""auctionValueAverageChange"":0.0,""averageDraftPosition"":170.55,""averageDraftPositionPercentChange"":0.0,""date"":1788204616821,""leagueType"":0,""percentChange"":0.0,""percentOwned"":1.01,""percentStarted"":0.06}}",-159.45,,,unresolved,0.0,no Draft Command player match,Live ESPN draft-room order was not separately observable from the public API capture.,31d5615ccdbd4292a8a38c2e29724b6ebf50680f825aab734dc93b51acba5084,espn_2026_frozen_20260901T003012Z_3379127ab1c0
2026,2026-09-01T00:30:12Z,2026-08-31T19:30:12-05:00,frozen,espn-fantasy-api-kona-player-info-2026-ppr,https://lm-api-reads.fantasy.espn.com/apis/v3/games/ffl/seasons/2026/segments/0/leaguedefaults/1?view=kona_player_info,1,PPR,4869961,Chris Bell,chris bell,MIA,WR,"[25,3,4,5,23,7,20,21]",331,,170.51,,"{""draftRanksByRankType.PPR"":{""auctionValue"":0,""published"":false,""rank"":331,""rankSourceId"":0,""rankType"":""PPR"",""slotId"":0},""ownership"":{""activityLevel"":null,""auctionValueAverage"":0.04,""auctionValueAverageChange"":0.01,""averageDraftPosition"":170.51,""averageDraftPositionPercentChange"":0.0,""date"":1788215417718,""leagueType"":0,""percentChange"":0.08,""percentOwned"":2.58,""percentStarted"":0.05}}",-160.49,198,draft-command:198,exact stable-ID match,1.0,,Live ESPN draft-room order was not separately observable from the public API capture.,f3a6aa04d77e898bdb2735b08de34897e441d76fae5269f01d68c607adb3471b,espn_2026_frozen_20260901T003012Z_3379127ab1c0
2026,2026-09-01T00:30:12Z,2026-08-31T19:30:12-05:00,frozen,espn-fantasy-api-kona-player-info-2026-ppr,https://lm-api-reads.fantasy.espn.com/apis/v3/games/ffl/seasons/2026/segments/0/leaguedefaults/1?view=kona_player_info,1,PPR,4427095,DeMario Douglas,demario douglas,NE,WR,"[3,4,5,23,7,20,21]",332,,170.43,,"{""draftRanksByRankType.PPR"":{""auctionValue"":0,""published"":false,""rank"":332,""rankSourceId"":0,""rankType"":""PPR"",""slotId"":0},""ownership"":{""activityLevel"":null,""auctionValueAverage"":0.01,""auctionValueAverageChange"":0.0,""averageDraftPosition"":170.43,""averageDraftPositionPercentChange"":-0.09,""date"":1788219020077,""leagueType"":0,""percentChange"":0.07,""percentOwned"":0.88,""percentStarted"":0.08}}",-161.57,,,unresolved,0.0,no Draft Command player match,Live ESPN draft-room order was not separately observable from the public API capture.,e480757a77202803e1f78266ceed5ee45ed129ced2d7d7110c849338b427f5e2,espn_2026_frozen_20260901T003012Z_3379127ab1c0
2026,2026-09-01T00:30:12Z,2026-08-31T19:30:12-05:00,frozen,espn-fantasy-api-kona-player-info-2026-ppr,https://lm-api-reads.fantasy.espn.com/apis/v3/games/ffl/seasons/2026/segments/0/leaguedefaults/1?view=kona_player_info,1,PPR,3916945,Darius Slayton,darius slayton,NYG,WR,"[3,4,5,23,7,20,21]",333,,170.59,,"{""draftRanksByRankType.PPR"":{""auctionValue"":0,""published"":false,""rank"":333,""rankSourceId"":0,""rankType"":""PPR"",""slotId"":0},""ownership"":{""activityLevel"":null,""auctionValueAverage"":0.01,""auctionValueAverageChange"":0.0,""averageDraftPosition"":170.59,""averageDraftPositionPercentChange"":-0.02,""date"":1788222619217,""leagueType"":0,""percentChange"":0.0,""percentOwned"":1.4,""percentStarted"":0.12}}",-162.41,,,unresolved,0.0,no Draft Command player match,Live ESPN draft-room order was not separately observable from the public API capture.,823fd9f079420030d0ace53641d80c02d111ebadbf440df03d50692e7d39ee89,espn_2026_frozen_20260901T003012Z_3379127ab1c0
2026,2026-09-01T00:30:12Z,2026-08-31T19:30:12-05:00,frozen,espn-fantasy-api-kona-player-info-2026-ppr,https://lm-api-reads.fantasy.espn.com/apis/v3/games/ffl/seasons/2026/segments/0/leaguedefaults/1?view=kona_player_info,1,PPR,3149687,Chris Brooks,chris brooks,GB,RB,"[2,3,23,7,20,21]",340,,170.2,,"{""draftRanksByRankType.PPR"":{""auctionValue"":0,""published"":false,""rank"":340,""rankSourceId"":0,""rankType"":""PPR"",""slotId"":0},""ownership"":{""activityLevel"":null,""auctionValueAverage"":0.01,""auctionValueAverageChange"":0.0,""averageDraftPosition"":170.2,""averageDraftPositionPercentChange"":0.0,""date"":1788222619021,""leagueType"":0,""percentChange"":1.22,""percentOwned"":2.43,""percentStarted"":0.18}}",-169.8,,,unresolved,0.0,no Draft Command player match,Live ESPN draft-room order was not separately observable from the public API capture.,90c0d46440588b3564dc37ef46aab4226253837b70ec38a070244c983c7d4b94,espn_2026_frozen_20260901T003012Z_3379127ab1c0
2026,2026-09-01T00:30:12Z,2026-08-31T19:30:12-05:00,frozen,espn-fantasy-api-kona-player-info-2026-ppr,https://lm-api-reads.fantasy.espn.com/apis/v3/games/ffl/seasons/2026/segments/0/leaguedefaults/1?view=kona_player_info,1,PPR,4832955,Emmett Johnson,emmett johnson,KC,RB,"[25,2,3,23,7,20,21]",342,,169.93,,"{""draftRanksByRankType.PPR"":{""auctionValue"":0,""published"":false,""rank"":342,""rankSourceId"":0,""rankType"":""PPR"",""slotId"":0},""ownership"":{""activityLevel"":null,""auctionValueAverage"":0.1,""auctionValueAverageChange"":0.01,""averageDraftPosition"":169.93,""averageDraftPositionPercentChange"":0.01,""date"":1788219022066,""leagueType"":0,""percentChange"":0.45,""percentOwned"":4.3,""percentStarted"":0.16}}",-172.07,184,draft-command:184,exact stable-ID match,1.0,,Live ESPN draft-room order was not separately observable from the public API capture.,3d534b9bd1c4f9d70c3de40942ca8d573de3f26e0fb5a7ee2e3e0859625dbb8a,espn_2026_frozen_20260901T003012Z_3379127ab1c0
2026,2026-09-01T00:30:12Z,2026-08-31T19:30:12-05:00,frozen,espn-fantasy-api-kona-player-info-2026-ppr,https://lm-api-reads.fantasy.espn.com/apis/v3/games/ffl/seasons/2026/segments/0/leaguedefaults/1?view=kona_player_info,1,PPR,4695404,Isaiah Davis,isaiah davis,NYJ,RB,"[2,3,23,7,20,21]",343,,170.58,,"{""draftRanksByRankType.PPR"":{""auctionValue"":0,""published"":false,""rank"":343,""rankSourceId"":0,""rankType"":""PPR"",""slotId"":0},""ownership"":{""activityLevel"":null,""auctionValueAverage"":0.01,""auctionValueAverageChange"":0.0,""averageDraftPosition"":170.58,""averageDraftPositionPercentChange"":-0.01,""date"":1788211819216,""leagueType"":0,""percentChange"":0.01,""percentOwned"":0.87,""percentStarted"":0.04}}",-172.42,,,unresolved,0.0,no Draft Command player match,Live ESPN draft-room order was not separately observable from the public API capture.,d87464df53fc2916f7aa311f7acc5916ba8f8b7db8d97725057ef84f02ccec74,espn_2026_frozen_20260901T003012Z_3379127ab1c0
2026,2026-09-01T00:30:12Z,2026-08-31T19:30:12-05:00,frozen,espn-fantasy-api-kona-player-info-2026-ppr,https://lm-api-reads.fantasy.espn.com/apis/v3/games/ffl/seasons/2026/segments/0/leaguedefaults/1?view=kona_player_info,1,PPR,4911851,LeQuint Allen Jr.,lequint allen,JAX,RB,"[2,3,23,7,20,21]",344,,170.33,,"{""draftRanksByRankType.PPR"":{""auctionValue"":0,""published"":false,""rank"":344,""rankSourceId"":0,""rankType"":""PPR"",""slotId"":0},""ownership"":{""activityLevel"":null,""auctionValueAverage"":0.01,""auctionValueAverageChange"":0.0,""averageDraftPosition"":170.33,""averageDraftPositionPercentChange"":0.01,""date"":1788219022291,""leagueType"":0,""percentChange"":-0.01,""percentOwned"":0.6,""percentStarted"":0.03}}",-173.67,,,unresolved,0.0,no Draft Command player match,Live ESPN draft-room order was not separately observable from the public API capture.,5a51c69176e9d2202b42c1fe498b5dc5ef61163a716954c71f392627b9a0810e,espn_2026_frozen_20260901T003012Z_3379127ab1c0
2026,2026-09-01T00:30:12Z,2026-08-31T19:30:12-05:00,frozen,espn-fantasy-api-kona-player-info-2026-ppr,https://lm-api-reads.fantasy.espn.com/apis/v3/games/ffl/seasons/2026/segments/0/leaguedefaults/1?view=kona_player_info,1,PPR,4429835,George Holani,george holani,SEA,RB,"[2,3,23,7,20,21]",345,,170.28,,"{""draftRanksByRankType.PPR"":{""auctionValue"":0,""published"":false,""rank"":345,""rankSourceId"":0,""rankType"":""PPR"",""slotId"":0},""ownership"":{""activityLevel"":null,""auctionValueAverage"":0.02,""auctionValueAverageChange"":0.0,""averageDraftPosition"":170.28,""averageDraftPositionPercentChange"":0.01,""date"":1788219020418,""leagueType"":0,""percentChange"":0.22,""percentOwned"":2.87,""percentStarted"":0.23}}",-174.72,,,unresolved,0.0,no Draft Command player match,Live ESPN draft-room order was not separately observable from the public API capture.,a959d54fea108d26ca867015635f94c3ccf531ca60301e2d2ff5596f557fe7cd,espn_2026_frozen_20260901T003012Z_3379127ab1c0
2026,2026-09-01T00:30:12Z,2026-08-31T19:30:12-05:00,frozen,espn-fantasy-api-kona-player-info-2026-ppr,https://lm-api-reads.fantasy.espn.com/apis/v3/games/ffl/seasons/2026/segments/0/leaguedefaults/1?view=kona_player_info,1,PPR,4360516,Tyrone Tracy Jr.,tyrone tracy,NYG,RB,"[2,3,23,7,20,21]",346,,170.33,,"{""draftRanksByRankType.PPR"":{""auctionValue"":0,""published"":false,""rank"":346,""rankSourceId"":0,""rankType"":""PPR"",""slotId"":0},""ownership"":{""activityLevel"":null,""auctionValueAverage"":0.08,""auctionValueAverageChange"":-0.03,""averageDraftPosition"":170.33,""averageDraftPositionPercentChange"":-0.06,""date"":1788222620481,""leagueType"":0,""percentChange"":-0.95,""percentOwned"":10.68,""percentStarted"":0.34}}",-175.67,195,draft-command:195,exact stable-ID match,1.0,,Live ESPN draft-room order was not separately observable from the public API capture.,3325236cad0da2f538b3bf6f9b60a8c6942095e78ea4b8bef4f5581107be1ee0,espn_2026_frozen_20260901T003012Z_3379127ab1c0
2026,2026-09-01T00:30:12Z,2026-08-31T19:30:12-05:00,frozen,espn-fantasy-api-kona-player-info-2026-ppr,https://lm-api-reads.fantasy.espn.com/apis/v3/games/ffl/seasons/2026/segments/0/leaguedefaults/1?view=kona_player_info,1,PPR,4430871,Sean Tucker,sean tucker,TB,RB,"[2,3,23,7,20,21]",348,,170.34,,"{""draftRanksByRankType.PPR"":{""auctionValue"":0,""published"":false,""rank"":348,""rankSourceId"":0,""rankType"":""PPR"",""slotId"":0},""ownership"":{""activityLevel"":null,""auctionValueAverage"":0.01,""auctionValueAverageChange"":0.0,""averageDraftPosition"":170.34,""averageDraftPositionPercentChange"":0.01,""date"":1788211818218,""leagueType"":0,""percentChange"":0.02,""percentOwned"":0.91,""percentStarted"":0.05}}",-177.66,,,unresolved,0.0,no Draft Command player match,Live ESPN draft-room order was not separately observable from the public API capture.,d7f9e7ee08b43b0c6aaf13d222c1dd0547ff287a01a06daa3a307d39d99b8785,espn_2026_frozen_20260901T003012Z_3379127ab1c0
2026,2026-09-01T00:30:12Z,2026-08-31T19:30:12-05:00,frozen,espn-fantasy-api-kona-player-info-2026-ppr,https://lm-api-reads.fantasy.espn.com/apis/v3/games/ffl/seasons/2026/segments/0/leaguedefaults/1?view=kona_player_info,1,PPR,4686468,Seth McGowan,seth mcgowan,IND,RB,"[25,2,3,23,7,20,21]",350,,170.22,,"{""draftRanksByRankType.PPR"":{""auctionValue"":0,""published"":false,""rank"":350,""rankSourceId"":0,""rankType"":""PPR"",""slotId"":0},""ownership"":{""activityLevel"":null,""auctionValueAverage"":0.02,""auctionValueAverageChange"":0.0,""averageDraftPosition"":170.22,""averageDraftPositionPercentChange"":-0.02,""date"":1788219021636,""leagueType"":0,""percentChange"":0.07,""percentOwned"":0.63,""percentStarted"":0.03}}",-179.78,,,unresolved,0.0,no Draft Command player match,Live ESPN draft-room order was not separately observable from the public API capture.,3e8b35bea6fef70b80fe13cd291941642c08245fb3d5899819197506573ef975,espn_2026_frozen_20260901T003012Z_3379127ab1c0
2026,2026-09-01T00:30:12Z,2026-08-31T19:30:12-05:00,frozen,espn-fantasy-api-kona-player-info-2026-ppr,https://lm-api-reads.fantasy.espn.com/apis/v3/games/ffl/seasons/2026/segments/0/leaguedefaults/1?view=kona_player_info,1,PPR,4685397,Jordan James,jordan james,SF,RB,"[2,3,23,7,20,21]",351,,170.95,,"{""draftRanksByRankType.PPR"":{""auctionValue"":0,""published"":false,""rank"":351,""rankSourceId"":0,""rankType"":""PPR"",""slotId"":0},""ownership"":{""activityLevel"":null,""auctionValueAverage"":0.06,""auctionValueAverageChange"":0.01,""averageDraftPosition"":170.95,""averageDraftPositionPercentChange"":-0.02,""date"":1788219021446,""leagueType"":0,""percentChange"":0.18,""percentOwned"":3.88,""percentStarted"":0.1}}",-180.05,,,unresolved,0.0,no Draft Command player match,Live ESPN draft-room order was not separately observable from the public API capture.,ca320ab2a8b6bc3da776b6096394af51d8b702383093e22eaa6f97f6cc778694,espn_2026_frozen_20260901T003012Z_3379127ab1c0
2026,2026-09-01T00:30:12Z,2026-08-31T19:30:12-05:00,frozen,espn-fantasy-api-kona-player-info-2026-ppr,https://lm-api-reads.fantasy.espn.com/apis/v3/games/ffl/seasons/2026/segments/0/leaguedefaults/1?view=kona_player_info,1,PPR,4431545,Will Shipley,will shipley,PHI,RB,"[2,3,23,7,20,21]",352,,170.12,,"{""draftRanksByRankType.PPR"":{""auctionValue"":0,""published"":false,""rank"":352,""rankSourceId"":0,""rankType"":""PPR"",""slotId"":0},""ownership"":{""activityLevel"":null,""auctionValueAverage"":0.01,""auctionValueAverageChange"":0.0,""averageDraftPosition"":170.12,""averageDraftPositionPercentChange"":0.0,""date"":1788219020601,""leagueType"":0,""percentChange"":-0.01,""percentOwned"":0.55,""percentStarted"":0.06}}",-181.88,,,unresolved,0.0,no Draft Command player match,Live ESPN draft-room order was not separately observable from the public API capture.,e00c2a3498dfe4973bc5e43c06bd6c4e4defd49452856c0901548a724f646063,espn_2026_frozen_20260901T003012Z_3379127ab1c0
2026,2026-09-01T00:30:12Z,2026-08-31T19:30:12-05:00,frozen,espn-fantasy-api-kona-player-info-2026-ppr,https://lm-api-reads.fantasy.espn.com/apis/v3/games/ffl/seasons/2026/segments/0/leaguedefaults/1?view=kona_player_info,1,PPR,4383429,Jacob Saylors,jacob saylors,DET,RB,"[2,3,23,7,20,21]",353,,169.99,,"{""draftRanksByRankType.PPR"":{""auctionValue"":0,""published"":false,""rank"":353,""rankSourceId"":0,""rankType"":""PPR"",""slotId"":0},""ownership"":{""activityLevel"":null,""auctionValueAverage"":0.0,""auctionValueAverageChange"":0.0,""averageDraftPosition"":169.99,""averageDraftPositionPercentChange"":-0.01,""date"":1788222620895,""leagueType"":0,""percentChange"":0.04,""percentOwned"":0.18,""percentStarted"":0.03}}",-183.01,,,unresolved,0.0,no Draft Command player match,Live ESPN draft-room order was not separately observable from the public API capture.,f9abb8441c1cfc408022678fafb557899185d05ae118b0ddd73ccd6f80584e17,espn_2026_frozen_20260901T003012Z_3379127ab1c0
2026,2026-09-01T00:30:12Z,2026-08-31T19:30:12-05:00,frozen,espn-fantasy-api-kona-player-info-2026-ppr,https://lm-api-reads.fantasy.espn.com/apis/v3/games/ffl/seasons/2026/segments/0/leaguedefaults/1?view=kona_player_info,1,PPR,4685555,Nicholas Singleton,nicholas singleton,TEN,RB,"[25,2,3,23,7,20,21]",355,,170.4,,"{""draftRanksByRankType.PPR"":{""auctionValue"":0,""published"":false,""rank"":355,""rankSourceId"":0,""rankType"":""PPR"",""slotId"":0},""ownership"":{""activityLevel"":null,""auctionValueAverage"":0.03,""auctionValueAverageChange"":0.0,""averageDraftPosition"":170.4,""averageDraftPositionPercentChange"":0.0,""date"":1788219021532,""leagueType"":0,""percentChange"":-0.06,""percentOwned"":2.06,""percentStarted"":0.05}}",-184.6,196,draft-command:196,exact stable-ID match,1.0,,Live ESPN draft-room order was not separately observable from the public API capture.,64a456ccf9596cc786b01e3e663aed1ae6443d505f5a3d524b0c8dfa59290c6f,espn_2026_frozen_20260901T003012Z_3379127ab1c0
2026,2026-09-01T00:30:12Z,2026-08-31T19:30:12-05:00,frozen,espn-fantasy-api-kona-player-info-2026-ppr,https://lm-api-reads.fantasy.espn.com/apis/v3/games/ffl/seasons/2026/segments/0/leaguedefaults/1?view=kona_player_info,1,PPR,4599739,Kendre Miller,kendre miller,NO,RB,"[2,3,23,7,20,21]",356,,170.16,,"{""draftRanksByRankType.PPR"":{""auctionValue"":0,""published"":false,""rank"":356,""rankSourceId"":0,""rankType"":""PPR"",""slotId"":0},""ownership"":{""activityLevel"":null,""auctionValueAverage"":0.01,""auctionValueAverageChange"":0.0,""averageDraftPosition"":170.16,""averageDraftPositionPercentChange"":0.0,""date"":1788219021130,""leagueType"":0,""percentChange"":0.05,""percentOwned"":0.68,""percentStarted"":0.08}}",-185.84,,,unresolved,0.0,no Draft Command player match,Live ESPN draft-room order was not separately observable from the public API capture.,025c2cce92195f8d9eebb76b7291f43dbe9ed10fef4819db4d25e62f4ec7eb8e,espn_2026_frozen_20260901T003012Z_3379127ab1c0
2026,2026-09-01T00:30:12Z,2026-08-31T19:30:12-05:00,frozen,espn-fantasy-api-kona-player-info-2026-ppr,https://lm-api-reads.fantasy.espn.com/apis/v3/games/ffl/seasons/2026/segments/0/leaguedefaults/1?view=kona_player_info,1,PPR,5081432,Antonio Williams,antonio williams,WAS,WR,"[25,3,4,5,23,7,20,21]",357,,170.53,,"{""draftRanksByRankType.PPR"":{""auctionValue"":0,""published"":false,""rank"":357,""rankSourceId"":0,""rankType"":""PPR"",""slotId"":0},""ownership"":{""activityLevel"":null,""auctionValueAverage"":0.03,""auctionValueAverageChange"":0.0,""averageDraftPosition"":170.53,""averageDraftPositionPercentChange"":0.05,""date"":1788219022368,""leagueType"":0,""percentChange"":-0.15,""percentOwned"":2.73,""percentStarted"":0.09}}",-186.47,,,unresolved,0.0,no Draft Command player match,Live ESPN draft-room order was not separately observable from the public API capture.,5d6ca342a857a78532d9f5ae5e344f3e210a555b32814f6ff643c32bd14f0862,espn_2026_frozen_20260901T003012Z_3379127ab1c0
2026,2026-09-01T00:30:12Z,2026-08-31T19:30:12-05:00,frozen,espn-fantasy-api-kona-player-info-2026-ppr,https://lm-api-reads.fantasy.espn.com/apis/v3/games/ffl/seasons/2026/segments/0/leaguedefaults/1?view=kona_player_info,1,PPR,4362921,Tyquan Thornton,tyquan thornton,KC,WR,"[3,4,5,23,7,20,21]",358,,170.4,,"{""draftRanksByRankType.PPR"":{""auctionValue"":0,""published"":false,""rank"":358,""rankSourceId"":0,""rankType"":""PPR"",""slotId"":0},""ownership"":{""activityLevel"":null,""auctionValueAverage"":0.01,""auctionValueAverageChange"":0.0,""averageDraftPosition"":170.4,""averageDraftPositionPercentChange"":0.0,""date"":1788222620677,""leagueType"":0,""percentChange"":0.01,""percentOwned"":1.0,""percentStarted"":0.08}}",-187.6,,,unresolved,0.0,no Draft Command player match,Live ESPN draft-room order was not separately observable from the public API capture.,926424c74dd216542a4ed490e331deb4159d8268e150f359eec016cf62b382f8,espn_2026_frozen_20260901T003012Z_3379127ab1c0
2026,2026-09-01T00:30:12Z,2026-08-31T19:30:12-05:00,frozen,espn-fantasy-api-kona-player-info-2026-ppr,https://lm-api-reads.fantasy.espn.com/apis/v3/games/ffl/seasons/2026/segments/0/leaguedefaults/1?view=kona_player_info,1,PPR,4367209,Greg Dulcich,greg dulcich,MIA,TE,"[5,6,23,7,20,21]",365,,170.47,,"{""draftRanksByRankType.PPR"":{""auctionValue"":0,""published"":false,""rank"":365,""rankSourceId"":0,""rankType"":""PPR"",""slotId"":0},""ownership"":{""activityLevel"":null,""auctionValueAverage"":0.04,""auctionValueAverageChange"":0.0,""averageDraftPosition"":170.47,""averageDraftPositionPercentChange"":-0.02,""date"":1788222620705,""leagueType"":0,""percentChange"":-0.01,""percentOwned"":3.33,""percentStarted"":0.45}}",-194.53,185,draft-command:185,exact stable-ID match,1.0,,Live ESPN draft-room order was not separately observable from the public API capture.,9f957d01753684239c4cf13f20d712d75efbd424e2bd42dbaffd15b1096cba95,espn_2026_frozen_20260901T003012Z_3379127ab1c0
2026,2026-09-01T00:30:12Z,2026-08-31T19:30:12-05:00,frozen,espn-fantasy-api-kona-player-info-2026-ppr,https://lm-api-reads.fantasy.espn.com/apis/v3/games/ffl/seasons/2026/segments/0/leaguedefaults/1?view=kona_player_info,1,PPR,2576925,Darren Waller,darren waller,CAR,TE,"[5,6,23,7,20,21]",366,,170.35,,"{""draftRanksByRankType.PPR"":{""auctionValue"":0,""published"":false,""rank"":366,""rankSourceId"":0,""rankType"":""PPR"",""slotId"":0},""ownership"":{""activityLevel"":null,""auctionValueAverage"":0.03,""auctionValueAverageChange"":0.0,""averageDraftPosition"":170.35,""averageDraftPositionPercentChange"":-0.04,""date"":1788222618139,""leagueType"":0,""percentChange"":0.09,""percentOwned"":2.79,""percentStarted"":0.3}}",-195.65,,,unresolved,0.0,no Draft Command player match,Live ESPN draft-room order was not separately observable from the public API capture.,ed60f45c2c131505a5c98c2ea015cbd1407c589e195be5d93ea2a2d2d45d8505,espn_2026_frozen_20260901T003012Z_3379127ab1c0
2026,2026-09-01T00:30:12Z,2026-08-31T19:30:12-05:00,frozen,espn-fantasy-api-kona-player-info-2026-ppr,https://lm-api-reads.fantasy.espn.com/apis/v3/games/ffl/seasons/2026/segments/0/leaguedefaults/1?view=kona_player_info,1,PPR,4243331,Cade Otton,cade otton,TB,TE,"[5,6,23,7,20,21]",368,,170.35,,"{""draftRanksByRankType.PPR"":{""auctionValue"":0,""published"":false,""rank"":368,""rankSourceId"":0,""rankType"":""PPR"",""slotId"":0},""ownership"":{""activityLevel"":null,""auctionValueAverage"":0.03,""auctionValueAverageChange"":-0.01,""averageDraftPosition"":170.35,""averageDraftPositionPercentChange"":0.01,""date"":1788222620141,""leagueType"":0,""percentChange"":0.01,""percentOwned"":2.56,""percentStarted"":0.31}}",-197.65,,,unresolved,0.0,no Draft Command player match,Live ESPN draft-room order was not separately observable from the public API capture.,2ac25dfe37f2811963d1dd6791685de45acfccc64608f504afaa4bb25d167b0c,espn_2026_frozen_20260901T003012Z_3379127ab1c0
2026,2026-09-01T00:30:12Z,2026-08-31T19:30:12-05:00,frozen,espn-fantasy-api-kona-player-info-2026-ppr,https://lm-api-reads.fantasy.espn.com/apis/v3/games/ffl/seasons/2026/segments/0/leaguedefaults/1?view=kona_player_info,1,PPR,4635008,Keon Coleman,keon coleman,BUF,WR,"[3,4,5,23,7,20,21]",369,,170.32,,"{""draftRanksByRankType.PPR"":{""auctionValue"":0,""published"":false,""rank"":369,""rankSourceId"":0,""rankType"":""PPR"",""slotId"":0},""ownership"":{""activityLevel"":null,""auctionValueAverage"":0.03,""auctionValueAverageChange"":0.0,""averageDraftPosition"":170.32,""averageDraftPositionPercentChange"":0.04,""date"":1788219021225,""leagueType"":0,""percentChange"":-0.05,""percentOwned"":2.33,""percentStarted"":0.14}}",-198.68,,,unresolved,0.0,no Draft Command player match,Live ESPN draft-room order was not separately observable from the public API capture.,7da46f93832a73889271a3347b231d43ec7b88a209347f3c931f832edb0ae58e,espn_2026_frozen_20260901T003012Z_3379127ab1c0
2026,2026-09-01T00:30:12Z,2026-08-31T19:30:12-05:00,frozen,espn-fantasy-api-kona-player-info-2026-ppr,https://lm-api-reads.fantasy.espn.com/apis/v3/games/ffl/seasons/2026/segments/0/leaguedefaults/1?view=kona_player_info,1,PPR,5123663,Isaac TeSlaa,isaac teslaa,DET,WR,"[3,4,5,23,7,20,21]",370,,170.29,,"{""draftRanksByRankType.PPR"":{""auctionValue"":0,""published"":false,""rank"":370,""rankSourceId"":0,""rankType"":""PPR"",""slotId"":0},""ownership"":{""activityLevel"":null,""auctionValueAverage"":0.04,""auctionValueAverageChange"":0.0,""averageDraftPosition"":170.29,""averageDraftPositionPercentChange"":-0.01,""date"":1788219022470,""leagueType"":0,""percentChange"":-0.11,""percentOwned"":3.47,""percentStarted"":0.22}}",-199.71,,,unresolved,0.0,no Draft Command player match,Live ESPN draft-room order was not separately observable from the public API capture.,a9d5e61041ea9dc687b7caafd02d08a29910f3b1c69ae86ad60a70b02c66c372,espn_2026_frozen_20260901T003012Z_3379127ab1c0
2026,2026-09-01T00:30:12Z,2026-08-31T19:30:12-05:00,frozen,espn-fantasy-api-kona-player-info-2026-ppr,https://lm-api-reads.fantasy.espn.com/apis/v3/games/ffl/seasons/2026/segments/0/leaguedefaults/1?view=kona_player_info,1,PPR,4600981,Pat Bryant,pat bryant,DEN,WR,"[3,4,5,23,7,20,21]",371,,170.41,,"{""draftRanksByRankType.PPR"":{""auctionValue"":0,""published"":false,""rank"":371,""rankSourceId"":0,""rankType"":""PPR"",""slotId"":0},""ownership"":{""activityLevel"":null,""auctionValueAverage"":0.04,""auctionValueAverageChange"":0.0,""averageDraftPosition"":170.41,""averageDraftPositionPercentChange"":0.03,""date"":1788219021136,""leagueType"":0,""percentChange"":-0.03,""percentOwned"":2.1,""percentStarted"":0.09}}",-200.59,176,draft-command:176,exact stable-ID match,1.0,,Live ESPN draft-room order was not separately observable from the public API capture.,903b6d65ff05828b48359f1b714484ef365e2efe404af872398c0c98ced4b488,espn_2026_frozen_20260901T003012Z_3379127ab1c0
2026,2026-09-01T00:30:12Z,2026-08-31T19:30:12-05:00,frozen,espn-fantasy-api-kona-player-info-2026-ppr,https://lm-api-reads.fantasy.espn.com/apis/v3/games/ffl/seasons/2026/segments/0/leaguedefaults/1?view=kona_player_info,1,PPR,4686472,Marvin Mims Jr.,marvin mims,DEN,WR,"[3,4,5,23,7,20,21]",372,,170.16,,"{""draftRanksByRankType.PPR"":{""auctionValue"":0,""published"":false,""rank"":372,""rankSourceId"":0,""rankType"":""PPR"",""slotId"":0},""ownership"":{""activityLevel"":null,""auctionValueAverage"":0.01,""auctionValueAverageChange"":0.0,""averageDraftPosition"":170.16,""averageDraftPositionPercentChange"":0.01,""date"":1788219021641,""leagueType"":0,""percentChange"":0.0,""percentOwned"":0.92,""percentStarted"":0.08}}",-201.84,,,unresolved,0.0,no Draft Command player match,Live ESPN draft-room order was not separately observable from the public API capture.,460c41a032c105a936bfa259fe14d851edea4d3d061c7df547ebfbd937d1cdb3,espn_2026_frozen_20260901T003012Z_3379127ab1c0
2026,2026-09-01T00:30:12Z,2026-08-31T19:30:12-05:00,frozen,espn-fantasy-api-kona-player-info-2026-ppr,https://lm-api-reads.fantasy.espn.com/apis/v3/games/ffl/seasons/2026/segments/0/leaguedefaults/1?view=kona_player_info,1,PPR,4429299,Tahj Brooks,tahj brooks,CIN,RB,"[2,3,23,7,20,21]",376,,170.14,,"{""draftRanksByRankType.PPR"":{""auctionValue"":0,""published"":false,""rank"":376,""rankSourceId"":0,""rankType"":""PPR"",""slotId"":0},""ownership"":{""activityLevel"":null,""auctionValueAverage"":0.0,""auctionValueAverageChange"":0.0,""averageDraftPosition"":170.14,""averageDraftPositionPercentChange"":0.01,""date"":1788219020379,""leagueType"":0,""percentChange"":0.0,""percentOwned"":0.3,""percentStarted"":0.03}}",-205.86,,,unresolved,0.0,no Draft Command player match,Live ESPN draft-room order was not separately observable from the public API capture.,35b8516491b239fc87f90e6100d64c38898a5662496f87da908e3c2f1cef070f,espn_2026_frozen_20260901T003012Z_3379127ab1c0
2026,2026-09-01T00:30:12Z,2026-08-31T19:30:12-05:00,frozen,espn-fantasy-api-kona-player-info-2026-ppr,https://lm-api-reads.fantasy.espn.com/apis/v3/games/ffl/seasons/2026/segments/0/leaguedefaults/1?view=kona_player_info,1,PPR,4832846,Demond Claiborne,demond claiborne,MIN,RB,"[25,2,3,23,7,20,21]",378,,170.36,,"{""draftRanksByRankType.PPR"":{""auctionValue"":0,""published"":false,""rank"":378,""rankSourceId"":0,""rankType"":""PPR"",""slotId"":0},""ownership"":{""activityLevel"":null,""auctionValueAverage"":0.01,""auctionValueAverageChange"":0.0,""averageDraftPosition"":170.36,""averageDraftPositionPercentChange"":0.02,""date"":1788219022062,""leagueType"":0,""percentChange"":-0.03,""percentOwned"":0.95,""percentStarted"":0.03}}",-207.64,,,unresolved,0.0,no Draft Command player match,Live ESPN draft-room order was not separately observable from the public API capture.,8d760f0d2b43cc9384bb2ae9c1ee52a5025bb358184c1d8f1903d19470a5d52e,espn_2026_frozen_20260901T003012Z_3379127ab1c0
2026,2026-09-01T00:30:12Z,2026-08-31T19:30:12-05:00,frozen,espn-fantasy-api-kona-player-info-2026-ppr,https://lm-api-reads.fantasy.espn.com/apis/v3/games/ffl/seasons/2026/segments/0/leaguedefaults/1?view=kona_player_info,1,PPR,15864,Geno Smith,geno smith,NYJ,QB,"[0,7,20,21]",379,,170.09,,"{""draftRanksByRankType.PPR"":{""auctionValue"":0,""published"":false,""rank"":379,""rankSourceId"":0,""rankType"":""PPR"",""slotId"":0},""ownership"":{""activityLevel"":null,""auctionValueAverage"":0.19,""auctionValueAverageChange"":0.01,""averageDraftPosition"":170.09,""averageDraftPositionPercentChange"":0.0,""date"":1788222617922,""leagueType"":0,""percentChange"":0.08,""percentOwned"":3.65,""percentStarted"":0.31}}",-208.91,,,unresolved,0.0,no Draft Command player match,Live ESPN draft-room order was not separately observable from the public API capture.,c3b5902c1c7513e6b51689b3656ff7d20b093b6259dca4ee28c70175c47be63b,espn_2026_frozen_20260901T003012Z_3379127ab1c0
2026,2026-09-01T00:30:12Z,2026-08-31T19:30:12-05:00,frozen,espn-fantasy-api-kona-player-info-2026-ppr,https://lm-api-reads.fantasy.espn.com/apis/v3/games/ffl/seasons/2026/segments/0/leaguedefaults/1?view=kona_player_info,1,PPR,4837248,Fernando Mendoza,fernando mendoza,LV,QB,"[25,0,7,20,21]",383,,168.34,,"{""draftRanksByRankType.PPR"":{""auctionValue"":0,""published"":false,""rank"":383,""rankSourceId"":0,""rankType"":""PPR"",""slotId"":0},""ownership"":{""activityLevel"":null,""auctionValueAverage"":0.27,""auctionValueAverageChange"":0.02,""averageDraftPosition"":168.34,""averageDraftPositionPercentChange"":-0.22,""date"":1788219022081,""leagueType"":0,""percentChange"":-0.13,""percentOwned"":10.32,""percentStarted"":0.4}}",-214.66,,,unresolved,0.0,no Draft Command player match,Live ESPN draft-room order was not separately observable from the public API capture.,9301c7b502ac10f043437e77cc24653ce64b72d39dee99e3d412476dc24e807f,espn_2026_frozen_20260901T003012Z_3379127ab1c0
2026,2026-09-01T00:30:12Z,2026-08-31T19:30:12-05:00,frozen,espn-fantasy-api-kona-player-info-2026-ppr,https://lm-api-reads.fantasy.espn.com/apis/v3/games/ffl/seasons/2026/segments/0/leaguedefaults/1?view=kona_player_info,1,PPR,8439,Aaron Rodgers,aaron rodgers,PIT,QB,"[0,7,20,21]",385,,169.2,,"{""draftRanksByRankType.PPR"":{""auctionValue"":0,""published"":false,""rank"":385,""rankSourceId"":0,""rankType"":""PPR"",""slotId"":0},""ownership"":{""activityLevel"":null,""auctionValueAverage"":0.27,""auctionValueAverageChange"":0.01,""averageDraftPosition"":169.2,""averageDraftPositionPercentChange"":-0.02,""date"":1788222617756,""leagueType"":0,""percentChange"":0.2,""percentOwned"":6.75,""percentStarted"":0.72}}",-215.8,,,unresolved,0.0,no Draft Command player match,Live ESPN draft-room order was not separately observable from the public API capture.,e65eb3606eec659aa82f4581f839c909a4d5b88da3a2fcccfa903e5901c42f0b,espn_2026_frozen_20260901T003012Z_3379127ab1c0
2026,2026-09-01T00:30:12Z,2026-08-31T19:30:12-05:00,frozen,espn-fantasy-api-kona-player-info-2026-ppr,https://lm-api-reads.fantasy.espn.com/apis/v3/games/ffl/seasons/2026/segments/0/leaguedefaults/1?view=kona_player_info,1,PPR,3122840,Deshaun Watson,deshaun watson,CLE,QB,"[0,7,20,21]",387,,170.09,,"{""draftRanksByRankType.PPR"":{""auctionValue"":0,""published"":false,""rank"":387,""rankSourceId"":0,""rankType"":""PPR"",""slotId"":0},""ownership"":{""activityLevel"":null,""auctionValueAverage"":0.1,""auctionValueAverageChange"":0.01,""averageDraftPosition"":170.09,""averageDraftPositionPercentChange"":-0.01,""date"":1788222618901,""leagueType"":0,""percentChange"":0.03,""percentOwned"":2.0,""percentStarted"":0.2}}",-216.91,,,unresolved,0.0,no Draft Command player match,Live ESPN draft-room order was not separately observable from the public API capture.,1a7ea47736f408134bab60edd2c919d1a03e5dad2ff2d5edd2338ee7b9965652,espn_2026_frozen_20260901T003012Z_3379127ab1c0
2026,2026-09-01T00:30:12Z,2026-08-31T19:30:12-05:00,frozen,espn-fantasy-api-kona-player-info-2026-ppr,https://lm-api-reads.fantasy.espn.com/apis/v3/games/ffl/seasons/2026/segments/0/leaguedefaults/1?view=kona_player_info,1,PPR,4368003,Andrei Iosivas,andrei iosivas,CIN,WR,"[3,4,5,23,7,20,21]",390,,170.12,,"{""draftRanksByRankType.PPR"":{""auctionValue"":0,""published"":false,""rank"":390,""rankSourceId"":0,""rankType"":""PPR"",""slotId"":0},""ownership"":{""activityLevel"":null,""auctionValueAverage"":0.01,""auctionValueAverageChange"":0.0,""averageDraftPosition"":170.12,""averageDraftPositionPercentChange"":-0.01,""date"":1788219019737,""leagueType"":0,""percentChange"":-0.01,""percentOwned"":0.57,""percentStarted"":0.08}}",-219.88,,,unresolved,0.0,no Draft Command player match,Live ESPN draft-room order was not separately observable from the public API capture.,d1c62243d22535e21a303ee7a0c5f40abef07d07721c9a7013b14a3933babb45,espn_2026_frozen_20260901T003012Z_3379127ab1c0
2026,2026-09-01T00:30:12Z,2026-08-31T19:30:12-05:00,frozen,espn-fantasy-api-kona-player-info-2026-ppr,https://lm-api-reads.fantasy.espn.com/apis/v3/games/ffl/seasons/2026/segments/0/leaguedefaults/1?view=kona_player_info,1,PPR,4685307,Kevin Coleman Jr.,kevin coleman,MIA,WR,"[25,3,4,5,23,7,20,21]",391,,169.99,,"{""draftRanksByRankType.PPR"":{""auctionValue"":0,""published"":false,""rank"":391,""rankSourceId"":0,""rankType"":""PPR"",""slotId"":0},""ownership"":{""activityLevel"":null,""auctionValueAverage"":0.0,""auctionValueAverageChange"":0.0,""averageDraftPosition"":169.99,""averageDraftPositionPercentChange"":-0.01,""date"":1788208215266,""leagueType"":0,""percentChange"":0.0,""percentOwned"":0.11,""percentStarted"":0.01}}",-221.01,,,unresolved,0.0,no Draft Command player match,Live ESPN draft-room order was not separately observable from the public API capture.,32cebcd5cd3f8c551033c303eaca83805a9fda5867e23f318a5b310cae3acbc6,espn_2026_frozen_20260901T003012Z_3379127ab1c0
2026,2026-09-01T00:30:12Z,2026-08-31T19:30:12-05:00,frozen,espn-fantasy-api-kona-player-info-2026-ppr,https://lm-api-reads.fantasy.espn.com/apis/v3/games/ffl/seasons/2026/segments/0/leaguedefaults/1?view=kona_player_info,1,PPR,3676833,KaVontae Turpin,kavontae turpin,DAL,WR,"[3,4,5,23,7,20,21]",392,,169.77,,"{""draftRanksByRankType.PPR"":{""auctionValue"":0,""published"":false,""rank"":392,""rankSourceId"":0,""rankType"":""PPR"",""slotId"":0},""ownership"":{""activityLevel"":null,""auctionValueAverage"":0.04,""auctionValueAverageChange"":0.0,""averageDraftPosition"":169.77,""averageDraftPositionPercentChange"":0.02,""date"":1788222619030,""leagueType"":0,""percentChange"":0.06,""percentOwned"":1.56,""percentStarted"":0.37}}",-222.23,,,unresolved,0.0,no Draft Command player match,Live ESPN draft-room order was not separately observable from the public API capture.,e6b709e469e84730ba00a3d75e7c1f5fe2b0675c0a7688cc4906541d1cdaa6bc,espn_2026_frozen_20260901T003012Z_3379127ab1c0
2026,2026-09-01T00:30:12Z,2026-08-31T19:30:12-05:00,frozen,espn-fantasy-api-kona-player-info-2026-ppr,https://lm-api-reads.fantasy.espn.com/apis/v3/games/ffl/seasons/2026/segments/0/leaguedefaults/1?view=kona_player_info,1,PPR,4603186,Jack Bech,jack bech,LV,WR,"[3,4,5,23,7,20,21]",393,,170.21,,"{""draftRanksByRankType.PPR"":{""auctionValue"":0,""published"":false,""rank"":393,""rankSourceId"":0,""rankType"":""PPR"",""slotId"":0},""ownership"":{""activityLevel"":null,""auctionValueAverage"":0.01,""auctionValueAverageChange"":0.0,""averageDraftPosition"":170.21,""averageDraftPositionPercentChange"":0.0,""date"":1788219021169,""leagueType"":0,""percentChange"":-0.1,""percentOwned"":1.16,""percentStarted"":0.06}}",-222.79,,,unresolved,0.0,no Draft Command player match,Live ESPN draft-room order was not separately observable from the public API capture.,43d52977196d0962f56d6034f477cf247449c08639a996643b47e19e07b1c0ae,espn_2026_frozen_20260901T003012Z_3379127ab1c0
2026,2026-09-01T00:30:12Z,2026-08-31T19:30:12-05:00,frozen,espn-fantasy-api-kona-player-info-2026-ppr,https://lm-api-reads.fantasy.espn.com/apis/v3/games/ffl/seasons/2026/segments/0/leaguedefaults/1?view=kona_player_info,1,PPR,4597703,Tory Horton,tory horton,SEA,WR,"[3,4,5,23,7,20,21]",395,,170.21,,"{""draftRanksByRankType.PPR"":{""auctionValue"":0,""published"":false,""rank"":395,""rankSourceId"":0,""rankType"":""PPR"",""slotId"":0},""ownership"":{""activityLevel"":null,""auctionValueAverage"":0.01,""auctionValueAverageChange"":0.0,""averageDraftPosition"":170.21,""averageDraftPositionPercentChange"":0.01,""date"":1788219021125,""leagueType"":0,""percentChange"":-0.06,""percentOwned"":0.91,""percentStarted"":0.03}}",-224.79,,,unresolved,0.0,no Draft Command player match,Live ESPN draft-room order was not separately observable from the public API capture.,7419e652c8975b3f700369faab568d1324436b0cc72f78f1593b4107d1f78912,espn_2026_frozen_20260901T003012Z_3379127ab1c0
2026,2026-09-01T00:30:12Z,2026-08-31T19:30:12-05:00,frozen,espn-fantasy-api-kona-player-info-2026-ppr,https://lm-api-reads.fantasy.espn.com/apis/v3/games/ffl/seasons/2026/segments/0/leaguedefaults/1?view=kona_player_info,1,PPR,4690013,Rasheen Ali,rasheen ali,BAL,RB,"[2,3,23,7,20,21]",396,,170.07,,"{""draftRanksByRankType.PPR"":{""auctionValue"":0,""published"":false,""rank"":396,""rankSourceId"":0,""rankType"":""PPR"",""slotId"":0},""ownership"":{""activityLevel"":null,""auctionValueAverage"":0.0,""auctionValueAverageChange"":0.0,""averageDraftPosition"":170.07,""averageDraftPositionPercentChange"":0.0,""date"":1788197416421,""leagueType"":0,""percentChange"":0.0,""percentOwned"":0.16,""percentStarted"":0.02}}",-225.93,,,unresolved,0.0,no Draft Command player match,Live ESPN draft-room order was not separately observable from the public API capture.,0df4c7459428253583395076b338cc920cc908833b8262ad99f2c32bdfa90417,espn_2026_frozen_20260901T003012Z_3379127ab1c0
2026,2026-09-01T00:30:12Z,2026-08-31T19:30:12-05:00,frozen,espn-fantasy-api-kona-player-info-2026-ppr,https://lm-api-reads.fantasy.espn.com/apis/v3/games/ffl/seasons/2026/segments/0/leaguedefaults/1?view=kona_player_info,1,PPR,4685246,Kaytron Allen,kaytron allen,WAS,RB,"[25,2,3,23,7,20,21]",397,,170.45,,"{""draftRanksByRankType.PPR"":{""auctionValue"":0,""published"":false,""rank"":397,""rankSourceId"":0,""rankType"":""PPR"",""slotId"":0},""ownership"":{""activityLevel"":null,""auctionValueAverage"":0.02,""auctionValueAverageChange"":0.0,""averageDraftPosition"":170.45,""averageDraftPositionPercentChange"":0.01,""date"":1788219021371,""leagueType"":0,""percentChange"":-0.04,""percentOwned"":1.56,""percentStarted"":0.04}}",-226.55,199,draft-command:199,exact stable-ID match,1.0,,Live ESPN draft-room order was not separately observable from the public API capture.,9bc57ea4c52792dbedb1ca115527a83a0b5d141294b3bc9508c81d77644368ee,espn_2026_frozen_20260901T003012Z_3379127ab1c0
2026,2026-09-01T00:30:12Z,2026-08-31T19:30:12-05:00,frozen,espn-fantasy-api-kona-player-info-2026-ppr,https://lm-api-reads.fantasy.espn.com/apis/v3/games/ffl/seasons/2026/segments/0/leaguedefaults/1?view=kona_player_info,1,PPR,4874509,DJ Giddens,dj giddens,IND,RB,"[2,3,23,7,20,21]",398,,170.15,,"{""draftRanksByRankType.PPR"":{""auctionValue"":0,""published"":false,""rank"":398,""rankSourceId"":0,""rankType"":""PPR"",""slotId"":0},""ownership"":{""activityLevel"":null,""auctionValueAverage"":0.01,""auctionValueAverageChange"":0.0,""averageDraftPosition"":170.15,""averageDraftPositionPercentChange"":0.03,""date"":1788215417805,""leagueType"":0,""percentChange"":-0.03,""percentOwned"":0.6,""percentStarted"":0.05}}",-227.85,,,unresolved,0.0,no Draft Command player match,Live ESPN draft-room order was not separately observable from the public API capture.,d510838265567deedb5c1704a60a9a2ba7a5f06c2b9dc7780e30f5908366f964,espn_2026_frozen_20260901T003012Z_3379127ab1c0
2026,2026-09-01T00:30:12Z,2026-08-31T19:30:12-05:00,frozen,espn-fantasy-api-kona-player-info-2026-ppr,https://lm-api-reads.fantasy.espn.com/apis/v3/games/ffl/seasons/2026/segments/0/leaguedefaults/1?view=kona_player_info,1,PPR,4887558,Emanuel Wilson,emanuel wilson,SEA,RB,"[2,3,23,7,20,21]",399,,170.2,,"{""draftRanksByRankType.PPR"":{""auctionValue"":0,""published"":false,""rank"":399,""rankSourceId"":0,""rankType"":""PPR"",""slotId"":0},""ownership"":{""activityLevel"":null,""auctionValueAverage"":0.0,""auctionValueAverageChange"":0.0,""averageDraftPosition"":170.2,""averageDraftPositionPercentChange"":0.01,""date"":1788219022266,""leagueType"":0,""percentChange"":-0.03,""percentOwned"":0.58,""percentStarted"":0.04}}",-228.8,,,unresolved,0.0,no Draft Command player match,Live ESPN draft-room order was not separately observable from the public API capture.,c4f90863a263efd074d3716bfb177189b6270aad6dd37077f1fa40f189e320a6,espn_2026_frozen_20260901T003012Z_3379127ab1c0
2026,2026-09-01T00:30:12Z,2026-08-31T19:30:12-05:00,frozen,espn-fantasy-api-kona-player-info-2026-ppr,https://lm-api-reads.fantasy.espn.com/apis/v3/games/ffl/seasons/2026/segments/0/leaguedefaults/1?view=kona_player_info,1,PPR,4819231,Kaleb Johnson,kaleb johnson,GB,RB,"[2,3,23,7,20,21]",402,,169.93,,"{""draftRanksByRankType.PPR"":{""auctionValue"":0,""published"":false,""rank"":402,""rankSourceId"":0,""rankType"":""PPR"",""slotId"":0},""ownership"":{""activityLevel"":null,""auctionValueAverage"":0.04,""auctionValueAverageChange"":0.02,""averageDraftPosition"":169.93,""averageDraftPositionPercentChange"":0.07,""date"":1788219022028,""leagueType"":0,""percentChange"":3.38,""percentOwned"":9.24,""percentStarted"":0.21}}",-232.07,,,unresolved,0.0,no Draft Command player match,Live ESPN draft-room order was not separately observable from the public API capture.,22e6d5bbb232f28b3992963611520769d1132378725bf6914bb51cca00bf0bc5,espn_2026_frozen_20260901T003012Z_3379127ab1c0
2026,2026-09-01T00:30:12Z,2026-08-31T19:30:12-05:00,frozen,espn-fantasy-api-kona-player-info-2026-ppr,https://lm-api-reads.fantasy.espn.com/apis/v3/games/ffl/seasons/2026/segments/0/leaguedefaults/1?view=kona_player_info,1,PPR,4035537,Kene Nwangwu,kene nwangwu,NYJ,RB,"[2,3,23,7,20,21]",403,,170.1,,"{""draftRanksByRankType.PPR"":{""auctionValue"":0,""published"":false,""rank"":403,""rankSourceId"":0,""rankType"":""PPR"",""slotId"":0},""ownership"":{""activityLevel"":null,""auctionValueAverage"":0.0,""auctionValueAverageChange"":0.0,""averageDraftPosition"":170.1,""averageDraftPositionPercentChange"":0.0,""date"":1788211816418,""leagueType"":0,""percentChange"":0.0,""percentOwned"":0.15,""percentStarted"":0.02}}",-232.9,,,unresolved,0.0,no Draft Command player match,Live ESPN draft-room order was not separately observable from the public API capture.,64d3555f046ac647668ac6d6c03e3e3acb704779bcdfc93bd77e87b8c02f45c7,espn_2026_frozen_20260901T003012Z_3379127ab1c0
2026,2026-09-01T00:30:12Z,2026-08-31T19:30:12-05:00,frozen,espn-fantasy-api-kona-player-info-2026-ppr,https://lm-api-reads.fantasy.espn.com/apis/v3/games/ffl/seasons/2026/segments/0/leaguedefaults/1?view=kona_player_info,1,PPR,4427728,Bam Knight,bam knight,ARI,RB,"[2,3,23,7,20,21]",404,,170.09,,"{""draftRanksByRankType.PPR"":{""auctionValue"":0,""published"":false,""rank"":404,""rankSourceId"":0,""rankType"":""PPR"",""slotId"":0},""ownership"":{""activityLevel"":null,""auctionValueAverage"":0.0,""auctionValueAverageChange"":0.0,""averageDraftPosition"":170.09,""averageDraftPositionPercentChange"":0.0,""date"":1788211817952,""leagueType"":0,""percentChange"":0.01,""percentOwned"":0.22,""percentStarted"":0.04}}",-233.91,,,unresolved,0.0,no Draft Command player match,Live ESPN draft-room order was not separately observable from the public API capture.,1e8af8b72c6177d2d9b9a8927c65c7d5974399056ee6455bb9f4de8b956b34dd,espn_2026_frozen_20260901T003012Z_3379127ab1c0
2026,2026-09-01T00:30:12Z,2026-08-31T19:30:12-05:00,frozen,espn-fantasy-api-kona-player-info-2026-ppr,https://lm-api-reads.fantasy.espn.com/apis/v3/games/ffl/seasons/2026/segments/0/leaguedefaults/1?view=kona_player_info,1,PPR,4912274,Sione Vaki,sione vaki,DET,RB,"[2,3,23,7,20,21]",405,,169.99,,"{""draftRanksByRankType.PPR"":{""auctionValue"":0,""published"":false,""rank"":405,""rankSourceId"":0,""rankType"":""PPR"",""slotId"":0},""ownership"":{""activityLevel"":null,""auctionValueAverage"":0.0,""auctionValueAverageChange"":0.0,""averageDraftPosition"":169.99,""averageDraftPositionPercentChange"":-0.01,""date"":1788219022315,""leagueType"":0,""percentChange"":0.01,""percentOwned"":0.05,""percentStarted"":0.01}}",-235.01,,,unresolved,0.0,no Draft Command player match,Live ESPN draft-room order was not separately observable from the public API capture.,ae9511021a86e3bfe7aa83bed5363d6472a893e9f5edbfedf430c7e01857d96d,espn_2026_frozen_20260901T003012Z_3379127ab1c0
2026,2026-09-01T00:30:12Z,2026-08-31T19:30:12-05:00,frozen,espn-fantasy-api-kona-player-info-2026-ppr,https://lm-api-reads.fantasy.espn.com/apis/v3/games/ffl/seasons/2026/segments/0/leaguedefaults/1?view=kona_player_info,1,PPR,5220680,Ted Hurst III,ted hurst,TB,WR,"[25,3,4,5,23,7,20,21]",406,,170.19,,"{""draftRanksByRankType.PPR"":{""auctionValue"":0,""published"":false,""rank"":406,""rankSourceId"":0,""rankType"":""PPR"",""slotId"":0},""ownership"":{""activityLevel"":null,""auctionValueAverage"":0.01,""auctionValueAverageChange"":0.0,""averageDraftPosition"":170.19,""averageDraftPositionPercentChange"":0.0,""date"":1788219022514,""leagueType"":0,""percentChange"":-0.01,""percentOwned"":0.93,""percentStarted"":0.03}}",-235.81,,,unresolved,0.0,no Draft Command player match,Live ESPN draft-room order was not separately observable from the public API capture.,7fb9a41ff1e2c531276323e3bb3849f15d407c847547e7eea4cb66ddd4e4b51c,espn_2026_frozen_20260901T003012Z_3379127ab1c0
2026,2026-09-01T00:30:12Z,2026-08-31T19:30:12-05:00,frozen,espn-fantasy-api-kona-player-info-2026-ppr,https://lm-api-reads.fantasy.espn.com/apis/v3/games/ffl/seasons/2026/segments/0/leaguedefaults/1?view=kona_player_info,1,PPR,3051876,Evan Engram,evan engram,DEN,TE,"[5,6,23,7,20,21]",412,,170.03,,"{""draftRanksByRankType.PPR"":{""auctionValue"":0,""published"":false,""rank"":412,""rankSourceId"":0,""rankType"":""PPR"",""slotId"":0},""ownership"":{""activityLevel"":null,""auctionValueAverage"":0.04,""auctionValueAverageChange"":-0.01,""averageDraftPosition"":170.03,""averageDraftPositionPercentChange"":-0.02,""date"":1788222618590,""leagueType"":0,""percentChange"":-0.01,""percentOwned"":3.15,""percentStarted"":0.45}}",-241.97,,,unresolved,0.0,no Draft Command player match,Live ESPN draft-room order was not separately observable from the public API capture.,c45981ff639a1ff881d8d6ff19f3bbe7d6c4d3351448c2f631e82c9c5b2b8949,espn_2026_frozen_20260901T003012Z_3379127ab1c0
2026,2026-09-01T00:30:12Z,2026-08-31T19:30:12-05:00,frozen,espn-fantasy-api-kona-player-info-2026-ppr,https://lm-api-reads.fantasy.espn.com/apis/v3/games/ffl/seasons/2026/segments/0/leaguedefaults/1?view=kona_player_info,1,PPR,3123076,David Njoku,david njoku,LAC,TE,"[5,6,23,7,20,21]",414,,169.66,,"{""draftRanksByRankType.PPR"":{""auctionValue"":0,""published"":false,""rank"":414,""rankSourceId"":0,""rankType"":""PPR"",""slotId"":0},""ownership"":{""activityLevel"":null,""auctionValueAverage"":0.09,""auctionValueAverageChange"":0.01,""averageDraftPosition"":169.66,""averageDraftPositionPercentChange"":-0.04,""date"":1788222618907,""leagueType"":0,""percentChange"":0.09,""percentOwned"":5.29,""percentStarted"":0.66}}",-244.34,,,unresolved,0.0,no Draft Command player match,Live ESPN draft-room order was not separately observable from the public API capture.,d3737097d7a19977338209f6bd0c96d98d99bcefd791377179251d690429861d,espn_2026_frozen_20260901T003012Z_3379127ab1c0
2026,2026-09-01T00:30:12Z,2026-08-31T19:30:12-05:00,frozen,espn-fantasy-api-kona-player-info-2026-ppr,https://lm-api-reads.fantasy.espn.com/apis/v3/games/ffl/seasons/2026/segments/0/leaguedefaults/1?view=kona_player_info,1,PPR,4595342,Oronde Gadsden,oronde gadsden,LAC,TE,"[5,6,23,7,20,21]",416,,170.19,,"{""draftRanksByRankType.PPR"":{""auctionValue"":0,""published"":false,""rank"":416,""rankSourceId"":0,""rankType"":""PPR"",""slotId"":0},""ownership"":{""activityLevel"":null,""auctionValueAverage"":0.03,""auctionValueAverageChange"":-0.02,""averageDraftPosition"":170.19,""averageDraftPositionPercentChange"":-0.01,""date"":1788219021073,""leagueType"":0,""percentChange"":-0.29,""percentOwned"":4.03,""percentStarted"":0.48}}",-245.81,,,unresolved,0.0,no Draft Command player match,Live ESPN draft-room order was not separately observable from the public API capture.,7f129754d4d39dc077c0c852ce42555d1b29f2fab11cc3f122cc67338f873763,espn_2026_frozen_20260901T003012Z_3379127ab1c0
2026,2026-09-01T00:30:12Z,2026-08-31T19:30:12-05:00,frozen,espn-fantasy-api-kona-player-info-2026-ppr,https://lm-api-reads.fantasy.espn.com/apis/v3/games/ffl/seasons/2026/segments/0/leaguedefaults/1?view=kona_player_info,1,PPR,3116164,Mike Gesicki,mike gesicki,CIN,TE,"[5,6,23,7,20,21]",417,,170.25,,"{""draftRanksByRankType.PPR"":{""auctionValue"":0,""published"":false,""rank"":417,""rankSourceId"":0,""rankType"":""PPR"",""slotId"":0},""ownership"":{""activityLevel"":null,""auctionValueAverage"":0.02,""auctionValueAverageChange"":0.0,""averageDraftPosition"":170.25,""averageDraftPositionPercentChange"":-0.01,""date"":1788222618715,""leagueType"":0,""percentChange"":-0.06,""percentOwned"":1.63,""percentStarted"":0.23}}",-246.75,,,unresolved,0.0,no Draft Command player match,Live ESPN draft-room order was not separately observable from the public API capture.,723e2b05b0abbe254213ebbf8da663ee035a3fee0bec39a613461d159ea19ea9,espn_2026_frozen_20260901T003012Z_3379127ab1c0
2026,2026-09-01T00:30:12Z,2026-08-31T19:30:12-05:00,frozen,espn-fantasy-api-kona-player-info-2026-ppr,https://lm-api-reads.fantasy.espn.com/apis/v3/games/ffl/seasons/2026/segments/0/leaguedefaults/1?view=kona_player_info,1,PPR,4429086,Michael Mayer,michael mayer,LV,TE,"[5,6,23,7,20,21]",418,,170.25,,"{""draftRanksByRankType.PPR"":{""auctionValue"":0,""published"":false,""rank"":418,""rankSourceId"":0,""rankType"":""PPR"",""slotId"":0},""ownership"":{""activityLevel"":null,""auctionValueAverage"":0.02,""auctionValueAverageChange"":0.0,""averageDraftPosition"":170.25,""averageDraftPositionPercentChange"":0.02,""date"":1788219020301,""leagueType"":0,""percentChange"":-0.02,""percentOwned"":1.09,""percentStarted"":0.13}}",-247.75,,,unresolved,0.0,no Draft Command player match,Live ESPN draft-room order was not separately observable from the public API capture.,25f80d0f773e1784ac027bc2fb7458ef5ec765365573b7c1d30c64b62f694f90,espn_2026_frozen_20260901T003012Z_3379127ab1c0
2026,2026-09-01T00:30:12Z,2026-08-31T19:30:12-05:00,frozen,espn-fantasy-api-kona-player-info-2026-ppr,https://lm-api-reads.fantasy.espn.com/apis/v3/games/ffl/seasons/2026/segments/0/leaguedefaults/1?view=kona_player_info,1,PPR,4040655,Darnell Mooney,darnell mooney,NYG,WR,"[3,4,5,23,7,20,21]",419,,170.43,,"{""draftRanksByRankType.PPR"":{""auctionValue"":0,""published"":false,""rank"":419,""rankSourceId"":0,""rankType"":""PPR"",""slotId"":0},""ownership"":{""activityLevel"":null,""auctionValueAverage"":0.02,""auctionValueAverageChange"":0.0,""averageDraftPosition"":170.43,""averageDraftPositionPercentChange"":0.0,""date"":1788222619654,""leagueType"":0,""percentChange"":-0.17,""percentOwned"":2.54,""percentStarted"":0.15}}",-248.57,,,unresolved,0.0,no Draft Command player match,Live ESPN draft-room order was not separately observable from the public API capture.,a22cf4900005b71c0e54cdd0efeb6d8a27dd4d3a2a2550f0f5d363b927028adf,espn_2026_frozen_20260901T003012Z_3379127ab1c0
2026,2026-09-01T00:30:12Z,2026-08-31T19:30:12-05:00,frozen,espn-fantasy-api-kona-player-info-2026-ppr,https://lm-api-reads.fantasy.espn.com/apis/v3/games/ffl/seasons/2026/segments/0/leaguedefaults/1?view=kona_player_info,1,PPR,2991662,Mack Hollins,mack hollins,NE,WR,"[3,4,5,23,7,20,21]",421,,170.08,,"{""draftRanksByRankType.PPR"":{""auctionValue"":0,""published"":false,""rank"":421,""rankSourceId"":0,""rankType"":""PPR"",""slotId"":0},""ownership"":{""activityLevel"":null,""auctionValueAverage"":0.0,""auctionValueAverageChange"":0.0,""averageDraftPosition"":170.08,""averageDraftPositionPercentChange"":-0.03,""date"":1788222618396,""leagueType"":0,""percentChange"":0.01,""percentOwned"":0.31,""percentStarted"":0.03}}",-250.92,,,unresolved,0.0,no Draft Command player match,Live ESPN draft-room order was not separately observable from the public API capture.,77eba69875c4649f81a5926c764134831e9577b6b1454753eb7ea0f90669857e,espn_2026_frozen_20260901T003012Z_3379127ab1c0
2026,2026-09-01T00:30:12Z,2026-08-31T19:30:12-05:00,frozen,espn-fantasy-api-kona-player-info-2026-ppr,https://lm-api-reads.fantasy.espn.com/apis/v3/games/ffl/seasons/2026/segments/0/leaguedefaults/1?view=kona_player_info,1,PPR,4241479,Tua Tagovailoa,tua tagovailoa,ATL,QB,"[0,7,20,21]",422,,170.09,,"{""draftRanksByRankType.PPR"":{""auctionValue"":0,""published"":false,""rank"":422,""rankSourceId"":0,""rankType"":""PPR"",""slotId"":0},""ownership"":{""activityLevel"":null,""auctionValueAverage"":0.06,""auctionValueAverageChange"":0.0,""averageDraftPosition"":170.09,""averageDraftPositionPercentChange"":-0.02,""date"":1788215414393,""leagueType"":0,""percentChange"":-0.01,""percentOwned"":1.71,""percentStarted"":0.16}}",-251.91,,,unresolved,0.0,no Draft Command player match,Live ESPN draft-room order was not separately observable from the public API capture.,6af90bd8d56eed4f093f5b4b74ad83a956a9339d471a9e73b94a5ca70f5ea299,espn_2026_frozen_20260901T003012Z_3379127ab1c0
2026,2026-09-01T00:30:12Z,2026-08-31T19:30:12-05:00,frozen,espn-fantasy-api-kona-player-info-2026-ppr,https://lm-api-reads.fantasy.espn.com/apis/v3/games/ffl/seasons/2026/segments/0/leaguedefaults/1?view=kona_player_info,1,PPR,4432762,Shedeur Sanders,shedeur sanders,CLE,QB,"[0,7,20,21]",429,,169.85,,"{""draftRanksByRankType.PPR"":{""auctionValue"":0,""published"":false,""rank"":429,""rankSourceId"":0,""rankType"":""PPR"",""slotId"":0},""ownership"":{""activityLevel"":null,""auctionValueAverage"":0.06,""auctionValueAverageChange"":-0.01,""averageDraftPosition"":169.85,""averageDraftPositionPercentChange"":-0.07,""date"":1788219020667,""leagueType"":0,""percentChange"":0.01,""percentOwned"":2.54,""percentStarted"":0.1}}",-259.15,,,unresolved,0.0,no Draft Command player match,Live ESPN draft-room order was not separately observable from the public API capture.,38259a4db51533336dad0d7af5eeab401d48759920aa0e35e73e325136217038,espn_2026_frozen_20260901T003012Z_3379127ab1c0
2026,2026-09-01T00:30:12Z,2026-08-31T19:30:12-05:00,frozen,espn-fantasy-api-kona-player-info-2026-ppr,https://lm-api-reads.fantasy.espn.com/apis/v3/games/ffl/seasons/2026/segments/0/leaguedefaults/1?view=kona_player_info,1,PPR,14880,Kirk Cousins,kirk cousins,LV,QB,"[0,7,20,21]",430,,169.97,,"{""draftRanksByRankType.PPR"":{""auctionValue"":0,""published"":false,""rank"":430,""rankSourceId"":0,""rankType"":""PPR"",""slotId"":0},""ownership"":{""activityLevel"":null,""auctionValueAverage"":0.06,""auctionValueAverageChange"":0.0,""averageDraftPosition"":169.97,""averageDraftPositionPercentChange"":-0.02,""date"":1788222617830,""leagueType"":0,""percentChange"":0.09,""percentOwned"":2.32,""percentStarted"":0.33}}",-260.03,,,unresolved,0.0,no Draft Command player match,Live ESPN draft-room order was not separately observable from the public API capture.,e4742b4d8c3daabd2d0ceff90d0cdde133a5d69e6dc79e86f54e01ee650530c4,espn_2026_frozen_20260901T003012Z_3379127ab1c0
2026,2026-09-01T00:30:12Z,2026-08-31T19:30:12-05:00,frozen,espn-fantasy-api-kona-player-info-2026-ppr,https://lm-api-reads.fantasy.espn.com/apis/v3/games/ffl/seasons/2026/segments/0/leaguedefaults/1?view=kona_player_info,1,PPR,4366963,Dylan Laube,dylan laube,LV,RB,"[2,3,23,7,20,21]",431,,170.07,,"{""draftRanksByRankType.PPR"":{""auctionValue"":0,""published"":false,""rank"":431,""rankSourceId"":0,""rankType"":""PPR"",""slotId"":0},""ownership"":{""activityLevel"":null,""auctionValueAverage"":0.0,""auctionValueAverageChange"":0.0,""averageDraftPosition"":170.07,""averageDraftPositionPercentChange"":0.0,""date"":1788222620702,""leagueType"":0,""percentChange"":-0.01,""percentOwned"":0.19,""percentStarted"":0.02}}",-260.93,,,unresolved,0.0,no Draft Command player match,Live ESPN draft-room order was not separately observable from the public API capture.,14c274c4ea404a220a76c575217d98788cfb48e6992f92dbaf98acb06f95b526,espn_2026_frozen_20260901T003012Z_3379127ab1c0
2026,2026-09-01T00:30:12Z,2026-08-31T19:30:12-05:00,frozen,espn-fantasy-api-kona-player-info-2026-ppr,https://lm-api-reads.fantasy.espn.com/apis/v3/games/ffl/seasons/2026/segments/0/leaguedefaults/1?view=kona_player_info,1,PPR,4362748,Tyler Badie,tyler badie,DEN,RB,"[2,3,23,7,20,21]",432,,170.05,,"{""draftRanksByRankType.PPR"":{""auctionValue"":0,""published"":false,""rank"":432,""rankSourceId"":0,""rankType"":""PPR"",""slotId"":0},""ownership"":{""activityLevel"":null,""auctionValueAverage"":0.0,""auctionValueAverageChange"":0.0,""averageDraftPosition"":170.05,""averageDraftPositionPercentChange"":0.0,""date"":1788219019609,""leagueType"":0,""percentChange"":0.0,""percentOwned"":0.19,""percentStarted"":0.02}}",-261.95,,,unresolved,0.0,no Draft Command player match,Live ESPN draft-room order was not separately observable from the public API capture.,d91f0bb8bde8df3f7530fe58e4fe0014f12c5f180f83ff0a508ca9512c99f816,espn_2026_frozen_20260901T003012Z_3379127ab1c0
2026,2026-09-01T00:30:12Z,2026-08-31T19:30:12-05:00,frozen,espn-fantasy-api-kona-player-info-2026-ppr,https://lm-api-reads.fantasy.espn.com/apis/v3/games/ffl/seasons/2026/segments/0/leaguedefaults/1?view=kona_player_info,1,PPR,4685526,Adam Randall,adam randall,BAL,RB,"[25,2,3,23,7,20,21]",434,,170.33,,"{""draftRanksByRankType.PPR"":{""auctionValue"":0,""published"":false,""rank"":434,""rankSourceId"":0,""rankType"":""PPR"",""slotId"":0},""ownership"":{""activityLevel"":null,""auctionValueAverage"":0.01,""auctionValueAverageChange"":0.0,""averageDraftPosition"":170.33,""averageDraftPositionPercentChange"":0.02,""date"":1788219021521,""leagueType"":0,""percentChange"":-0.01,""percentOwned"":0.8,""percentStarted"":0.03}}",-263.67,,,unresolved,0.0,no Draft Command player match,Live ESPN draft-room order was not separately observable from the public API capture.,09bdd9526adedaaaf17049d601964f82e68c124293e251753677812df654fe74,espn_2026_frozen_20260901T003012Z_3379127ab1c0
2026,2026-09-01T00:30:12Z,2026-08-31T19:30:12-05:00,frozen,espn-fantasy-api-kona-player-info-2026-ppr,https://lm-api-reads.fantasy.espn.com/apis/v3/games/ffl/seasons/2026/segments/0/leaguedefaults/1?view=kona_player_info,1,PPR,3045147,James Conner,james conner,ARI,RB,"[2,3,23,7,20,21]",435,,170.15,,"{""draftRanksByRankType.PPR"":{""auctionValue"":0,""published"":false,""rank"":435,""rankSourceId"":0,""rankType"":""PPR"",""slotId"":0},""ownership"":{""activityLevel"":null,""auctionValueAverage"":0.01,""auctionValueAverageChange"":0.0,""averageDraftPosition"":170.15,""averageDraftPositionPercentChange"":-0.01,""date"":1788222618487,""leagueType"":0,""percentChange"":0.02,""percentOwned"":3.18,""percentStarted"":0.12}}",-264.85,,,unresolved,0.0,no Draft Command player match,Live ESPN draft-room order was not separately observable from the public API capture.,d8a457908d44aec1f8f7da7aa13e8ac81d944d35481f1f505ea411b33e333a9a,espn_2026_frozen_20260901T003012Z_3379127ab1c0
2026,2026-09-01T00:30:12Z,2026-08-31T19:30:12-05:00,frozen,espn-fantasy-api-kona-player-info-2026-ppr,https://lm-api-reads.fantasy.espn.com/apis/v3/games/ffl/seasons/2026/segments/0/leaguedefaults/1?view=kona_player_info,1,PPR,5081508,Eli Heidenreich,eli heidenreich,PIT,RB,"[25,2,3,23,7,20,21]",436,,169.98,,"{""draftRanksByRankType.PPR"":{""auctionValue"":0,""published"":false,""rank"":436,""rankSourceId"":0,""rankType"":""PPR"",""slotId"":0},""ownership"":{""activityLevel"":null,""auctionValueAverage"":0.0,""auctionValueAverageChange"":0.0,""averageDraftPosition"":169.98,""averageDraftPositionPercentChange"":0.0,""date"":1788211819523,""leagueType"":0,""percentChange"":0.03,""percentOwned"":0.18,""percentStarted"":0.01}}",-266.02,,,unresolved,0.0,no Draft Command player match,Live ESPN draft-room order was not separately observable from the public API capture.,19714f4a82c3e95a41c6dee0338a6fcaf36b52a03c91f6703592480c0a00d561,espn_2026_frozen_20260901T003012Z_3379127ab1c0
2026,2026-09-01T00:30:12Z,2026-08-31T19:30:12-05:00,frozen,espn-fantasy-api-kona-player-info-2026-ppr,https://lm-api-reads.fantasy.espn.com/apis/v3/games/ffl/seasons/2026/segments/0/leaguedefaults/1?view=kona_player_info,1,PPR,4685477,Jam Miller,jam miller,FA,RB,"[25,2,3,23,7,20,21]",437,,169.99,,"{""draftRanksByRankType.PPR"":{""auctionValue"":0,""published"":false,""rank"":437,""rankSourceId"":0,""rankType"":""PPR"",""slotId"":0},""ownership"":{""activityLevel"":null,""auctionValueAverage"":0.0,""auctionValueAverageChange"":0.0,""averageDraftPosition"":169.99,""averageDraftPositionPercentChange"":-0.01,""date"":1788219021480,""leagueType"":0,""percentChange"":-0.01,""percentOwned"":0.05,""percentStarted"":0.01}}",-267.01,,,unresolved,0.0,no Draft Command player match,Live ESPN draft-room order was not separately observable from the public API capture.,2ff9c6c9f345fa0a80b9eac9caa490b0972d61fe1cd0d9111cb3574e15dd0c3d,espn_2026_frozen_20260901T003012Z_3379127ab1c0
2026,2026-09-01T00:30:12Z,2026-08-31T19:30:12-05:00,frozen,espn-fantasy-api-kona-player-info-2026-ppr,https://lm-api-reads.fantasy.espn.com/apis/v3/games/ffl/seasons/2026/segments/0/leaguedefaults/1?view=kona_player_info,1,PPR,4429275,Trey Benson,trey benson,ARI,RB,"[2,3,23,7,20,21]",438,,169.97,,"{""draftRanksByRankType.PPR"":{""auctionValue"":0,""published"":false,""rank"":438,""rankSourceId"":0,""rankType"":""PPR"",""slotId"":0},""ownership"":{""activityLevel"":null,""auctionValueAverage"":0.0,""auctionValueAverageChange"":0.0,""averageDraftPosition"":169.97,""averageDraftPositionPercentChange"":0.0,""date"":1788215416155,""leagueType"":0,""percentChange"":-0.03,""percentOwned"":0.29,""percentStarted"":0.02}}",-268.03,,,unresolved,0.0,no Draft Command player match,Live ESPN draft-room order was not separately observable from the public API capture.,f350b601ce2ccda028cb3eaa766e8afa05387f8ffaa3a91f3f5913e276cfbc8b,espn_2026_frozen_20260901T003012Z_3379127ab1c0
2026,2026-09-01T00:30:12Z,2026-08-31T19:30:12-05:00,frozen,espn-fantasy-api-kona-player-info-2026-ppr,https://lm-api-reads.fantasy.espn.com/apis/v3/games/ffl/seasons/2026/segments/0/leaguedefaults/1?view=kona_player_info,1,PPR,4360423,Michael Penix Jr.,michael penix,ATL,QB,"[0,7,20,21]",440,,170.1,,"{""draftRanksByRankType.PPR"":{""auctionValue"":0,""published"":false,""rank"":440,""rankSourceId"":0,""rankType"":""PPR"",""slotId"":0},""ownership"":{""activityLevel"":null,""auctionValueAverage"":0.04,""auctionValueAverageChange"":0.0,""averageDraftPosition"":170.1,""averageDraftPositionPercentChange"":-0.01,""date"":1788222620468,""leagueType"":0,""percentChange"":0.01,""percentOwned"":1.02,""percentStarted"":0.05}}",-269.9,,,unresolved,0.0,no Draft Command player match,Live ESPN draft-room order was not separately observable from the public API capture.,1f41777f4f13c43641e45c5f70b51149b89587f63a985c4f77e0020085763658,espn_2026_frozen_20260901T003012Z_3379127ab1c0
2026,2026-09-01T00:30:12Z,2026-08-31T19:30:12-05:00,frozen,espn-fantasy-api-kona-player-info-2026-ppr,https://lm-api-reads.fantasy.espn.com/apis/v3/games/ffl/seasons/2026/segments/0/leaguedefaults/1?view=kona_player_info,1,PPR,4259147,Jake Tonges,jake tonges,SF,TE,"[5,6,23,7,20,21]",441,,170.19,,"{""draftRanksByRankType.PPR"":{""auctionValue"":0,""published"":false,""rank"":441,""rankSourceId"":0,""rankType"":""PPR"",""slotId"":0},""ownership"":{""activityLevel"":null,""auctionValueAverage"":0.02,""auctionValueAverageChange"":0.0,""averageDraftPosition"":170.19,""averageDraftPositionPercentChange"":0.01,""date"":1788222620257,""leagueType"":0,""percentChange"":-0.19,""percentOwned"":2.48,""percentStarted"":0.57}}",-270.81,,,unresolved,0.0,no Draft Command player match,Live ESPN draft-room order was not separately observable from the public API capture.,45a01e89eb294b41cb687d7f740953a51d17693f39cab57888e34cb545421d65,espn_2026_frozen_20260901T003012Z_3379127ab1c0
2026,2026-09-01T00:30:12Z,2026-08-31T19:30:12-05:00,frozen,espn-fantasy-api-kona-player-info-2026-ppr,https://lm-api-reads.fantasy.espn.com/apis/v3/games/ffl/seasons/2026/segments/0/leaguedefaults/1?view=kona_player_info,1,PPR,4242557,Colby Parkinson,colby parkinson,LAR,TE,"[5,6,23,7,20,21]",442,,170.24,,"{""draftRanksByRankType.PPR"":{""auctionValue"":0,""published"":false,""rank"":442,""rankSourceId"":0,""rankType"":""PPR"",""slotId"":0},""ownership"":{""activityLevel"":null,""auctionValueAverage"":0.02,""auctionValueAverageChange"":0.0,""averageDraftPosition"":170.24,""averageDraftPositionPercentChange"":0.01,""date"":1788222620109,""leagueType"":0,""percentChange"":-0.03,""percentOwned"":1.27,""percentStarted"":0.16}}",-271.76,,,unresolved,0.0,no Draft Command player match,Live ESPN draft-room order was not separately observable from the public API capture.,bd53d933480f03ec0f0c6355562cdaabbccdec014323768d2dbce85c8171ccff,espn_2026_frozen_20260901T003012Z_3379127ab1c0
2026,2026-09-01T00:30:12Z,2026-08-31T19:30:12-05:00,frozen,espn-fantasy-api-kona-player-info-2026-ppr,https://lm-api-reads.fantasy.espn.com/apis/v3/games/ffl/seasons/2026/segments/0/leaguedefaults/1?view=kona_player_info,1,PPR,4427834,Erick All Jr.,erick all,CIN,TE,"[5,6,23,7,20,21]",443,,170.04,,"{""draftRanksByRankType.PPR"":{""auctionValue"":0,""published"":false,""rank"":443,""rankSourceId"":0,""rankType"":""PPR"",""slotId"":0},""ownership"":{""activityLevel"":null,""auctionValueAverage"":0.0,""auctionValueAverageChange"":0.0,""averageDraftPosition"":170.04,""averageDraftPositionPercentChange"":0.0,""date"":1788219020115,""leagueType"":0,""percentChange"":0.0,""percentOwned"":0.2,""percentStarted"":0.03}}",-272.96,,,unresolved,0.0,no Draft Command player match,Live ESPN draft-room order was not separately observable from the public API capture.,0c761452e2ce42dfd71db9a98ef921cebee060523b66b2cb8ff7d962546bf639,espn_2026_frozen_20260901T003012Z_3379127ab1c0
2026,2026-09-01T00:30:12Z,2026-08-31T19:30:12-05:00,frozen,espn-fantasy-api-kona-player-info-2026-ppr,https://lm-api-reads.fantasy.espn.com/apis/v3/games/ffl/seasons/2026/segments/0/leaguedefaults/1?view=kona_player_info,1,PPR,4430802,Darnell Washington,darnell washington,PIT,TE,"[5,6,23,7,20,21]",445,,169.79,,"{""draftRanksByRankType.PPR"":{""auctionValue"":0,""published"":false,""rank"":445,""rankSourceId"":0,""rankType"":""PPR"",""slotId"":0},""ownership"":{""activityLevel"":null,""auctionValueAverage"":0.02,""auctionValueAverageChange"":0.0,""averageDraftPosition"":169.79,""averageDraftPositionPercentChange"":-0.04,""date"":1788219020483,""leagueType"":0,""percentChange"":-0.04,""percentOwned"":1.63,""percentStarted"":0.26}}",-275.21,,,unresolved,0.0,no Draft Command player match,Live ESPN draft-room order was not separately observable from the public API capture.,573bd651903411797a8231ec8db553efb2036e985ea16d3dcbce456dc6678662,espn_2026_frozen_20260901T003012Z_3379127ab1c0
2026,2026-09-01T00:30:12Z,2026-08-31T19:30:12-05:00,frozen,espn-fantasy-api-kona-player-info-2026-ppr,https://lm-api-reads.fantasy.espn.com/apis/v3/games/ffl/seasons/2026/segments/0/leaguedefaults/1?view=kona_player_info,1,PPR,4433970,J.J. McCarthy,j j mccarthy,MIN,QB,"[0,7,20,21]",447,,169.88,,"{""draftRanksByRankType.PPR"":{""auctionValue"":0,""published"":false,""rank"":447,""rankSourceId"":0,""rankType"":""PPR"",""slotId"":0},""ownership"":{""activityLevel"":null,""auctionValueAverage"":0.02,""auctionValueAverageChange"":0.0,""averageDraftPosition"":169.88,""averageDraftPositionPercentChange"":-0.03,""date"":1788219020685,""leagueType"":0,""percentChange"":-0.04,""percentOwned"":0.88,""percentStarted"":0.08}}",-277.12,,,unresolved,0.0,no Draft Command player match,Live ESPN draft-room order was not separately observable from the public API capture.,9c40e2a287268539923cc7eccf2cd1e66210d928a6a567b499ea6a0e3308ce8a,espn_2026_frozen_20260901T003012Z_3379127ab1c0
2026,2026-09-01T00:30:12Z,2026-08-31T19:30:12-05:00,frozen,espn-fantasy-api-kona-player-info-2026-ppr,https://lm-api-reads.fantasy.espn.com/apis/v3/games/ffl/seasons/2026/segments/0/leaguedefaults/1?view=kona_player_info,1,PPR,4430841,Carson Beck,carson beck,ARI,QB,"[25,0,7,20,21]",451,,170.01,,"{""draftRanksByRankType.PPR"":{""auctionValue"":0,""published"":false,""rank"":451,""rankSourceId"":0,""rankType"":""PPR"",""slotId"":0},""ownership"":{""activityLevel"":null,""auctionValueAverage"":0.02,""auctionValueAverageChange"":0.0,""averageDraftPosition"":170.01,""averageDraftPositionPercentChange"":-0.02,""date"":1788215416276,""leagueType"":0,""percentChange"":-0.06,""percentOwned"":0.96,""percentStarted"":0.04}}",-280.99,,,unresolved,0.0,no Draft Command player match,Live ESPN draft-room order was not separately observable from the public API capture.,aee798b25eebdd411bc15b824752995a9b70d57e0664bc0cd9b51549de8b93f2,espn_2026_frozen_20260901T003012Z_3379127ab1c0
2026,2026-09-01T00:30:12Z,2026-08-31T19:30:12-05:00,frozen,espn-fantasy-api-kona-player-info-2026-ppr,https://lm-api-reads.fantasy.espn.com/apis/v3/games/ffl/seasons/2026/segments/0/leaguedefaults/1?view=kona_player_info,1,PPR,4362887,Justin Fields,justin fields,KC,QB,"[0,7,20,21]",453,,169.97,,"{""draftRanksByRankType.PPR"":{""auctionValue"":0,""published"":false,""rank"":453,""rankSourceId"":0,""rankType"":""PPR"",""slotId"":0},""ownership"":{""activityLevel"":null,""auctionValueAverage"":0.01,""auctionValueAverageChange"":0.0,""averageDraftPosition"":169.97,""averageDraftPositionPercentChange"":0.0,""date"":1788222620671,""leagueType"":0,""percentChange"":-0.02,""percentOwned"":0.51,""percentStarted"":0.03}}",-283.03,,,unresolved,0.0,no Draft Command player match,Live ESPN draft-room order was not separately observable from the public API capture.,60a2ce6a60f7c5dbae40a2d61c2bb70b2e888a7d4687f3edaf1ecec8f7fa42af,espn_2026_frozen_20260901T003012Z_3379127ab1c0
2026,2026-09-01T00:30:12Z,2026-08-31T19:30:12-05:00,frozen,espn-fantasy-api-kona-player-info-2026-ppr,https://lm-api-reads.fantasy.espn.com/apis/v3/games/ffl/seasons/2026/segments/0/leaguedefaults/1?view=kona_player_info,1,PPR,11252,Joe Flacco,joe flacco,CIN,QB,"[0,7,20,21]",454,,169.97,,"{""draftRanksByRankType.PPR"":{""auctionValue"":0,""published"":false,""rank"":454,""rankSourceId"":0,""rankType"":""PPR"",""slotId"":0},""ownership"":{""activityLevel"":null,""auctionValueAverage"":0.01,""auctionValueAverageChange"":0.0,""averageDraftPosition"":169.97,""averageDraftPositionPercentChange"":-0.01,""date"":1788211814973,""leagueType"":0,""percentChange"":-0.01,""percentOwned"":0.37,""percentStarted"":0.02}}",-284.03,,,unresolved,0.0,no Draft Command player match,Live ESPN draft-room order was not separately observable from the public API capture.,cad005398fd7a3f2d68a315b4c8ee12c5a2a1cabd5e0473ebff0b2427203a679,espn_2026_frozen_20260901T003012Z_3379127ab1c0
2026,2026-09-01T00:30:12Z,2026-08-31T19:30:12-05:00,frozen,espn-fantasy-api-kona-player-info-2026-ppr,https://lm-api-reads.fantasy.espn.com/apis/v3/games/ffl/seasons/2026/segments/0/leaguedefaults/1?view=kona_player_info,1,PPR,4241464,Mac Jones,mac jones,SF,QB,"[0,7,20,21]",455,,169.98,,"{""draftRanksByRankType.PPR"":{""auctionValue"":0,""published"":false,""rank"":455,""rankSourceId"":0,""rankType"":""PPR"",""slotId"":0},""ownership"":{""activityLevel"":null,""auctionValueAverage"":0.0,""auctionValueAverageChange"":0.0,""averageDraftPosition"":169.98,""averageDraftPositionPercentChange"":-0.01,""date"":1788219018859,""leagueType"":0,""percentChange"":-0.01,""percentOwned"":0.3,""percentStarted"":0.02}}",-285.02,,,unresolved,0.0,no Draft Command player match,Live ESPN draft-room order was not separately observable from the public API capture.,cde0537da1e28ee23a491aed6387fc2093f792b87bb0e41eb13475f142b353a4,espn_2026_frozen_20260901T003012Z_3379127ab1c0
2026,2026-09-01T00:30:12Z,2026-08-31T19:30:12-05:00,frozen,espn-fantasy-api-kona-player-info-2026-ppr,https://lm-api-reads.fantasy.espn.com/apis/v3/games/ffl/seasons/2026/segments/0/leaguedefaults/1?view=kona_player_info,1,PPR,4693370,Riley Nowakowski,riley nowakowski,PIT,RB,"[2,3,23,7,20,21]",456,,169.99,,"{""draftRanksByRankType.PPR"":{""auctionValue"":0,""published"":false,""rank"":456,""rankSourceId"":0,""rankType"":""PPR"",""slotId"":0},""ownership"":{""activityLevel"":null,""auctionValueAverage"":0.0,""auctionValueAverageChange"":0.0,""averageDraftPosition"":169.99,""averageDraftPositionPercentChange"":0.0,""date"":1788211819202,""leagueType"":0,""percentChange"":0.0,""percentOwned"":0.06,""percentStarted"":0.01}}",-286.01,,,unresolved,0.0,no Draft Command player match,Live ESPN draft-room order was not separately observable from the public API capture.,322b7e595ea4b8bc9621d64f5fc2b0d0d86ae914566a2b77aeee4aab9e1f2568,espn_2026_frozen_20260901T003012Z_3379127ab1c0
2026,2026-09-01T00:30:12Z,2026-08-31T19:30:12-05:00,frozen,espn-fantasy-api-kona-player-info-2026-ppr,https://lm-api-reads.fantasy.espn.com/apis/v3/games/ffl/seasons/2026/segments/0/leaguedefaults/1?view=kona_player_info,1,PPR,16002,Kyle Juszczyk,kyle juszczyk,SF,RB,"[2,3,23,7,20,21]",457,,169.95,,"{""draftRanksByRankType.PPR"":{""auctionValue"":0,""published"":false,""rank"":457,""rankSourceId"":0,""rankType"":""PPR"",""slotId"":0},""ownership"":{""activityLevel"":null,""auctionValueAverage"":0.0,""auctionValueAverageChange"":0.0,""averageDraftPosition"":169.95,""averageDraftPositionPercentChange"":0.0,""date"":1788222617938,""leagueType"":0,""percentChange"":-0.01,""percentOwned"":0.41,""percentStarted"":0.08}}",-287.05,,,unresolved,0.0,no Draft Command player match,Live ESPN draft-room order was not separately observable from the public API capture.,6860c57ae6a1529d721cf1fc5b06a78f821b3c96f7e95a1dd5a682834f8ed414,espn_2026_frozen_20260901T003012Z_3379127ab1c0
2026,2026-09-01T00:30:12Z,2026-08-31T19:30:12-05:00,frozen,espn-fantasy-api-kona-player-info-2026-ppr,https://lm-api-reads.fantasy.espn.com/apis/v3/games/ffl/seasons/2026/segments/0/leaguedefaults/1?view=kona_player_info,1,PPR,4383396,Hunter Luepke,hunter luepke,DAL,RB,"[2,3,23,7,20,21]",458,,169.97,,"{""draftRanksByRankType.PPR"":{""auctionValue"":0,""published"":false,""rank"":458,""rankSourceId"":0,""rankType"":""PPR"",""slotId"":0},""ownership"":{""activityLevel"":null,""auctionValueAverage"":0.0,""auctionValueAverageChange"":0.0,""averageDraftPosition"":169.97,""averageDraftPositionPercentChange"":0.01,""date"":1788208214032,""leagueType"":0,""percentChange"":0.0,""percentOwned"":0.13,""percentStarted"":0.02}}",-288.03,,,unresolved,0.0,no Draft Command player match,Live ESPN draft-room order was not separately observable from the public API capture.,433f57f9c85e7a24bc551cdf55d4fc8b0fa60ec9baa3228f57c53c254cdd9f79,espn_2026_frozen_20260901T003012Z_3379127ab1c0
2026,2026-09-01T00:30:12Z,2026-08-31T19:30:12-05:00,frozen,espn-fantasy-api-kona-player-info-2026-ppr,https://lm-api-reads.fantasy.espn.com/apis/v3/games/ffl/seasons/2026/segments/0/leaguedefaults/1?view=kona_player_info,1,PPR,3930086,Dawson Knox,dawson knox,BUF,TE,"[5,6,23,7,20,21]",459,,169.8,,"{""draftRanksByRankType.PPR"":{""auctionValue"":0,""published"":false,""rank"":459,""rankSourceId"":0,""rankType"":""PPR"",""slotId"":0},""ownership"":{""activityLevel"":null,""auctionValueAverage"":0.01,""auctionValueAverageChange"":0.0,""averageDraftPosition"":169.8,""averageDraftPositionPercentChange"":-0.03,""date"":1788222619344,""leagueType"":0,""percentChange"":-0.01,""percentOwned"":0.9,""percentStarted"":0.16}}",-289.2,,,unresolved,0.0,no Draft Command player match,Live ESPN draft-room order was not separately observable from the public API capture.,18ec508127d6899e2fed987e878d49c3bfc7a4f9b85dba2bf6926b729bfe6d9d,espn_2026_frozen_20260901T003012Z_3379127ab1c0
2026,2026-09-01T00:30:12Z,2026-08-31T19:30:12-05:00,frozen,espn-fantasy-api-kona-player-info-2026-ppr,https://lm-api-reads.fantasy.espn.com/apis/v3/games/ffl/seasons/2026/segments/0/leaguedefaults/1?view=kona_player_info,1,PPR,4678006,Elijah Arroyo,elijah arroyo,SEA,TE,"[5,6,23,7,20,21]",460,,169.92,,"{""draftRanksByRankType.PPR"":{""auctionValue"":0,""published"":false,""rank"":460,""rankSourceId"":0,""rankType"":""PPR"",""slotId"":0},""ownership"":{""activityLevel"":null,""auctionValueAverage"":0.01,""auctionValueAverageChange"":0.0,""averageDraftPosition"":169.92,""averageDraftPositionPercentChange"":-0.01,""date"":1788219021236,""leagueType"":0,""percentChange"":-0.02,""percentOwned"":0.52,""percentStarted"":0.07}}",-290.08,,,unresolved,0.0,no Draft Command player match,Live ESPN draft-room order was not separately observable from the public API capture.,d7537a862836d244f0e0d8abe7b3af6c1dc918275b5936b8a7232e37e1955cd7,espn_2026_frozen_20260901T003012Z_3379127ab1c0
2026,2026-09-01T00:30:12Z,2026-08-31T19:30:12-05:00,frozen,espn-fantasy-api-kona-player-info-2026-ppr,https://lm-api-reads.fantasy.espn.com/apis/v3/games/ffl/seasons/2026/segments/0/leaguedefaults/1?view=kona_player_info,1,PPR,4808766,Mason Taylor,mason taylor,NYJ,TE,"[5,6,23,7,20,21]",464,,170.02,,"{""draftRanksByRankType.PPR"":{""auctionValue"":0,""published"":false,""rank"":464,""rankSourceId"":0,""rankType"":""PPR"",""slotId"":0},""ownership"":{""activityLevel"":null,""auctionValueAverage"":0.01,""auctionValueAverageChange"":0.0,""averageDraftPosition"":170.02,""averageDraftPositionPercentChange"":0.0,""date"":1788211819311,""leagueType"":0,""percentChange"":-0.01,""percentOwned"":0.51,""percentStarted"":0.08}}",-293.98,,,unresolved,0.0,no Draft Command player match,Live ESPN draft-room order was not separately observable from the public API capture.,af28f709fc7df4bbe85b275391377be268a484f7a711909ea513e8b429120cc6,espn_2026_frozen_20260901T003012Z_3379127ab1c0
2026,2026-09-01T00:30:12Z,2026-08-31T19:30:12-05:00,frozen,espn-fantasy-api-kona-player-info-2026-ppr,https://lm-api-reads.fantasy.espn.com/apis/v3/games/ffl/seasons/2026/segments/0/leaguedefaults/1?view=kona_player_info,1,PPR,4429148,Theo Johnson,theo johnson,NYG,TE,"[5,6,23,7,20,21]",465,,170.14,,"{""draftRanksByRankType.PPR"":{""auctionValue"":0,""published"":false,""rank"":465,""rankSourceId"":0,""rankType"":""PPR"",""slotId"":0},""ownership"":{""activityLevel"":null,""auctionValueAverage"":0.01,""auctionValueAverageChange"":0.0,""averageDraftPosition"":170.14,""averageDraftPositionPercentChange"":0.01,""date"":1788219020335,""leagueType"":0,""percentChange"":-0.05,""percentOwned"":0.6,""percentStarted"":0.05}}",-294.86,,,unresolved,0.0,no Draft Command player match,Live ESPN draft-room order was not separately observable from the public API capture.,e58d1bc2d9e12f6bfad582418242e890482f6575b83db6d5161469dceb9c8f46,espn_2026_frozen_20260901T003012Z_3379127ab1c0
2026,2026-09-01T00:30:12Z,2026-08-31T19:30:12-05:00,frozen,espn-fantasy-api-kona-player-info-2026-ppr,https://lm-api-reads.fantasy.espn.com/apis/v3/games/ffl/seasons/2026/segments/0/leaguedefaults/1?view=kona_player_info,1,PPR,4258595,Cole Kmet,cole kmet,CHI,TE,"[5,6,23,7,20,21]",466,,169.74,,"{""draftRanksByRankType.PPR"":{""auctionValue"":0,""published"":false,""rank"":466,""rankSourceId"":0,""rankType"":""PPR"",""slotId"":0},""ownership"":{""activityLevel"":null,""auctionValueAverage"":0.03,""auctionValueAverageChange"":0.01,""averageDraftPosition"":169.74,""averageDraftPositionPercentChange"":-0.02,""date"":1788219019176,""leagueType"":0,""percentChange"":0.0,""percentOwned"":0.87,""percentStarted"":0.19}}",-296.26,,,unresolved,0.0,no Draft Command player match,Live ESPN draft-room order was not separately observable from the public API capture.,0ff3fc7432bd1c15d6bcf6870a9bb5e6ae1bbeab4f3509e82d2929c4051fc026,espn_2026_frozen_20260901T003012Z_3379127ab1c0
2026,2026-09-01T00:30:12Z,2026-08-31T19:30:12-05:00,frozen,espn-fantasy-api-kona-player-info-2026-ppr,https://lm-api-reads.fantasy.espn.com/apis/v3/games/ffl/seasons/2026/segments/0/leaguedefaults/1?view=kona_player_info,1,PPR,4431588,Ja'Tavion Sanders,ja tavion sanders,CAR,TE,"[5,6,23,7,20,21]",467,,169.95,,"{""draftRanksByRankType.PPR"":{""auctionValue"":0,""published"":false,""rank"":467,""rankSourceId"":0,""rankType"":""PPR"",""slotId"":0},""ownership"":{""activityLevel"":null,""auctionValueAverage"":0.0,""auctionValueAverageChange"":0.0,""averageDraftPosition"":169.95,""averageDraftPositionPercentChange"":0.0,""date"":1788179422980,""leagueType"":0,""percentChange"":-0.02,""percentOwned"":0.25,""percentStarted"":0.06}}",-297.05,,,unresolved,0.0,no Draft Command player match,Live ESPN draft-room order was not separately observable from the public API capture.,809d49fd8103a1409823a382877eade759b2e4f335772fbfb4e63cebed4e10a4,espn_2026_frozen_20260901T003012Z_3379127ab1c0
2026,2026-09-01T00:30:12Z,2026-08-31T19:30:12-05:00,frozen,espn-fantasy-api-kona-player-info-2026-ppr,https://lm-api-reads.fantasy.espn.com/apis/v3/games/ffl/seasons/2026/segments/0/leaguedefaults/1?view=kona_player_info,1,PPR,4240472,Noah Gray,noah gray,KC,TE,"[5,6,23,7,20,21]",468,,169.93,,"{""draftRanksByRankType.PPR"":{""auctionValue"":0,""published"":false,""rank"":468,""rankSourceId"":0,""rankType"":""PPR"",""slotId"":0},""ownership"":{""activityLevel"":null,""auctionValueAverage"":0.01,""auctionValueAverageChange"":0.0,""averageDraftPosition"":169.93,""averageDraftPositionPercentChange"":-0.01,""date"":1788211816849,""leagueType"":0,""percentChange"":0.0,""percentOwned"":0.32,""percentStarted"":0.06}}",-298.07,,,unresolved,0.0,no Draft Command player match,Live ESPN draft-room order was not separately observable from the public API capture.,b55b03ba57b13f08179366c4d83865f84156b58172de416927af2e091e9848b0,espn_2026_frozen_20260901T003012Z_3379127ab1c0
2026,2026-09-01T00:30:12Z,2026-08-31T19:30:12-05:00,frozen,espn-fantasy-api-kona-player-info-2026-ppr,https://lm-api-reads.fantasy.espn.com/apis/v3/games/ffl/seasons/2026/segments/0/leaguedefaults/1?view=kona_player_info,1,PPR,4431574,Eli Stowers,eli stowers,PHI,TE,"[25,5,6,23,7,20,21]",469,,169.97,,"{""draftRanksByRankType.PPR"":{""auctionValue"":0,""published"":false,""rank"":469,""rankSourceId"":0,""rankType"":""PPR"",""slotId"":0},""ownership"":{""activityLevel"":null,""auctionValueAverage"":0.01,""auctionValueAverageChange"":0.0,""averageDraftPosition"":169.97,""averageDraftPositionPercentChange"":0.0,""date"":1788219020609,""leagueType"":0,""percentChange"":-0.05,""percentOwned"":0.67,""percentStarted"":0.05}}",-299.03,,,unresolved,0.0,no Draft Command player match,Live ESPN draft-room order was not separately observable from the public API capture.,5bb35560fa193b38150d0c9af7f1e03cf81a490dfde1d8086a4d6ec70df36f35,espn_2026_frozen_20260901T003012Z_3379127ab1c0
2026,2026-09-01T00:30:12Z,2026-08-31T19:30:12-05:00,frozen,espn-fantasy-api-kona-player-info-2026-ppr,https://lm-api-reads.fantasy.espn.com/apis/v3/games/ffl/seasons/2026/segments/0/leaguedefaults/1?view=kona_player_info,1,PPR,2573401,Tyler Higbee,tyler higbee,LAR,TE,"[5,6,23,7,20,21]",470,,169.87,,"{""draftRanksByRankType.PPR"":{""auctionValue"":0,""published"":false,""rank"":470,""rankSourceId"":0,""rankType"":""PPR"",""slotId"":0},""ownership"":{""activityLevel"":null,""auctionValueAverage"":0.01,""auctionValueAverageChange"":0.0,""averageDraftPosition"":169.87,""averageDraftPositionPercentChange"":0.0,""date"":1788222618092,""leagueType"":0,""percentChange"":-0.01,""percentOwned"":0.42,""percentStarted"":0.08}}",-300.13,,,unresolved,0.0,no Draft Command player match,Live ESPN draft-room order was not separately observable from the public API capture.,29bad4a67f3c917f7ca8025f0d48d44e45691dd2ba70838c4a78f3442465bfd5,espn_2026_frozen_20260901T003012Z_3379127ab1c0
2026,2026-09-01T00:30:12Z,2026-08-31T19:30:12-05:00,frozen,espn-fantasy-api-kona-player-info-2026-ppr,https://lm-api-reads.fantasy.espn.com/apis/v3/games/ffl/seasons/2026/segments/0/leaguedefaults/1?view=kona_player_info,1,PPR,4833029,Max Klare,max klare,LAR,TE,"[25,5,6,23,7,20,21]",471,,169.99,,"{""draftRanksByRankType.PPR"":{""auctionValue"":0,""published"":false,""rank"":471,""rankSourceId"":0,""rankType"":""PPR"",""slotId"":0},""ownership"":{""activityLevel"":null,""auctionValueAverage"":0.0,""auctionValueAverageChange"":0.0,""averageDraftPosition"":169.99,""averageDraftPositionPercentChange"":-0.01,""date"":1788211819338,""leagueType"":0,""percentChange"":-0.01,""percentOwned"":0.17,""percentStarted"":0.02}}",-301.01,,,unresolved,0.0,no Draft Command player match,Live ESPN draft-room order was not separately observable from the public API capture.,46f89572ec17f1d0dfe81d4a63894abbb22f1ae263eb47c33a8999c0d60ca865,espn_2026_frozen_20260901T003012Z_3379127ab1c0
2026,2026-09-01T00:30:12Z,2026-08-31T19:30:12-05:00,frozen,espn-fantasy-api-kona-player-info-2026-ppr,https://lm-api-reads.fantasy.espn.com/apis/v3/games/ffl/seasons/2026/segments/0/leaguedefaults/1?view=kona_player_info,1,PPR,4831959,Eli Raridon,eli raridon,NE,TE,"[25,5,6,23,7,20,21]",472,,169.97,,"{""draftRanksByRankType.PPR"":{""auctionValue"":0,""published"":false,""rank"":472,""rankSourceId"":0,""rankType"":""PPR"",""slotId"":0},""ownership"":{""activityLevel"":null,""auctionValueAverage"":0.0,""auctionValueAverageChange"":0.0,""averageDraftPosition"":169.97,""averageDraftPositionPercentChange"":-0.01,""date"":1788219022042,""leagueType"":0,""percentChange"":-0.01,""percentOwned"":0.26,""percentStarted"":0.02}}",-302.03,,,unresolved,0.0,no Draft Command player match,Live ESPN draft-room order was not separately observable from the public API capture.,e3c69e3793d31899972d7cf9c119be84db899dc0e3d9e10b8951397058e9e37e,espn_2026_frozen_20260901T003012Z_3379127ab1c0
2026,2026-09-01T00:30:12Z,2026-08-31T19:30:12-05:00,frozen,espn-fantasy-api-kona-player-info-2026-ppr,https://lm-api-reads.fantasy.espn.com/apis/v3/games/ffl/seasons/2026/segments/0/leaguedefaults/1?view=kona_player_info,1,PPR,4372780,Tommy Tremble,tommy tremble,CAR,TE,"[5,6,23,7,20,21]",473,,169.95,,"{""draftRanksByRankType.PPR"":{""auctionValue"":0,""published"":false,""rank"":473,""rankSourceId"":0,""rankType"":""PPR"",""slotId"":0},""ownership"":{""activityLevel"":null,""auctionValueAverage"":0.0,""auctionValueAverageChange"":0.0,""averageDraftPosition"":169.95,""averageDraftPositionPercentChange"":0.0,""date"":1788222620773,""leagueType"":0,""percentChange"":-0.01,""percentOwned"":0.17,""percentStarted"":0.04}}",-303.05,,,unresolved,0.0,no Draft Command player match,Live ESPN draft-room order was not separately observable from the public API capture.,b6f4a0d2c5497bde9b4487c8c4ac2996e33ab4f97e793b9d015dc039b43c777a,espn_2026_frozen_20260901T003012Z_3379127ab1c0
2026,2026-09-01T00:30:12Z,2026-08-31T19:30:12-05:00,frozen,espn-fantasy-api-kona-player-info-2026-ppr,https://lm-api-reads.fantasy.espn.com/apis/v3/games/ffl/seasons/2026/segments/0/leaguedefaults/1?view=kona_player_info,1,PPR,4685522,Ty Simpson,ty simpson,LAR,QB,"[25,0,7,20,21]",476,,169.96,,"{""draftRanksByRankType.PPR"":{""auctionValue"":0,""published"":false,""rank"":476,""rankSourceId"":0,""rankType"":""PPR"",""slotId"":0},""ownership"":{""activityLevel"":null,""auctionValueAverage"":0.01,""auctionValueAverageChange"":0.0,""averageDraftPosition"":169.96,""averageDraftPositionPercentChange"":-0.01,""date"":1788201015742,""leagueType"":0,""percentChange"":-0.02,""percentOwned"":0.46,""percentStarted"":0.02}}",-306.04,,,unresolved,0.0,no Draft Command player match,Live ESPN draft-room order was not separately observable from the public API capture.,158fa14e8c2a2b8a2c1015157cfe5af27938cc3cc572fc1e8e96c4ad7aa04121,espn_2026_frozen_20260901T003012Z_3379127ab1c0
2026,2026-09-01T00:30:12Z,2026-08-31T19:30:12-05:00,frozen,espn-fantasy-api-kona-player-info-2026-ppr,https://lm-api-reads.fantasy.espn.com/apis/v3/games/ffl/seasons/2026/segments/0/leaguedefaults/1?view=kona_player_info,1,PPR,2969939,Jameis Winston,jameis winston,NYG,QB,"[0,7,20,21]",477,,169.95,,"{""draftRanksByRankType.PPR"":{""auctionValue"":0,""published"":false,""rank"":477,""rankSourceId"":0,""rankType"":""PPR"",""slotId"":0},""ownership"":{""activityLevel"":null,""auctionValueAverage"":0.01,""auctionValueAverageChange"":0.0,""averageDraftPosition"":169.95,""averageDraftPositionPercentChange"":0.0,""date"":1788219017894,""leagueType"":0,""percentChange"":-0.01,""percentOwned"":0.32,""percentStarted"":0.02}}",-307.05,,,unresolved,0.0,no Draft Command player match,Live ESPN draft-room order was not separately observable from the public API capture.,d20efe2088221e80940cd661260026a3f36dd6801fbec09454231cc5e855729b,espn_2026_frozen_20260901T003012Z_3379127ab1c0
2026,2026-09-01T00:30:12Z,2026-08-31T19:30:12-05:00,frozen,espn-fantasy-api-kona-player-info-2026-ppr,https://lm-api-reads.fantasy.espn.com/apis/v3/games/ffl/seasons/2026/segments/0/leaguedefaults/1?view=kona_player_info,1,PPR,4429084,Anthony Richardson Sr.,anthony richardson,IND,QB,"[0,7,20,21]",478,,169.98,,"{""draftRanksByRankType.PPR"":{""auctionValue"":0,""published"":false,""rank"":478,""rankSourceId"":0,""rankType"":""PPR"",""slotId"":0},""ownership"":{""activityLevel"":null,""auctionValueAverage"":0.0,""auctionValueAverageChange"":0.0,""averageDraftPosition"":169.98,""averageDraftPositionPercentChange"":0.0,""date"":1788219020296,""leagueType"":0,""percentChange"":-0.01,""percentOwned"":0.19,""percentStarted"":0.02}}",-308.02,,,unresolved,0.0,no Draft Command player match,Live ESPN draft-room order was not separately observable from the public API capture.,be715f7ec266ddf5a2b65bda0a02a409d912b3377b1438e596d3bf93fb4b1630,espn_2026_frozen_20260901T003012Z_3379127ab1c0
2026,2026-09-01T00:30:12Z,2026-08-31T19:30:12-05:00,frozen,espn-fantasy-api-kona-player-info-2026-ppr,https://lm-api-reads.fantasy.espn.com/apis/v3/games/ffl/seasons/2026/segments/0/leaguedefaults/1?view=kona_player_info,1,PPR,4596472,Jalon Daniels,jalon daniels,TB,QB,"[25,0,7,20,21]",479,,169.96,,"{""draftRanksByRankType.PPR"":{""auctionValue"":0,""published"":false,""rank"":479,""rankSourceId"":0,""rankType"":""PPR"",""slotId"":0},""ownership"":{""activityLevel"":null,""auctionValueAverage"":0.01,""auctionValueAverageChange"":0.01,""averageDraftPosition"":169.96,""averageDraftPositionPercentChange"":0.04,""date"":1788179423411,""leagueType"":0,""percentChange"":0.03,""percentOwned"":0.03,""percentStarted"":0.01}}",-309.04,,,unresolved,0.0,no Draft Command player match,Live ESPN draft-room order was not separately observable from the public API capture.,c09f4e08999924ad1eac0279e4fbfdabb2ff5588fc4eee4d103ea71c897d4f3f,espn_2026_frozen_20260901T003012Z_3379127ab1c0
2026,2026-09-01T00:30:12Z,2026-08-31T19:30:12-05:00,frozen,espn-fantasy-api-kona-player-info-2026-ppr,https://lm-api-reads.fantasy.espn.com/apis/v3/games/ffl/seasons/2026/segments/0/leaguedefaults/1?view=kona_player_info,1,PPR,3892775,Jarrett Stidham,jarrett stidham,DEN,QB,"[0,7,20,21]",480,,169.99,,"{""draftRanksByRankType.PPR"":{""auctionValue"":0,""published"":false,""rank"":480,""rankSourceId"":0,""rankType"":""PPR"",""slotId"":0},""ownership"":{""activityLevel"":null,""auctionValueAverage"":0.0,""auctionValueAverageChange"":0.0,""averageDraftPosition"":169.99,""averageDraftPositionPercentChange"":-0.01,""date"":1788179419448,""leagueType"":0,""percentChange"":-0.01,""percentOwned"":0.1,""percentStarted"":0.01}}",-310.01,,,unresolved,0.0,no Draft Command player match,Live ESPN draft-room order was not separately observable from the public API capture.,0963d03cacc1a2292a7ea404fc22b63b6a9a9b49d4bcb63305a4d26bfb4c59ce,espn_2026_frozen_20260901T003012Z_3379127ab1c0
2026,2026-09-01T00:30:12Z,2026-08-31T19:30:12-05:00,frozen,espn-fantasy-api-kona-player-info-2026-ppr,https://lm-api-reads.fantasy.espn.com/apis/v3/games/ffl/seasons/2026/segments/0/leaguedefaults/1?view=kona_player_info,1,PPR,4240391,Tommy DeVito,tommy devito,NE,QB,"[0,7,20,21]",482,,169.94,,"{""draftRanksByRankType.PPR"":{""auctionValue"":0,""published"":false,""rank"":482,""rankSourceId"":0,""rankType"":""PPR"",""slotId"":0},""ownership"":{""activityLevel"":null,""auctionValueAverage"":0.0,""auctionValueAverageChange"":0.0,""averageDraftPosition"":169.94,""averageDraftPositionPercentChange"":0.0,""date"":1788204616461,""leagueType"":0,""percentChange"":-0.01,""percentOwned"":0.17,""percentStarted"":0.01}}",-312.06,,,unresolved,0.0,no Draft Command player match,Live ESPN draft-room order was not separately observable from the public API capture.,8e593f1fae6eb665ebf76b101af98305a78a1c2166214c5464078fbb70128a65,espn_2026_frozen_20260901T003012Z_3379127ab1c0
2026,2026-09-01T00:30:12Z,2026-08-31T19:30:12-05:00,frozen,espn-fantasy-api-kona-player-info-2026-ppr,https://lm-api-reads.fantasy.espn.com/apis/v3/games/ffl/seasons/2026/segments/0/leaguedefaults/1?view=kona_player_info,1,PPR,2576980,Marcus Mariota,marcus mariota,WAS,QB,"[0,7,20,21]",483,,169.99,,"{""draftRanksByRankType.PPR"":{""auctionValue"":0,""published"":false,""rank"":483,""rankSourceId"":0,""rankType"":""PPR"",""slotId"":0},""ownership"":{""activityLevel"":null,""auctionValueAverage"":0.0,""auctionValueAverageChange"":0.0,""averageDraftPosition"":169.99,""averageDraftPositionPercentChange"":0.0,""date"":1788121818096,""leagueType"":0,""percentChange"":-0.01,""percentOwned"":0.11,""percentStarted"":0.01}}",-313.01,,,unresolved,0.0,no Draft Command player match,Live ESPN draft-room order was not separately observable from the public API capture.,a5be5fa62764032dfb78634b34a0910665d5cf07a454f16aa44786fcecbaa186,espn_2026_frozen_20260901T003012Z_3379127ab1c0
2026,2026-09-01T00:30:12Z,2026-08-31T19:30:12-05:00,frozen,espn-fantasy-api-kona-player-info-2026-ppr,https://lm-api-reads.fantasy.espn.com/apis/v3/games/ffl/seasons/2026/segments/0/leaguedefaults/1?view=kona_player_info,1,PPR,4434153,Tyson Bagent,tyson bagent,CHI,QB,"[0,7,20,21]",484,,169.98,,"{""draftRanksByRankType.PPR"":{""auctionValue"":0,""published"":false,""rank"":484,""rankSourceId"":0,""rankType"":""PPR"",""slotId"":0},""ownership"":{""activityLevel"":null,""auctionValueAverage"":0.0,""auctionValueAverageChange"":0.0,""averageDraftPosition"":169.98,""averageDraftPositionPercentChange"":0.0,""date"":1788179423076,""leagueType"":0,""percentChange"":0.0,""percentOwned"":0.13,""percentStarted"":0.01}}",-314.02,,,unresolved,0.0,no Draft Command player match,Live ESPN draft-room order was not separately observable from the public API capture.,2fef3da41c7682ca97ad42b843ac063ee17106d6857280ddd0bfed2420bdb343,espn_2026_frozen_20260901T003012Z_3379127ab1c0
2026,2026-09-01T00:30:12Z,2026-08-31T19:30:12-05:00,frozen,espn-fantasy-api-kona-player-info-2026-ppr,https://lm-api-reads.fantasy.espn.com/apis/v3/games/ffl/seasons/2026/segments/0/leaguedefaults/1?view=kona_player_info,1,PPR,4426875,Sam Howell,sam howell,DAL,QB,"[0,7,20,21]",485,,169.98,,"{""draftRanksByRankType.PPR"":{""auctionValue"":0,""published"":false,""rank"":485,""rankSourceId"":0,""rankType"":""PPR"",""slotId"":0},""ownership"":{""activityLevel"":null,""auctionValueAverage"":0.0,""auctionValueAverageChange"":0.0,""averageDraftPosition"":169.98,""averageDraftPositionPercentChange"":0.01,""date"":1788219020062,""leagueType"":0,""percentChange"":0.01,""percentOwned"":0.09,""percentStarted"":0.01}}",-315.02,,,unresolved,0.0,no Draft Command player match,Live ESPN draft-room order was not separately observable from the public API capture.,a83fa828c178ed560fd1842e490cf8e40da8649dcccbdad690e5d0e4155fd46d,espn_2026_frozen_20260901T003012Z_3379127ab1c0
2026,2026-09-01T00:30:12Z,2026-08-31T19:30:12-05:00,frozen,espn-fantasy-api-kona-player-info-2026-ppr,https://lm-api-reads.fantasy.espn.com/apis/v3/games/ffl/seasons/2026/segments/0/leaguedefaults/1?view=kona_player_info,1,PPR,4685201,Tanner McKee,tanner mckee,PHI,QB,"[0,7,20,21]",486,,169.97,,"{""draftRanksByRankType.PPR"":{""auctionValue"":0,""published"":false,""rank"":486,""rankSourceId"":0,""rankType"":""PPR"",""slotId"":0},""ownership"":{""activityLevel"":null,""auctionValueAverage"":0.0,""auctionValueAverageChange"":0.0,""averageDraftPosition"":169.97,""averageDraftPositionPercentChange"":0.0,""date"":1788215417079,""leagueType"":0,""percentChange"":0.0,""percentOwned"":0.08,""percentStarted"":0.01}}",-316.03,,,unresolved,0.0,no Draft Command player match,Live ESPN draft-room order was not separately observable from the public API capture.,e14501df0f4a66fc5be0f5f41039f9492d731f708c7fb4fc04dabf8ed88dceb5,espn_2026_frozen_20260901T003012Z_3379127ab1c0
2026,2026-09-01T00:30:12Z,2026-08-31T19:30:12-05:00,frozen,espn-fantasy-api-kona-player-info-2026-ppr,https://lm-api-reads.fantasy.espn.com/apis/v3/games/ffl/seasons/2026/segments/0/leaguedefaults/1?view=kona_player_info,1,PPR,4912218,Cyrus Allen,cyrus allen,KC,WR,"[25,3,4,5,23,7,20,21]",978,,169.76,,"{""draftRanksByRankType.PPR"":{""auctionValue"":0,""published"":false,""rank"":978,""rankSourceId"":0,""rankType"":""PPR"",""slotId"":0},""ownership"":{""activityLevel"":null,""auctionValueAverage"":0.13,""auctionValueAverageChange"":0.0,""averageDraftPosition"":169.76,""averageDraftPositionPercentChange"":-0.06,""date"":1788219022312,""leagueType"":0,""percentChange"":0.05,""percentOwned"":5.24,""percentStarted"":0.08}}",-808.24,,,unresolved,0.0,no Draft Command player match,Live ESPN draft-room order was not separately observable from the public API capture.,634dc0868233504dbca4eac5f3bbeeaca4b241c0248a81c53d950d6179e4ecf1,espn_2026_frozen_20260901T003012Z_3379127ab1c0
2026,2026-09-01T00:30:12Z,2026-08-31T19:30:12-05:00,frozen,espn-fantasy-api-kona-player-info-2026-ppr,https://lm-api-reads.fantasy.espn.com/apis/v3/games/ffl/seasons/2026/segments/0/leaguedefaults/1?view=kona_player_info,1,PPR,4613202,Kyle Williams,kyle williams,NE,WR,"[3,4,5,23,7,20,21]",979,,169.97,,"{""draftRanksByRankType.PPR"":{""auctionValue"":0,""published"":false,""rank"":979,""rankSourceId"":0,""rankType"":""PPR"",""slotId"":0},""ownership"":{""activityLevel"":null,""auctionValueAverage"":0.0,""auctionValueAverageChange"":0.0,""averageDraftPosition"":169.97,""averageDraftPositionPercentChange"":-0.01,""date"":1788208215040,""leagueType"":0,""percentChange"":0.0,""percentOwned"":0.39,""percentStarted"":0.03}}",-809.03,,,unresolved,0.0,no Draft Command player match,Live ESPN draft-room order was not separately observable from the public API capture.,623f793f1e4361c897bdf76a75dff6952e266ab5d703c709c8bf8c23f15a567c,espn_2026_frozen_20260901T003012Z_3379127ab1c0
2026,2026-09-01T00:30:12Z,2026-08-31T19:30:12-05:00,frozen,espn-fantasy-api-kona-player-info-2026-ppr,https://lm-api-reads.fantasy.espn.com/apis/v3/games/ffl/seasons/2026/segments/0/leaguedefaults/1?view=kona_player_info,1,PPR,4431280,Troy Franklin,troy franklin,DEN,WR,"[3,4,5,23,7,20,21]",980,,170.05,,"{""draftRanksByRankType.PPR"":{""auctionValue"":0,""published"":false,""rank"":980,""rankSourceId"":0,""rankType"":""PPR"",""slotId"":0},""ownership"":{""activityLevel"":null,""auctionValueAverage"":0.01,""auctionValueAverageChange"":0.0,""averageDraftPosition"":170.05,""averageDraftPositionPercentChange"":0.0,""date"":1788219020565,""leagueType"":0,""percentChange"":-0.02,""percentOwned"":1.42,""percentStarted"":0.05}}",-809.95,,,unresolved,0.0,no Draft Command player match,Live ESPN draft-room order was not separately observable from the public API capture.,4897b9ca3368d9ab4fa9b2fe778112335a87df7605e59587d0b058e8dffb2645,espn_2026_frozen_20260901T003012Z_3379127ab1c0
2026,2026-09-01T00:30:12Z,2026-08-31T19:30:12-05:00,frozen,espn-fantasy-api-kona-player-info-2026-ppr,https://lm-api-reads.fantasy.espn.com/apis/v3/games/ffl/seasons/2026/segments/0/leaguedefaults/1?view=kona_player_info,1,PPR,4242433,Joshua Palmer,joshua palmer,BUF,WR,"[3,4,5,23,7,20,21]",981,,169.95,,"{""draftRanksByRankType.PPR"":{""auctionValue"":0,""published"":false,""rank"":981,""rankSourceId"":0,""rankType"":""PPR"",""slotId"":0},""ownership"":{""activityLevel"":null,""auctionValueAverage"":0.0,""auctionValueAverageChange"":0.0,""averageDraftPosition"":169.95,""averageDraftPositionPercentChange"":0.0,""date"":1788179420932,""leagueType"":0,""percentChange"":-0.01,""percentOwned"":0.21,""percentStarted"":0.03}}",-811.05,,,unresolved,0.0,no Draft Command player match,Live ESPN draft-room order was not separately observable from the public API capture.,9f378f8e1eaa879e894f5f83f9489a30fd957887a81ce27b4d2baeaf69a87863,espn_2026_frozen_20260901T003012Z_3379127ab1c0
2026,2026-09-01T00:30:12Z,2026-08-31T19:30:12-05:00,frozen,espn-fantasy-api-kona-player-info-2026-ppr,https://lm-api-reads.fantasy.espn.com/apis/v3/games/ffl/seasons/2026/segments/0/leaguedefaults/1?view=kona_player_info,1,PPR,3045523,Kendrick Bourne,kendrick bourne,ARI,WR,"[3,4,5,23,7,20,21]",982,,170,,"{""draftRanksByRankType.PPR"":{""auctionValue"":0,""published"":false,""rank"":982,""rankSourceId"":0,""rankType"":""PPR"",""slotId"":0},""ownership"":{""activityLevel"":null,""auctionValueAverage"":0.0,""auctionValueAverageChange"":0.0,""averageDraftPosition"":170.0,""averageDraftPositionPercentChange"":0.0,""date"":1788222618517,""leagueType"":0,""percentChange"":0.0,""percentOwned"":0.15,""percentStarted"":0.03}}",-812.0,,,unresolved,0.0,no Draft Command player match,Live ESPN draft-room order was not separately observable from the public API capture.,9b8a2448f0a2f10bce78d1cb654aa7ee6816ae43fbb09bb94ba30e8ab6a2fc43,espn_2026_frozen_20260901T003012Z_3379127ab1c0
2026,2026-09-01T00:30:12Z,2026-08-31T19:30:12-05:00,frozen,espn-fantasy-api-kona-player-info-2026-ppr,https://lm-api-reads.fantasy.espn.com/apis/v3/games/ffl/seasons/2026/segments/0/leaguedefaults/1?view=kona_player_info,1,PPR,5150247,Malik Benson,malik benson,LV,WR,"[25,3,4,5,23,7,20,21]",983,,169.99,,"{""draftRanksByRankType.PPR"":{""auctionValue"":0,""published"":false,""rank"":983,""rankSourceId"":0,""rankType"":""PPR"",""slotId"":0},""ownership"":{""activityLevel"":null,""auctionValueAverage"":0.0,""auctionValueAverageChange"":0.0,""averageDraftPosition"":169.99,""averageDraftPositionPercentChange"":0.0,""date"":1788219022487,""leagueType"":0,""percentChange"":0.0,""percentOwned"":0.14,""percentStarted"":0.01}}",-813.01,,,unresolved,0.0,no Draft Command player match,Live ESPN draft-room order was not separately observable from the public API capture.,98f932285e3c76aa39c2fdcd3a08e5b2c887c939df25ce4ea63ee83b25f23bb5,espn_2026_frozen_20260901T003012Z_3379127ab1c0
2026,2026-09-01T00:30:12Z,2026-08-31T19:30:12-05:00,frozen,espn-fantasy-api-kona-player-info-2026-ppr,https://lm-api-reads.fantasy.espn.com/apis/v3/games/ffl/seasons/2026/segments/0/leaguedefaults/1?view=kona_player_info,1,PPR,2973405,Kalif Raymond,kalif raymond,CHI,WR,"[3,4,5,23,7,20,21]",984,,169.97,,"{""draftRanksByRankType.PPR"":{""auctionValue"":0,""published"":false,""rank"":984,""rankSourceId"":0,""rankType"":""PPR"",""slotId"":0},""ownership"":{""activityLevel"":null,""auctionValueAverage"":0.0,""auctionValueAverageChange"":0.0,""averageDraftPosition"":169.97,""averageDraftPositionPercentChange"":0.0,""date"":1788222618281,""leagueType"":0,""percentChange"":0.0,""percentOwned"":0.18,""percentStarted"":0.03}}",-814.03,,,unresolved,0.0,no Draft Command player match,Live ESPN draft-room order was not separately observable from the public API capture.,1090e449b87481b547dbe11fff1bbed6048f7e318d5013baf517beceb6c68a25,espn_2026_frozen_20260901T003012Z_3379127ab1c0
2026,2026-09-01T00:30:12Z,2026-08-31T19:30:12-05:00,frozen,espn-fantasy-api-kona-player-info-2026-ppr,https://lm-api-reads.fantasy.espn.com/apis/v3/games/ffl/seasons/2026/segments/0/leaguedefaults/1?view=kona_player_info,1,PPR,4361577,Dyami Brown,dyami brown,WAS,WR,"[3,4,5,23,7,20,21]",990,,169.98,,"{""draftRanksByRankType.PPR"":{""auctionValue"":0,""published"":false,""rank"":990,""rankSourceId"":0,""rankType"":""PPR"",""slotId"":0},""ownership"":{""activityLevel"":null,""auctionValueAverage"":0.0,""auctionValueAverageChange"":0.0,""averageDraftPosition"":169.98,""averageDraftPositionPercentChange"":0.0,""date"":1788222620573,""leagueType"":0,""percentChange"":-0.01,""percentOwned"":0.13,""percentStarted"":0.02}}",-820.02,,,unresolved,0.0,no Draft Command player match,Live ESPN draft-room order was not separately observable from the public API capture.,f1e931d1141445d5d9fe37c3de33375b646fe475bfe5a788d5064fcb1d9d8641,espn_2026_frozen_20260901T003012Z_3379127ab1c0
2026,2026-09-01T00:30:12Z,2026-08-31T19:30:12-05:00,frozen,espn-fantasy-api-kona-player-info-2026-ppr,https://lm-api-reads.fantasy.espn.com/apis/v3/games/ffl/seasons/2026/segments/0/leaguedefaults/1?view=kona_player_info,1,PPR,4567156,Treylon Burks,treylon burks,WAS,WR,"[3,4,5,23,7,20,21]",996,,169.99,,"{""draftRanksByRankType.PPR"":{""auctionValue"":0,""published"":false,""rank"":996,""rankSourceId"":0,""rankType"":""PPR"",""slotId"":0},""ownership"":{""activityLevel"":null,""auctionValueAverage"":0.0,""auctionValueAverageChange"":0.0,""averageDraftPosition"":169.99,""averageDraftPositionPercentChange"":0.0,""date"":1788139823431,""leagueType"":0,""percentChange"":-0.01,""percentOwned"":0.11,""percentStarted"":0.01}}",-826.01,,,unresolved,0.0,no Draft Command player match,Live ESPN draft-room order was not separately observable from the public API capture.,5bc0425cc23fde853f1a2ffd215868f040e55704c371c6d540fa83b79bbaf594,espn_2026_frozen_20260901T003012Z_3379127ab1c0
2026,2026-09-01T00:30:12Z,2026-08-31T19:30:12-05:00,frozen,espn-fantasy-api-kona-player-info-2026-ppr,https://lm-api-reads.fantasy.espn.com/apis/v3/games/ffl/seasons/2026/segments/0/leaguedefaults/1?view=kona_player_info,1,PPR,4696882,Devontez Walker,devontez walker,BAL,WR,"[3,4,5,23,7,20,21]",1000,,169.97,,"{""draftRanksByRankType.PPR"":{""auctionValue"":0,""published"":false,""rank"":1000,""rankSourceId"":0,""rankType"":""PPR"",""slotId"":0},""ownership"":{""activityLevel"":null,""auctionValueAverage"":0.0,""auctionValueAverageChange"":0.0,""averageDraftPosition"":169.97,""averageDraftPositionPercentChange"":0.0,""date"":1788211819231,""leagueType"":0,""percentChange"":0.0,""percentOwned"":0.12,""percentStarted"":0.02}}",-830.03,,,unresolved,0.0,no Draft Command player match,Live ESPN draft-room order was not separately observable from the public API capture.,9c80ef4054425e0d1f967a259eb8d5f882b2b158a348af34d61ef2f109d90fd6,espn_2026_frozen_20260901T003012Z_3379127ab1c0
2026,2026-09-01T00:30:12Z,2026-08-31T19:30:12-05:00,frozen,espn-fantasy-api-kona-player-info-2026-ppr,https://lm-api-reads.fantasy.espn.com/apis/v3/games/ffl/seasons/2026/segments/0/leaguedefaults/1?view=kona_player_info,1,PPR,3043275,Austin Hooper,austin hooper,ATL,TE,"[5,6,23,7,20,21]",1003,,169.99,,"{""draftRanksByRankType.PPR"":{""auctionValue"":0,""published"":false,""rank"":1003,""rankSourceId"":0,""rankType"":""PPR"",""slotId"":0},""ownership"":{""activityLevel"":null,""auctionValueAverage"":0.0,""auctionValueAverageChange"":0.0,""averageDraftPosition"":169.99,""averageDraftPositionPercentChange"":0.0,""date"":1788143422854,""leagueType"":0,""percentChange"":-0.01,""percentOwned"":0.11,""percentStarted"":0.02}}",-833.01,,,unresolved,0.0,no Draft Command player match,Live ESPN draft-room order was not separately observable from the public API capture.,d786e66666242b59bbf705ef3b0fbf5a8d45ac7d82931282451f75105f5ecc4c,espn_2026_frozen_20260901T003012Z_3379127ab1c0
2026,2026-09-01T00:30:12Z,2026-08-31T19:30:12-05:00,frozen,espn-fantasy-api-kona-player-info-2026-ppr,https://lm-api-reads.fantasy.espn.com/apis/v3/games/ffl/seasons/2026/segments/0/leaguedefaults/1?view=kona_player_info,1,PPR,4426844,Elijah Higgins,elijah higgins,ARI,TE,"[5,6,23,7,20,21]",1008,,169.94,,"{""draftRanksByRankType.PPR"":{""auctionValue"":0,""published"":false,""rank"":1008,""rankSourceId"":0,""rankType"":""PPR"",""slotId"":0},""ownership"":{""activityLevel"":null,""auctionValueAverage"":0.0,""auctionValueAverageChange"":0.0,""averageDraftPosition"":169.94,""averageDraftPositionPercentChange"":0.0,""date"":1788186617205,""leagueType"":0,""percentChange"":0.0,""percentOwned"":0.13,""percentStarted"":0.03}}",-838.06,,,unresolved,0.0,no Draft Command player match,Live ESPN draft-room order was not separately observable from the public API capture.,6c68f3fbf9a6ff45b5fa5b2c1d6d1dfb954bc59ef0fc9a54e83f8d3b5cc3bda6,espn_2026_frozen_20260901T003012Z_3379127ab1c0
2026,2026-09-01T00:30:12Z,2026-08-31T19:30:12-05:00,frozen,espn-fantasy-api-kona-player-info-2026-ppr,https://lm-api-reads.fantasy.espn.com/apis/v3/games/ffl/seasons/2026/segments/0/leaguedefaults/1?view=kona_player_info,1,PPR,4431487,Savion Williams,savion williams,GB,WR,"[3,4,5,23,7,20,21]",1012,,170.05,,"{""draftRanksByRankType.PPR"":{""auctionValue"":0,""published"":false,""rank"":1012,""rankSourceId"":0,""rankType"":""PPR"",""slotId"":0},""ownership"":{""activityLevel"":null,""auctionValueAverage"":0.0,""auctionValueAverageChange"":0.0,""averageDraftPosition"":170.05,""averageDraftPositionPercentChange"":0.04,""date"":1788215416404,""leagueType"":0,""percentChange"":-0.05,""percentOwned"":0.39,""percentStarted"":0.03}}",-841.95,,,unresolved,0.0,no Draft Command player match,Live ESPN draft-room order was not separately observable from the public API capture.,886a607b3f14d46da2d3ba429e71d7f158c82f6bcea50833f48a572ffee73b74,espn_2026_frozen_20260901T003012Z_3379127ab1c0
2026,2026-09-01T00:30:12Z,2026-08-31T19:30:12-05:00,frozen,espn-fantasy-api-kona-player-info-2026-ppr,https://lm-api-reads.fantasy.espn.com/apis/v3/games/ffl/seasons/2026/segments/0/leaguedefaults/1?view=kona_player_info,1,PPR,4880236,Will Kacmarek,will kacmarek,MIA,TE,"[25,5,6,23,7,20,21]",1016,,169.98,,"{""draftRanksByRankType.PPR"":{""auctionValue"":0,""published"":false,""rank"":1016,""rankSourceId"":0,""rankType"":""PPR"",""slotId"":0},""ownership"":{""activityLevel"":null,""auctionValueAverage"":0.0,""auctionValueAverageChange"":0.0,""averageDraftPosition"":169.98,""averageDraftPositionPercentChange"":-0.01,""date"":1788139824962,""leagueType"":0,""percentChange"":-0.01,""percentOwned"":0.08,""percentStarted"":0.02}}",-846.02,,,unresolved,0.0,no Draft Command player match,Live ESPN draft-room order was not separately observable from the public API capture.,c9938f4a79d4c531c546fee7c8a1a8d0f97ea87bd2c639839d017b4d97bd476d,espn_2026_frozen_20260901T003012Z_3379127ab1c0
2026,2026-09-01T00:30:12Z,2026-08-31T19:30:12-05:00,frozen,espn-fantasy-api-kona-player-info-2026-ppr,https://lm-api-reads.fantasy.espn.com/apis/v3/games/ffl/seasons/2026/segments/0/leaguedefaults/1?view=kona_player_info,1,PPR,4431268,Chimere Dike,chimere dike,TEN,WR,"[3,4,5,23,7,20,21]",1017,,169.85,,"{""draftRanksByRankType.PPR"":{""auctionValue"":0,""published"":false,""rank"":1017,""rankSourceId"":0,""rankType"":""PPR"",""slotId"":0},""ownership"":{""activityLevel"":null,""auctionValueAverage"":0.06,""auctionValueAverageChange"":0.0,""averageDraftPosition"":169.85,""averageDraftPositionPercentChange"":0.01,""date"":1788219020561,""leagueType"":0,""percentChange"":0.01,""percentOwned"":1.23,""percentStarted"":0.22}}",-847.15,,,unresolved,0.0,no Draft Command player match,Live ESPN draft-room order was not separately observable from the public API capture.,77165a89ef898f6f10adfeccfb39f622b5f6881c0dd8fcbe9a33c47a8e1cb6b7,espn_2026_frozen_20260901T003012Z_3379127ab1c0
2026,2026-09-01T00:30:12Z,2026-08-31T19:30:12-05:00,frozen,espn-fantasy-api-kona-player-info-2026-ppr,https://lm-api-reads.fantasy.espn.com/apis/v3/games/ffl/seasons/2026/segments/0/leaguedefaults/1?view=kona_player_info,1,PPR,4879276,Bryce Lance,bryce lance,NO,WR,"[25,3,4,5,23,7,20,21]",1019,,169.99,,"{""draftRanksByRankType.PPR"":{""auctionValue"":0,""published"":false,""rank"":1019,""rankSourceId"":0,""rankType"":""PPR"",""slotId"":0},""ownership"":{""activityLevel"":null,""auctionValueAverage"":0.0,""auctionValueAverageChange"":0.0,""averageDraftPosition"":169.99,""averageDraftPositionPercentChange"":-0.01,""date"":1788208216094,""leagueType"":0,""percentChange"":-0.01,""percentOwned"":0.21,""percentStarted"":0.03}}",-849.01,,,unresolved,0.0,no Draft Command player match,Live ESPN draft-room order was not separately observable from the public API capture.,d9e2bb7f03899ed042b969fb74b55f88541e606a88da708aac490625a8abaf88,espn_2026_frozen_20260901T003012Z_3379127ab1c0
2026,2026-09-01T00:30:12Z,2026-08-31T19:30:12-05:00,frozen,espn-fantasy-api-kona-player-info-2026-ppr,https://lm-api-reads.fantasy.espn.com/apis/v3/games/ffl/seasons/2026/segments/0/leaguedefaults/1?view=kona_player_info,1,PPR,3054212,Jonnu Smith,jonnu smith,GB,TE,"[5,6,23,7,20,21]",1020,,169.96,,"{""draftRanksByRankType.PPR"":{""auctionValue"":0,""published"":false,""rank"":1020,""rankSourceId"":0,""rankType"":""PPR"",""slotId"":0},""ownership"":{""activityLevel"":null,""auctionValueAverage"":0.0,""auctionValueAverageChange"":0.0,""averageDraftPosition"":169.96,""averageDraftPositionPercentChange"":0.0,""date"":1788222618627,""leagueType"":0,""percentChange"":0.01,""percentOwned"":0.17,""percentStarted"":0.02}}",-850.04,,,unresolved,0.0,no Draft Command player match,Live ESPN draft-room order was not separately observable from the public API capture.,9038ed17bdef621072963e78b090b66127a74467471a9b45ebd122a263015392,espn_2026_frozen_20260901T003012Z_3379127ab1c0
2026,2026-09-01T00:30:12Z,2026-08-31T19:30:12-05:00,frozen,espn-fantasy-api-kona-player-info-2026-ppr,https://lm-api-reads.fantasy.espn.com/apis/v3/games/ffl/seasons/2026/segments/0/leaguedefaults/1?view=kona_player_info,1,PPR,3127310,Drew Sample,drew sample,CIN,TE,"[5,6,23,7,20,21]",1021,,169.97,,"{""draftRanksByRankType.PPR"":{""auctionValue"":0,""published"":false,""rank"":1021,""rankSourceId"":0,""rankType"":""PPR"",""slotId"":0},""ownership"":{""activityLevel"":null,""auctionValueAverage"":0.0,""auctionValueAverageChange"":0.0,""averageDraftPosition"":169.97,""averageDraftPositionPercentChange"":0.0,""date"":1788219018309,""leagueType"":0,""percentChange"":0.0,""percentOwned"":0.08,""percentStarted"":0.01}}",-851.03,,,unresolved,0.0,no Draft Command player match,Live ESPN draft-room order was not separately observable from the public API capture.,f5103d2fe77199928b5ea0248b12cdfb5b941ae64c43373019ded93d2debe978,espn_2026_frozen_20260901T003012Z_3379127ab1c0
2026,2026-09-01T00:30:12Z,2026-08-31T19:30:12-05:00,frozen,espn-fantasy-api-kona-player-info-2026-ppr,https://lm-api-reads.fantasy.espn.com/apis/v3/games/ffl/seasons/2026/segments/0/leaguedefaults/1?view=kona_player_info,1,PPR,3921690,Josh Oliver,josh oliver,MIN,TE,"[5,6,23,7,20,21]",1022,,169.95,,"{""draftRanksByRankType.PPR"":{""auctionValue"":0,""published"":false,""rank"":1022,""rankSourceId"":0,""rankType"":""PPR"",""slotId"":0},""ownership"":{""activityLevel"":null,""auctionValueAverage"":0.0,""auctionValueAverageChange"":0.0,""averageDraftPosition"":169.95,""averageDraftPositionPercentChange"":0.0,""date"":1788215413919,""leagueType"":0,""percentChange"":0.0,""percentOwned"":0.12,""percentStarted"":0.03}}",-852.05,,,unresolved,0.0,no Draft Command player match,Live ESPN draft-room order was not separately observable from the public API capture.,35500374f266f9b2a984b40bb459f5a57ffeab3e1a34de498afe4226a81450c0,espn_2026_frozen_20260901T003012Z_3379127ab1c0
2026,2026-09-01T00:30:12Z,2026-08-31T19:30:12-05:00,frozen,espn-fantasy-api-kona-player-info-2026-ppr,https://lm-api-reads.fantasy.espn.com/apis/v3/games/ffl/seasons/2026/segments/0/leaguedefaults/1?view=kona_player_info,1,PPR,3911853,Adam Trautman,adam trautman,DEN,TE,"[5,6,23,7,20,21]",1023,,169.97,,"{""draftRanksByRankType.PPR"":{""auctionValue"":0,""published"":false,""rank"":1023,""rankSourceId"":0,""rankType"":""PPR"",""slotId"":0},""ownership"":{""activityLevel"":null,""auctionValueAverage"":0.0,""auctionValueAverageChange"":0.0,""averageDraftPosition"":169.97,""averageDraftPositionPercentChange"":-0.01,""date"":1788190214532,""leagueType"":0,""percentChange"":0.0,""percentOwned"":0.09,""percentStarted"":0.02}}",-853.03,,,unresolved,0.0,no Draft Command player match,Live ESPN draft-room order was not separately observable from the public API capture.,4e35473be0d9de2026a4a0e55d0d516c3c7be561229db8a8cce24b694b4d8d50,espn_2026_frozen_20260901T003012Z_3379127ab1c0
2026,2026-09-01T00:30:12Z,2026-08-31T19:30:12-05:00,frozen,espn-fantasy-api-kona-player-info-2026-ppr,https://lm-api-reads.fantasy.espn.com/apis/v3/games/ffl/seasons/2026/segments/0/leaguedefaults/1?view=kona_player_info,1,PPR,4602667,Jaylin Lane,jaylin lane,WAS,WR,"[3,4,5,23,7,20,21]",1024,,169.99,,"{""draftRanksByRankType.PPR"":{""auctionValue"":0,""published"":false,""rank"":1024,""rankSourceId"":0,""rankType"":""PPR"",""slotId"":0},""ownership"":{""activityLevel"":null,""auctionValueAverage"":0.0,""auctionValueAverageChange"":0.0,""averageDraftPosition"":169.99,""averageDraftPositionPercentChange"":0.0,""date"":1788147021235,""leagueType"":0,""percentChange"":-0.01,""percentOwned"":0.09,""percentStarted"":0.01}}",-854.01,,,unresolved,0.0,no Draft Command player match,Live ESPN draft-room order was not separately observable from the public API capture.,a3463a6f7972a879cd92f427c20d3a25571d9cdb31ab63e99c6788480a5e433c,espn_2026_frozen_20260901T003012Z_3379127ab1c0
2026,2026-09-01T00:30:12Z,2026-08-31T19:30:12-05:00,frozen,espn-fantasy-api-kona-player-info-2026-ppr,https://lm-api-reads.fantasy.espn.com/apis/v3/games/ffl/seasons/2026/segments/0/leaguedefaults/1?view=kona_player_info,1,PPR,4869748,Zavion Thomas,zavion thomas,CHI,WR,"[25,3,4,5,23,7,20,21]",1030,,169.89,,"{""draftRanksByRankType.PPR"":{""auctionValue"":0,""published"":false,""rank"":1030,""rankSourceId"":0,""rankType"":""PPR"",""slotId"":0},""ownership"":{""activityLevel"":null,""auctionValueAverage"":0.01,""auctionValueAverageChange"":0.0,""averageDraftPosition"":169.89,""averageDraftPositionPercentChange"":0.04,""date"":1788219022110,""leagueType"":0,""percentChange"":0.42,""percentOwned"":1.1,""percentStarted"":0.05}}",-860.11,,,unresolved,0.0,no Draft Command player match,Live ESPN draft-room order was not separately observable from the public API capture.,9ea8eb3cb1cb90a8b8f5655a2fcf0ffc127c4b4eb03fef9d34db509910b52812,espn_2026_frozen_20260901T003012Z_3379127ab1c0
2026,2026-09-01T00:30:12Z,2026-08-31T19:30:12-05:00,frozen,espn-fantasy-api-kona-player-info-2026-ppr,https://lm-api-reads.fantasy.espn.com/apis/v3/games/ffl/seasons/2026/segments/0/leaguedefaults/1?view=kona_player_info,1,PPR,4241263,Charlie Kolar,charlie kolar,LAC,TE,"[5,6,23,7,20,21]",1032,,169.99,,"{""draftRanksByRankType.PPR"":{""auctionValue"":0,""published"":false,""rank"":1032,""rankSourceId"":0,""rankType"":""PPR"",""slotId"":0},""ownership"":{""activityLevel"":null,""auctionValueAverage"":0.0,""auctionValueAverageChange"":0.0,""averageDraftPosition"":169.99,""averageDraftPositionPercentChange"":-0.01,""date"":1788219018841,""leagueType"":0,""percentChange"":0.0,""percentOwned"":0.1,""percentStarted"":0.01}}",-862.01,,,unresolved,0.0,no Draft Command player match,Live ESPN draft-room order was not separately observable from the public API capture.,91fbdcfb340ba1df79e5538f301c061b738c9e1f4fd909a115bf6d6d6846db1b,espn_2026_frozen_20260901T003012Z_3379127ab1c0
2026,2026-09-01T00:30:12Z,2026-08-31T19:30:12-05:00,frozen,espn-fantasy-api-kona-player-info-2026-ppr,https://lm-api-reads.fantasy.espn.com/apis/v3/games/ffl/seasons/2026/segments/0/leaguedefaults/1?view=kona_player_info,1,PPR,4036131,Noah Fant,noah fant,NO,TE,"[5,6,23,7,20,21]",1034,,169.98,,"{""draftRanksByRankType.PPR"":{""auctionValue"":0,""published"":false,""rank"":1034,""rankSourceId"":0,""rankType"":""PPR"",""slotId"":0},""ownership"":{""activityLevel"":null,""auctionValueAverage"":0.0,""auctionValueAverageChange"":0.0,""averageDraftPosition"":169.98,""averageDraftPositionPercentChange"":0.0,""date"":1788219018642,""leagueType"":0,""percentChange"":-0.01,""percentOwned"":0.13,""percentStarted"":0.02}}",-864.02,,,unresolved,0.0,no Draft Command player match,Live ESPN draft-room order was not separately observable from the public API capture.,10660ac06fbac4b68f4c4134ddbba0122e87a81957b5bfd1371c1616a042de2a,espn_2026_frozen_20260901T003012Z_3379127ab1c0
2026,2026-09-01T00:30:12Z,2026-08-31T19:30:12-05:00,frozen,espn-fantasy-api-kona-player-info-2026-ppr,https://lm-api-reads.fantasy.espn.com/apis/v3/games/ffl/seasons/2026/segments/0/leaguedefaults/1?view=kona_player_info,1,PPR,4808839,Isaiah Bond,isaiah bond,CLE,WR,"[3,4,5,23,7,20,21]",1041,,169.99,,"{""draftRanksByRankType.PPR"":{""auctionValue"":0,""published"":false,""rank"":1041,""rankSourceId"":0,""rankType"":""PPR"",""slotId"":0},""ownership"":{""activityLevel"":null,""auctionValueAverage"":0.0,""auctionValueAverageChange"":0.0,""averageDraftPosition"":169.99,""averageDraftPositionPercentChange"":-0.01,""date"":1788204619116,""leagueType"":0,""percentChange"":-0.01,""percentOwned"":0.19,""percentStarted"":0.02}}",-871.01,,,unresolved,0.0,no Draft Command player match,Live ESPN draft-room order was not separately observable from the public API capture.,3a7ca4c63565c3adb53f61ccdbadf725a9490626ea640b0649104c58a4fdf553,espn_2026_frozen_20260901T003012Z_3379127ab1c0
2026,2026-09-01T00:30:12Z,2026-08-31T19:30:12-05:00,frozen,espn-fantasy-api-kona-player-info-2026-ppr,https://lm-api-reads.fantasy.espn.com/apis/v3/games/ffl/seasons/2026/segments/0/leaguedefaults/1?view=kona_player_info,1,PPR,4426496,Cade Stover,cade stover,HOU,TE,"[5,6,23,7,20,21]",1044,,169.97,,"{""draftRanksByRankType.PPR"":{""auctionValue"":0,""published"":false,""rank"":1044,""rankSourceId"":0,""rankType"":""PPR"",""slotId"":0},""ownership"":{""activityLevel"":null,""auctionValueAverage"":0.0,""auctionValueAverageChange"":0.0,""averageDraftPosition"":169.97,""averageDraftPositionPercentChange"":0.0,""date"":1788219020026,""leagueType"":0,""percentChange"":0.0,""percentOwned"":0.08,""percentStarted"":0.02}}",-874.03,,,unresolved,0.0,no Draft Command player match,Live ESPN draft-room order was not separately observable from the public API capture.,69b85c98ed32a76b7f1f51a5ccc90cbffd3d8874e5c4d596117f247931433c8d,espn_2026_frozen_20260901T003012Z_3379127ab1c0
2026,2026-09-01T00:30:12Z,2026-08-31T19:30:12-05:00,frozen,espn-fantasy-api-kona-player-info-2026-ppr,https://lm-api-reads.fantasy.espn.com/apis/v3/games/ffl/seasons/2026/segments/0/leaguedefaults/1?view=kona_player_info,1,PPR,4048228,John Bates,john bates,WAS,TE,"[5,6,23,7,20,21]",1045,,169.98,,"{""draftRanksByRankType.PPR"":{""auctionValue"":0,""published"":false,""rank"":1045,""rankSourceId"":0,""rankType"":""PPR"",""slotId"":0},""ownership"":{""activityLevel"":null,""auctionValueAverage"":0.0,""auctionValueAverageChange"":0.0,""averageDraftPosition"":169.98,""averageDraftPositionPercentChange"":0.0,""date"":1788211816765,""leagueType"":0,""percentChange"":0.0,""percentOwned"":0.04,""percentStarted"":0.01}}",-875.02,,,unresolved,0.0,no Draft Command player match,Live ESPN draft-room order was not separately observable from the public API capture.,c572bee16ee500e648dd4cddce3fb82e0199b358127aa040c93a80c650f920da,espn_2026_frozen_20260901T003012Z_3379127ab1c0
2026,2026-09-01T00:30:12Z,2026-08-31T19:30:12-05:00,frozen,espn-fantasy-api-kona-player-info-2026-ppr,https://lm-api-reads.fantasy.espn.com/apis/v3/games/ffl/seasons/2026/segments/0/leaguedefaults/1?view=kona_player_info,1,PPR,4683153,Skyler Bell,skyler bell,BUF,WR,"[25,3,4,5,23,7,20,21]",1046,,169.92,,"{""draftRanksByRankType.PPR"":{""auctionValue"":0,""published"":false,""rank"":1046,""rankSourceId"":0,""rankType"":""PPR"",""slotId"":0},""ownership"":{""activityLevel"":null,""auctionValueAverage"":0.01,""auctionValueAverageChange"":0.0,""averageDraftPosition"":169.92,""averageDraftPositionPercentChange"":0.0,""date"":1788219021295,""leagueType"":0,""percentChange"":0.03,""percentOwned"":0.76,""percentStarted"":0.03}}",-876.08,,,unresolved,0.0,no Draft Command player match,Live ESPN draft-room order was not separately observable from the public API capture.,0c8bd8a8e43eda5fabc1f01e41b9c60e8cf0600355635498766c69d4c90c838e,espn_2026_frozen_20260901T003012Z_3379127ab1c0
2026,2026-09-01T00:30:12Z,2026-08-31T19:30:12-05:00,frozen,espn-fantasy-api-kona-player-info-2026-ppr,https://lm-api-reads.fantasy.espn.com/apis/v3/games/ffl/seasons/2026/segments/0/leaguedefaults/1?view=kona_player_info,1,PPR,4241372,Hollywood Brown,hollywood brown,PHI,WR,"[3,4,5,23,7,20,21]",1047,,169.97,,"{""draftRanksByRankType.PPR"":{""auctionValue"":0,""published"":false,""rank"":1047,""rankSourceId"":0,""rankType"":""PPR"",""slotId"":0},""ownership"":{""activityLevel"":null,""auctionValueAverage"":0.01,""auctionValueAverageChange"":0.0,""averageDraftPosition"":169.97,""averageDraftPositionPercentChange"":-0.01,""date"":1788222620001,""leagueType"":0,""percentChange"":-0.01,""percentOwned"":0.62,""percentStarted"":0.05}}",-877.03,,,unresolved,0.0,no Draft Command player match,Live ESPN draft-room order was not separately observable from the public API capture.,2ced43915c51694f58d1b7f44e5cd4b0ee4821cecfd9969d2a996563b998b60b,espn_2026_frozen_20260901T003012Z_3379127ab1c0
2026,2026-09-01T00:30:12Z,2026-08-31T19:30:12-05:00,frozen,espn-fantasy-api-kona-player-info-2026-ppr,https://lm-api-reads.fantasy.espn.com/apis/v3/games/ffl/seasons/2026/segments/0/leaguedefaults/1?view=kona_player_info,1,PPR,3917914,Olamide Zaccheaus,olamide zaccheaus,ATL,WR,"[3,4,5,23,7,20,21]",1050,,169.99,,"{""draftRanksByRankType.PPR"":{""auctionValue"":0,""published"":false,""rank"":1050,""rankSourceId"":0,""rankType"":""PPR"",""slotId"":0},""ownership"":{""activityLevel"":null,""auctionValueAverage"":0.0,""auctionValueAverageChange"":0.0,""averageDraftPosition"":169.99,""averageDraftPositionPercentChange"":0.0,""date"":1788132618774,""leagueType"":0,""percentChange"":-0.01,""percentOwned"":0.11,""percentStarted"":0.02}}",-880.01,,,unresolved,0.0,no Draft Command player match,Live ESPN draft-room order was not separately observable from the public API capture.,3aa6b94ff07ec622d9b36d2a834b007a7acf2cc07199cf46b7340508fa94841c,espn_2026_frozen_20260901T003012Z_3379127ab1c0
2026,2026-09-01T00:30:12Z,2026-08-31T19:30:12-05:00,frozen,espn-fantasy-api-kona-player-info-2026-ppr,https://lm-api-reads.fantasy.espn.com/apis/v3/games/ffl/seasons/2026/segments/0/leaguedefaults/1?view=kona_player_info,1,PPR,4061956,Ashton Dulin,ashton dulin,IND,WR,"[3,4,5,23,7,20,21]",1054,,169.98,,"{""draftRanksByRankType.PPR"":{""auctionValue"":0,""published"":false,""rank"":1054,""rankSourceId"":0,""rankType"":""PPR"",""slotId"":0},""ownership"":{""activityLevel"":null,""auctionValueAverage"":0.0,""auctionValueAverageChange"":0.0,""averageDraftPosition"":169.98,""averageDraftPositionPercentChange"":0.0,""date"":1788222619756,""leagueType"":0,""percentChange"":0.02,""percentOwned"":0.1,""percentStarted"":0.03}}",-884.02,,,unresolved,0.0,no Draft Command player match,Live ESPN draft-room order was not separately observable from the public API capture.,801b04c96f51206fac37e8b89e108bf818fd441a6c7c2756235b2315a95dc8ac,espn_2026_frozen_20260901T003012Z_3379127ab1c0
2026,2026-09-01T00:30:12Z,2026-08-31T19:30:12-05:00,frozen,espn-fantasy-api-kona-player-info-2026-ppr,https://lm-api-reads.fantasy.espn.com/apis/v3/games/ffl/seasons/2026/segments/0/leaguedefaults/1?view=kona_player_info,1,PPR,4569371,Isaiah Williams,isaiah williams,NYJ,WR,"[3,4,5,23,7,20,21]",1057,,169.99,,"{""draftRanksByRankType.PPR"":{""auctionValue"":0,""published"":false,""rank"":1057,""rankSourceId"":0,""rankType"":""PPR"",""slotId"":0},""ownership"":{""activityLevel"":null,""auctionValueAverage"":0.0,""auctionValueAverageChange"":0.0,""averageDraftPosition"":169.99,""averageDraftPositionPercentChange"":0.0,""date"":1788179423220,""leagueType"":0,""percentChange"":0.0,""percentOwned"":0.13,""percentStarted"":0.02}}",-887.01,,,unresolved,0.0,no Draft Command player match,Live ESPN draft-room order was not separately observable from the public API capture.,b9c0db122a19fe3bf517a891e92381a5447f2d142f8bece82d11fef20c8ecf7c,espn_2026_frozen_20260901T003012Z_3379127ab1c0
2026,2026-09-01T00:30:12Z,2026-08-31T19:30:12-05:00,frozen,espn-fantasy-api-kona-player-info-2026-ppr,https://lm-api-reads.fantasy.espn.com/apis/v3/games/ffl/seasons/2026/segments/0/leaguedefaults/1?view=kona_player_info,1,PPR,4360797,Tutu Atwell,tutu atwell,LAR,WR,"[3,4,5,23,7,20,21]",1059,,170.08,,"{""draftRanksByRankType.PPR"":{""auctionValue"":0,""published"":false,""rank"":1059,""rankSourceId"":0,""rankType"":""PPR"",""slotId"":0},""ownership"":{""activityLevel"":null,""auctionValueAverage"":0.0,""auctionValueAverageChange"":0.0,""averageDraftPosition"":170.08,""averageDraftPositionPercentChange"":0.01,""date"":1788222620502,""leagueType"":0,""percentChange"":0.0,""percentOwned"":0.46,""percentStarted"":0.04}}",-888.92,,,unresolved,0.0,no Draft Command player match,Live ESPN draft-room order was not separately observable from the public API capture.,fa8a89680236fb095b2169132fbff3208f033aac93a28d556a3471ed71483bbf,espn_2026_frozen_20260901T003012Z_3379127ab1c0
2026,2026-09-01T00:30:12Z,2026-08-31T19:30:12-05:00,frozen,espn-fantasy-api-kona-player-info-2026-ppr,https://lm-api-reads.fantasy.espn.com/apis/v3/games/ffl/seasons/2026/segments/0/leaguedefaults/1?view=kona_player_info,1,PPR,5092508,Colbie Young,colbie young,CIN,WR,"[25,3,4,5,23,7,20,21]",1064,,169.98,,"{""draftRanksByRankType.PPR"":{""auctionValue"":0,""published"":false,""rank"":1064,""rankSourceId"":0,""rankType"":""PPR"",""slotId"":0},""ownership"":{""activityLevel"":null,""auctionValueAverage"":0.0,""auctionValueAverageChange"":0.0,""averageDraftPosition"":169.98,""averageDraftPositionPercentChange"":0.0,""date"":1788201016336,""leagueType"":0,""percentChange"":-0.01,""percentOwned"":0.18,""percentStarted"":0.01}}",-894.02,,,unresolved,0.0,no Draft Command player match,Live ESPN draft-room order was not separately observable from the public API capture.,e962fee1f5373ab1c54975b8c460c0ac6542b69235c2cd78e3807ce487010539,espn_2026_frozen_20260901T003012Z_3379127ab1c0
2026,2026-09-01T00:30:12Z,2026-08-31T19:30:12-05:00,frozen,espn-fantasy-api-kona-player-info-2026-ppr,https://lm-api-reads.fantasy.espn.com/apis/v3/games/ffl/seasons/2026/segments/0/leaguedefaults/1?view=kona_player_info,1,PPR,3050481,Tanner Hudson,tanner hudson,CIN,TE,"[5,6,23,7,20,21]",1069,,169.99,,"{""draftRanksByRankType.PPR"":{""auctionValue"":0,""published"":false,""rank"":1069,""rankSourceId"":0,""rankType"":""PPR"",""slotId"":0},""ownership"":{""activityLevel"":null,""auctionValueAverage"":0.0,""auctionValueAverageChange"":0.0,""averageDraftPosition"":169.99,""averageDraftPositionPercentChange"":0.0,""date"":1788179418984,""leagueType"":0,""percentChange"":0.0,""percentOwned"":0.04,""percentStarted"":0.01}}",-899.01,,,unresolved,0.0,no Draft Command player match,Live ESPN draft-room order was not separately observable from the public API capture.,1eda20ede71c21f5cee9a4b81d3658930efeb31bf762d49adfaf23913c6e7896,espn_2026_frozen_20260901T003012Z_3379127ab1c0
2026,2026-09-01T00:30:12Z,2026-08-31T19:30:12-05:00,frozen,espn-fantasy-api-kona-player-info-2026-ppr,https://lm-api-reads.fantasy.espn.com/apis/v3/games/ffl/seasons/2026/segments/0/leaguedefaults/1?view=kona_player_info,1,PPR,4431492,Roman Wilson,roman wilson,PIT,WR,"[3,4,5,23,7,20,21]",1073,,169.98,,"{""draftRanksByRankType.PPR"":{""auctionValue"":0,""published"":false,""rank"":1073,""rankSourceId"":0,""rankType"":""PPR"",""slotId"":0},""ownership"":{""activityLevel"":null,""auctionValueAverage"":0.0,""auctionValueAverageChange"":0.0,""averageDraftPosition"":169.98,""averageDraftPositionPercentChange"":-0.01,""date"":1788208214446,""leagueType"":0,""percentChange"":-0.01,""percentOwned"":0.17,""percentStarted"":0.02}}",-903.02,,,unresolved,0.0,no Draft Command player match,Live ESPN draft-room order was not separately observable from the public API capture.,a652f0661ab402b406e560897ce43e6e30afcfbb97413ff29dee00ffada2f66a,espn_2026_frozen_20260901T003012Z_3379127ab1c0
2026,2026-09-01T00:30:12Z,2026-08-31T19:30:12-05:00,frozen,espn-fantasy-api-kona-player-info-2026-ppr,https://lm-api-reads.fantasy.espn.com/apis/v3/games/ffl/seasons/2026/segments/0/leaguedefaults/1?view=kona_player_info,1,PPR,4372096,Luke Schoonmaker,luke schoonmaker,DAL,TE,"[5,6,23,7,20,21]",1076,,169.93,,"{""draftRanksByRankType.PPR"":{""auctionValue"":0,""published"":false,""rank"":1076,""rankSourceId"":0,""rankType"":""PPR"",""slotId"":0},""ownership"":{""activityLevel"":null,""auctionValueAverage"":0.0,""auctionValueAverageChange"":0.0,""averageDraftPosition"":169.93,""averageDraftPositionPercentChange"":-0.01,""date"":1788204617355,""leagueType"":0,""percentChange"":0.0,""percentOwned"":0.16,""percentStarted"":0.03}}",-906.07,,,unresolved,0.0,no Draft Command player match,Live ESPN draft-room order was not separately observable from the public API capture.,b55b72057cf77d36ab2e809f0b252c0f16cf5b86ca87babdb7a59a047c79dea5,espn_2026_frozen_20260901T003012Z_3379127ab1c0
2026,2026-09-01T00:30:12Z,2026-08-31T19:30:12-05:00,frozen,espn-fantasy-api-kona-player-info-2026-ppr,https://lm-api-reads.fantasy.espn.com/apis/v3/games/ffl/seasons/2026/segments/0/leaguedefaults/1?view=kona_player_info,1,PPR,2998565,Mo Alie-Cox,mo alie cox,IND,TE,"[5,6,23,7,20,21]",1078,,169.97,,"{""draftRanksByRankType.PPR"":{""auctionValue"":0,""published"":false,""rank"":1078,""rankSourceId"":0,""rankType"":""PPR"",""slotId"":0},""ownership"":{""activityLevel"":null,""auctionValueAverage"":0.0,""auctionValueAverageChange"":0.0,""averageDraftPosition"":169.97,""averageDraftPositionPercentChange"":0.0,""date"":1788143422788,""leagueType"":0,""percentChange"":0.0,""percentOwned"":0.08,""percentStarted"":0.02}}",-908.03,,,unresolved,0.0,no Draft Command player match,Live ESPN draft-room order was not separately observable from the public API capture.,2e11fdfbc5bc26180225cc5023a4c02daee4b018b665479c67bc9810018f96eb,espn_2026_frozen_20260901T003012Z_3379127ab1c0
2026,2026-09-01T00:30:12Z,2026-08-31T19:30:12-05:00,frozen,espn-fantasy-api-kona-player-info-2026-ppr,https://lm-api-reads.fantasy.espn.com/apis/v3/games/ffl/seasons/2026/segments/0/leaguedefaults/1?view=kona_player_info,1,PPR,4685553,Brenen Thompson,brenen thompson,LAC,WR,"[25,3,4,5,23,7,20,21]",1079,,169.98,,"{""draftRanksByRankType.PPR"":{""auctionValue"":0,""published"":false,""rank"":1079,""rankSourceId"":0,""rankType"":""PPR"",""slotId"":0},""ownership"":{""activityLevel"":null,""auctionValueAverage"":0.0,""auctionValueAverageChange"":0.0,""averageDraftPosition"":169.98,""averageDraftPositionPercentChange"":0.0,""date"":1788208215378,""leagueType"":0,""percentChange"":-0.01,""percentOwned"":0.16,""percentStarted"":0.01}}",-909.02,,,unresolved,0.0,no Draft Command player match,Live ESPN draft-room order was not separately observable from the public API capture.,b210e221f021c9b64440b86eb6fa13db06727ba2d4b74a8850ee70481bc912f2,espn_2026_frozen_20260901T003012Z_3379127ab1c0
2026,2026-09-01T00:30:12Z,2026-08-31T19:30:12-05:00,frozen,espn-fantasy-api-kona-player-info-2026-ppr,https://lm-api-reads.fantasy.espn.com/apis/v3/games/ffl/seasons/2026/segments/0/leaguedefaults/1?view=kona_player_info,1,PPR,4573699,Jackson Hawes,jackson hawes,BUF,TE,"[5,6,23,7,20,21]",1082,,169.97,,"{""draftRanksByRankType.PPR"":{""auctionValue"":0,""published"":false,""rank"":1082,""rankSourceId"":0,""rankType"":""PPR"",""slotId"":0},""ownership"":{""activityLevel"":null,""auctionValueAverage"":0.0,""auctionValueAverageChange"":0.0,""averageDraftPosition"":169.97,""averageDraftPositionPercentChange"":0.0,""date"":1788219020977,""leagueType"":0,""percentChange"":0.0,""percentOwned"":0.08,""percentStarted"":0.01}}",-912.03,,,unresolved,0.0,no Draft Command player match,Live ESPN draft-room order was not separately observable from the public API capture.,3a16573bd4c88c7dcd70627c40918cad5cf29c3ea0cfd7559712947cb80500f0,espn_2026_frozen_20260901T003012Z_3379127ab1c0
2026,2026-09-01T00:30:12Z,2026-08-31T19:30:12-05:00,frozen,espn-fantasy-api-kona-player-info-2026-ppr,https://lm-api-reads.fantasy.espn.com/apis/v3/games/ffl/seasons/2026/segments/0/leaguedefaults/1?view=kona_player_info,1,PPR,4361516,Daniel Bellinger,daniel bellinger,TEN,TE,"[5,6,23,7,20,21]",1085,,169.99,,"{""draftRanksByRankType.PPR"":{""auctionValue"":0,""published"":false,""rank"":1085,""rankSourceId"":0,""rankType"":""PPR"",""slotId"":0},""ownership"":{""activityLevel"":null,""auctionValueAverage"":0.0,""auctionValueAverageChange"":0.0,""averageDraftPosition"":169.99,""averageDraftPositionPercentChange"":0.0,""date"":1788179421800,""leagueType"":0,""percentChange"":0.0,""percentOwned"":0.05,""percentStarted"":0.01}}",-915.01,,,unresolved,0.0,no Draft Command player match,Live ESPN draft-room order was not separately observable from the public API capture.,25380ebe67df551e46a66e395421bf401d55f33401e37d8b4b70d43da714e7ba,espn_2026_frozen_20260901T003012Z_3379127ab1c0
2026,2026-09-01T00:30:12Z,2026-08-31T19:30:12-05:00,frozen,espn-fantasy-api-kona-player-info-2026-ppr,https://lm-api-reads.fantasy.espn.com/apis/v3/games/ffl/seasons/2026/segments/0/leaguedefaults/1?view=kona_player_info,1,PPR,4690923,Ben Sinnott,ben sinnott,WAS,TE,"[5,6,23,7,20,21]",1087,,169.99,,"{""draftRanksByRankType.PPR"":{""auctionValue"":0,""published"":false,""rank"":1087,""rankSourceId"":0,""rankType"":""PPR"",""slotId"":0},""ownership"":{""activityLevel"":null,""auctionValueAverage"":0.0,""auctionValueAverageChange"":0.0,""averageDraftPosition"":169.99,""averageDraftPositionPercentChange"":0.0,""date"":1788204618948,""leagueType"":0,""percentChange"":0.0,""percentOwned"":0.07,""percentStarted"":0.01}}",-917.01,,,unresolved,0.0,no Draft Command player match,Live ESPN draft-room order was not separately observable from the public API capture.,be9e4368ea3236da22c6e6252c1787ca5c31e1c6615589832c686d96493e58e8,espn_2026_frozen_20260901T003012Z_3379127ab1c0
2026,2026-09-01T00:30:12Z,2026-08-31T19:30:12-05:00,frozen,espn-fantasy-api-kona-player-info-2026-ppr,https://lm-api-reads.fantasy.espn.com/apis/v3/games/ffl/seasons/2026/segments/0/leaguedefaults/1?view=kona_player_info,1,PPR,4361372,Jeremy Ruckert,jeremy ruckert,NYJ,TE,"[5,6,23,7,20,21]",1094,,169.99,,"{""draftRanksByRankType.PPR"":{""auctionValue"":0,""published"":false,""rank"":1094,""rankSourceId"":0,""rankType"":""PPR"",""slotId"":0},""ownership"":{""activityLevel"":null,""auctionValueAverage"":0.0,""auctionValueAverageChange"":0.0,""averageDraftPosition"":169.99,""averageDraftPositionPercentChange"":0.0,""date"":1788197415302,""leagueType"":0,""percentChange"":0.0,""percentOwned"":0.05,""percentStarted"":0.01}}",-924.01,,,unresolved,0.0,no Draft Command player match,Live ESPN draft-room order was not separately observable from the public API capture.,f2c9194a94b0778d3bc5552f3a2ac4decb9f9d95a9ce3abccacd974678d11eb6,espn_2026_frozen_20260901T003012Z_3379127ab1c0
2026,2026-09-01T00:30:12Z,2026-08-31T19:30:12-05:00,frozen,espn-fantasy-api-kona-player-info-2026-ppr,https://lm-api-reads.fantasy.espn.com/apis/v3/games/ffl/seasons/2026/segments/0/leaguedefaults/1?view=kona_player_info,1,PPR,5088338,Elijah Sarratt,elijah sarratt,BAL,WR,"[25,3,4,5,23,7,20,21]",1095,,169.99,,"{""draftRanksByRankType.PPR"":{""auctionValue"":0,""published"":false,""rank"":1095,""rankSourceId"":0,""rankType"":""PPR"",""slotId"":0},""ownership"":{""activityLevel"":null,""auctionValueAverage"":0.0,""auctionValueAverageChange"":0.0,""averageDraftPosition"":169.99,""averageDraftPositionPercentChange"":0.0,""date"":1788215418086,""leagueType"":0,""percentChange"":-0.03,""percentOwned"":0.37,""percentStarted"":0.02}}",-925.01,,,unresolved,0.0,no Draft Command player match,Live ESPN draft-room order was not separately observable from the public API capture.,36acf5c38920eec873816e6126ca0f33dce557570844996b09dc92e8007b73c9,espn_2026_frozen_20260901T003012Z_3379127ab1c0
2026,2026-09-01T00:30:12Z,2026-08-31T19:30:12-05:00,frozen,espn-fantasy-api-kona-player-info-2026-ppr,https://lm-api-reads.fantasy.espn.com/apis/v3/games/ffl/seasons/2026/segments/0/leaguedefaults/1?view=kona_player_info,1,PPR,16733,Odell Beckham Jr.,odell beckham,NYG,WR,"[3,4,5,23,7,20,21]",1102,,169.41,,"{""draftRanksByRankType.PPR"":{""auctionValue"":0,""published"":false,""rank"":1102,""rankSourceId"":0,""rankType"":""PPR"",""slotId"":0},""ownership"":{""activityLevel"":null,""auctionValueAverage"":0.06,""auctionValueAverageChange"":0.01,""averageDraftPosition"":169.41,""averageDraftPositionPercentChange"":0.03,""date"":1788222617983,""leagueType"":0,""percentChange"":0.46,""percentOwned"":3.83,""percentStarted"":0.24}}",-932.59,,,unresolved,0.0,no Draft Command player match,Live ESPN draft-room order was not separately observable from the public API capture.,a5f05e490b6e4543f28c37ac649b098c4b3255ad02e3bc769eedb4cabcc9fb25,espn_2026_frozen_20260901T003012Z_3379127ab1c0
2026,2026-09-01T00:30:12Z,2026-08-31T19:30:12-05:00,frozen,espn-fantasy-api-kona-player-info-2026-ppr,https://lm-api-reads.fantasy.espn.com/apis/v3/games/ffl/seasons/2026/segments/0/leaguedefaults/1?view=kona_player_info,1,PPR,4883647,Elic Ayomanor,elic ayomanor,TEN,WR,"[3,4,5,23,7,20,21]",1103,,170,,"{""draftRanksByRankType.PPR"":{""auctionValue"":0,""published"":false,""rank"":1103,""rankSourceId"":0,""rankType"":""PPR"",""slotId"":0},""ownership"":{""activityLevel"":null,""auctionValueAverage"":0.0,""auctionValueAverageChange"":0.0,""averageDraftPosition"":170.0,""averageDraftPositionPercentChange"":0.0,""date"":1788215417886,""leagueType"":0,""percentChange"":-0.01,""percentOwned"":0.19,""percentStarted"":0.02}}",-933.0,,,unresolved,0.0,no Draft Command player match,Live ESPN draft-room order was not separately observable from the public API capture.,f57dc6dd7380554a049c896db03744c41e0735b0d8df4427de7bea5e5d0dadd2,espn_2026_frozen_20260901T003012Z_3379127ab1c0
2026,2026-09-01T00:30:12Z,2026-08-31T19:30:12-05:00,frozen,espn-fantasy-api-kona-player-info-2026-ppr,https://lm-api-reads.fantasy.espn.com/apis/v3/games/ffl/seasons/2026/segments/0/leaguedefaults/1?view=kona_player_info,1,PPR,3052897,Durham Smythe,durham smythe,BAL,TE,"[5,6,23,7,20,21]",1106,,169.98,,"{""draftRanksByRankType.PPR"":{""auctionValue"":0,""published"":false,""rank"":1106,""rankSourceId"":0,""rankType"":""PPR"",""slotId"":0},""ownership"":{""activityLevel"":null,""auctionValueAverage"":0.0,""auctionValueAverageChange"":0.0,""averageDraftPosition"":169.98,""averageDraftPositionPercentChange"":0.0,""date"":1788179419028,""leagueType"":0,""percentChange"":0.0,""percentOwned"":0.06,""percentStarted"":0.01}}",-936.02,,,unresolved,0.0,no Draft Command player match,Live ESPN draft-room order was not separately observable from the public API capture.,8564d80e13c2be99071463f6ca4f5259988eda10117bef425d512df2370b20bf,espn_2026_frozen_20260901T003012Z_3379127ab1c0
2026,2026-09-01T00:30:12Z,2026-08-31T19:30:12-05:00,frozen,espn-fantasy-api-kona-player-info-2026-ppr,https://lm-api-reads.fantasy.espn.com/apis/v3/games/ffl/seasons/2026/segments/0/leaguedefaults/1?view=kona_player_info,1,PPR,4569382,Jordan Whittington,jordan whittington,LAR,WR,"[3,4,5,23,7,20,21]",1115,,169.97,,"{""draftRanksByRankType.PPR"":{""auctionValue"":0,""published"":false,""rank"":1115,""rankSourceId"":0,""rankType"":""PPR"",""slotId"":0},""ownership"":{""activityLevel"":null,""auctionValueAverage"":0.0,""auctionValueAverageChange"":0.0,""averageDraftPosition"":169.97,""averageDraftPositionPercentChange"":0.0,""date"":1788215416674,""leagueType"":0,""percentChange"":-0.01,""percentOwned"":0.14,""percentStarted"":0.03}}",-945.03,,,unresolved,0.0,no Draft Command player match,Live ESPN draft-room order was not separately observable from the public API capture.,8b6caeb754bd1e2f2bb1a913fc95b1ce138f85f00fb1706faae7e3511e7c8608,espn_2026_frozen_20260901T003012Z_3379127ab1c0
2026,2026-09-01T00:30:12Z,2026-08-31T19:30:12-05:00,frozen,espn-fantasy-api-kona-player-info-2026-ppr,https://lm-api-reads.fantasy.espn.com/apis/v3/games/ffl/seasons/2026/segments/0/leaguedefaults/1?view=kona_player_info,1,PPR,4608810,Tez Johnson,tez johnson,TB,WR,"[3,4,5,23,7,20,21]",1119,,169.98,,"{""draftRanksByRankType.PPR"":{""auctionValue"":0,""published"":false,""rank"":1119,""rankSourceId"":0,""rankType"":""PPR"",""slotId"":0},""ownership"":{""activityLevel"":null,""auctionValueAverage"":0.0,""auctionValueAverageChange"":0.0,""averageDraftPosition"":169.98,""averageDraftPositionPercentChange"":0.0,""date"":1788125421669,""leagueType"":0,""percentChange"":-0.01,""percentOwned"":0.19,""percentStarted"":0.01}}",-949.02,,,unresolved,0.0,no Draft Command player match,Live ESPN draft-room order was not separately observable from the public API capture.,2ed62b384bc22fef5106efb1270b17751f2209296b98aa6f95051185837abe51,espn_2026_frozen_20260901T003012Z_3379127ab1c0
2026,2026-09-01T00:30:12Z,2026-08-31T19:30:12-05:00,frozen,espn-fantasy-api-kona-player-info-2026-ppr,https://lm-api-reads.fantasy.espn.com/apis/v3/games/ffl/seasons/2026/segments/0/leaguedefaults/1?view=kona_player_info,1,PPR,4708486,Jimmy Horn Jr.,jimmy horn,CAR,WR,"[3,4,5,23,7,20,21]",1120,,169.97,,"{""draftRanksByRankType.PPR"":{""auctionValue"":0,""published"":false,""rank"":1120,""rankSourceId"":0,""rankType"":""PPR"",""slotId"":0},""ownership"":{""activityLevel"":null,""auctionValueAverage"":0.0,""auctionValueAverageChange"":0.0,""averageDraftPosition"":169.97,""averageDraftPositionPercentChange"":-0.01,""date"":1788208215727,""leagueType"":0,""percentChange"":0.0,""percentOwned"":0.15,""percentStarted"":0.01}}",-950.03,,,unresolved,0.0,no Draft Command player match,Live ESPN draft-room order was not separately observable from the public API capture.,7089a154f5ac1030d7085d9e290cdde3f131a228da56408f467d7bd845974c47,espn_2026_frozen_20260901T003012Z_3379127ab1c0
2026,2026-09-01T00:30:12Z,2026-08-31T19:30:12-05:00,frozen,espn-fantasy-api-kona-player-info-2026-ppr,https://lm-api-reads.fantasy.espn.com/apis/v3/games/ffl/seasons/2026/segments/0/leaguedefaults/1?view=kona_player_info,1,PPR,4426553,Davis Allen,davis allen,LAR,TE,"[5,6,23,7,20,21]",1133,,169.99,,"{""draftRanksByRankType.PPR"":{""auctionValue"":0,""published"":false,""rank"":1133,""rankSourceId"":0,""rankType"":""PPR"",""slotId"":0},""ownership"":{""activityLevel"":null,""auctionValueAverage"":0.0,""auctionValueAverageChange"":0.0,""averageDraftPosition"":169.99,""averageDraftPositionPercentChange"":0.0,""date"":1788215415664,""leagueType"":0,""percentChange"":0.0,""percentOwned"":0.03,""percentStarted"":0.01}}",-963.01,,,unresolved,0.0,no Draft Command player match,Live ESPN draft-room order was not separately observable from the public API capture.,c1bcaf69cc7f3a79849ad2314d250ca564e47bf2f0b87b8e39b757ed81a79111,espn_2026_frozen_20260901T003012Z_3379127ab1c0
2026,2026-09-01T00:30:12Z,2026-08-31T19:30:12-05:00,frozen,espn-fantasy-api-kona-player-info-2026-ppr,https://lm-api-reads.fantasy.espn.com/apis/v3/games/ffl/seasons/2026/segments/0/leaguedefaults/1?view=kona_player_info,1,PPR,4710855,Konata Mumpfield,konata mumpfield,LAR,WR,"[3,4,5,23,7,20,21]",1134,,169.98,,"{""draftRanksByRankType.PPR"":{""auctionValue"":0,""published"":false,""rank"":1134,""rankSourceId"":0,""rankType"":""PPR"",""slotId"":0},""ownership"":{""activityLevel"":null,""auctionValueAverage"":0.0,""auctionValueAverageChange"":0.0,""averageDraftPosition"":169.98,""averageDraftPositionPercentChange"":0.0,""date"":1788219021998,""leagueType"":0,""percentChange"":0.0,""percentOwned"":0.09,""percentStarted"":0.01}}",-964.02,,,unresolved,0.0,no Draft Command player match,Live ESPN draft-room order was not separately observable from the public API capture.,2b0c3f77c6277ed27469f821b2479a12a1db68426021b2bf44a8820291d828cd,espn_2026_frozen_20260901T003012Z_3379127ab1c0
2026,2026-09-01T00:30:12Z,2026-08-31T19:30:12-05:00,frozen,espn-fantasy-api-kona-player-info-2026-ppr,https://lm-api-reads.fantasy.espn.com/apis/v3/games/ffl/seasons/2026/segments/0/leaguedefaults/1?view=kona_player_info,1,PPR,3843945,Foster Moreau,foster moreau,HOU,TE,"[5,6,23,7,20,21]",1136,,169.99,,"{""draftRanksByRankType.PPR"":{""auctionValue"":0,""published"":false,""rank"":1136,""rankSourceId"":0,""rankType"":""PPR"",""slotId"":0},""ownership"":{""activityLevel"":null,""auctionValueAverage"":0.0,""auctionValueAverageChange"":0.0,""averageDraftPosition"":169.99,""averageDraftPositionPercentChange"":0.0,""date"":1788139819880,""leagueType"":0,""percentChange"":0.0,""percentOwned"":0.03,""percentStarted"":0.01}}",-966.01,,,unresolved,0.0,no Draft Command player match,Live ESPN draft-room order was not separately observable from the public API capture.,c446e480538b96f1c9ec82d30a0401fe81f4197762f4d47629abd9edb07d7520,espn_2026_frozen_20260901T003012Z_3379127ab1c0
2026,2026-09-01T00:30:12Z,2026-08-31T19:30:12-05:00,frozen,espn-fantasy-api-kona-player-info-2026-ppr,https://lm-api-reads.fantasy.espn.com/apis/v3/games/ffl/seasons/2026/segments/0/leaguedefaults/1?view=kona_player_info,1,PPR,3043116,Demarcus Robinson,demarcus robinson,SF,WR,"[3,4,5,23,7,20,21]",1137,,169.98,,"{""draftRanksByRankType.PPR"":{""auctionValue"":0,""published"":false,""rank"":1137,""rankSourceId"":0,""rankType"":""PPR"",""slotId"":0},""ownership"":{""activityLevel"":null,""auctionValueAverage"":0.0,""auctionValueAverageChange"":0.0,""averageDraftPosition"":169.98,""averageDraftPositionPercentChange"":0.0,""date"":1788219018033,""leagueType"":0,""percentChange"":0.0,""percentOwned"":0.09,""percentStarted"":0.01}}",-967.02,,,unresolved,0.0,no Draft Command player match,Live ESPN draft-room order was not separately observable from the public API capture.,fad2ada44851818187feac29380b1fecf186ffa8251b8e30e367885affe97252,espn_2026_frozen_20260901T003012Z_3379127ab1c0
2026,2026-09-01T00:30:12Z,2026-08-31T19:30:12-05:00,frozen,espn-fantasy-api-kona-player-info-2026-ppr,https://lm-api-reads.fantasy.espn.com/apis/v3/games/ffl/seasons/2026/segments/0/leaguedefaults/1?view=kona_player_info,1,PPR,4383440,Nate Adkins,nate adkins,DEN,TE,"[5,6,23,7,20,21]",1138,,169.99,,"{""draftRanksByRankType.PPR"":{""auctionValue"":0,""published"":false,""rank"":1138,""rankSourceId"":0,""rankType"":""PPR"",""slotId"":0},""ownership"":{""activityLevel"":null,""auctionValueAverage"":0.0,""auctionValueAverageChange"":0.0,""averageDraftPosition"":169.99,""averageDraftPositionPercentChange"":0.0,""date"":1787661019159,""leagueType"":0,""percentChange"":0.0,""percentOwned"":0.03,""percentStarted"":0.01}}",-968.01,,,unresolved,0.0,no Draft Command player match,Live ESPN draft-room order was not separately observable from the public API capture.,06d32cb02770152c74c546c7448646c4a096acfcf46be812383efcf1e4458822,espn_2026_frozen_20260901T003012Z_3379127ab1c0
2026,2026-09-01T00:30:12Z,2026-08-31T19:30:12-05:00,frozen,espn-fantasy-api-kona-player-info-2026-ppr,https://lm-api-reads.fantasy.espn.com/apis/v3/games/ffl/seasons/2026/segments/0/leaguedefaults/1?view=kona_player_info,1,PPR,4242392,Brock Wright,brock wright,DET,TE,"[5,6,23,7,20,21]",1139,,169.91,,"{""draftRanksByRankType.PPR"":{""auctionValue"":0,""published"":false,""rank"":1139,""rankSourceId"":0,""rankType"":""PPR"",""slotId"":0},""ownership"":{""activityLevel"":null,""auctionValueAverage"":0.0,""auctionValueAverageChange"":0.0,""averageDraftPosition"":169.91,""averageDraftPositionPercentChange"":0.0,""date"":1788204616676,""leagueType"":0,""percentChange"":0.0,""percentOwned"":0.14,""percentStarted"":0.04}}",-969.09,,,unresolved,0.0,no Draft Command player match,Live ESPN draft-room order was not separately observable from the public API capture.,9d85c3b798b011b9a9a8747650f901eb57f855d507aa91978f297bc67b560aca,espn_2026_frozen_20260901T003012Z_3379127ab1c0
2026,2026-09-01T00:30:12Z,2026-08-31T19:30:12-05:00,frozen,espn-fantasy-api-kona-player-info-2026-ppr,https://lm-api-reads.fantasy.espn.com/apis/v3/games/ffl/seasons/2026/segments/0/leaguedefaults/1?view=kona_player_info,1,PPR,4686248,Nate Boerkircher,nate boerkircher,JAX,TE,"[25,5,6,23,7,20,21]",1140,,169.99,,"{""draftRanksByRankType.PPR"":{""auctionValue"":0,""published"":false,""rank"":1140,""rankSourceId"":0,""rankType"":""PPR"",""slotId"":0},""ownership"":{""activityLevel"":null,""auctionValueAverage"":0.0,""auctionValueAverageChange"":0.0,""averageDraftPosition"":169.99,""averageDraftPositionPercentChange"":0.0,""date"":1788125422022,""leagueType"":0,""percentChange"":0.0,""percentOwned"":0.06,""percentStarted"":0.01}}",-970.01,,,unresolved,0.0,no Draft Command player match,Live ESPN draft-room order was not separately observable from the public API capture.,164a2463994a2c9c04e356189ef1d13fb8f076a274f4130bef9eb4813cde3e8c,espn_2026_frozen_20260901T003012Z_3379127ab1c0
2026,2026-09-01T00:30:12Z,2026-08-31T19:30:12-05:00,frozen,espn-fantasy-api-kona-player-info-2026-ppr,https://lm-api-reads.fantasy.espn.com/apis/v3/games/ffl/seasons/2026/segments/0/leaguedefaults/1?view=kona_player_info,1,PPR,4426948,Luke McCaffrey,luke mccaffrey,WAS,WR,"[3,4,5,23,7,20,21]",1141,,169.91,,"{""draftRanksByRankType.PPR"":{""auctionValue"":0,""published"":false,""rank"":1141,""rankSourceId"":0,""rankType"":""PPR"",""slotId"":0},""ownership"":{""activityLevel"":null,""auctionValueAverage"":0.01,""auctionValueAverageChange"":0.0,""averageDraftPosition"":169.91,""averageDraftPositionPercentChange"":0.0,""date"":1788215415710,""leagueType"":0,""percentChange"":0.0,""percentOwned"":0.39,""percentStarted"":0.08}}",-971.09,,,unresolved,0.0,no Draft Command player match,Live ESPN draft-room order was not separately observable from the public API capture.,4e13fd698ce7f8eada80f4ed4b36d1a60eb32cc72f0c1b2fa0036dec65f22b06,espn_2026_frozen_20260901T003012Z_3379127ab1c0
2026,2026-09-01T00:30:12Z,2026-08-31T19:30:12-05:00,frozen,espn-fantasy-api-kona-player-info-2026-ppr,https://lm-api-reads.fantasy.espn.com/apis/v3/games/ffl/seasons/2026/segments/0/leaguedefaults/1?view=kona_player_info,1,PPR,5082630,Jalen Royals,jalen royals,KC,WR,"[3,4,5,23,7,20,21]",1142,,169.98,,"{""draftRanksByRankType.PPR"":{""auctionValue"":0,""published"":false,""rank"":1142,""rankSourceId"":0,""rankType"":""PPR"",""slotId"":0},""ownership"":{""activityLevel"":null,""auctionValueAverage"":0.0,""auctionValueAverageChange"":0.0,""averageDraftPosition"":169.98,""averageDraftPositionPercentChange"":0.0,""date"":1788215418017,""leagueType"":0,""percentChange"":-0.01,""percentOwned"":0.11,""percentStarted"":0.01}}",-972.02,,,unresolved,0.0,no Draft Command player match,Live ESPN draft-room order was not separately observable from the public API capture.,5d0fd00eaf2fea433f27c451b0cd123d680defc77d3cdcb44ae86a13c84252f4,espn_2026_frozen_20260901T003012Z_3379127ab1c0
2026,2026-09-01T00:30:12Z,2026-08-31T19:30:12-05:00,frozen,espn-fantasy-api-kona-player-info-2026-ppr,https://lm-api-reads.fantasy.espn.com/apis/v3/games/ffl/seasons/2026/segments/0/leaguedefaults/1?view=kona_player_info,1,PPR,4430870,KeAndre Lambert-Smith,keandre lambert smith,LAC,WR,"[3,4,5,23,7,20,21]",1145,,169.97,,"{""draftRanksByRankType.PPR"":{""auctionValue"":0,""published"":false,""rank"":1145,""rankSourceId"":0,""rankType"":""PPR"",""slotId"":0},""ownership"":{""activityLevel"":null,""auctionValueAverage"":0.0,""auctionValueAverageChange"":0.0,""averageDraftPosition"":169.97,""averageDraftPositionPercentChange"":0.0,""date"":1788179422861,""leagueType"":0,""percentChange"":0.0,""percentOwned"":0.07,""percentStarted"":0.01}}",-975.03,,,unresolved,0.0,no Draft Command player match,Live ESPN draft-room order was not separately observable from the public API capture.,b034020014b1f4bd81406b3e87fba084a1df65afdb7f4218a66fec2ffeb1f3c4,espn_2026_frozen_20260901T003012Z_3379127ab1c0
2026,2026-09-01T00:30:12Z,2026-08-31T19:30:12-05:00,frozen,espn-fantasy-api-kona-player-info-2026-ppr,https://lm-api-reads.fantasy.espn.com/apis/v3/games/ffl/seasons/2026/segments/0/leaguedefaults/1?view=kona_player_info,1,PPR,4372505,Payne Durham,payne durham,TB,TE,"[5,6,23,7,20,21]",1146,,169.99,,"{""draftRanksByRankType.PPR"":{""auctionValue"":0,""published"":false,""rank"":1146,""rankSourceId"":0,""rankType"":""PPR"",""slotId"":0},""ownership"":{""activityLevel"":null,""auctionValueAverage"":0.0,""auctionValueAverageChange"":0.0,""averageDraftPosition"":169.99,""averageDraftPositionPercentChange"":0.0,""date"":1788201014472,""leagueType"":0,""percentChange"":0.0,""percentOwned"":0.03,""percentStarted"":0.01}}",-976.01,,,unresolved,0.0,no Draft Command player match,Live ESPN draft-room order was not separately observable from the public API capture.,143ea80f4c73206c77488a7f53be3998784fe83ce8ef46461c27d3d98290ac60,espn_2026_frozen_20260901T003012Z_3379127ab1c0
2026,2026-09-01T00:30:12Z,2026-08-31T19:30:12-05:00,frozen,espn-fantasy-api-kona-player-info-2026-ppr,https://lm-api-reads.fantasy.espn.com/apis/v3/games/ffl/seasons/2026/segments/0/leaguedefaults/1?view=kona_player_info,1,PPR,4702559,Oscar Delp,oscar delp,NO,TE,"[25,5,6,23,7,20,21]",1147,,169.99,,"{""draftRanksByRankType.PPR"":{""auctionValue"":0,""published"":false,""rank"":1147,""rankSourceId"":0,""rankType"":""PPR"",""slotId"":0},""ownership"":{""activityLevel"":null,""auctionValueAverage"":0.0,""auctionValueAverageChange"":0.0,""averageDraftPosition"":169.99,""averageDraftPositionPercentChange"":-0.01,""date"":1788219021968,""leagueType"":0,""percentChange"":-0.01,""percentOwned"":0.14,""percentStarted"":0.01}}",-977.01,,,unresolved,0.0,no Draft Command player match,Live ESPN draft-room order was not separately observable from the public API capture.,1166f6c99c4ea31d32828c361da02914511812ac159006a95b0ad158d4ac9989,espn_2026_frozen_20260901T003012Z_3379127ab1c0
2026,2026-09-01T00:30:12Z,2026-08-31T19:30:12-05:00,frozen,espn-fantasy-api-kona-player-info-2026-ppr,https://lm-api-reads.fantasy.espn.com/apis/v3/games/ffl/seasons/2026/segments/0/leaguedefaults/1?view=kona_player_info,1,PPR,4698597,Barion Brown,barion brown,NO,WR,"[25,3,4,5,23,7,20,21]",1153,,169.98,,"{""draftRanksByRankType.PPR"":{""auctionValue"":0,""published"":false,""rank"":1153,""rankSourceId"":0,""rankType"":""PPR"",""slotId"":0},""ownership"":{""activityLevel"":null,""auctionValueAverage"":0.0,""auctionValueAverageChange"":0.0,""averageDraftPosition"":169.98,""averageDraftPositionPercentChange"":0.0,""date"":1788215417553,""leagueType"":0,""percentChange"":0.0,""percentOwned"":0.17,""percentStarted"":0.02}}",-983.02,,,unresolved,0.0,no Draft Command player match,Live ESPN draft-room order was not separately observable from the public API capture.,0a253f2863fab4c63ac1a9aa876e95dc808ccb68dde885840db359ab8dcd7a25,espn_2026_frozen_20260901T003012Z_3379127ab1c0
2026,2026-09-01T00:30:12Z,2026-08-31T19:30:12-05:00,frozen,espn-fantasy-api-kona-player-info-2026-ppr,https://lm-api-reads.fantasy.espn.com/apis/v3/games/ffl/seasons/2026/segments/0/leaguedefaults/1?view=kona_player_info,1,PPR,3051889,Laquon Treadwell,laquon treadwell,IND,WR,"[3,4,5,23,7,20,21]",1157,,169.99,,"{""draftRanksByRankType.PPR"":{""auctionValue"":0,""published"":false,""rank"":1157,""rankSourceId"":0,""rankType"":""PPR"",""slotId"":0},""ownership"":{""activityLevel"":null,""auctionValueAverage"":0.0,""auctionValueAverageChange"":0.0,""averageDraftPosition"":169.99,""averageDraftPositionPercentChange"":0.0,""date"":1787977816449,""leagueType"":0,""percentChange"":0.0,""percentOwned"":0.02,""percentStarted"":0.01}}",-987.01,,,unresolved,0.0,no Draft Command player match,Live ESPN draft-room order was not separately observable from the public API capture.,a54db370e00cd0f77c2ab77c675eea1de8e48bb2795a576e9ec75990639b7748,espn_2026_frozen_20260901T003012Z_3379127ab1c0
2026,2026-09-01T00:30:12Z,2026-08-31T19:30:12-05:00,frozen,espn-fantasy-api-kona-player-info-2026-ppr,https://lm-api-reads.fantasy.espn.com/apis/v3/games/ffl/seasons/2026/segments/0/leaguedefaults/1?view=kona_player_info,1,PPR,3917668,Alec Ingold,alec ingold,LAC,RB,"[2,3,23,7,20,21]",1162,,169.99,,"{""draftRanksByRankType.PPR"":{""auctionValue"":0,""published"":false,""rank"":1162,""rankSourceId"":0,""rankType"":""PPR"",""slotId"":0},""ownership"":{""activityLevel"":null,""auctionValueAverage"":0.0,""auctionValueAverageChange"":0.0,""averageDraftPosition"":169.99,""averageDraftPositionPercentChange"":0.0,""date"":1788211816257,""leagueType"":0,""percentChange"":0.0,""percentOwned"":0.05,""percentStarted"":0.01}}",-992.01,,,unresolved,0.0,no Draft Command player match,Live ESPN draft-room order was not separately observable from the public API capture.,e55c0b38b014223c699ab75dc4ace993d146c3d7ff2ec448269a0e3685b3e7b8,espn_2026_frozen_20260901T003012Z_3379127ab1c0
2026,2026-09-01T00:30:12Z,2026-08-31T19:30:12-05:00,frozen,espn-fantasy-api-kona-player-info-2026-ppr,https://lm-api-reads.fantasy.espn.com/apis/v3/games/ffl/seasons/2026/segments/0/leaguedefaults/1?view=kona_player_info,1,PPR,4432775,Dont'e Thornton Jr.,dont e thornton,LV,WR,"[3,4,5,23,7,20,21]",1164,,169.99,,"{""draftRanksByRankType.PPR"":{""auctionValue"":0,""published"":false,""rank"":1164,""rankSourceId"":0,""rankType"":""PPR"",""slotId"":0},""ownership"":{""activityLevel"":null,""auctionValueAverage"":0.0,""auctionValueAverageChange"":0.0,""averageDraftPosition"":169.99,""averageDraftPositionPercentChange"":0.0,""date"":1788197415844,""leagueType"":0,""percentChange"":-0.01,""percentOwned"":0.09,""percentStarted"":0.01}}",-994.01,,,unresolved,0.0,no Draft Command player match,Live ESPN draft-room order was not separately observable from the public API capture.,ae341cff87fa1ea408f237b268cce5cc27a2a131f35816d96effb055249b0772,espn_2026_frozen_20260901T003012Z_3379127ab1c0
2026,2026-09-01T00:30:12Z,2026-08-31T19:30:12-05:00,frozen,espn-fantasy-api-kona-player-info-2026-ppr,https://lm-api-reads.fantasy.espn.com/apis/v3/games/ffl/seasons/2026/segments/0/leaguedefaults/1?view=kona_player_info,1,PPR,4259305,Bo Melton,bo melton,GB,WR,"[3,4,5,23,7,20,21]",1168,,169.98,,"{""draftRanksByRankType.PPR"":{""auctionValue"":0,""published"":false,""rank"":1168,""rankSourceId"":0,""rankType"":""PPR"",""slotId"":0},""ownership"":{""activityLevel"":null,""auctionValueAverage"":0.0,""auctionValueAverageChange"":0.0,""averageDraftPosition"":169.98,""averageDraftPositionPercentChange"":0.0,""date"":1788215414752,""leagueType"":0,""percentChange"":0.0,""percentOwned"":0.08,""percentStarted"":0.01}}",-998.02,,,unresolved,0.0,no Draft Command player match,Live ESPN draft-room order was not separately observable from the public API capture.,0122996dc81b1031196deeaa18dc14aa03233e6a91f44586308f0879d238db08,espn_2026_frozen_20260901T003012Z_3379127ab1c0
2026,2026-09-01T00:30:12Z,2026-08-31T19:30:12-05:00,frozen,espn-fantasy-api-kona-player-info-2026-ppr,https://lm-api-reads.fantasy.espn.com/apis/v3/games/ffl/seasons/2026/segments/0/leaguedefaults/1?view=kona_player_info,1,PPR,4362018,Blake Whiteheart,blake whiteheart,CLE,TE,"[5,6,23,7,20,21]",1170,,169.99,,"{""draftRanksByRankType.PPR"":{""auctionValue"":0,""published"":false,""rank"":1170,""rankSourceId"":0,""rankType"":""PPR"",""slotId"":0},""ownership"":{""activityLevel"":null,""auctionValueAverage"":0.0,""auctionValueAverageChange"":0.0,""averageDraftPosition"":169.99,""averageDraftPositionPercentChange"":0.0,""date"":1787441421426,""leagueType"":0,""percentChange"":0.0,""percentOwned"":0.03,""percentStarted"":0.01}}",-1000.01,,,unresolved,0.0,no Draft Command player match,Live ESPN draft-room order was not separately observable from the public API capture.,93039984277db743f021ca75de1da9da65887676733a3bad0b5ca5d4593da17b,espn_2026_frozen_20260901T003012Z_3379127ab1c0
2026,2026-09-01T00:30:12Z,2026-08-31T19:30:12-05:00,frozen,espn-fantasy-api-kona-player-info-2026-ppr,https://lm-api-reads.fantasy.espn.com/apis/v3/games/ffl/seasons/2026/segments/0/leaguedefaults/1?view=kona_player_info,1,PPR,4373030,Ben Sims,ben sims,MIA,TE,"[5,6,23,7,20,21]",1173,,169.99,,"{""draftRanksByRankType.PPR"":{""auctionValue"":0,""published"":false,""rank"":1173,""rankSourceId"":0,""rankType"":""PPR"",""slotId"":0},""ownership"":{""activityLevel"":null,""auctionValueAverage"":0.0,""auctionValueAverageChange"":0.0,""averageDraftPosition"":169.99,""averageDraftPositionPercentChange"":0.0,""date"":1787920215435,""leagueType"":0,""percentChange"":0.0,""percentOwned"":0.03,""percentStarted"":0.01}}",-1003.01,,,unresolved,0.0,no Draft Command player match,Live ESPN draft-room order was not separately observable from the public API capture.,d02150948d9d720b0d55e2a596b9203d72331ecd736be7f36ed1ce4ec8ffee3a,espn_2026_frozen_20260901T003012Z_3379127ab1c0
2026,2026-09-01T00:30:12Z,2026-08-31T19:30:12-05:00,frozen,espn-fantasy-api-kona-player-info-2026-ppr,https://lm-api-reads.fantasy.espn.com/apis/v3/games/ffl/seasons/2026/segments/0/leaguedefaults/1?view=kona_player_info,1,PPR,4613104,Malachi Corley,malachi corley,CLE,WR,"[3,4,5,23,7,20,21]",1182,,169.99,,"{""draftRanksByRankType.PPR"":{""auctionValue"":0,""published"":false,""rank"":1182,""rankSourceId"":0,""rankType"":""PPR"",""slotId"":0},""ownership"":{""activityLevel"":null,""auctionValueAverage"":0.0,""auctionValueAverageChange"":0.0,""averageDraftPosition"":169.99,""averageDraftPositionPercentChange"":0.0,""date"":1788125421701,""leagueType"":0,""percentChange"":0.0,""percentOwned"":0.04,""percentStarted"":0.01}}",-1012.01,,,unresolved,0.0,no Draft Command player match,Live ESPN draft-room order was not separately observable from the public API capture.,0f89ba37f486629eb13472a0b54a4960dfa5ab0b85969158dfa82cf1a2f12d35,espn_2026_frozen_20260901T003012Z_3379127ab1c0
2026,2026-09-01T00:30:12Z,2026-08-31T19:30:12-05:00,frozen,espn-fantasy-api-kona-player-info-2026-ppr,https://lm-api-reads.fantasy.espn.com/apis/v3/games/ffl/seasons/2026/segments/0/leaguedefaults/1?view=kona_player_info,1,PPR,4372758,Kevin Austin Jr.,kevin austin,NO,WR,"[3,4,5,23,7,20,21]",1184,,170,,"{""draftRanksByRankType.PPR"":{""auctionValue"":0,""published"":false,""rank"":1184,""rankSourceId"":0,""rankType"":""PPR"",""slotId"":0},""ownership"":{""activityLevel"":null,""auctionValueAverage"":0.0,""auctionValueAverageChange"":0.0,""averageDraftPosition"":170.0,""averageDraftPositionPercentChange"":0.0,""date"":1787524223360,""leagueType"":0,""percentChange"":0.0,""percentOwned"":0.01,""percentStarted"":0.0}}",-1014.0,,,unresolved,0.0,no Draft Command player match,Live ESPN draft-room order was not separately observable from the public API capture.,9cb69ac4e0dd17a2e3406a0be71399949543f45500e9ca2faea7a2b99fcf22f1,espn_2026_frozen_20260901T003012Z_3379127ab1c0
2026,2026-09-01T00:30:12Z,2026-08-31T19:30:12-05:00,frozen,espn-fantasy-api-kona-player-info-2026-ppr,https://lm-api-reads.fantasy.espn.com/apis/v3/games/ffl/seasons/2026/segments/0/leaguedefaults/1?view=kona_player_info,1,PPR,4245144,Tay Martin,tay martin,DET,WR,"[3,4,5,23,7,20,21]",1185,,170,,"{""draftRanksByRankType.PPR"":{""auctionValue"":0,""published"":false,""rank"":1185,""rankSourceId"":0,""rankType"":""PPR"",""slotId"":0},""ownership"":{""activityLevel"":null,""auctionValueAverage"":0.0,""auctionValueAverageChange"":0.0,""averageDraftPosition"":170.0,""averageDraftPositionPercentChange"":0.0,""date"":1788219019025,""leagueType"":0,""percentChange"":0.0,""percentOwned"":0.02,""percentStarted"":0.0}}",-1015.0,,,unresolved,0.0,no Draft Command player match,Live ESPN draft-room order was not separately observable from the public API capture.,caf3560f84d15f14f88afcd1df2b4c7164b934becfd540fcc2d52aebde327fa6,espn_2026_frozen_20260901T003012Z_3379127ab1c0
2026,2026-09-01T00:30:12Z,2026-08-31T19:30:12-05:00,frozen,espn-fantasy-api-kona-player-info-2026-ppr,https://lm-api-reads.fantasy.espn.com/apis/v3/games/ffl/seasons/2026/segments/0/leaguedefaults/1?view=kona_player_info,1,PPR,4362477,Derius Davis,derius davis,LAC,WR,"[3,4,5,23,7,20,21]",1193,,169.99,,"{""draftRanksByRankType.PPR"":{""auctionValue"":0,""published"":false,""rank"":1193,""rankSourceId"":0,""rankType"":""PPR"",""slotId"":0},""ownership"":{""activityLevel"":null,""auctionValueAverage"":0.0,""auctionValueAverageChange"":0.0,""averageDraftPosition"":169.99,""averageDraftPositionPercentChange"":0.0,""date"":1788118218443,""leagueType"":0,""percentChange"":0.0,""percentOwned"":0.03,""percentStarted"":0.01}}",-1023.01,,,unresolved,0.0,no Draft Command player match,Live ESPN draft-room order was not separately observable from the public API capture.,707f0e727b29fe31d9ffd816948ba530b584a27ee4cd55ba475e7da2ba1047a1,espn_2026_frozen_20260901T003012Z_3379127ab1c0
2026,2026-09-01T00:30:12Z,2026-08-31T19:30:12-05:00,frozen,espn-fantasy-api-kona-player-info-2026-ppr,https://lm-api-reads.fantasy.espn.com/apis/v3/games/ffl/seasons/2026/segments/0/leaguedefaults/1?view=kona_player_info,1,PPR,4386544,Xavier Smith,xavier smith,LAR,WR,"[3,4,5,23,7,20,21]",1194,,169.98,,"{""draftRanksByRankType.PPR"":{""auctionValue"":0,""published"":false,""rank"":1194,""rankSourceId"":0,""rankType"":""PPR"",""slotId"":0},""ownership"":{""activityLevel"":null,""auctionValueAverage"":0.0,""auctionValueAverageChange"":0.0,""averageDraftPosition"":169.98,""averageDraftPositionPercentChange"":0.0,""date"":1788215415523,""leagueType"":0,""percentChange"":0.0,""percentOwned"":0.07,""percentStarted"":0.01}}",-1024.02,,,unresolved,0.0,no Draft Command player match,Live ESPN draft-room order was not separately observable from the public API capture.,4939605199c52fd6b978e65c443da53c547688dafc576136d2ecc15464256289,espn_2026_frozen_20260901T003012Z_3379127ab1c0
2026,2026-09-01T00:30:12Z,2026-08-31T19:30:12-05:00,frozen,espn-fantasy-api-kona-player-info-2026-ppr,https://lm-api-reads.fantasy.espn.com/apis/v3/games/ffl/seasons/2026/segments/0/leaguedefaults/1?view=kona_player_info,1,PPR,3929914,Adam Prentice,adam prentice,FA,RB,"[2,3,23,7,20,21]",1207,,169.99,,"{""draftRanksByRankType.PPR"":{""auctionValue"":0,""published"":false,""rank"":1207,""rankSourceId"":0,""rankType"":""PPR"",""slotId"":0},""ownership"":{""activityLevel"":null,""auctionValueAverage"":0.0,""auctionValueAverageChange"":0.0,""averageDraftPosition"":169.99,""averageDraftPositionPercentChange"":0.0,""date"":1788222619339,""leagueType"":0,""percentChange"":0.0,""percentOwned"":0.04,""percentStarted"":0.01}}",-1037.01,,,unresolved,0.0,no Draft Command player match,Live ESPN draft-room order was not separately observable from the public API capture.,227cbadd933bf05bd402b6ce111c559935680bac59358d1f1652cbe1ed38feb2,espn_2026_frozen_20260901T003012Z_3379127ab1c0
2026,2026-09-01T00:30:12Z,2026-08-31T19:30:12-05:00,frozen,espn-fantasy-api-kona-player-info-2026-ppr,https://lm-api-reads.fantasy.espn.com/apis/v3/games/ffl/seasons/2026/segments/0/leaguedefaults/1?view=kona_player_info,1,PPR,4575665,Jacob Cowing,jacob cowing,SF,WR,"[3,4,5,23,7,20,21]",1208,,169.99,,"{""draftRanksByRankType.PPR"":{""auctionValue"":0,""published"":false,""rank"":1208,""rankSourceId"":0,""rankType"":""PPR"",""slotId"":0},""ownership"":{""activityLevel"":null,""auctionValueAverage"":0.0,""auctionValueAverageChange"":0.0,""averageDraftPosition"":169.99,""averageDraftPositionPercentChange"":0.0,""date"":1788208214849,""leagueType"":0,""percentChange"":0.0,""percentOwned"":0.03,""percentStarted"":0.01}}",-1038.01,,,unresolved,0.0,no Draft Command player match,Live ESPN draft-room order was not separately observable from the public API capture.,b2a686fb34c4704381d31e8ced04e22c0582a8b2da85075698f42759a33d5533,espn_2026_frozen_20260901T003012Z_3379127ab1c0
2026,2026-09-01T00:30:12Z,2026-08-31T19:30:12-05:00,frozen,espn-fantasy-api-kona-player-info-2026-ppr,https://lm-api-reads.fantasy.espn.com/apis/v3/games/ffl/seasons/2026/segments/0/leaguedefaults/1?view=kona_player_info,1,PPR,4241961,Connor Heyward,connor heyward,LV,RB,"[2,3,23,7,20,21]",1209,,169.99,,"{""draftRanksByRankType.PPR"":{""auctionValue"":0,""published"":false,""rank"":1209,""rankSourceId"":0,""rankType"":""PPR"",""slotId"":0},""ownership"":{""activityLevel"":null,""auctionValueAverage"":0.0,""auctionValueAverageChange"":0.0,""averageDraftPosition"":169.99,""averageDraftPositionPercentChange"":0.0,""date"":1788215414422,""leagueType"":0,""percentChange"":0.0,""percentOwned"":0.06,""percentStarted"":0.01}}",-1039.01,,,unresolved,0.0,no Draft Command player match,Live ESPN draft-room order was not separately observable from the public API capture.,c977e8ceff8bbfe7177034620b66f4c257f5290752f84840ff0bf3da01aba3f1,espn_2026_frozen_20260901T003012Z_3379127ab1c0
2026,2026-09-01T00:30:12Z,2026-08-31T19:30:12-05:00,frozen,espn-fantasy-api-kona-player-info-2026-ppr,https://lm-api-reads.fantasy.espn.com/apis/v3/games/ffl/seasons/2026/segments/0/leaguedefaults/1?view=kona_player_info,1,PPR,4384852,Dohnte Meyers,dohnte meyers,CIN,WR,"[3,4,5,23,7,20,21]",1210,,169.97,,"{""draftRanksByRankType.PPR"":{""auctionValue"":0,""published"":false,""rank"":1210,""rankSourceId"":0,""rankType"":""PPR"",""slotId"":0},""ownership"":{""activityLevel"":null,""auctionValueAverage"":0.02,""auctionValueAverageChange"":0.02,""averageDraftPosition"":169.97,""averageDraftPositionPercentChange"":0.03,""date"":1788219019936,""leagueType"":0,""percentChange"":0.05,""percentOwned"":0.05,""percentStarted"":0.01}}",-1040.03,,,unresolved,0.0,no Draft Command player match,Live ESPN draft-room order was not separately observable from the public API capture.,844d6e22b43a13814d4a0ca88cdeb7ea004f54e145462b02f2f71597169d8c9c,espn_2026_frozen_20260901T003012Z_3379127ab1c0
2026,2026-09-01T00:30:12Z,2026-08-31T19:30:12-05:00,frozen,espn-fantasy-api-kona-player-info-2026-ppr,https://lm-api-reads.fantasy.espn.com/apis/v3/games/ffl/seasons/2026/segments/0/leaguedefaults/1?view=kona_player_info,1,PPR,2515270,Michael Burton,michael burton,CLE,RB,"[2,3,23,7,20,21]",1211,,169.98,,"{""draftRanksByRankType.PPR"":{""auctionValue"":0,""published"":false,""rank"":1211,""rankSourceId"":0,""rankType"":""PPR"",""slotId"":0},""ownership"":{""activityLevel"":null,""auctionValueAverage"":0.0,""auctionValueAverageChange"":0.0,""averageDraftPosition"":169.98,""averageDraftPositionPercentChange"":0.0,""date"":1787535016227,""leagueType"":0,""percentChange"":0.0,""percentOwned"":0.05,""percentStarted"":0.01}}",-1041.02,,,unresolved,0.0,no Draft Command player match,Live ESPN draft-room order was not separately observable from the public API capture.,9f80a2324a1852d10d1c650b56eb9db721a164dd59301ca143200c63b5cd4b2a,espn_2026_frozen_20260901T003012Z_3379127ab1c0
2026,2026-09-01T00:30:12Z,2026-08-31T19:30:12-05:00,frozen,espn-fantasy-api-kona-player-info-2026-ppr,https://lm-api-reads.fantasy.espn.com/apis/v3/games/ffl/seasons/2026/segments/0/leaguedefaults/1?view=kona_player_info,1,PPR,4695193,Efton Chism III,efton chism,NE,WR,"[3,4,5,23,7,20,21]",1212,,169.96,,"{""draftRanksByRankType.PPR"":{""auctionValue"":0,""published"":false,""rank"":1212,""rankSourceId"":0,""rankType"":""PPR"",""slotId"":0},""ownership"":{""activityLevel"":null,""auctionValueAverage"":0.0,""auctionValueAverageChange"":0.0,""averageDraftPosition"":169.96,""averageDraftPositionPercentChange"":0.0,""date"":1788215417465,""leagueType"":0,""percentChange"":0.0,""percentOwned"":0.15,""percentStarted"":0.01}}",-1042.04,,,unresolved,0.0,no Draft Command player match,Live ESPN draft-room order was not separately observable from the public API capture.,fc5a462ca969143b73d379aa52feafd9bdbd7a5e5aa454ac8ba88946ee07bb9a,espn_2026_frozen_20260901T003012Z_3379127ab1c0
2026,2026-09-01T00:30:12Z,2026-08-31T19:30:12-05:00,frozen,espn-fantasy-api-kona-player-info-2026-ppr,https://lm-api-reads.fantasy.espn.com/apis/v3/games/ffl/seasons/2026/segments/0/leaguedefaults/1?view=kona_player_info,1,PPR,4878695,Max Bredeson,max bredeson,MIN,RB,"[2,3,23,7,20,21]",1218,,169.99,,"{""draftRanksByRankType.PPR"":{""auctionValue"":0,""published"":false,""rank"":1218,""rankSourceId"":0,""rankType"":""PPR"",""slotId"":0},""ownership"":{""activityLevel"":null,""auctionValueAverage"":0.0,""auctionValueAverageChange"":0.0,""averageDraftPosition"":169.99,""averageDraftPositionPercentChange"":0.0,""date"":1788179424353,""leagueType"":0,""percentChange"":0.0,""percentOwned"":0.05,""percentStarted"":0.01}}",-1048.01,,,unresolved,0.0,no Draft Command player match,Live ESPN draft-room order was not separately observable from the public API capture.,066038053b82cd13a7c591265ec94fd81b72f9d889dbf704ad9dfc5372fe411c,espn_2026_frozen_20260901T003012Z_3379127ab1c0
2026,2026-09-01T00:30:12Z,2026-08-31T19:30:12-05:00,frozen,espn-fantasy-api-kona-player-info-2026-ppr,https://lm-api-reads.fantasy.espn.com/apis/v3/games/ffl/seasons/2026/segments/0/leaguedefaults/1?view=kona_player_info,1,PPR,4360967,Brevyn Spann-Ford,brevyn spann ford,DAL,TE,"[5,6,23,7,20,21]",1221,,169.97,,"{""draftRanksByRankType.PPR"":{""auctionValue"":0,""published"":false,""rank"":1221,""rankSourceId"":0,""rankType"":""PPR"",""slotId"":0},""ownership"":{""activityLevel"":null,""auctionValueAverage"":0.0,""auctionValueAverageChange"":0.0,""averageDraftPosition"":169.97,""averageDraftPositionPercentChange"":0.0,""date"":1788219019382,""leagueType"":0,""percentChange"":0.0,""percentOwned"":0.08,""percentStarted"":0.01}}",-1051.03,,,unresolved,0.0,no Draft Command player match,Live ESPN draft-room order was not separately observable from the public API capture.,71d00cd99bc9ccd718051da3b4de8011ab3dfa8dbe40b098159ccda38e3039c7,espn_2026_frozen_20260901T003012Z_3379127ab1c0
2026,2026-09-01T00:30:12Z,2026-08-31T19:30:12-05:00,frozen,espn-fantasy-api-kona-player-info-2026-ppr,https://lm-api-reads.fantasy.espn.com/apis/v3/games/ffl/seasons/2026/segments/0/leaguedefaults/1?view=kona_player_info,1,PPR,4714771,Drew Allar,drew allar,PIT,QB,"[25,0,7,20,21]",1223,,169.93,,"{""draftRanksByRankType.PPR"":{""auctionValue"":0,""published"":false,""rank"":1223,""rankSourceId"":0,""rankType"":""PPR"",""slotId"":0},""ownership"":{""activityLevel"":null,""auctionValueAverage"":0.0,""auctionValueAverageChange"":0.0,""averageDraftPosition"":169.93,""averageDraftPositionPercentChange"":-0.01,""date"":1788215417602,""leagueType"":0,""percentChange"":-0.02,""percentOwned"":0.36,""percentStarted"":0.02}}",-1053.07,,,unresolved,0.0,no Draft Command player match,Live ESPN draft-room order was not separately observable from the public API capture.,0171f3e8f4ac6ab5552850dc785f09414aa84fb32060ed0bf64a5d1fbfaa1915,espn_2026_frozen_20260901T003012Z_3379127ab1c0
2026,2026-09-01T00:30:12Z,2026-08-31T19:30:12-05:00,frozen,espn-fantasy-api-kona-player-info-2026-ppr,https://lm-api-reads.fantasy.espn.com/apis/v3/games/ffl/seasons/2026/segments/0/leaguedefaults/1?view=kona_player_info,1,PPR,4383351,Trey Lance,trey lance,LAC,QB,"[0,7,20,21]",1224,,169.99,,"{""draftRanksByRankType.PPR"":{""auctionValue"":0,""published"":false,""rank"":1224,""rankSourceId"":0,""rankType"":""PPR"",""slotId"":0},""ownership"":{""activityLevel"":null,""auctionValueAverage"":0.0,""auctionValueAverageChange"":0.0,""averageDraftPosition"":169.99,""averageDraftPositionPercentChange"":0.0,""date"":1788197415489,""leagueType"":0,""percentChange"":0.0,""percentOwned"":0.07,""percentStarted"":0.01}}",-1054.01,,,unresolved,0.0,no Draft Command player match,Live ESPN draft-room order was not separately observable from the public API capture.,d287e0882367f05f9987acb54e53b564deb45277f817ccc92dce6b7ba2bc9df7,espn_2026_frozen_20260901T003012Z_3379127ab1c0
2026,2026-09-01T00:30:12Z,2026-08-31T19:30:12-05:00,frozen,espn-fantasy-api-kona-player-info-2026-ppr,https://lm-api-reads.fantasy.espn.com/apis/v3/games/ffl/seasons/2026/segments/0/leaguedefaults/1?view=kona_player_info,1,PPR,4602788,Jackson Meeks,jackson meeks,DET,TE,"[5,6,23,7,20,21]",1226,,169.99,,"{""draftRanksByRankType.PPR"":{""auctionValue"":0,""published"":false,""rank"":1226,""rankSourceId"":0,""rankType"":""PPR"",""slotId"":0},""ownership"":{""activityLevel"":null,""auctionValueAverage"":0.0,""auctionValueAverageChange"":0.0,""averageDraftPosition"":169.99,""averageDraftPositionPercentChange"":0.0,""date"":1788186617930,""leagueType"":0,""percentChange"":0.0,""percentOwned"":0.02,""percentStarted"":0.0}}",-1056.01,,,unresolved,0.0,no Draft Command player match,Live ESPN draft-room order was not separately observable from the public API capture.,64cac83408a8a3eab01091f81558184a77a8a4f5e5131402dde6aea162a707ee,espn_2026_frozen_20260901T003012Z_3379127ab1c0
2026,2026-09-01T00:30:12Z,2026-08-31T19:30:12-05:00,frozen,espn-fantasy-api-kona-player-info-2026-ppr,https://lm-api-reads.fantasy.espn.com/apis/v3/games/ffl/seasons/2026/segments/0/leaguedefaults/1?view=kona_player_info,1,PPR,4683423,Riley Leonard,riley leonard,IND,QB,"[0,7,20,21]",1228,,169.99,,"{""draftRanksByRankType.PPR"":{""auctionValue"":0,""published"":false,""rank"":1228,""rankSourceId"":0,""rankType"":""PPR"",""slotId"":0},""ownership"":{""activityLevel"":null,""auctionValueAverage"":0.0,""auctionValueAverageChange"":0.0,""averageDraftPosition"":169.99,""averageDraftPositionPercentChange"":0.0,""date"":1788215417032,""leagueType"":0,""percentChange"":0.0,""percentOwned"":0.07,""percentStarted"":0.01}}",-1058.01,,,unresolved,0.0,no Draft Command player match,Live ESPN draft-room order was not separately observable from the public API capture.,9eb60839c6b2362a094def3f70b6c218705e6c80bc0fce7c6a072b353d7687d2,espn_2026_frozen_20260901T003012Z_3379127ab1c0
2026,2026-09-01T00:30:12Z,2026-08-31T19:30:12-05:00,frozen,espn-fantasy-api-kona-player-info-2026-ppr,https://lm-api-reads.fantasy.espn.com/apis/v3/games/ffl/seasons/2026/segments/0/leaguedefaults/1?view=kona_player_info,1,PPR,4889929,Quinn Ewers,quinn ewers,JAX,QB,"[0,7,20,21]",1229,,169.97,,"{""draftRanksByRankType.PPR"":{""auctionValue"":0,""published"":false,""rank"":1229,""rankSourceId"":0,""rankType"":""PPR"",""slotId"":0},""ownership"":{""activityLevel"":null,""auctionValueAverage"":0.0,""auctionValueAverageChange"":0.0,""averageDraftPosition"":169.97,""averageDraftPositionPercentChange"":-0.01,""date"":1788211819473,""leagueType"":0,""percentChange"":-0.01,""percentOwned"":0.09,""percentStarted"":0.01}}",-1059.03,,,unresolved,0.0,no Draft Command player match,Live ESPN draft-room order was not separately observable from the public API capture.,19ebb35d20d7e157ab37619baaa8d747961bd6c535be8c34856fb1750c953e23,espn_2026_frozen_20260901T003012Z_3379127ab1c0
2026,2026-09-01T00:30:12Z,2026-08-31T19:30:12-05:00,frozen,espn-fantasy-api-kona-player-info-2026-ppr,https://lm-api-reads.fantasy.espn.com/apis/v3/games/ffl/seasons/2026/segments/0/leaguedefaults/1?view=kona_player_info,1,PPR,14163,Tyrod Taylor,tyrod taylor,GB,QB,"[0,7,20,21]",1231,,169.97,,"{""draftRanksByRankType.PPR"":{""auctionValue"":0,""published"":false,""rank"":1231,""rankSourceId"":0,""rankType"":""PPR"",""slotId"":0},""ownership"":{""activityLevel"":null,""auctionValueAverage"":0.0,""auctionValueAverageChange"":0.0,""averageDraftPosition"":169.97,""averageDraftPositionPercentChange"":0.0,""date"":1788208212393,""leagueType"":0,""percentChange"":-0.01,""percentOwned"":0.09,""percentStarted"":0.01}}",-1061.03,,,unresolved,0.0,no Draft Command player match,Live ESPN draft-room order was not separately observable from the public API capture.,518a308caea15127f1a012253b33ef79bc642b8cfec9aedd4458bb6fd49071e6,espn_2026_frozen_20260901T003012Z_3379127ab1c0
2026,2026-09-01T00:30:12Z,2026-08-31T19:30:12-05:00,frozen,espn-fantasy-api-kona-player-info-2026-ppr,https://lm-api-reads.fantasy.espn.com/apis/v3/games/ffl/seasons/2026/segments/0/leaguedefaults/1?view=kona_player_info,1,PPR,4917427,Tanner Koziol,tanner koziol,JAX,TE,"[25,5,6,23,7,20,21]",1233,,170,,"{""draftRanksByRankType.PPR"":{""auctionValue"":0,""published"":false,""rank"":1233,""rankSourceId"":0,""rankType"":""PPR"",""slotId"":0},""ownership"":{""activityLevel"":null,""auctionValueAverage"":0.0,""auctionValueAverageChange"":0.0,""averageDraftPosition"":170.0,""averageDraftPositionPercentChange"":0.0,""date"":1788139825054,""leagueType"":0,""percentChange"":0.0,""percentOwned"":0.03,""percentStarted"":0.0}}",-1063.0,,,unresolved,0.0,no Draft Command player match,Live ESPN draft-room order was not separately observable from the public API capture.,9aa0156f89c61f43c2e8947c2dd5933c39c15aed7d93fb01f721c009376f16ad,espn_2026_frozen_20260901T003012Z_3379127ab1c0
2026,2026-09-01T00:30:12Z,2026-08-31T19:30:12-05:00,frozen,espn-fantasy-api-kona-player-info-2026-ppr,https://lm-api-reads.fantasy.espn.com/apis/v3/games/ffl/seasons/2026/segments/0/leaguedefaults/1?view=kona_player_info,1,PPR,4034779,Ko Kieft,ko kieft,TB,TE,"[5,6,23,7,20,21]",1235,,169.99,,"{""draftRanksByRankType.PPR"":{""auctionValue"":0,""published"":false,""rank"":1235,""rankSourceId"":0,""rankType"":""PPR"",""slotId"":0},""ownership"":{""activityLevel"":null,""auctionValueAverage"":0.0,""auctionValueAverageChange"":0.0,""averageDraftPosition"":169.99,""averageDraftPositionPercentChange"":0.0,""date"":1788049818126,""leagueType"":0,""percentChange"":0.0,""percentOwned"":0.02,""percentStarted"":0.01}}",-1065.01,,,unresolved,0.0,no Draft Command player match,Live ESPN draft-room order was not separately observable from the public API capture.,a67fcf1a9501fe15310639775b10c010793f8b4dba32b3b2c8caf0baa739f5a9,espn_2026_frozen_20260901T003012Z_3379127ab1c0
2026,2026-09-01T00:30:12Z,2026-08-31T19:30:12-05:00,frozen,espn-fantasy-api-kona-player-info-2026-ppr,https://lm-api-reads.fantasy.espn.com/apis/v3/games/ffl/seasons/2026/segments/0/leaguedefaults/1?view=kona_player_info,1,PPR,4240703,Kenny Pickett,kenny pickett,CAR,QB,"[0,7,20,21]",1236,,169.97,,"{""draftRanksByRankType.PPR"":{""auctionValue"":0,""published"":false,""rank"":1236,""rankSourceId"":0,""rankType"":""PPR"",""slotId"":0},""ownership"":{""activityLevel"":null,""auctionValueAverage"":0.0,""auctionValueAverageChange"":0.0,""averageDraftPosition"":169.97,""averageDraftPositionPercentChange"":0.0,""date"":1788222619871,""leagueType"":0,""percentChange"":-0.01,""percentOwned"":0.1,""percentStarted"":0.01}}",-1066.03,,,unresolved,0.0,no Draft Command player match,Live ESPN draft-room order was not separately observable from the public API capture.,4defe8784660301b3c5ecda0a6a3884b9b6df344675b24d724961bfadeba6e59,espn_2026_frozen_20260901T003012Z_3379127ab1c0
2026,2026-09-01T00:30:12Z,2026-08-31T19:30:12-05:00,frozen,espn-fantasy-api-kona-player-info-2026-ppr,https://lm-api-reads.fantasy.espn.com/apis/v3/games/ffl/seasons/2026/segments/0/leaguedefaults/1?view=kona_player_info,1,PPR,4565185,Tai Felton,tai felton,MIN,WR,"[3,4,5,23,7,20,21]",1237,,169.98,,"{""draftRanksByRankType.PPR"":{""auctionValue"":0,""published"":false,""rank"":1237,""rankSourceId"":0,""rankType"":""PPR"",""slotId"":0},""ownership"":{""activityLevel"":null,""auctionValueAverage"":0.0,""auctionValueAverageChange"":0.0,""averageDraftPosition"":169.98,""averageDraftPositionPercentChange"":-0.01,""date"":1788186617594,""leagueType"":0,""percentChange"":-0.01,""percentOwned"":0.1,""percentStarted"":0.01}}",-1067.02,,,unresolved,0.0,no Draft Command player match,Live ESPN draft-room order was not separately observable from the public API capture.,c01f913e0346cf10096b0bf417b310ba9453ab500ad22d087e3c405742ba2cc4,espn_2026_frozen_20260901T003012Z_3379127ab1c0
2026,2026-09-01T00:30:12Z,2026-08-31T19:30:12-05:00,frozen,espn-fantasy-api-kona-player-info-2026-ppr,https://lm-api-reads.fantasy.espn.com/apis/v3/games/ffl/seasons/2026/segments/0/leaguedefaults/1?view=kona_player_info,1,PPR,4879194,Josh Cameron,josh cameron,JAX,WR,"[25,3,4,5,23,7,20,21]",1238,,169.98,,"{""draftRanksByRankType.PPR"":{""auctionValue"":0,""published"":false,""rank"":1238,""rankSourceId"":0,""rankType"":""PPR"",""slotId"":0},""ownership"":{""activityLevel"":null,""auctionValueAverage"":0.0,""auctionValueAverageChange"":0.0,""averageDraftPosition"":169.98,""averageDraftPositionPercentChange"":-0.01,""date"":1788215417848,""leagueType"":0,""percentChange"":0.0,""percentOwned"":0.04,""percentStarted"":0.01}}",-1068.02,,,unresolved,0.0,no Draft Command player match,Live ESPN draft-room order was not separately observable from the public API capture.,6a5214544997c6a35b49b98eff811717d2a14f1e8ab18528f75eaa32abbcc125,espn_2026_frozen_20260901T003012Z_3379127ab1c0
2026,2026-09-01T00:30:12Z,2026-08-31T19:30:12-05:00,frozen,espn-fantasy-api-kona-player-info-2026-ppr,https://lm-api-reads.fantasy.espn.com/apis/v3/games/ffl/seasons/2026/segments/0/leaguedefaults/1?view=kona_player_info,1,PPR,4426339,Spencer Rattler,spencer rattler,NO,QB,"[0,7,20,21]",1239,,169.98,,"{""draftRanksByRankType.PPR"":{""auctionValue"":0,""published"":false,""rank"":1239,""rankSourceId"":0,""rankType"":""PPR"",""slotId"":0},""ownership"":{""activityLevel"":null,""auctionValueAverage"":0.0,""auctionValueAverageChange"":0.0,""averageDraftPosition"":169.98,""averageDraftPositionPercentChange"":0.0,""date"":1788211817784,""leagueType"":0,""percentChange"":0.0,""percentOwned"":0.07,""percentStarted"":0.01}}",-1069.02,,,unresolved,0.0,no Draft Command player match,Live ESPN draft-room order was not separately observable from the public API capture.,b142e68670e35e91b82c2fbac5ab36eefc88ed98f798669bd3a2320c1546734d,espn_2026_frozen_20260901T003012Z_3379127ab1c0
2026,2026-09-01T00:30:12Z,2026-08-31T19:30:12-05:00,frozen,espn-fantasy-api-kona-player-info-2026-ppr,https://lm-api-reads.fantasy.espn.com/apis/v3/games/ffl/seasons/2026/segments/0/leaguedefaults/1?view=kona_player_info,1,PPR,4695705,Marlin Klein,marlin klein,HOU,TE,"[25,5,6,23,7,20,21]",1241,,169.98,,"{""draftRanksByRankType.PPR"":{""auctionValue"":0,""published"":false,""rank"":1241,""rankSourceId"":0,""rankType"":""PPR"",""slotId"":0},""ownership"":{""activityLevel"":null,""auctionValueAverage"":0.0,""auctionValueAverageChange"":0.0,""averageDraftPosition"":169.98,""averageDraftPositionPercentChange"":0.0,""date"":1788204618984,""leagueType"":0,""percentChange"":-0.01,""percentOwned"":0.1,""percentStarted"":0.01}}",-1071.02,,,unresolved,0.0,no Draft Command player match,Live ESPN draft-room order was not separately observable from the public API capture.,6fc3bfde76d8bad3b6e19855170c488599da8202bb91f5e0a13fea7e39d88c54,espn_2026_frozen_20260901T003012Z_3379127ab1c0
2026,2026-09-01T00:30:12Z,2026-08-31T19:30:12-05:00,frozen,espn-fantasy-api-kona-player-info-2026-ppr,https://lm-api-reads.fantasy.espn.com/apis/v3/games/ffl/seasons/2026/segments/0/leaguedefaults/1?view=kona_player_info,1,PPR,4360086,Josh Whyle,josh whyle,GB,TE,"[5,6,23,7,20,21]",1242,,169.98,,"{""draftRanksByRankType.PPR"":{""auctionValue"":0,""published"":false,""rank"":1242,""rankSourceId"":0,""rankType"":""PPR"",""slotId"":0},""ownership"":{""activityLevel"":null,""auctionValueAverage"":0.0,""auctionValueAverageChange"":0.0,""averageDraftPosition"":169.98,""averageDraftPositionPercentChange"":0.0,""date"":1788208213752,""leagueType"":0,""percentChange"":0.0,""percentOwned"":0.04,""percentStarted"":0.01}}",-1072.02,,,unresolved,0.0,no Draft Command player match,Live ESPN draft-room order was not separately observable from the public API capture.,2920817fe3004ce8038eef4dbd453cc10d59f3f702c788852e4753cdba2c2447,espn_2026_frozen_20260901T003012Z_3379127ab1c0
2026,2026-09-01T00:30:12Z,2026-08-31T19:30:12-05:00,frozen,espn-fantasy-api-kona-player-info-2026-ppr,https://lm-api-reads.fantasy.espn.com/apis/v3/games/ffl/seasons/2026/segments/0/leaguedefaults/1?view=kona_player_info,1,PPR,4040612,Luke Farrell,luke farrell,SF,TE,"[5,6,23,7,20,21]",1243,,169.99,,"{""draftRanksByRankType.PPR"":{""auctionValue"":0,""published"":false,""rank"":1243,""rankSourceId"":0,""rankType"":""PPR"",""slotId"":0},""ownership"":{""activityLevel"":null,""auctionValueAverage"":0.0,""auctionValueAverageChange"":0.0,""averageDraftPosition"":169.99,""averageDraftPositionPercentChange"":0.0,""date"":1788197414918,""leagueType"":0,""percentChange"":0.0,""percentOwned"":0.04,""percentStarted"":0.01}}",-1073.01,,,unresolved,0.0,no Draft Command player match,Live ESPN draft-room order was not separately observable from the public API capture.,c838367cc169f1167d6cbbbf416f64ecf438f5d1b2f560076215aa9970c247ac,espn_2026_frozen_20260901T003012Z_3379127ab1c0
2026,2026-09-01T00:30:12Z,2026-08-31T19:30:12-05:00,frozen,espn-fantasy-api-kona-player-info-2026-ppr,https://lm-api-reads.fantasy.espn.com/apis/v3/games/ffl/seasons/2026/segments/0/leaguedefaults/1?view=kona_player_info,1,PPR,4722908,Drew Ogletree,drew ogletree,IND,TE,"[5,6,23,7,20,21]",1244,,169.99,,"{""draftRanksByRankType.PPR"":{""auctionValue"":0,""published"":false,""rank"":1244,""rankSourceId"":0,""rankType"":""PPR"",""slotId"":0},""ownership"":{""activityLevel"":null,""auctionValueAverage"":0.0,""auctionValueAverageChange"":0.0,""averageDraftPosition"":169.99,""averageDraftPositionPercentChange"":0.0,""date"":1787610619945,""leagueType"":0,""percentChange"":0.0,""percentOwned"":0.03,""percentStarted"":0.01}}",-1074.01,,,unresolved,0.0,no Draft Command player match,Live ESPN draft-room order was not separately observable from the public API capture.,9ec7643e26fac97756dfb3beee4cdf22c405d1a708f06958576122671daec52b,espn_2026_frozen_20260901T003012Z_3379127ab1c0
2026,2026-09-01T00:30:12Z,2026-08-31T19:30:12-05:00,frozen,espn-fantasy-api-kona-player-info-2026-ppr,https://lm-api-reads.fantasy.espn.com/apis/v3/games/ffl/seasons/2026/segments/0/leaguedefaults/1?view=kona_player_info,1,PPR,4685504,Sam Roush,sam roush,CHI,TE,"[25,5,6,23,7,20,21]",1245,,169.98,,"{""draftRanksByRankType.PPR"":{""auctionValue"":0,""published"":false,""rank"":1245,""rankSourceId"":0,""rankType"":""PPR"",""slotId"":0},""ownership"":{""activityLevel"":null,""auctionValueAverage"":0.0,""auctionValueAverageChange"":0.0,""averageDraftPosition"":169.98,""averageDraftPositionPercentChange"":0.0,""date"":1788215417219,""leagueType"":0,""percentChange"":0.0,""percentOwned"":0.09,""percentStarted"":0.01}}",-1075.02,,,unresolved,0.0,no Draft Command player match,Live ESPN draft-room order was not separately observable from the public API capture.,b64020086b7273ed91cf5b5ac17f16e82a0352f62e03ca86cf05f31b0acba659,espn_2026_frozen_20260901T003012Z_3379127ab1c0
2026,2026-09-01T00:30:12Z,2026-08-31T19:30:12-05:00,frozen,espn-fantasy-api-kona-player-info-2026-ppr,https://lm-api-reads.fantasy.espn.com/apis/v3/games/ffl/seasons/2026/segments/0/leaguedefaults/1?view=kona_player_info,1,PPR,5160110,Jahdae Walker,jahdae walker,CHI,WR,"[3,4,5,23,7,20,21]",1246,,169.97,,"{""draftRanksByRankType.PPR"":{""auctionValue"":0,""published"":false,""rank"":1246,""rankSourceId"":0,""rankType"":""PPR"",""slotId"":0},""ownership"":{""activityLevel"":null,""auctionValueAverage"":0.0,""auctionValueAverageChange"":0.0,""averageDraftPosition"":169.97,""averageDraftPositionPercentChange"":-0.01,""date"":1788215418139,""leagueType"":0,""percentChange"":0.0,""percentOwned"":0.15,""percentStarted"":0.01}}",-1076.03,,,unresolved,0.0,no Draft Command player match,Live ESPN draft-room order was not separately observable from the public API capture.,0a88ca3e03336861fdd72ceef9477332a41443865f00aade84c7d5c6045a4b17,espn_2026_frozen_20260901T003012Z_3379127ab1c0
2026,2026-09-01T00:30:12Z,2026-08-31T19:30:12-05:00,frozen,espn-fantasy-api-kona-player-info-2026-ppr,https://lm-api-reads.fantasy.espn.com/apis/v3/games/ffl/seasons/2026/segments/0/leaguedefaults/1?view=kona_player_info,1,PPR,3044720,Joshua Dobbs,joshua dobbs,DET,QB,"[0,7,20,21]",1248,,169.95,,"{""draftRanksByRankType.PPR"":{""auctionValue"":0,""published"":false,""rank"":1248,""rankSourceId"":0,""rankType"":""PPR"",""slotId"":0},""ownership"":{""activityLevel"":null,""auctionValueAverage"":0.0,""auctionValueAverageChange"":0.0,""averageDraftPosition"":169.95,""averageDraftPositionPercentChange"":-0.01,""date"":1788179418922,""leagueType"":0,""percentChange"":0.0,""percentOwned"":0.09,""percentStarted"":0.01}}",-1078.05,,,unresolved,0.0,no Draft Command player match,Live ESPN draft-room order was not separately observable from the public API capture.,0b427e191fb78f7e72f66ea46e9d652997da49db08ff1bdc9baa9dad51f8fef4,espn_2026_frozen_20260901T003012Z_3379127ab1c0
2026,2026-09-01T00:30:12Z,2026-08-31T19:30:12-05:00,frozen,espn-fantasy-api-kona-player-info-2026-ppr,https://lm-api-reads.fantasy.espn.com/apis/v3/games/ffl/seasons/2026/segments/0/leaguedefaults/1?view=kona_player_info,1,PPR,4035671,Tyler Huntley,tyler huntley,BAL,QB,"[0,7,20,21]",1249,,169.97,,"{""draftRanksByRankType.PPR"":{""auctionValue"":0,""published"":false,""rank"":1249,""rankSourceId"":0,""rankType"":""PPR"",""slotId"":0},""ownership"":{""activityLevel"":null,""auctionValueAverage"":0.0,""auctionValueAverageChange"":0.0,""averageDraftPosition"":169.97,""averageDraftPositionPercentChange"":0.0,""date"":1788208213311,""leagueType"":0,""percentChange"":0.0,""percentOwned"":0.08,""percentStarted"":0.01}}",-1079.03,,,unresolved,0.0,no Draft Command player match,Live ESPN draft-room order was not separately observable from the public API capture.,15a5419e5a304c8860fbe587f3818b8149bcf9038c835e8f9324692e59ffbd5b,espn_2026_frozen_20260901T003012Z_3379127ab1c0
2026,2026-09-01T00:30:12Z,2026-08-31T19:30:12-05:00,frozen,espn-fantasy-api-kona-player-info-2026-ppr,https://lm-api-reads.fantasy.espn.com/apis/v3/games/ffl/seasons/2026/segments/0/leaguedefaults/1?view=kona_player_info,1,PPR,4432260,Matthew Hibner,matthew hibner,BAL,TE,"[25,5,6,23,7,20,21]",1250,,169.98,,"{""draftRanksByRankType.PPR"":{""auctionValue"":0,""published"":false,""rank"":1250,""rankSourceId"":0,""rankType"":""PPR"",""slotId"":0},""ownership"":{""activityLevel"":null,""auctionValueAverage"":0.0,""auctionValueAverageChange"":0.0,""averageDraftPosition"":169.98,""averageDraftPositionPercentChange"":0.0,""date"":1788211818330,""leagueType"":0,""percentChange"":0.0,""percentOwned"":0.08,""percentStarted"":0.01}}",-1080.02,,,unresolved,0.0,no Draft Command player match,Live ESPN draft-room order was not separately observable from the public API capture.,29b7994f42a1970078779b407cc99f73e1f3adba72b17a2c7ebe60877a546c69,espn_2026_frozen_20260901T003012Z_3379127ab1c0
2026,2026-09-01T00:30:12Z,2026-08-31T19:30:12-05:00,frozen,espn-fantasy-api-kona-player-info-2026-ppr,https://lm-api-reads.fantasy.espn.com/apis/v3/games/ffl/seasons/2026/segments/0/leaguedefaults/1?view=kona_player_info,1,PPR,4876132,Josh Cuevas,josh cuevas,BAL,TE,"[25,5,6,23,7,20,21]",1251,,169.99,,"{""draftRanksByRankType.PPR"":{""auctionValue"":0,""published"":false,""rank"":1251,""rankSourceId"":0,""rankType"":""PPR"",""slotId"":0},""ownership"":{""activityLevel"":null,""auctionValueAverage"":0.0,""auctionValueAverageChange"":0.0,""averageDraftPosition"":169.99,""averageDraftPositionPercentChange"":0.0,""date"":1788136226877,""leagueType"":0,""percentChange"":0.0,""percentOwned"":0.03,""percentStarted"":0.01}}",-1081.01,,,unresolved,0.0,no Draft Command player match,Live ESPN draft-room order was not separately observable from the public API capture.,456bd20fdebd85df62a2e80c64ec9ca119c762b0f83d5a512d8799f6c273b96e,espn_2026_frozen_20260901T003012Z_3379127ab1c0
2026,2026-09-01T00:30:12Z,2026-08-31T19:30:12-05:00,frozen,espn-fantasy-api-kona-player-info-2026-ppr,https://lm-api-reads.fantasy.espn.com/apis/v3/games/ffl/seasons/2026/segments/0/leaguedefaults/1?view=kona_player_info,1,PPR,2975863,Eric Saubert,eric saubert,SEA,TE,"[5,6,23,7,20,21]",1252,,169.99,,"{""draftRanksByRankType.PPR"":{""auctionValue"":0,""published"":false,""rank"":1252,""rankSourceId"":0,""rankType"":""PPR"",""slotId"":0},""ownership"":{""activityLevel"":null,""auctionValueAverage"":0.0,""auctionValueAverageChange"":0.0,""averageDraftPosition"":169.99,""averageDraftPositionPercentChange"":0.0,""date"":1788161417146,""leagueType"":0,""percentChange"":0.0,""percentOwned"":0.04,""percentStarted"":0.01}}",-1082.01,,,unresolved,0.0,no Draft Command player match,Live ESPN draft-room order was not separately observable from the public API capture.,1bffc6f6776aac9410950c71e6660b736af9525e09f9b544ae94427d14032ce1,espn_2026_frozen_20260901T003012Z_3379127ab1c0
2026,2026-09-01T00:30:12Z,2026-08-31T19:30:12-05:00,frozen,espn-fantasy-api-kona-player-info-2026-ppr,https://lm-api-reads.fantasy.espn.com/apis/v3/games/ffl/seasons/2026/segments/0/leaguedefaults/1?view=kona_player_info,1,PPR,4715355,Darius Cooper,darius cooper,PHI,WR,"[3,4,5,23,7,20,21]",1254,,169.97,,"{""draftRanksByRankType.PPR"":{""auctionValue"":0,""published"":false,""rank"":1254,""rankSourceId"":0,""rankType"":""PPR"",""slotId"":0},""ownership"":{""activityLevel"":null,""auctionValueAverage"":0.0,""auctionValueAverageChange"":0.0,""averageDraftPosition"":169.97,""averageDraftPositionPercentChange"":0.0,""date"":1788204619095,""leagueType"":0,""percentChange"":-0.01,""percentOwned"":0.09,""percentStarted"":0.01}}",-1084.03,,,unresolved,0.0,no Draft Command player match,Live ESPN draft-room order was not separately observable from the public API capture.,24c9ac303114fd4efb81587b03e4ba155a01bfe2e83160ffc0a0394151fc736b,espn_2026_frozen_20260901T003012Z_3379127ab1c0
2026,2026-09-01T00:30:12Z,2026-08-31T19:30:12-05:00,frozen,espn-fantasy-api-kona-player-info-2026-ppr,https://lm-api-reads.fantasy.espn.com/apis/v3/games/ffl/seasons/2026/segments/0/leaguedefaults/1?view=kona_player_info,1,PPR,3125107,Andrew Beck,andrew beck,NYJ,RB,"[2,3,23,7,20,21]",1256,,169.98,,"{""draftRanksByRankType.PPR"":{""auctionValue"":0,""published"":false,""rank"":1256,""rankSourceId"":0,""rankType"":""PPR"",""slotId"":0},""ownership"":{""activityLevel"":null,""auctionValueAverage"":0.0,""auctionValueAverageChange"":0.0,""averageDraftPosition"":169.98,""averageDraftPositionPercentChange"":0.0,""date"":1788222618941,""leagueType"":0,""percentChange"":0.0,""percentOwned"":0.05,""percentStarted"":0.01}}",-1086.02,,,unresolved,0.0,no Draft Command player match,Live ESPN draft-room order was not separately observable from the public API capture.,0dc725d5a47ab63c92564e5d33c645a6fcc67dd2c5fb04ad21765525ba675944,espn_2026_frozen_20260901T003012Z_3379127ab1c0
2026,2026-09-01T00:30:12Z,2026-08-31T19:30:12-05:00,frozen,espn-fantasy-api-kona-player-info-2026-ppr,https://lm-api-reads.fantasy.espn.com/apis/v3/games/ffl/seasons/2026/segments/0/leaguedefaults/1?view=kona_player_info,1,PPR,4426485,Jonathan Mingo,jonathan mingo,DAL,WR,"[3,4,5,23,7,20,21]",1257,,169.97,,"{""draftRanksByRankType.PPR"":{""auctionValue"":0,""published"":false,""rank"":1257,""rankSourceId"":0,""rankType"":""PPR"",""slotId"":0},""ownership"":{""activityLevel"":null,""auctionValueAverage"":0.0,""auctionValueAverageChange"":0.0,""averageDraftPosition"":169.97,""averageDraftPositionPercentChange"":0.0,""date"":1788208214091,""leagueType"":0,""percentChange"":0.0,""percentOwned"":0.09,""percentStarted"":0.01}}",-1087.03,,,unresolved,0.0,no Draft Command player match,Live ESPN draft-room order was not separately observable from the public API capture.,ac07c9c8ff4189bf0375f12af4b6b7e5e83c52ac7c66641e49ede4581e385b40,espn_2026_frozen_20260901T003012Z_3379127ab1c0
2026,2026-09-01T00:30:12Z,2026-08-31T19:30:12-05:00,frozen,espn-fantasy-api-kona-player-info-2026-ppr,https://lm-api-reads.fantasy.espn.com/apis/v3/games/ffl/seasons/2026/segments/0/leaguedefaults/1?view=kona_player_info,1,PPR,4242546,Davis Mills,davis mills,HOU,QB,"[0,7,20,21]",1258,,169.99,,"{""draftRanksByRankType.PPR"":{""auctionValue"":0,""published"":false,""rank"":1258,""rankSourceId"":0,""rankType"":""PPR"",""slotId"":0},""ownership"":{""activityLevel"":null,""auctionValueAverage"":0.0,""auctionValueAverageChange"":0.0,""averageDraftPosition"":169.99,""averageDraftPositionPercentChange"":0.0,""date"":1788208213603,""leagueType"":0,""percentChange"":0.0,""percentOwned"":0.05,""percentStarted"":0.01}}",-1088.01,,,unresolved,0.0,no Draft Command player match,Live ESPN draft-room order was not separately observable from the public API capture.,f3961b95416e35e682c5fd04d579346a3540533f6b0b44c73d255308b83f44f5,espn_2026_frozen_20260901T003012Z_3379127ab1c0
2026,2026-09-01T00:30:12Z,2026-08-31T19:30:12-05:00,frozen,espn-fantasy-api-kona-player-info-2026-ppr,https://lm-api-reads.fantasy.espn.com/apis/v3/games/ffl/seasons/2026/segments/0/leaguedefaults/1?view=kona_player_info,1,PPR,4239944,Hunter Long,hunter long,ARI,TE,"[5,6,23,7,20,21]",1259,,169.99,,"{""draftRanksByRankType.PPR"":{""auctionValue"":0,""published"":false,""rank"":1259,""rankSourceId"":0,""rankType"":""PPR"",""slotId"":0},""ownership"":{""activityLevel"":null,""auctionValueAverage"":0.0,""auctionValueAverageChange"":0.0,""averageDraftPosition"":169.99,""averageDraftPositionPercentChange"":0.0,""date"":1787445019954,""leagueType"":0,""percentChange"":0.0,""percentOwned"":0.02,""percentStarted"":0.01}}",-1089.01,,,unresolved,0.0,no Draft Command player match,Live ESPN draft-room order was not separately observable from the public API capture.,4b9e00785ec90ed3b83ec3804ace071d70231e2342541c0e3f5f403e91359bf8,espn_2026_frozen_20260901T003012Z_3379127ab1c0
2026,2026-09-01T00:30:12Z,2026-08-31T19:30:12-05:00,frozen,espn-fantasy-api-kona-player-info-2026-ppr,https://lm-api-reads.fantasy.espn.com/apis/v3/games/ffl/seasons/2026/segments/0/leaguedefaults/1?view=kona_player_info,1,PPR,4045305,Ian Thomas,ian thomas,LV,TE,"[5,6,23,7,20,21]",1260,,169.99,,"{""draftRanksByRankType.PPR"":{""auctionValue"":0,""published"":false,""rank"":1260,""rankSourceId"":0,""rankType"":""PPR"",""slotId"":0},""ownership"":{""activityLevel"":null,""auctionValueAverage"":0.0,""auctionValueAverageChange"":0.0,""averageDraftPosition"":169.99,""averageDraftPositionPercentChange"":0.0,""date"":1788103815252,""leagueType"":0,""percentChange"":0.0,""percentOwned"":0.02,""percentStarted"":0.01}}",-1090.01,,,unresolved,0.0,no Draft Command player match,Live ESPN draft-room order was not separately observable from the public API capture.,80b967a25f7e3717e862082b428dd6d60f76195670f9e4770a5042ee7c611283,espn_2026_frozen_20260901T003012Z_3379127ab1c0
2026,2026-09-01T00:30:12Z,2026-08-31T19:30:12-05:00,frozen,espn-fantasy-api-kona-player-info-2026-ppr,https://lm-api-reads.fantasy.espn.com/apis/v3/games/ffl/seasons/2026/segments/0/leaguedefaults/1?view=kona_player_info,1,PPR,4035020,Charlie Woerner,charlie woerner,ATL,TE,"[5,6,23,7,20,21]",1261,,169.99,,"{""draftRanksByRankType.PPR"":{""auctionValue"":0,""published"":false,""rank"":1261,""rankSourceId"":0,""rankType"":""PPR"",""slotId"":0},""ownership"":{""activityLevel"":null,""auctionValueAverage"":0.0,""auctionValueAverageChange"":0.0,""averageDraftPosition"":169.99,""averageDraftPositionPercentChange"":0.0,""date"":1788147016832,""leagueType"":0,""percentChange"":0.0,""percentOwned"":0.02,""percentStarted"":0.0}}",-1091.01,,,unresolved,0.0,no Draft Command player match,Live ESPN draft-room order was not separately observable from the public API capture.,671adff4dffa3725a4d672787201c5d8b40de3b08cfe88fd1563007413532c7f,espn_2026_frozen_20260901T003012Z_3379127ab1c0
2026,2026-09-01T00:30:12Z,2026-08-31T19:30:12-05:00,frozen,espn-fantasy-api-kona-player-info-2026-ppr,https://lm-api-reads.fantasy.espn.com/apis/v3/games/ffl/seasons/2026/segments/0/leaguedefaults/1?view=kona_player_info,1,PPR,4685413,Cade Klubnik,cade klubnik,NYJ,QB,"[25,0,7,20,21]",1262,,169.98,,"{""draftRanksByRankType.PPR"":{""auctionValue"":0,""published"":false,""rank"":1262,""rankSourceId"":0,""rankType"":""PPR"",""slotId"":0},""ownership"":{""activityLevel"":null,""auctionValueAverage"":0.0,""auctionValueAverageChange"":0.0,""averageDraftPosition"":169.98,""averageDraftPositionPercentChange"":0.0,""date"":1788204618749,""leagueType"":0,""percentChange"":-0.01,""percentOwned"":0.13,""percentStarted"":0.01}}",-1092.02,,,unresolved,0.0,no Draft Command player match,Live ESPN draft-room order was not separately observable from the public API capture.,a9f1355cf53f26eabc8208726a897295bdd00d7aaaaaaa5b685bfd57053dc648,espn_2026_frozen_20260901T003012Z_3379127ab1c0
2026,2026-09-01T00:30:12Z,2026-08-31T19:30:12-05:00,frozen,espn-fantasy-api-kona-player-info-2026-ppr,https://lm-api-reads.fantasy.espn.com/apis/v3/games/ffl/seasons/2026/segments/0/leaguedefaults/1?view=kona_player_info,1,PPR,3052096,Johnny Mundt,johnny mundt,PHI,TE,"[5,6,23,7,20,21]",1263,,169.99,,"{""draftRanksByRankType.PPR"":{""auctionValue"":0,""published"":false,""rank"":1263,""rankSourceId"":0,""rankType"":""PPR"",""slotId"":0},""ownership"":{""activityLevel"":null,""auctionValueAverage"":0.0,""auctionValueAverageChange"":0.0,""averageDraftPosition"":169.99,""averageDraftPositionPercentChange"":0.0,""date"":1788211815752,""leagueType"":0,""percentChange"":0.0,""percentOwned"":0.04,""percentStarted"":0.01}}",-1093.01,,,unresolved,0.0,no Draft Command player match,Live ESPN draft-room order was not separately observable from the public API capture.,44f1da7515a6b43647b1e46ddbd7a61a237e6489268b6bb841fadbaba936c27c,espn_2026_frozen_20260901T003012Z_3379127ab1c0
2026,2026-09-01T00:30:12Z,2026-08-31T19:30:12-05:00,frozen,espn-fantasy-api-kona-player-info-2026-ppr,https://lm-api-reads.fantasy.espn.com/apis/v3/games/ffl/seasons/2026/segments/0/leaguedefaults/1?view=kona_player_info,1,PPR,4685540,Carsen Ryan,carsen ryan,CLE,TE,"[25,5,6,23,7,20,21]",1264,,170,,"{""draftRanksByRankType.PPR"":{""auctionValue"":0,""published"":false,""rank"":1264,""rankSourceId"":0,""rankType"":""PPR"",""slotId"":0},""ownership"":{""activityLevel"":null,""auctionValueAverage"":0.0,""auctionValueAverageChange"":0.0,""averageDraftPosition"":170.0,""averageDraftPositionPercentChange"":0.0,""date"":1787023823174,""leagueType"":0,""percentChange"":0.0,""percentOwned"":0.01,""percentStarted"":0.0}}",-1094.0,,,unresolved,0.0,no Draft Command player match,Live ESPN draft-room order was not separately observable from the public API capture.,9961279b53e6cc058b93efd7a53bfe0d2f255a88e681cdb131e283de67110110,espn_2026_frozen_20260901T003012Z_3379127ab1c0
2026,2026-09-01T00:30:12Z,2026-08-31T19:30:12-05:00,frozen,espn-fantasy-api-kona-player-info-2026-ppr,https://lm-api-reads.fantasy.espn.com/apis/v3/games/ffl/seasons/2026/segments/0/leaguedefaults/1?view=kona_player_info,1,PPR,4869132,Reggie Virgil,reggie virgil,ARI,WR,"[25,3,4,5,23,7,20,21]",1265,,169.99,,"{""draftRanksByRankType.PPR"":{""auctionValue"":0,""published"":false,""rank"":1265,""rankSourceId"":0,""rankType"":""PPR"",""slotId"":0},""ownership"":{""activityLevel"":null,""auctionValueAverage"":0.0,""auctionValueAverageChange"":0.0,""averageDraftPosition"":169.99,""averageDraftPositionPercentChange"":0.0,""date"":1788136226618,""leagueType"":0,""percentChange"":0.0,""percentOwned"":0.06,""percentStarted"":0.01}}",-1095.01,,,unresolved,0.0,no Draft Command player match,Live ESPN draft-room order was not separately observable from the public API capture.,e9852e7cf9557916d9eee2ce46323c56997b00fba654ab0e0b94765e8d0909bf,espn_2026_frozen_20260901T003012Z_3379127ab1c0
2026,2026-09-01T00:30:12Z,2026-08-31T19:30:12-05:00,frozen,espn-fantasy-api-kona-player-info-2026-ppr,https://lm-api-reads.fantasy.espn.com/apis/v3/games/ffl/seasons/2026/segments/0/leaguedefaults/1?view=kona_player_info,1,PPR,3115293,Kyle Allen,kyle allen,BUF,QB,"[0,7,20,21]",1267,,169.95,,"{""draftRanksByRankType.PPR"":{""auctionValue"":0,""published"":false,""rank"":1267,""rankSourceId"":0,""rankType"":""PPR"",""slotId"":0},""ownership"":{""activityLevel"":null,""auctionValueAverage"":0.0,""auctionValueAverageChange"":0.0,""averageDraftPosition"":169.95,""averageDraftPositionPercentChange"":0.0,""date"":1788222618688,""leagueType"":0,""percentChange"":0.0,""percentOwned"":0.09,""percentStarted"":0.01}}",-1097.05,,,unresolved,0.0,no Draft Command player match,Live ESPN draft-room order was not separately observable from the public API capture.,40469369ada8d0199bdbd55a71e186722136bb60f314e7d2d9c25f28f4ecd454,espn_2026_frozen_20260901T003012Z_3379127ab1c0
2026,2026-09-01T00:30:12Z,2026-08-31T19:30:12-05:00,frozen,espn-fantasy-api-kona-player-info-2026-ppr,https://lm-api-reads.fantasy.espn.com/apis/v3/games/ffl/seasons/2026/segments/0/leaguedefaults/1?view=kona_player_info,1,PPR,4433971,Kyle McCord,kyle mccord,MIA,QB,"[0,7,20,21]",1268,,169.99,,"{""draftRanksByRankType.PPR"":{""auctionValue"":0,""published"":false,""rank"":1268,""rankSourceId"":0,""rankType"":""PPR"",""slotId"":0},""ownership"":{""activityLevel"":null,""auctionValueAverage"":0.0,""auctionValueAverageChange"":0.0,""averageDraftPosition"":169.99,""averageDraftPositionPercentChange"":0.0,""date"":1788136224899,""leagueType"":0,""percentChange"":0.01,""percentOwned"":0.03,""percentStarted"":0.0}}",-1098.01,,,unresolved,0.0,no Draft Command player match,Live ESPN draft-room order was not separately observable from the public API capture.,66a330ba8a62402b59abb5ae980fa7adcd0f96f0f19a3dbb967a2bfd3fb981d7,espn_2026_frozen_20260901T003012Z_3379127ab1c0
2026,2026-09-01T00:30:12Z,2026-08-31T19:30:12-05:00,frozen,espn-fantasy-api-kona-player-info-2026-ppr,https://lm-api-reads.fantasy.espn.com/apis/v3/games/ffl/seasons/2026/segments/0/leaguedefaults/1?view=kona_player_info,1,PPR,4360763,Brycen Tremayne,brycen tremayne,CAR,WR,"[3,4,5,23,7,20,21]",1270,,169.99,,"{""draftRanksByRankType.PPR"":{""auctionValue"":0,""published"":false,""rank"":1270,""rankSourceId"":0,""rankType"":""PPR"",""slotId"":0},""ownership"":{""activityLevel"":null,""auctionValueAverage"":0.0,""auctionValueAverageChange"":0.0,""averageDraftPosition"":169.99,""averageDraftPositionPercentChange"":0.0,""date"":1788208213801,""leagueType"":0,""percentChange"":0.0,""percentOwned"":0.03,""percentStarted"":0.0}}",-1100.01,,,unresolved,0.0,no Draft Command player match,Live ESPN draft-room order was not separately observable from the public API capture.,39de0ba38b2c97cc483255f6d5b9247a98828e6dfc4fe8d7286d29380fb270b6,espn_2026_frozen_20260901T003012Z_3379127ab1c0
2026,2026-09-01T00:30:12Z,2026-08-31T19:30:12-05:00,frozen,espn-fantasy-api-kona-player-info-2026-ppr,https://lm-api-reads.fantasy.espn.com/apis/v3/games/ffl/seasons/2026/segments/0/leaguedefaults/1?view=kona_player_info,1,PPR,3924327,Drew Lock,drew lock,SEA,QB,"[0,7,20,21]",1271,,169.97,,"{""draftRanksByRankType.PPR"":{""auctionValue"":0,""published"":false,""rank"":1271,""rankSourceId"":0,""rankType"":""PPR"",""slotId"":0},""ownership"":{""activityLevel"":null,""auctionValueAverage"":0.0,""auctionValueAverageChange"":0.0,""averageDraftPosition"":169.97,""averageDraftPositionPercentChange"":0.0,""date"":1788222619283,""leagueType"":0,""percentChange"":0.0,""percentOwned"":0.09,""percentStarted"":0.01}}",-1101.03,,,unresolved,0.0,no Draft Command player match,Live ESPN draft-room order was not separately observable from the public API capture.,2b335bc8d47737c3a14dcc8e9ba4bdf28c1bc3ef66003eaf4a00d1fd3fcd0b62,espn_2026_frozen_20260901T003012Z_3379127ab1c0
2026,2026-09-01T00:30:12Z,2026-08-31T19:30:12-05:00,frozen,espn-fantasy-api-kona-player-info-2026-ppr,https://lm-api-reads.fantasy.espn.com/apis/v3/games/ffl/seasons/2026/segments/0/leaguedefaults/1?view=kona_player_info,1,PPR,4039505,Reggie Gilliam,reggie gilliam,NE,RB,"[2,3,23,7,20,21]",1272,,169.98,,"{""draftRanksByRankType.PPR"":{""auctionValue"":0,""published"":false,""rank"":1272,""rankSourceId"":0,""rankType"":""PPR"",""slotId"":0},""ownership"":{""activityLevel"":null,""auctionValueAverage"":0.0,""auctionValueAverageChange"":0.0,""averageDraftPosition"":169.98,""averageDraftPositionPercentChange"":0.0,""date"":1788208213391,""leagueType"":0,""percentChange"":0.0,""percentOwned"":0.07,""percentStarted"":0.01}}",-1102.02,,,unresolved,0.0,no Draft Command player match,Live ESPN draft-room order was not separately observable from the public API capture.,7a361acdb7fa0d893d4ef8c7a1c070eb3aa0df8e374e7b6990f3e4c097c6bc0c,espn_2026_frozen_20260901T003012Z_3379127ab1c0
2026,2026-09-01T00:30:12Z,2026-08-31T19:30:12-05:00,frozen,espn-fantasy-api-kona-player-info-2026-ppr,https://lm-api-reads.fantasy.espn.com/apis/v3/games/ffl/seasons/2026/segments/0/leaguedefaults/1?view=kona_player_info,1,PPR,3039707,Mitchell Trubisky,mitchell trubisky,TEN,QB,"[0,7,20,21]",1273,,169.99,,"{""draftRanksByRankType.PPR"":{""auctionValue"":0,""published"":false,""rank"":1273,""rankSourceId"":0,""rankType"":""PPR"",""slotId"":0},""ownership"":{""activityLevel"":null,""auctionValueAverage"":0.0,""auctionValueAverageChange"":0.0,""averageDraftPosition"":169.99,""averageDraftPositionPercentChange"":0.0,""date"":1788222618402,""leagueType"":0,""percentChange"":0.0,""percentOwned"":0.05,""percentStarted"":0.01}}",-1103.01,,,unresolved,0.0,no Draft Command player match,Live ESPN draft-room order was not separately observable from the public API capture.,1844aa2673fc1802f530f912d84767ff5260a728d349862dc82d91661dbdfea3,espn_2026_frozen_20260901T003012Z_3379127ab1c0
2026,2026-09-01T00:30:12Z,2026-08-31T19:30:12-05:00,frozen,espn-fantasy-api-kona-player-info-2026-ppr,https://lm-api-reads.fantasy.espn.com/apis/v3/games/ffl/seasons/2026/segments/0/leaguedefaults/1?view=kona_player_info,1,PPR,2975417,Patrick Ricard,patrick ricard,NYG,RB,"[2,3,23,7,20,21]",1276,,169.97,,"{""draftRanksByRankType.PPR"":{""auctionValue"":0,""published"":false,""rank"":1276,""rankSourceId"":0,""rankType"":""PPR"",""slotId"":0},""ownership"":{""activityLevel"":null,""auctionValueAverage"":0.0,""auctionValueAverageChange"":0.0,""averageDraftPosition"":169.97,""averageDraftPositionPercentChange"":0.0,""date"":1788219017934,""leagueType"":0,""percentChange"":0.0,""percentOwned"":0.08,""percentStarted"":0.01}}",-1106.03,,,unresolved,0.0,no Draft Command player match,Live ESPN draft-room order was not separately observable from the public API capture.,ed17dd4163f9648ba66e03aaa5213cb80f899ae57892d0b7b6d7b1c4ed8c0982,espn_2026_frozen_20260901T003012Z_3379127ab1c0
2026,2026-09-01T00:30:12Z,2026-08-31T19:30:12-05:00,frozen,espn-fantasy-api-kona-player-info-2026-ppr,https://lm-api-reads.fantasy.espn.com/apis/v3/games/ffl/seasons/2026/segments/0/leaguedefaults/1?view=kona_player_info,1,PPR,4038524,Gardner Minshew II,gardner minshew,ARI,QB,"[0,7,20,21]",1278,,169.98,,"{""draftRanksByRankType.PPR"":{""auctionValue"":0,""published"":false,""rank"":1278,""rankSourceId"":0,""rankType"":""PPR"",""slotId"":0},""ownership"":{""activityLevel"":null,""auctionValueAverage"":0.01,""auctionValueAverageChange"":0.0,""averageDraftPosition"":169.98,""averageDraftPositionPercentChange"":0.0,""date"":1788139820630,""leagueType"":0,""percentChange"":0.0,""percentOwned"":0.07,""percentStarted"":0.01}}",-1108.02,,,unresolved,0.0,no Draft Command player match,Live ESPN draft-room order was not separately observable from the public API capture.,3ee3036ae3e64d72e678bd244df228421a38aba125c5e69b33c4fd58333454db,espn_2026_frozen_20260901T003012Z_3379127ab1c0
2026,2026-09-01T00:30:12Z,2026-08-31T19:30:12-05:00,frozen,espn-fantasy-api-kona-player-info-2026-ppr,https://lm-api-reads.fantasy.espn.com/apis/v3/games/ffl/seasons/2026/segments/0/leaguedefaults/1?view=kona_player_info,1,PPR,2531358,Chris Manhertz,chris manhertz,NYG,TE,"[5,6,23,7,20,21]",1301,,169.99,,"{""draftRanksByRankType.PPR"":{""auctionValue"":0,""published"":false,""rank"":1301,""rankSourceId"":0,""rankType"":""PPR"",""slotId"":0},""ownership"":{""activityLevel"":null,""auctionValueAverage"":0.0,""auctionValueAverageChange"":0.0,""averageDraftPosition"":169.99,""averageDraftPositionPercentChange"":-0.01,""date"":1788179418623,""leagueType"":0,""percentChange"":0.0,""percentOwned"":0.03,""percentStarted"":0.01}}",-1131.01,,,unresolved,0.0,no Draft Command player match,Live ESPN draft-room order was not separately observable from the public API capture.,0b4339aab1de562294d6b269a3ed7200b01f7e5504336d76c2d1f3af4c1a95b1,espn_2026_frozen_20260901T003012Z_3379127ab1c0
2026,2026-09-01T00:30:12Z,2026-08-31T19:30:12-05:00,frozen,espn-fantasy-api-kona-player-info-2026-ppr,https://lm-api-reads.fantasy.espn.com/apis/v3/games/ffl/seasons/2026/segments/0/leaguedefaults/1?view=kona_player_info,1,PPR,5081338,Kaden Wetjen,kaden wetjen,PIT,WR,"[25,3,4,5,23,7,20,21]",1302,,169.95,,"{""draftRanksByRankType.PPR"":{""auctionValue"":0,""published"":false,""rank"":1302,""rankSourceId"":0,""rankType"":""PPR"",""slotId"":0},""ownership"":{""activityLevel"":null,""auctionValueAverage"":0.0,""auctionValueAverageChange"":0.0,""averageDraftPosition"":169.95,""averageDraftPositionPercentChange"":-0.01,""date"":1788219022353,""leagueType"":0,""percentChange"":0.0,""percentOwned"":0.18,""percentStarted"":0.02}}",-1132.05,,,unresolved,0.0,no Draft Command player match,Live ESPN draft-room order was not separately observable from the public API capture.,b94a045d10a4e2d0add0ac080f067c4aa84b010ecde87a92aa7dab16d28abc73,espn_2026_frozen_20260901T003012Z_3379127ab1c0
2026,2026-09-01T00:30:12Z,2026-08-31T19:30:12-05:00,frozen,espn-fantasy-api-kona-player-info-2026-ppr,https://lm-api-reads.fantasy.espn.com/apis/v3/games/ffl/seasons/2026/segments/0/leaguedefaults/1?view=kona_player_info,1,PPR,4035656,Ben Skowronek,ben skowronek,PIT,WR,"[3,4,5,23,7,20,21]",1304,,169.98,,"{""draftRanksByRankType.PPR"":{""auctionValue"":0,""published"":false,""rank"":1304,""rankSourceId"":0,""rankType"":""PPR"",""slotId"":0},""ownership"":{""activityLevel"":null,""auctionValueAverage"":0.0,""auctionValueAverageChange"":0.0,""averageDraftPosition"":169.98,""averageDraftPositionPercentChange"":0.0,""date"":1788222619475,""leagueType"":0,""percentChange"":0.0,""percentOwned"":0.07,""percentStarted"":0.01}}",-1134.02,,,unresolved,0.0,no Draft Command player match,Live ESPN draft-room order was not separately observable from the public API capture.,bcbbc339dd22f2c62b315c609ff87622176919eebc1e376707d2d16ebb2e704b,espn_2026_frozen_20260901T003012Z_3379127ab1c0
2026,2026-09-01T00:30:12Z,2026-08-31T19:30:12-05:00,frozen,espn-fantasy-api-kona-player-info-2026-ppr,https://lm-api-reads.fantasy.espn.com/apis/v3/games/ffl/seasons/2026/segments/0/leaguedefaults/1?view=kona_player_info,1,PPR,5097554,Kameron Johnson,kameron johnson,TB,WR,"[3,4,5,23,7,20,21]",1308,,169.99,,"{""draftRanksByRankType.PPR"":{""auctionValue"":0,""published"":false,""rank"":1308,""rankSourceId"":0,""rankType"":""PPR"",""slotId"":0},""ownership"":{""activityLevel"":null,""auctionValueAverage"":0.0,""auctionValueAverageChange"":0.0,""averageDraftPosition"":169.99,""averageDraftPositionPercentChange"":0.0,""date"":1788204619483,""leagueType"":0,""percentChange"":0.0,""percentOwned"":0.04,""percentStarted"":0.01}}",-1138.01,,,unresolved,0.0,no Draft Command player match,Live ESPN draft-room order was not separately observable from the public API capture.,cd4f04495a6930b1a3ab99142bc6f736d50d5412a5da05f7c0cd8a6004127700,espn_2026_frozen_20260901T003012Z_3379127ab1c0
2026,2026-09-01T00:30:12Z,2026-08-31T19:30:12-05:00,frozen,espn-fantasy-api-kona-player-info-2026-ppr,https://lm-api-reads.fantasy.espn.com/apis/v3/games/ffl/seasons/2026/segments/0/leaguedefaults/1?view=kona_player_info,1,PPR,4429105,Arian Smith,arian smith,NYJ,WR,"[3,4,5,23,7,20,21]",1311,,169.99,,"{""draftRanksByRankType.PPR"":{""auctionValue"":0,""published"":false,""rank"":1311,""rankSourceId"":0,""rankType"":""PPR"",""slotId"":0},""ownership"":{""activityLevel"":null,""auctionValueAverage"":0.0,""auctionValueAverageChange"":0.0,""averageDraftPosition"":169.99,""averageDraftPositionPercentChange"":0.0,""date"":1788219020312,""leagueType"":0,""percentChange"":0.0,""percentOwned"":0.04,""percentStarted"":0.01}}",-1141.01,,,unresolved,0.0,no Draft Command player match,Live ESPN draft-room order was not separately observable from the public API capture.,bbeb865a6a3fb5d6b7343210ced8dedd7394dd55b9646440dd83445b195ac769,espn_2026_frozen_20260901T003012Z_3379127ab1c0
2026,2026-09-01T00:30:12Z,2026-08-31T19:30:12-05:00,frozen,espn-fantasy-api-kona-player-info-2026-ppr,https://lm-api-reads.fantasy.espn.com/apis/v3/games/ffl/seasons/2026/segments/0/leaguedefaults/1?view=kona_player_info,1,PPR,3123075,Braxton Berrios,braxton berrios,FA,WR,"[3,4,5,23,7,20,21]",1321,,169.96,,"{""draftRanksByRankType.PPR"":{""auctionValue"":0,""published"":false,""rank"":1321,""rankSourceId"":0,""rankType"":""PPR"",""slotId"":0},""ownership"":{""activityLevel"":null,""auctionValueAverage"":0.0,""auctionValueAverageChange"":0.0,""averageDraftPosition"":169.96,""averageDraftPositionPercentChange"":0.0,""date"":1788219018253,""leagueType"":0,""percentChange"":-0.01,""percentOwned"":0.09,""percentStarted"":0.02}}",-1151.04,,,unresolved,0.0,no Draft Command player match,Live ESPN draft-room order was not separately observable from the public API capture.,af4a7c801630a22110dd98ed04e554716f67e38da59a91bddfe714c95e30aa98,espn_2026_frozen_20260901T003012Z_3379127ab1c0
2026,2026-09-01T00:30:12Z,2026-08-31T19:30:12-05:00,frozen,espn-fantasy-api-kona-player-info-2026-ppr,https://lm-api-reads.fantasy.espn.com/apis/v3/games/ffl/seasons/2026/segments/0/leaguedefaults/1?view=kona_player_info,1,PPR,4373273,British Brooks,british brooks,HOU,RB,"[2,3,23,7,20,21]",1323,,169.99,,"{""draftRanksByRankType.PPR"":{""auctionValue"":0,""published"":false,""rank"":1323,""rankSourceId"":0,""rankType"":""PPR"",""slotId"":0},""ownership"":{""activityLevel"":null,""auctionValueAverage"":0.0,""auctionValueAverageChange"":0.0,""averageDraftPosition"":169.99,""averageDraftPositionPercentChange"":0.0,""date"":1788179422139,""leagueType"":0,""percentChange"":0.0,""percentOwned"":0.04,""percentStarted"":0.01}}",-1153.01,,,unresolved,0.0,no Draft Command player match,Live ESPN draft-room order was not separately observable from the public API capture.,91578ea4989051830e8a866a8660ad76723fae8ab4f1417e5304106c028279a3,espn_2026_frozen_20260901T003012Z_3379127ab1c0
2026,2026-09-01T00:30:12Z,2026-08-31T19:30:12-05:00,frozen,espn-fantasy-api-kona-player-info-2026-ppr,https://lm-api-reads.fantasy.espn.com/apis/v3/games/ffl/seasons/2026/segments/0/leaguedefaults/1?view=kona_player_info,1,PPR,4570738,Ke'Shawn Williams,ke shawn williams,CIN,WR,"[3,4,5,23,7,20,21]",1325,,169.99,,"{""draftRanksByRankType.PPR"":{""auctionValue"":0,""published"":false,""rank"":1325,""rankSourceId"":0,""rankType"":""PPR"",""slotId"":0},""ownership"":{""activityLevel"":null,""auctionValueAverage"":0.0,""auctionValueAverageChange"":0.0,""averageDraftPosition"":169.99,""averageDraftPositionPercentChange"":0.0,""date"":1787704220701,""leagueType"":0,""percentChange"":0.0,""percentOwned"":0.03,""percentStarted"":0.01}}",-1155.01,,,unresolved,0.0,no Draft Command player match,Live ESPN draft-room order was not separately observable from the public API capture.,53775af7798599f7a612cc527380686b181f702e44f6877eda80316ded1e8dd3,espn_2026_frozen_20260901T003012Z_3379127ab1c0
2026,2026-09-01T00:30:12Z,2026-08-31T19:30:12-05:00,frozen,espn-fantasy-api-kona-player-info-2026-ppr,https://lm-api-reads.fantasy.espn.com/apis/v3/games/ffl/seasons/2026/segments/0/leaguedefaults/1?view=kona_player_info,1,PPR,4430656,Myles Price,myles price,MIN,WR,"[3,4,5,23,7,20,21]",1326,,169.96,,"{""draftRanksByRankType.PPR"":{""auctionValue"":0,""published"":false,""rank"":1326,""rankSourceId"":0,""rankType"":""PPR"",""slotId"":0},""ownership"":{""activityLevel"":null,""auctionValueAverage"":0.0,""auctionValueAverageChange"":0.0,""averageDraftPosition"":169.96,""averageDraftPositionPercentChange"":0.0,""date"":1788215416255,""leagueType"":0,""percentChange"":0.0,""percentOwned"":0.12,""percentStarted"":0.03}}",-1156.04,,,unresolved,0.0,no Draft Command player match,Live ESPN draft-room order was not separately observable from the public API capture.,9e9a8a1934f8899cd873e47e9b35c941f466afc6fa4a7874b46ff4c29a3326df,espn_2026_frozen_20260901T003012Z_3379127ab1c0
2026,2026-09-01T00:30:12Z,2026-08-31T19:30:12-05:00,frozen,espn-fantasy-api-kona-player-info-2026-ppr,https://lm-api-reads.fantasy.espn.com/apis/v3/games/ffl/seasons/2026/segments/0/leaguedefaults/1?view=kona_player_info,1,PPR,4690143,LaJohntay Wester,lajohntay wester,BAL,WR,"[3,4,5,23,7,20,21]",1327,,169.98,,"{""draftRanksByRankType.PPR"":{""auctionValue"":0,""published"":false,""rank"":1327,""rankSourceId"":0,""rankType"":""PPR"",""slotId"":0},""ownership"":{""activityLevel"":null,""auctionValueAverage"":0.0,""auctionValueAverageChange"":0.0,""averageDraftPosition"":169.98,""averageDraftPositionPercentChange"":0.0,""date"":1788219021740,""leagueType"":0,""percentChange"":0.0,""percentOwned"":0.05,""percentStarted"":0.01}}",-1157.02,,,unresolved,0.0,no Draft Command player match,Live ESPN draft-room order was not separately observable from the public API capture.,577619cd9e56c58a24f44fd4f357ef967d59b979f49e7d916ed1e28c96ab573b,espn_2026_frozen_20260901T003012Z_3379127ab1c0
2026,2026-09-01T00:30:12Z,2026-08-31T19:30:12-05:00,frozen,espn-fantasy-api-kona-player-info-2026-ppr,https://lm-api-reads.fantasy.espn.com/apis/v3/games/ffl/seasons/2026/segments/0/leaguedefaults/1?view=kona_player_info,1,PPR,4039050,Devin Duvernay,devin duvernay,ARI,WR,"[3,4,5,23,7,20,21]",1328,,169.99,,"{""draftRanksByRankType.PPR"":{""auctionValue"":0,""published"":false,""rank"":1328,""rankSourceId"":0,""rankType"":""PPR"",""slotId"":0},""ownership"":{""activityLevel"":null,""auctionValueAverage"":0.0,""auctionValueAverageChange"":0.0,""averageDraftPosition"":169.99,""averageDraftPositionPercentChange"":0.0,""date"":1787401814856,""leagueType"":0,""percentChange"":0.0,""percentOwned"":0.04,""percentStarted"":0.01}}",-1158.01,,,unresolved,0.0,no Draft Command player match,Live ESPN draft-room order was not separately observable from the public API capture.,f11ac40bbc80f0f211ae848b98a2cba531c366481c44e1a35969126f3a6bf4c7,espn_2026_frozen_20260901T003012Z_3379127ab1c0
2026,2026-09-01T00:30:12Z,2026-08-31T19:30:12-05:00,frozen,espn-fantasy-api-kona-player-info-2026-ppr,https://lm-api-reads.fantasy.espn.com/apis/v3/games/ffl/seasons/2026/segments/0/leaguedefaults/1?view=kona_player_info,1,PPR,4372716,Nikko Remigio,nikko remigio,KC,WR,"[3,4,5,23,7,20,21]",1330,,169.99,,"{""draftRanksByRankType.PPR"":{""auctionValue"":0,""published"":false,""rank"":1330,""rankSourceId"":0,""rankType"":""PPR"",""slotId"":0},""ownership"":{""activityLevel"":null,""auctionValueAverage"":0.0,""auctionValueAverageChange"":0.0,""averageDraftPosition"":169.99,""averageDraftPositionPercentChange"":0.0,""date"":1788121821554,""leagueType"":0,""percentChange"":0.0,""percentOwned"":0.04,""percentStarted"":0.01}}",-1160.01,,,unresolved,0.0,no Draft Command player match,Live ESPN draft-room order was not separately observable from the public API capture.,a21b6f7994a4daa59e7aeeae06f318ae1b669b012d1dc5026b517d42247932d9,espn_2026_frozen_20260901T003012Z_3379127ab1c0
2026,2026-09-01T00:30:12Z,2026-08-31T19:30:12-05:00,frozen,espn-fantasy-api-kona-player-info-2026-ppr,https://lm-api-reads.fantasy.espn.com/apis/v3/games/ffl/seasons/2026/segments/0/leaguedefaults/1?view=kona_player_info,1,PPR,4430191,Skyy Moore,skyy moore,GB,WR,"[3,4,5,23,7,20,21]",1331,,169.98,,"{""draftRanksByRankType.PPR"":{""auctionValue"":0,""published"":false,""rank"":1331,""rankSourceId"":0,""rankType"":""PPR"",""slotId"":0},""ownership"":{""activityLevel"":null,""auctionValueAverage"":0.0,""auctionValueAverageChange"":0.0,""averageDraftPosition"":169.98,""averageDraftPositionPercentChange"":-0.01,""date"":1788219020443,""leagueType"":0,""percentChange"":0.0,""percentOwned"":0.08,""percentStarted"":0.01}}",-1161.02,,,unresolved,0.0,no Draft Command player match,Live ESPN draft-room order was not separately observable from the public API capture.,71f00c4ae3cceedd4fbf6e99fb99db77d1727957bdc0751fcf3c966e82a82b5e,espn_2026_frozen_20260901T003012Z_3379127ab1c0
2026,2026-09-01T00:30:12Z,2026-08-31T19:30:12-05:00,frozen,espn-fantasy-api-kona-player-info-2026-ppr,https://lm-api-reads.fantasy.espn.com/apis/v3/games/ffl/seasons/2026/segments/0/leaguedefaults/1?view=kona_player_info,1,PPR,4401805,Dareke Young,dareke young,LV,WR,"[3,4,5,23,7,20,21]",1332,,169.99,,"{""draftRanksByRankType.PPR"":{""auctionValue"":0,""published"":false,""rank"":1332,""rankSourceId"":0,""rankType"":""PPR"",""slotId"":0},""ownership"":{""activityLevel"":null,""auctionValueAverage"":0.0,""auctionValueAverageChange"":0.0,""averageDraftPosition"":169.99,""averageDraftPositionPercentChange"":0.0,""date"":1788132620332,""leagueType"":0,""percentChange"":0.0,""percentOwned"":0.02,""percentStarted"":0.0}}",-1162.01,,,unresolved,0.0,no Draft Command player match,Live ESPN draft-room order was not separately observable from the public API capture.,46f6902fdff2622532b9d9c4191f01903e2a29b818e2ac156ed3061937669d05,espn_2026_frozen_20260901T003012Z_3379127ab1c0
2026,2026-09-01T00:30:12Z,2026-08-31T19:30:12-05:00,frozen,espn-fantasy-api-kona-player-info-2026-ppr,https://lm-api-reads.fantasy.espn.com/apis/v3/games/ffl/seasons/2026/segments/0/leaguedefaults/1?view=kona_player_info,1,PPR,4692835,Jalen Brooks,jalen brooks,ARI,WR,"[3,4,5,23,7,20,21]",1333,,169.99,,"{""draftRanksByRankType.PPR"":{""auctionValue"":0,""published"":false,""rank"":1333,""rankSourceId"":0,""rankType"":""PPR"",""slotId"":0},""ownership"":{""activityLevel"":null,""auctionValueAverage"":0.0,""auctionValueAverageChange"":0.0,""averageDraftPosition"":169.99,""averageDraftPositionPercentChange"":0.0,""date"":1788139824509,""leagueType"":0,""percentChange"":0.0,""percentOwned"":0.04,""percentStarted"":0.01}}",-1163.01,,,unresolved,0.0,no Draft Command player match,Live ESPN draft-room order was not separately observable from the public API capture.,902ceb47a9e6aebd74d33549bc3e3a0348ed4402cadb05e3b964d82a33aa5f53,espn_2026_frozen_20260901T003012Z_3379127ab1c0
2026,2026-09-01T00:30:12Z,2026-08-31T19:30:12-05:00,frozen,espn-fantasy-api-kona-player-info-2026-ppr,https://lm-api-reads.fantasy.espn.com/apis/v3/games/ffl/seasons/2026/segments/0/leaguedefaults/1?view=kona_player_info,1,PPR,2975674,Robert Tonyan,robert tonyan,PIT,TE,"[5,6,23,7,20,21]",1334,,169.99,,"{""draftRanksByRankType.PPR"":{""auctionValue"":0,""published"":false,""rank"":1334,""rankSourceId"":0,""rankType"":""PPR"",""slotId"":0},""ownership"":{""activityLevel"":null,""auctionValueAverage"":0.0,""auctionValueAverageChange"":0.0,""averageDraftPosition"":169.99,""averageDraftPositionPercentChange"":0.0,""date"":1788143422634,""leagueType"":0,""percentChange"":0.0,""percentOwned"":0.03,""percentStarted"":0.01}}",-1164.01,,,unresolved,0.0,no Draft Command player match,Live ESPN draft-room order was not separately observable from the public API capture.,bb27006c6247726ea70b6ec075ce3b4cdf3974c517ee0c11551d7c9960b81157,espn_2026_frozen_20260901T003012Z_3379127ab1c0
2026,2026-09-01T00:30:12Z,2026-08-31T19:30:12-05:00,frozen,espn-fantasy-api-kona-player-info-2026-ppr,https://lm-api-reads.fantasy.espn.com/apis/v3/games/ffl/seasons/2026/segments/0/leaguedefaults/1?view=kona_player_info,1,PPR,3728262,Ray-Ray McCloud III,ray ray mccloud,CHI,WR,"[3,4,5,23,7,20,21]",1335,,169.97,,"{""draftRanksByRankType.PPR"":{""auctionValue"":0,""published"":false,""rank"":1335,""rankSourceId"":0,""rankType"":""PPR"",""slotId"":0},""ownership"":{""activityLevel"":null,""auctionValueAverage"":0.0,""auctionValueAverageChange"":0.0,""averageDraftPosition"":169.97,""averageDraftPositionPercentChange"":-0.01,""date"":1788179419382,""leagueType"":0,""percentChange"":0.0,""percentOwned"":0.06,""percentStarted"":0.01}}",-1165.03,,,unresolved,0.0,no Draft Command player match,Live ESPN draft-room order was not separately observable from the public API capture.,83d1777e4f6e7568a6f38506ecd96c78914416cbca5ba8622bc1187077b02333,espn_2026_frozen_20260901T003012Z_3379127ab1c0
2026,2026-09-01T00:30:12Z,2026-08-31T19:30:12-05:00,frozen,espn-fantasy-api-kona-player-info-2026-ppr,https://lm-api-reads.fantasy.espn.com/apis/v3/games/ffl/seasons/2026/segments/0/leaguedefaults/1?view=kona_player_info,1,PPR,2972515,Cooper Rush,cooper rush,ATL,QB,"[0,7,20,21]",1336,,169.99,,"{""draftRanksByRankType.PPR"":{""auctionValue"":0,""published"":false,""rank"":1336,""rankSourceId"":0,""rankType"":""PPR"",""slotId"":0},""ownership"":{""activityLevel"":null,""auctionValueAverage"":0.0,""auctionValueAverageChange"":0.0,""averageDraftPosition"":169.99,""averageDraftPositionPercentChange"":0.0,""date"":1787779819140,""leagueType"":0,""percentChange"":0.0,""percentOwned"":0.03,""percentStarted"":0.0}}",-1166.01,,,unresolved,0.0,no Draft Command player match,Live ESPN draft-room order was not separately observable from the public API capture.,8bf37e85dc5f637fcaf15a420a11657b1b2500de2621f1999a6aed59c6186e55,espn_2026_frozen_20260901T003012Z_3379127ab1c0
2026,2026-09-01T00:30:12Z,2026-08-31T19:30:12-05:00,frozen,espn-fantasy-api-kona-player-info-2026-ppr,https://lm-api-reads.fantasy.espn.com/apis/v3/games/ffl/seasons/2026/segments/0/leaguedefaults/1?view=kona_player_info,1,PPR,3116407,Mason Rudolph,mason rudolph,PIT,QB,"[0,7,20,21]",1337,,169.98,,"{""draftRanksByRankType.PPR"":{""auctionValue"":0,""published"":false,""rank"":1337,""rankSourceId"":0,""rankType"":""PPR"",""slotId"":0},""ownership"":{""activityLevel"":null,""auctionValueAverage"":0.0,""auctionValueAverageChange"":0.0,""averageDraftPosition"":169.98,""averageDraftPositionPercentChange"":0.0,""date"":1788219018182,""leagueType"":0,""percentChange"":0.0,""percentOwned"":0.07,""percentStarted"":0.01}}",-1167.02,,,unresolved,0.0,no Draft Command player match,Live ESPN draft-room order was not separately observable from the public API capture.,818824629a514efe2666693c5975212d07ae9d1578cd815a544f6d876e523d39,espn_2026_frozen_20260901T003012Z_3379127ab1c0
2026,2026-09-01T00:30:12Z,2026-08-31T19:30:12-05:00,frozen,espn-fantasy-api-kona-player-info-2026-ppr,https://lm-api-reads.fantasy.espn.com/apis/v3/games/ffl/seasons/2026/segments/0/leaguedefaults/1?view=kona_player_info,1,PPR,3127586,Jeremy McNichols,jeremy mcnichols,WAS,RB,"[2,3,23,7,20,21]",1338,,169.99,,"{""draftRanksByRankType.PPR"":{""auctionValue"":0,""published"":false,""rank"":1338,""rankSourceId"":0,""rankType"":""PPR"",""slotId"":0},""ownership"":{""activityLevel"":null,""auctionValueAverage"":0.0,""auctionValueAverageChange"":0.0,""averageDraftPosition"":169.99,""averageDraftPositionPercentChange"":0.0,""date"":1787790618042,""leagueType"":0,""percentChange"":0.0,""percentOwned"":0.04,""percentStarted"":0.01}}",-1168.01,,,unresolved,0.0,no Draft Command player match,Live ESPN draft-room order was not separately observable from the public API capture.,e3a4a58cef50714019bea03a9593cb5a03a48e3245777129b088ca4e35c1e9c4,espn_2026_frozen_20260901T003012Z_3379127ab1c0
2026,2026-09-01T00:30:12Z,2026-08-31T19:30:12-05:00,frozen,espn-fantasy-api-kona-player-info-2026-ppr,https://lm-api-reads.fantasy.espn.com/apis/v3/games/ffl/seasons/2026/segments/0/leaguedefaults/1?view=kona_player_info,1,PPR,2576336,Ameer Abdullah,ameer abdullah,JAX,RB,"[2,3,23,7,20,21]",1339,,169.99,,"{""draftRanksByRankType.PPR"":{""auctionValue"":0,""published"":false,""rank"":1339,""rankSourceId"":0,""rankType"":""PPR"",""slotId"":0},""ownership"":{""activityLevel"":null,""auctionValueAverage"":0.0,""auctionValueAverageChange"":0.0,""averageDraftPosition"":169.99,""averageDraftPositionPercentChange"":0.0,""date"":1788121818067,""leagueType"":0,""percentChange"":0.0,""percentOwned"":0.04,""percentStarted"":0.01}}",-1169.01,,,unresolved,0.0,no Draft Command player match,Live ESPN draft-room order was not separately observable from the public API capture.,8c8f2e6419dae3950a3907bcce1ca3ed57c18bb7c51b09cb688d882c95887904,espn_2026_frozen_20260901T003012Z_3379127ab1c0
2026,2026-09-01T00:30:12Z,2026-08-31T19:30:12-05:00,frozen,espn-fantasy-api-kona-player-info-2026-ppr,https://lm-api-reads.fantasy.espn.com/apis/v3/games/ffl/seasons/2026/segments/0/leaguedefaults/1?view=kona_player_info,1,PPR,4040761,Devin Singletary,devin singletary,NYG,RB,"[2,3,23,7,20,21]",1340,,169.98,,"{""draftRanksByRankType.PPR"":{""auctionValue"":0,""published"":false,""rank"":1340,""rankSourceId"":0,""rankType"":""PPR"",""slotId"":0},""ownership"":{""activityLevel"":null,""auctionValueAverage"":0.0,""auctionValueAverageChange"":0.0,""averageDraftPosition"":169.98,""averageDraftPositionPercentChange"":0.0,""date"":1788222619663,""leagueType"":0,""percentChange"":-0.01,""percentOwned"":0.44,""percentStarted"":0.04}}",-1170.02,,,unresolved,0.0,no Draft Command player match,Live ESPN draft-room order was not separately observable from the public API capture.,faa08b5a103c54099994fd18f061350be173c71b3658032d6a95c4b3b1221aab,espn_2026_frozen_20260901T003012Z_3379127ab1c0
2026,2026-09-01T00:30:12Z,2026-08-31T19:30:12-05:00,frozen,espn-fantasy-api-kona-player-info-2026-ppr,https://lm-api-reads.fantasy.espn.com/apis/v3/games/ffl/seasons/2026/segments/0/leaguedefaults/1?view=kona_player_info,1,PPR,3895856,Christian Kirk,christian kirk,SF,WR,"[3,4,5,23,7,20,21]",1341,,169.93,,"{""draftRanksByRankType.PPR"":{""auctionValue"":0,""published"":false,""rank"":1341,""rankSourceId"":0,""rankType"":""PPR"",""slotId"":0},""ownership"":{""activityLevel"":null,""auctionValueAverage"":0.01,""auctionValueAverageChange"":-0.01,""averageDraftPosition"":169.93,""averageDraftPositionPercentChange"":-0.01,""date"":1788222619088,""leagueType"":0,""percentChange"":-0.05,""percentOwned"":0.84,""percentStarted"":0.06}}",-1171.07,,,unresolved,0.0,no Draft Command player match,Live ESPN draft-room order was not separately observable from the public API capture.,fad0f61471fa3599fa1a917bda2fcd3cb15e943e6ca618a29fbb06a1358c2241,espn_2026_frozen_20260901T003012Z_3379127ab1c0
2026,2026-09-01T00:30:12Z,2026-08-31T19:30:12-05:00,frozen,espn-fantasy-api-kona-player-info-2026-ppr,https://lm-api-reads.fantasy.espn.com/apis/v3/games/ffl/seasons/2026/segments/0/leaguedefaults/1?view=kona_player_info,1,PPR,3134353,Tim Patrick,tim patrick,NYJ,WR,"[3,4,5,23,7,20,21]",1342,,169.98,,"{""draftRanksByRankType.PPR"":{""auctionValue"":0,""published"":false,""rank"":1342,""rankSourceId"":0,""rankType"":""PPR"",""slotId"":0},""ownership"":{""activityLevel"":null,""auctionValueAverage"":0.0,""auctionValueAverageChange"":0.0,""averageDraftPosition"":169.98,""averageDraftPositionPercentChange"":0.0,""date"":1788201013498,""leagueType"":0,""percentChange"":0.0,""percentOwned"":0.04,""percentStarted"":0.01}}",-1172.02,,,unresolved,0.0,no Draft Command player match,Live ESPN draft-room order was not separately observable from the public API capture.,43836216c3e0f15b7ec327f55f838f8b485a4fc82a98225727e1774f79224827,espn_2026_frozen_20260901T003012Z_3379127ab1c0
2026,2026-09-01T00:30:12Z,2026-08-31T19:30:12-05:00,frozen,espn-fantasy-api-kona-player-info-2026-ppr,https://lm-api-reads.fantasy.espn.com/apis/v3/games/ffl/seasons/2026/segments/0/leaguedefaults/1?view=kona_player_info,1,PPR,2573079,Carson Wentz,carson wentz,MIN,QB,"[0,7,20,21]",1343,,169.98,,"{""draftRanksByRankType.PPR"":{""auctionValue"":0,""published"":false,""rank"":1343,""rankSourceId"":0,""rankType"":""PPR"",""slotId"":0},""ownership"":{""activityLevel"":null,""auctionValueAverage"":0.0,""auctionValueAverageChange"":0.0,""averageDraftPosition"":169.98,""averageDraftPositionPercentChange"":0.0,""date"":1788136217905,""leagueType"":0,""percentChange"":0.0,""percentOwned"":0.06,""percentStarted"":0.01}}",-1173.02,,,unresolved,0.0,no Draft Command player match,Live ESPN draft-room order was not separately observable from the public API capture.,9981747f6ed5c3d3cefd896c89f834927880693143a4736eb7d210292e96440b,espn_2026_frozen_20260901T003012Z_3379127ab1c0
2026,2026-09-01T00:30:12Z,2026-08-31T19:30:12-05:00,frozen,espn-fantasy-api-kona-player-info-2026-ppr,https://lm-api-reads.fantasy.espn.com/apis/v3/games/ffl/seasons/2026/segments/0/leaguedefaults/1?view=kona_player_info,1,PPR,14012,Andy Dalton,andy dalton,PHI,QB,"[0,7,20,21]",1344,,169.99,,"{""draftRanksByRankType.PPR"":{""auctionValue"":0,""published"":false,""rank"":1344,""rankSourceId"":0,""rankType"":""PPR"",""slotId"":0},""ownership"":{""activityLevel"":null,""auctionValueAverage"":0.0,""auctionValueAverageChange"":0.0,""averageDraftPosition"":169.99,""averageDraftPositionPercentChange"":0.0,""date"":1788208212390,""leagueType"":0,""percentChange"":0.0,""percentOwned"":0.05,""percentStarted"":0.0}}",-1174.01,,,unresolved,0.0,no Draft Command player match,Live ESPN draft-room order was not separately observable from the public API capture.,71b792aa2d4bb57c0fcc6b6f3311ab886e8acd33785db5b4a277c3c1a656a89c,espn_2026_frozen_20260901T003012Z_3379127ab1c0
2026,2026-09-01T00:30:12Z,2026-08-31T19:30:12-05:00,frozen,espn-fantasy-api-kona-player-info-2026-ppr,https://lm-api-reads.fantasy.espn.com/apis/v3/games/ffl/seasons/2026/segments/0/leaguedefaults/1?view=kona_player_info,1,PPR,15168,Case Keenum,case keenum,CHI,QB,"[0,7,20,21]",1345,,169.99,,"{""draftRanksByRankType.PPR"":{""auctionValue"":0,""published"":false,""rank"":1345,""rankSourceId"":0,""rankType"":""PPR"",""slotId"":0},""ownership"":{""activityLevel"":null,""auctionValueAverage"":0.0,""auctionValueAverageChange"":0.0,""averageDraftPosition"":169.99,""averageDraftPositionPercentChange"":0.0,""date"":1788129016741,""leagueType"":0,""percentChange"":0.0,""percentOwned"":0.03,""percentStarted"":0.0}}",-1175.01,,,unresolved,0.0,no Draft Command player match,Live ESPN draft-room order was not separately observable from the public API capture.,2c963881b66a5b049674ae2e559587a2ae2a8078b7f4e1e59ac0976f6f8109fa,espn_2026_frozen_20260901T003012Z_3379127ab1c0
2026,2026-09-01T00:30:12Z,2026-08-31T19:30:12-05:00,frozen,espn-fantasy-api-kona-player-info-2026-ppr,https://lm-api-reads.fantasy.espn.com/apis/v3/games/ffl/seasons/2026/segments/0/leaguedefaults/1?view=kona_player_info,1,PPR,4039057,Lil'Jordan Humphrey,lil jordan humphrey,DEN,WR,"[3,4,5,23,7,20,21]",1346,,169.93,,"{""draftRanksByRankType.PPR"":{""auctionValue"":0,""published"":false,""rank"":1346,""rankSourceId"":0,""rankType"":""PPR"",""slotId"":0},""ownership"":{""activityLevel"":null,""auctionValueAverage"":0.0,""auctionValueAverageChange"":0.0,""averageDraftPosition"":169.93,""averageDraftPositionPercentChange"":-0.01,""date"":1788211816639,""leagueType"":0,""percentChange"":-0.01,""percentOwned"":0.19,""percentStarted"":0.04}}",-1176.07,,,unresolved,0.0,no Draft Command player match,Live ESPN draft-room order was not separately observable from the public API capture.,4156343bd09763df17d663db35dd5adfd62b328331e35c1fc92ac65df5bb4e54,espn_2026_frozen_20260901T003012Z_3379127ab1c0
2026,2026-09-01T00:30:12Z,2026-08-31T19:30:12-05:00,frozen,espn-fantasy-api-kona-player-info-2026-ppr,https://lm-api-reads.fantasy.espn.com/apis/v3/games/ffl/seasons/2026/segments/0/leaguedefaults/1?view=kona_player_info,1,PPR,4424106,Gunner Olszewski,gunner olszewski,NYG,WR,"[3,4,5,23,7,20,21]",1347,,169.99,,"{""draftRanksByRankType.PPR"":{""auctionValue"":0,""published"":false,""rank"":1347,""rankSourceId"":0,""rankType"":""PPR"",""slotId"":0},""ownership"":{""activityLevel"":null,""auctionValueAverage"":0.0,""auctionValueAverageChange"":0.0,""averageDraftPosition"":169.99,""averageDraftPositionPercentChange"":-0.01,""date"":1788179422294,""leagueType"":0,""percentChange"":0.0,""percentOwned"":0.02,""percentStarted"":0.01}}",-1177.01,,,unresolved,0.0,no Draft Command player match,Live ESPN draft-room order was not separately observable from the public API capture.,2c03180dbe199932b9e25ec73eadd69887220e4440c3a0c0bb9f78798954c59e,espn_2026_frozen_20260901T003012Z_3379127ab1c0
2026,2026-09-01T00:30:12Z,2026-08-31T19:30:12-05:00,frozen,espn-fantasy-api-kona-player-info-2026-ppr,https://lm-api-reads.fantasy.espn.com/apis/v3/games/ffl/seasons/2026/segments/0/leaguedefaults/1?view=kona_player_info,1,PPR,4360438,Brandon Aiyuk,brandon aiyuk,SF,WR,"[3,4,5,23,7,20,21]",1348,,169.96,,"{""draftRanksByRankType.PPR"":{""auctionValue"":0,""published"":false,""rank"":1348,""rankSourceId"":0,""rankType"":""PPR"",""slotId"":0},""ownership"":{""activityLevel"":null,""auctionValueAverage"":0.0,""auctionValueAverageChange"":0.0,""averageDraftPosition"":169.96,""averageDraftPositionPercentChange"":0.0,""date"":1788222620470,""leagueType"":0,""percentChange"":-0.15,""percentOwned"":1.42,""percentStarted"":0.04}}",-1178.04,,,unresolved,0.0,no Draft Command player match,Live ESPN draft-room order was not separately observable from the public API capture.,a11366e0fddd5a849240e368c8efa601afff889c3de4e3290cada78d660b1a88,espn_2026_frozen_20260901T003012Z_3379127ab1c0
2026,2026-09-01T00:30:12Z,2026-08-31T19:30:12-05:00,frozen,espn-fantasy-api-kona-player-info-2026-ppr,https://lm-api-reads.fantasy.espn.com/apis/v3/games/ffl/seasons/2026/segments/0/leaguedefaults/1?view=kona_player_info,1,PPR,4239934,AJ Dillon,aj dillon,CAR,RB,"[2,3,23,7,20,21]",1349,,169.98,,"{""draftRanksByRankType.PPR"":{""auctionValue"":0,""published"":false,""rank"":1349,""rankSourceId"":0,""rankType"":""PPR"",""slotId"":0},""ownership"":{""activityLevel"":null,""auctionValueAverage"":0.0,""auctionValueAverageChange"":0.0,""averageDraftPosition"":169.98,""averageDraftPositionPercentChange"":-0.01,""date"":1788143424095,""leagueType"":0,""percentChange"":0.0,""percentOwned"":0.09,""percentStarted"":0.01}}",-1179.02,,,unresolved,0.0,no Draft Command player match,Live ESPN draft-room order was not separately observable from the public API capture.,be3013b683eb42e8b67c773a75642b4c03b419f3309b9ce5a5edcdb63cdef832,espn_2026_frozen_20260901T003012Z_3379127ab1c0
2026,2026-09-01T00:30:12Z,2026-08-31T19:30:12-05:00,frozen,espn-fantasy-api-kona-player-info-2026-ppr,https://lm-api-reads.fantasy.espn.com/apis/v3/games/ffl/seasons/2026/segments/0/leaguedefaults/1?view=kona_player_info,1,PPR,4241401,Trey Sermon,trey sermon,ATL,RB,"[2,3,23,7,20,21]",1351,,169.99,,"{""draftRanksByRankType.PPR"":{""auctionValue"":0,""published"":false,""rank"":1351,""rankSourceId"":0,""rankType"":""PPR"",""slotId"":0},""ownership"":{""activityLevel"":null,""auctionValueAverage"":0.0,""auctionValueAverageChange"":0.0,""averageDraftPosition"":169.99,""averageDraftPositionPercentChange"":0.0,""date"":1787326215662,""leagueType"":0,""percentChange"":0.0,""percentOwned"":0.02,""percentStarted"":0.0}}",-1181.01,,,unresolved,0.0,no Draft Command player match,Live ESPN draft-room order was not separately observable from the public API capture.,7c4639c27fe707d21341e02bca23d2cf612562f410e201913bc2a00d86faa2c7,espn_2026_frozen_20260901T003012Z_3379127ab1c0
2026,2026-09-01T00:30:12Z,2026-08-31T19:30:12-05:00,frozen,espn-fantasy-api-kona-player-info-2026-ppr,https://lm-api-reads.fantasy.espn.com/apis/v3/games/ffl/seasons/2026/segments/0/leaguedefaults/1?view=kona_player_info,1,PPR,4372414,Elijah Moore,elijah moore,PHI,WR,"[3,4,5,23,7,20,21]",1352,,169.99,,"{""draftRanksByRankType.PPR"":{""auctionValue"":0,""published"":false,""rank"":1352,""rankSourceId"":0,""rankType"":""PPR"",""slotId"":0},""ownership"":{""activityLevel"":null,""auctionValueAverage"":0.0,""auctionValueAverageChange"":0.0,""averageDraftPosition"":169.99,""averageDraftPositionPercentChange"":0.0,""date"":1788208213985,""leagueType"":0,""percentChange"":0.0,""percentOwned"":0.05,""percentStarted"":0.01}}",-1182.01,,,unresolved,0.0,no Draft Command player match,Live ESPN draft-room order was not separately observable from the public API capture.,75fa75735820810ffd5169663411fbcfed655a86e5ddc8a19732ffcfef50a12d,espn_2026_frozen_20260901T003012Z_3379127ab1c0
2026,2026-09-01T00:30:12Z,2026-08-31T19:30:12-05:00,frozen,espn-fantasy-api-kona-player-info-2026-ppr,https://lm-api-reads.fantasy.espn.com/apis/v3/games/ffl/seasons/2026/segments/0/leaguedefaults/1?view=kona_player_info,1,PPR,4361259,Zach Wilson,zach wilson,NO,QB,"[0,7,20,21]",1353,,169.99,,"{""draftRanksByRankType.PPR"":{""auctionValue"":0,""published"":false,""rank"":1353,""rankSourceId"":0,""rankType"":""PPR"",""slotId"":0},""ownership"":{""activityLevel"":null,""auctionValueAverage"":0.0,""auctionValueAverageChange"":0.0,""averageDraftPosition"":169.99,""averageDraftPositionPercentChange"":0.0,""date"":1788222620530,""leagueType"":0,""percentChange"":0.0,""percentOwned"":0.04,""percentStarted"":0.01}}",-1183.01,,,unresolved,0.0,no Draft Command player match,Live ESPN draft-room order was not separately observable from the public API capture.,37a37de85d98fe4f41555916ee70d3d00f866434320a12974d8c105f8cdd6546,espn_2026_frozen_20260901T003012Z_3379127ab1c0
2026,2026-09-01T00:30:12Z,2026-08-31T19:30:12-05:00,frozen,espn-fantasy-api-kona-player-info-2026-ppr,https://lm-api-reads.fantasy.espn.com/apis/v3/games/ffl/seasons/2026/segments/0/leaguedefaults/1?view=kona_player_info,1,PPR,4374033,Jermar Jefferson,jermar jefferson,MIN,RB,"[2,3,23,7,20,21]",1354,,169.94,,"{""draftRanksByRankType.PPR"":{""auctionValue"":0,""published"":false,""rank"":1354,""rankSourceId"":0,""rankType"":""PPR"",""slotId"":0},""ownership"":{""activityLevel"":null,""auctionValueAverage"":0.01,""auctionValueAverageChange"":0.0,""averageDraftPosition"":169.94,""averageDraftPositionPercentChange"":-0.01,""date"":1788193814332,""leagueType"":0,""percentChange"":0.0,""percentOwned"":0.07,""percentStarted"":0.02}}",-1184.06,,,unresolved,0.0,no Draft Command player match,Live ESPN draft-room order was not separately observable from the public API capture.,56848210a8c7e29bf72d93604cc3b80ee6d34296418814f2dd0c81135a588770,espn_2026_frozen_20260901T003012Z_3379127ab1c0
2026,2026-09-01T00:30:12Z,2026-08-31T19:30:12-05:00,frozen,espn-fantasy-api-kona-player-info-2026-ppr,https://lm-api-reads.fantasy.espn.com/apis/v3/games/ffl/seasons/2026/segments/0/leaguedefaults/1?view=kona_player_info,1,PPR,4241424,Tylan Wallace,tylan wallace,CLE,WR,"[3,4,5,23,7,20,21]",1355,,169.99,,"{""draftRanksByRankType.PPR"":{""auctionValue"":0,""published"":false,""rank"":1355,""rankSourceId"":0,""rankType"":""PPR"",""slotId"":0},""ownership"":{""activityLevel"":null,""auctionValueAverage"":0.0,""auctionValueAverageChange"":0.0,""averageDraftPosition"":169.99,""averageDraftPositionPercentChange"":0.0,""date"":1787707818914,""leagueType"":0,""percentChange"":0.0,""percentOwned"":0.02,""percentStarted"":0.0}}",-1185.01,,,unresolved,0.0,no Draft Command player match,Live ESPN draft-room order was not separately observable from the public API capture.,efbbff39cf2424d90374fae8c5f116703a139f82bda609b8d0f9895e279e7b54,espn_2026_frozen_20260901T003012Z_3379127ab1c0
2026,2026-09-01T00:30:12Z,2026-08-31T19:30:12-05:00,frozen,espn-fantasy-api-kona-player-info-2026-ppr,https://lm-api-reads.fantasy.espn.com/apis/v3/games/ffl/seasons/2026/segments/0/leaguedefaults/1?view=kona_player_info,1,PPR,4039160,Kylen Granson,kylen granson,TEN,TE,"[5,6,23,7,20,21]",1356,,170,,"{""draftRanksByRankType.PPR"":{""auctionValue"":0,""published"":false,""rank"":1356,""rankSourceId"":0,""rankType"":""PPR"",""slotId"":0},""ownership"":{""activityLevel"":null,""auctionValueAverage"":0.0,""auctionValueAverageChange"":0.0,""averageDraftPosition"":170.0,""averageDraftPositionPercentChange"":0.0,""date"":1787538619213,""leagueType"":0,""percentChange"":0.0,""percentOwned"":0.01,""percentStarted"":0.0}}",-1186.0,,,unresolved,0.0,no Draft Command player match,Live ESPN draft-room order was not separately observable from the public API capture.,d144354a2c836b61890cfef8ab633d64c710726736745a422e86fd8035c6cb9e,espn_2026_frozen_20260901T003012Z_3379127ab1c0
2026,2026-09-01T00:30:12Z,2026-08-31T19:30:12-05:00,frozen,espn-fantasy-api-kona-player-info-2026-ppr,https://lm-api-reads.fantasy.espn.com/apis/v3/games/ffl/seasons/2026/segments/0/leaguedefaults/1?view=kona_player_info,1,PPR,4360739,Simi Fehoko,simi fehoko,ARI,WR,"[3,4,5,23,7,20,21]",1357,,169.99,,"{""draftRanksByRankType.PPR"":{""auctionValue"":0,""published"":false,""rank"":1357,""rankSourceId"":0,""rankType"":""PPR"",""slotId"":0},""ownership"":{""activityLevel"":null,""auctionValueAverage"":0.0,""auctionValueAverageChange"":0.0,""averageDraftPosition"":169.99,""averageDraftPositionPercentChange"":0.0,""date"":1788049819593,""leagueType"":0,""percentChange"":0.0,""percentOwned"":0.02,""percentStarted"":0.0}}",-1187.01,,,unresolved,0.0,no Draft Command player match,Live ESPN draft-room order was not separately observable from the public API capture.,be161b9ed2fd7a77339370a456d3478ca3210a69e293f265bb51890c33fcd98c,espn_2026_frozen_20260901T003012Z_3379127ab1c0
2026,2026-09-01T00:30:12Z,2026-08-31T19:30:12-05:00,frozen,espn-fantasy-api-kona-player-info-2026-ppr,https://lm-api-reads.fantasy.espn.com/apis/v3/games/ffl/seasons/2026/segments/0/leaguedefaults/1?view=kona_player_info,1,PPR,4241820,Sam Ehlinger,sam ehlinger,DEN,QB,"[0,7,20,21]",1358,,169.99,,"{""draftRanksByRankType.PPR"":{""auctionValue"":0,""published"":false,""rank"":1358,""rankSourceId"":0,""rankType"":""PPR"",""slotId"":0},""ownership"":{""activityLevel"":null,""auctionValueAverage"":0.0,""auctionValueAverageChange"":0.0,""averageDraftPosition"":169.99,""averageDraftPositionPercentChange"":0.0,""date"":1787625020846,""leagueType"":0,""percentChange"":0.0,""percentOwned"":0.02,""percentStarted"":0.0}}",-1188.01,,,unresolved,0.0,no Draft Command player match,Live ESPN draft-room order was not separately observable from the public API capture.,576662ed92da1aad92c7d5246ceb47abbe1a8d6b7728996000a90ca7ffcd62b9,espn_2026_frozen_20260901T003012Z_3379127ab1c0
2026,2026-09-01T00:30:12Z,2026-08-31T19:30:12-05:00,frozen,espn-fantasy-api-kona-player-info-2026-ppr,https://lm-api-reads.fantasy.espn.com/apis/v3/games/ffl/seasons/2026/segments/0/leaguedefaults/1?view=kona_player_info,1,PPR,4034948,Feleipe Franks,feleipe franks,CAR,TE,"[5,6,23,7,20,21]",1359,,170,,"{""draftRanksByRankType.PPR"":{""auctionValue"":0,""published"":false,""rank"":1359,""rankSourceId"":0,""rankType"":""PPR"",""slotId"":0},""ownership"":{""activityLevel"":null,""auctionValueAverage"":0.0,""auctionValueAverageChange"":0.0,""averageDraftPosition"":170.0,""averageDraftPositionPercentChange"":0.0,""date"":1788136220436,""leagueType"":0,""percentChange"":0.0,""percentOwned"":0.01,""percentStarted"":0.0}}",-1189.0,,,unresolved,0.0,no Draft Command player match,Live ESPN draft-room order was not separately observable from the public API capture.,4146085b3ad643811bec439fa36b54a9375ec9529a1ac47388aaee43acbb6f0a,espn_2026_frozen_20260901T003012Z_3379127ab1c0
2026,2026-09-01T00:30:12Z,2026-08-31T19:30:12-05:00,frozen,espn-fantasy-api-kona-player-info-2026-ppr,https://lm-api-reads.fantasy.espn.com/apis/v3/games/ffl/seasons/2026/segments/0/leaguedefaults/1?view=kona_player_info,1,PPR,4249030,D.J. Montgomery,d j montgomery,IND,WR,"[3,4,5,23,7,20,21]",1360,,169.96,,"{""draftRanksByRankType.PPR"":{""auctionValue"":0,""published"":false,""rank"":1360,""rankSourceId"":0,""rankType"":""PPR"",""slotId"":0},""ownership"":{""activityLevel"":null,""auctionValueAverage"":0.0,""auctionValueAverageChange"":0.0,""averageDraftPosition"":169.96,""averageDraftPositionPercentChange"":0.0,""date"":1788017415106,""leagueType"":0,""percentChange"":0.0,""percentOwned"":0.03,""percentStarted"":0.01}}",-1190.04,,,unresolved,0.0,no Draft Command player match,Live ESPN draft-room order was not separately observable from the public API capture.,02532ae4d9a9687a92627cea4251ca67ad082b4f352a6a2a45084a704d746eb8,espn_2026_frozen_20260901T003012Z_3379127ab1c0
2026,2026-09-01T00:30:12Z,2026-08-31T19:30:12-05:00,frozen,espn-fantasy-api-kona-player-info-2026-ppr,https://lm-api-reads.fantasy.espn.com/apis/v3/games/ffl/seasons/2026/segments/0/leaguedefaults/1?view=kona_player_info,1,PPR,3871102,David Sills V,david sills,TB,WR,"[3,4,5,23,7,20,21]",1361,,169.99,,"{""draftRanksByRankType.PPR"":{""auctionValue"":0,""published"":false,""rank"":1361,""rankSourceId"":0,""rankType"":""PPR"",""slotId"":0},""ownership"":{""activityLevel"":null,""auctionValueAverage"":0.0,""auctionValueAverageChange"":0.0,""averageDraftPosition"":169.99,""averageDraftPositionPercentChange"":0.0,""date"":1788219018379,""leagueType"":0,""percentChange"":0.0,""percentOwned"":0.02,""percentStarted"":0.0}}",-1191.01,,,unresolved,0.0,no Draft Command player match,Live ESPN draft-room order was not separately observable from the public API capture.,cbcd9d0d7e39d0eeaee16e4d5b3c5b5c6e7e5bc6760e1e4f697f14f2ec6e15ae,espn_2026_frozen_20260901T003012Z_3379127ab1c0
2026,2026-09-01T00:30:12Z,2026-08-31T19:30:12-05:00,frozen,espn-fantasy-api-kona-player-info-2026-ppr,https://lm-api-reads.fantasy.espn.com/apis/v3/games/ffl/seasons/2026/segments/0/leaguedefaults/1?view=kona_player_info,1,PPR,4567096,John Metchie III,john metchie,CAR,WR,"[3,4,5,23,7,20,21]",1362,,169.99,,"{""draftRanksByRankType.PPR"":{""auctionValue"":0,""published"":false,""rank"":1362,""rankSourceId"":0,""rankType"":""PPR"",""slotId"":0},""ownership"":{""activityLevel"":null,""auctionValueAverage"":0.0,""auctionValueAverageChange"":0.0,""averageDraftPosition"":169.99,""averageDraftPositionPercentChange"":0.0,""date"":1788132621218,""leagueType"":0,""percentChange"":-0.01,""percentOwned"":0.07,""percentStarted"":0.01}}",-1192.01,,,unresolved,0.0,no Draft Command player match,Live ESPN draft-room order was not separately observable from the public API capture.,aeb4dac96826863460f57df912d1fbe14183707a4fddb6a85559a8e9d209168e,espn_2026_frozen_20260901T003012Z_3379127ab1c0
2026,2026-09-01T00:30:12Z,2026-08-31T19:30:12-05:00,frozen,espn-fantasy-api-kona-player-info-2026-ppr,https://lm-api-reads.fantasy.espn.com/apis/v3/games/ffl/seasons/2026/segments/0/leaguedefaults/1?view=kona_player_info,1,PPR,4241410,Jelani Woods,jelani woods,NYJ,TE,"[5,6,23,7,20,21]",1363,,170,,"{""draftRanksByRankType.PPR"":{""auctionValue"":0,""published"":false,""rank"":1363,""rankSourceId"":0,""rankType"":""PPR"",""slotId"":0},""ownership"":{""activityLevel"":null,""auctionValueAverage"":0.0,""auctionValueAverageChange"":0.0,""averageDraftPosition"":170.0,""averageDraftPositionPercentChange"":0.0,""date"":1788179420750,""leagueType"":0,""percentChange"":0.0,""percentOwned"":0.02,""percentStarted"":0.01}}",-1193.0,,,unresolved,0.0,no Draft Command player match,Live ESPN draft-room order was not separately observable from the public API capture.,28a102148ecaf0e1609939615a28c19187824905b81294da47d035063ade29ad,espn_2026_frozen_20260901T003012Z_3379127ab1c0
2026,2026-09-01T00:30:12Z,2026-08-31T19:30:12-05:00,frozen,espn-fantasy-api-kona-player-info-2026-ppr,https://lm-api-reads.fantasy.espn.com/apis/v3/games/ffl/seasons/2026/segments/0/leaguedefaults/1?view=kona_player_info,1,PPR,4243389,Calvin Austin III,calvin austin,NYG,WR,"[3,4,5,23,7,20,21]",1364,,169.99,,"{""draftRanksByRankType.PPR"":{""auctionValue"":0,""published"":false,""rank"":1364,""rankSourceId"":0,""rankType"":""PPR"",""slotId"":0},""ownership"":{""activityLevel"":null,""auctionValueAverage"":0.0,""auctionValueAverageChange"":0.0,""averageDraftPosition"":169.99,""averageDraftPositionPercentChange"":0.0,""date"":1788222620144,""leagueType"":0,""percentChange"":-0.01,""percentOwned"":0.11,""percentStarted"":0.01}}",-1194.01,,,unresolved,0.0,no Draft Command player match,Live ESPN draft-room order was not separately observable from the public API capture.,40726f3803a0c26ed9a26a794463a154e4d5a9356f39b01d593a58f33cfcd5dc,espn_2026_frozen_20260901T003012Z_3379127ab1c0
2026,2026-09-01T00:30:12Z,2026-08-31T19:30:12-05:00,frozen,espn-fantasy-api-kona-player-info-2026-ppr,https://lm-api-reads.fantasy.espn.com/apis/v3/games/ffl/seasons/2026/segments/0/leaguedefaults/1?view=kona_player_info,1,PPR,4241374,Grant Calcaterra,grant calcaterra,PHI,TE,"[5,6,23,7,20,21]",1365,,169.99,,"{""draftRanksByRankType.PPR"":{""auctionValue"":0,""published"":false,""rank"":1365,""rankSourceId"":0,""rankType"":""PPR"",""slotId"":0},""ownership"":{""activityLevel"":null,""auctionValueAverage"":0.0,""auctionValueAverageChange"":0.0,""averageDraftPosition"":169.99,""averageDraftPositionPercentChange"":0.0,""date"":1788143424193,""leagueType"":0,""percentChange"":0.0,""percentOwned"":0.03,""percentStarted"":0.01}}",-1195.01,,,unresolved,0.0,no Draft Command player match,Live ESPN draft-room order was not separately observable from the public API capture.,ae229e5395f6c2065bdb7e47de8d468c074a351e3ea5ebf67568008f2e75cd10,espn_2026_frozen_20260901T003012Z_3379127ab1c0
2026,2026-09-01T00:30:12Z,2026-08-31T19:30:12-05:00,frozen,espn-fantasy-api-kona-player-info-2026-ppr,https://lm-api-reads.fantasy.espn.com/apis/v3/games/ffl/seasons/2026/segments/0/leaguedefaults/1?view=kona_player_info,1,PPR,4361438,Cole Turner,cole turner,MIA,TE,"[5,6,23,7,20,21]",1366,,170,,"{""draftRanksByRankType.PPR"":{""auctionValue"":0,""published"":false,""rank"":1366,""rankSourceId"":0,""rankType"":""PPR"",""slotId"":0},""ownership"":{""activityLevel"":null,""auctionValueAverage"":0.0,""auctionValueAverageChange"":0.0,""averageDraftPosition"":170.0,""averageDraftPositionPercentChange"":0.0,""date"":1788139821846,""leagueType"":0,""percentChange"":0.0,""percentOwned"":0.01,""percentStarted"":0.0}}",-1196.0,,,unresolved,0.0,no Draft Command player match,Live ESPN draft-room order was not separately observable from the public API capture.,bb5a0147427bf1f70595aed498ed53c72d36dfadbf819ce7adda3add1a65c851,espn_2026_frozen_20260901T003012Z_3379127ab1c0
2026,2026-09-01T00:30:12Z,2026-08-31T19:30:12-05:00,frozen,espn-fantasy-api-kona-player-info-2026-ppr,https://lm-api-reads.fantasy.espn.com/apis/v3/games/ffl/seasons/2026/segments/0/leaguedefaults/1?view=kona_player_info,1,PPR,4242431,Ty Chandler,ty chandler,NO,RB,"[2,3,23,7,20,21]",1367,,169.99,,"{""draftRanksByRankType.PPR"":{""auctionValue"":0,""published"":false,""rank"":1367,""rankSourceId"":0,""rankType"":""PPR"",""slotId"":0},""ownership"":{""activityLevel"":null,""auctionValueAverage"":0.0,""auctionValueAverageChange"":0.0,""averageDraftPosition"":169.99,""averageDraftPositionPercentChange"":0.0,""date"":1788219018919,""leagueType"":0,""percentChange"":0.0,""percentOwned"":0.03,""percentStarted"":0.0}}",-1197.01,,,unresolved,0.0,no Draft Command player match,Live ESPN draft-room order was not separately observable from the public API capture.,16a7579e6bc75513487371b298994afd7e7efb0fffc5c3881ab5241a94a51085,espn_2026_frozen_20260901T003012Z_3379127ab1c0
2026,2026-09-01T00:30:12Z,2026-08-31T19:30:12-05:00,frozen,espn-fantasy-api-kona-player-info-2026-ppr,https://lm-api-reads.fantasy.espn.com/apis/v3/games/ffl/seasons/2026/segments/0/leaguedefaults/1?view=kona_player_info,1,PPR,4036419,Skylar Thompson,skylar thompson,BAL,QB,"[0,7,20,21]",1368,,170,,"{""draftRanksByRankType.PPR"":{""auctionValue"":0,""published"":false,""rank"":1368,""rankSourceId"":0,""rankType"":""PPR"",""slotId"":0},""ownership"":{""activityLevel"":null,""auctionValueAverage"":0.0,""auctionValueAverageChange"":0.0,""averageDraftPosition"":170.0,""averageDraftPositionPercentChange"":0.0,""date"":1788179420127,""leagueType"":0,""percentChange"":0.0,""percentOwned"":0.01,""percentStarted"":0.0}}",-1198.0,,,unresolved,0.0,no Draft Command player match,Live ESPN draft-room order was not separately observable from the public API capture.,52a6721480ba354b42ba1257eb95b949a670b9f5d3c835d32b3db7a265922e79,espn_2026_frozen_20260901T003012Z_3379127ab1c0
2026,2026-09-01T00:30:12Z,2026-08-31T19:30:12-05:00,frozen,espn-fantasy-api-kona-player-info-2026-ppr,https://lm-api-reads.fantasy.espn.com/apis/v3/games/ffl/seasons/2026/segments/0/leaguedefaults/1?view=kona_player_info,1,PPR,4036032,Brittain Brown,brittain brown,CHI,RB,"[2,3,23,7,20,21]",1369,,169.99,,"{""draftRanksByRankType.PPR"":{""auctionValue"":0,""published"":false,""rank"":1369,""rankSourceId"":0,""rankType"":""PPR"",""slotId"":0},""ownership"":{""activityLevel"":null,""auctionValueAverage"":0.0,""auctionValueAverageChange"":0.0,""averageDraftPosition"":169.99,""averageDraftPositionPercentChange"":0.0,""date"":1788219018637,""leagueType"":0,""percentChange"":0.0,""percentOwned"":0.03,""percentStarted"":0.01}}",-1199.01,,,unresolved,0.0,no Draft Command player match,Live ESPN draft-room order was not separately observable from the public API capture.,e6f6153b0854beb107d877e8524940390893e24e0839075291a406edd5f2564c,espn_2026_frozen_20260901T003012Z_3379127ab1c0
2026,2026-09-01T00:30:12Z,2026-08-31T19:30:12-05:00,frozen,espn-fantasy-api-kona-player-info-2026-ppr,https://lm-api-reads.fantasy.espn.com/apis/v3/games/ffl/seasons/2026/segments/0/leaguedefaults/1?view=kona_player_info,1,PPR,4367567,Julius Chestnut,julius chestnut,TEN,RB,"[2,3,23,7,20,21]",1370,,169.99,,"{""draftRanksByRankType.PPR"":{""auctionValue"":0,""published"":false,""rank"":1370,""rankSourceId"":0,""rankType"":""PPR"",""slotId"":0},""ownership"":{""activityLevel"":null,""auctionValueAverage"":0.0,""auctionValueAverageChange"":0.0,""averageDraftPosition"":169.99,""averageDraftPositionPercentChange"":0.0,""date"":1788049820106,""leagueType"":0,""percentChange"":0.0,""percentOwned"":0.04,""percentStarted"":0.01}}",-1200.01,,,unresolved,0.0,no Draft Command player match,Live ESPN draft-room order was not separately observable from the public API capture.,0542c114184cd4763d96804a6c554a2781ac1b985c54f2a8f69bf6ac3065926d,espn_2026_frozen_20260901T003012Z_3379127ab1c0
2026,2026-09-01T00:30:12Z,2026-08-31T19:30:12-05:00,frozen,espn-fantasy-api-kona-player-info-2026-ppr,https://lm-api-reads.fantasy.espn.com/apis/v3/games/ffl/seasons/2026/segments/0/leaguedefaults/1?view=kona_player_info,1,PPR,4244049,Quintin Morris,quintin morris,JAX,TE,"[5,6,23,7,20,21]",1371,,170,,"{""draftRanksByRankType.PPR"":{""auctionValue"":0,""published"":false,""rank"":1371,""rankSourceId"":0,""rankType"":""PPR"",""slotId"":0},""ownership"":{""activityLevel"":null,""auctionValueAverage"":0.0,""auctionValueAverageChange"":0.0,""averageDraftPosition"":170.0,""averageDraftPositionPercentChange"":0.0,""date"":1788139821408,""leagueType"":0,""percentChange"":0.0,""percentOwned"":0.01,""percentStarted"":0.01}}",-1201.0,,,unresolved,0.0,no Draft Command player match,Live ESPN draft-room order was not separately observable from the public API capture.,a07497033e50fc1628bdb219f72843f0db52815e55f4a7f66d576c2d385273d1,espn_2026_frozen_20260901T003012Z_3379127ab1c0
2026,2026-09-01T00:30:12Z,2026-08-31T19:30:12-05:00,frozen,espn-fantasy-api-kona-player-info-2026-ppr,https://lm-api-reads.fantasy.espn.com/apis/v3/games/ffl/seasons/2026/segments/0/leaguedefaults/1?view=kona_player_info,1,PPR,4243003,Ronnie Rivers,ronnie rivers,LAR,RB,"[2,3,23,7,20,21]",1372,,169.98,,"{""draftRanksByRankType.PPR"":{""auctionValue"":0,""published"":false,""rank"":1372,""rankSourceId"":0,""rankType"":""PPR"",""slotId"":0},""ownership"":{""activityLevel"":null,""auctionValueAverage"":0.0,""auctionValueAverageChange"":0.0,""averageDraftPosition"":169.98,""averageDraftPositionPercentChange"":0.0,""date"":1788179421005,""leagueType"":0,""percentChange"":0.0,""percentOwned"":0.05,""percentStarted"":0.01}}",-1202.02,,,unresolved,0.0,no Draft Command player match,Live ESPN draft-room order was not separately observable from the public API capture.,5104017bc4e47708b151aaba40e915e3e4b4f2f0371761cfdd937e08861cec80,espn_2026_frozen_20260901T003012Z_3379127ab1c0
2026,2026-09-01T00:30:12Z,2026-08-31T19:30:12-05:00,frozen,espn-fantasy-api-kona-player-info-2026-ppr,https://lm-api-reads.fantasy.espn.com/apis/v3/games/ffl/seasons/2026/segments/0/leaguedefaults/1?view=kona_player_info,1,PPR,4916349,Nikola Kalinic,nikola kalinic,CHI,TE,"[5,6,23,7,20,21]",1373,,170,,"{""draftRanksByRankType.PPR"":{""auctionValue"":0,""published"":false,""rank"":1373,""rankSourceId"":0,""rankType"":""PPR"",""slotId"":0},""ownership"":{""activityLevel"":null,""auctionValueAverage"":0.0,""auctionValueAverageChange"":0.0,""averageDraftPosition"":170.0,""averageDraftPositionPercentChange"":-0.01,""date"":1788179424492,""leagueType"":0,""percentChange"":0.0,""percentOwned"":0.01,""percentStarted"":0.0}}",-1203.0,,,unresolved,0.0,no Draft Command player match,Live ESPN draft-room order was not separately observable from the public API capture.,de737a0080ef134148609bbfb560a04f0640f9236db242bfce1339217920b498,espn_2026_frozen_20260901T003012Z_3379127ab1c0
2026,2026-09-01T00:30:12Z,2026-08-31T19:30:12-05:00,frozen,espn-fantasy-api-kona-player-info-2026-ppr,https://lm-api-reads.fantasy.espn.com/apis/v3/games/ffl/seasons/2026/segments/0/leaguedefaults/1?view=kona_player_info,1,PPR,4426386,Roschon Johnson,roschon johnson,CHI,RB,"[2,3,23,7,20,21]",1374,,169.98,,"{""draftRanksByRankType.PPR"":{""auctionValue"":0,""published"":false,""rank"":1374,""rankSourceId"":0,""rankType"":""PPR"",""slotId"":0},""ownership"":{""activityLevel"":null,""auctionValueAverage"":0.0,""auctionValueAverageChange"":0.0,""averageDraftPosition"":169.98,""averageDraftPositionPercentChange"":0.0,""date"":1788201014591,""leagueType"":0,""percentChange"":0.0,""percentOwned"":0.11,""percentStarted"":0.01}}",-1204.02,,,unresolved,0.0,no Draft Command player match,Live ESPN draft-room order was not separately observable from the public API capture.,53a3277c691323c7480fcbe3c7d601769f82795052b339c23905cfb511e9cd17,espn_2026_frozen_20260901T003012Z_3379127ab1c0
2026,2026-09-01T00:30:12Z,2026-08-31T19:30:12-05:00,frozen,espn-fantasy-api-kona-player-info-2026-ppr,https://lm-api-reads.fantasy.espn.com/apis/v3/games/ffl/seasons/2026/segments/0/leaguedefaults/1?view=kona_player_info,1,PPR,4428085,Luke Musgrave,luke musgrave,GB,TE,"[5,6,23,7,20,21]",1375,,169.98,,"{""draftRanksByRankType.PPR"":{""auctionValue"":0,""published"":false,""rank"":1375,""rankSourceId"":0,""rankType"":""PPR"",""slotId"":0},""ownership"":{""activityLevel"":null,""auctionValueAverage"":0.0,""auctionValueAverageChange"":0.0,""averageDraftPosition"":169.98,""averageDraftPositionPercentChange"":-0.01,""date"":1788219020130,""leagueType"":0,""percentChange"":-0.02,""percentOwned"":0.13,""percentStarted"":0.01}}",-1205.02,,,unresolved,0.0,no Draft Command player match,Live ESPN draft-room order was not separately observable from the public API capture.,7dae40ecb628eac5a66b4760793ff391f20b0bddbdb77798f8e59698b4ad6224,espn_2026_frozen_20260901T003012Z_3379127ab1c0
2026,2026-09-01T00:30:12Z,2026-08-31T19:30:12-05:00,frozen,espn-fantasy-api-kona-player-info-2026-ppr,https://lm-api-reads.fantasy.espn.com/apis/v3/games/ffl/seasons/2026/segments/0/leaguedefaults/1?view=kona_player_info,1,PPR,4259553,Stetson Bennett IV,stetson bennett,LAR,QB,"[0,7,20,21]",1376,,169.97,,"{""draftRanksByRankType.PPR"":{""auctionValue"":0,""published"":false,""rank"":1376,""rankSourceId"":0,""rankType"":""PPR"",""slotId"":0},""ownership"":{""activityLevel"":null,""auctionValueAverage"":0.02,""auctionValueAverageChange"":0.0,""averageDraftPosition"":169.97,""averageDraftPositionPercentChange"":-0.01,""date"":1788197415201,""leagueType"":0,""percentChange"":0.0,""percentOwned"":0.08,""percentStarted"":0.01}}",-1206.03,,,unresolved,0.0,no Draft Command player match,Live ESPN draft-room order was not separately observable from the public API capture.,ba2432a6c53415cb71796ec83696d3c35346ce985b99b0e24fc76dbcaf16b116,espn_2026_frozen_20260901T003012Z_3379127ab1c0
2026,2026-09-01T00:30:12Z,2026-08-31T19:30:12-05:00,frozen,espn-fantasy-api-kona-player-info-2026-ppr,https://lm-api-reads.fantasy.espn.com/apis/v3/games/ffl/seasons/2026/segments/0/leaguedefaults/1?view=kona_player_info,1,PPR,4361426,Justin Shorter,justin shorter,LV,WR,"[3,4,5,23,7,20,21]",1377,,170,,"{""draftRanksByRankType.PPR"":{""auctionValue"":0,""published"":false,""rank"":1377,""rankSourceId"":0,""rankType"":""PPR"",""slotId"":0},""ownership"":{""activityLevel"":null,""auctionValueAverage"":0.0,""auctionValueAverageChange"":0.0,""averageDraftPosition"":170.0,""averageDraftPositionPercentChange"":0.0,""date"":1787617821043,""leagueType"":0,""percentChange"":0.0,""percentOwned"":0.01,""percentStarted"":0.0}}",-1207.0,,,unresolved,0.0,no Draft Command player match,Live ESPN draft-room order was not separately observable from the public API capture.,2281ddde9be2eb5e832cd36c251ece5a255808a861a514a5e37068103304ac96,espn_2026_frozen_20260901T003012Z_3379127ab1c0
2026,2026-09-01T00:30:12Z,2026-08-31T19:30:12-05:00,frozen,espn-fantasy-api-kona-player-info-2026-ppr,https://lm-api-reads.fantasy.espn.com/apis/v3/games/ffl/seasons/2026/segments/0/leaguedefaults/1?view=kona_player_info,1,PPR,4362523,Will Mallory,will mallory,IND,TE,"[5,6,23,7,20,21]",1378,,170,,"{""draftRanksByRankType.PPR"":{""auctionValue"":0,""published"":false,""rank"":1378,""rankSourceId"":0,""rankType"":""PPR"",""slotId"":0},""ownership"":{""activityLevel"":null,""auctionValueAverage"":0.0,""auctionValueAverageChange"":0.0,""averageDraftPosition"":170.0,""averageDraftPositionPercentChange"":0.0,""date"":1787833820064,""leagueType"":0,""percentChange"":0.0,""percentOwned"":0.01,""percentStarted"":0.0}}",-1208.0,,,unresolved,0.0,no Draft Command player match,Live ESPN draft-room order was not separately observable from the public API capture.,8bf656e524c9e698811c5d0c3dcf9895622c4f7a12286e97722f358fb55383f9,espn_2026_frozen_20260901T003012Z_3379127ab1c0
2026,2026-09-01T00:30:12Z,2026-08-31T19:30:12-05:00,frozen,espn-fantasy-api-kona-player-info-2026-ppr,https://lm-api-reads.fantasy.espn.com/apis/v3/games/ffl/seasons/2026/segments/0/leaguedefaults/1?view=kona_player_info,1,PPR,4373684,Scott Matlock,scott matlock,LAC,RB,"[2,3,23,7,20,21]",1379,,169.99,,"{""draftRanksByRankType.PPR"":{""auctionValue"":0,""published"":false,""rank"":1379,""rankSourceId"":0,""rankType"":""PPR"",""slotId"":0},""ownership"":{""activityLevel"":null,""auctionValueAverage"":0.0,""auctionValueAverageChange"":0.0,""averageDraftPosition"":169.99,""averageDraftPositionPercentChange"":0.0,""date"":1788075015997,""leagueType"":0,""percentChange"":0.0,""percentOwned"":0.02,""percentStarted"":0.01}}",-1209.01,,,unresolved,0.0,no Draft Command player match,Live ESPN draft-room order was not separately observable from the public API capture.,bc7a9b7099b40227ca78f163338f74529d1bfba63da430e822793f044c4fb818,espn_2026_frozen_20260901T003012Z_3379127ab1c0
2026,2026-09-01T00:30:12Z,2026-08-31T19:30:12-05:00,frozen,espn-fantasy-api-kona-player-info-2026-ppr,https://lm-api-reads.fantasy.espn.com/apis/v3/games/ffl/seasons/2026/segments/0/leaguedefaults/1?view=kona_player_info,1,PPR,4260394,Aidan O'Connell,aidan o connell,LV,QB,"[0,7,20,21]",1380,,169.99,,"{""draftRanksByRankType.PPR"":{""auctionValue"":0,""published"":false,""rank"":1380,""rankSourceId"":0,""rankType"":""PPR"",""slotId"":0},""ownership"":{""activityLevel"":null,""auctionValueAverage"":0.0,""auctionValueAverageChange"":0.0,""averageDraftPosition"":169.99,""averageDraftPositionPercentChange"":0.0,""date"":1788093016922,""leagueType"":0,""percentChange"":0.0,""percentOwned"":0.03,""percentStarted"":0.01}}",-1210.01,,,unresolved,0.0,no Draft Command player match,Live ESPN draft-room order was not separately observable from the public API capture.,0a2eb8a6e74fd99a520cd39356b1f8be413d5765d59516784634af641be6619b,espn_2026_frozen_20260901T003012Z_3379127ab1c0
2026,2026-09-01T00:30:12Z,2026-08-31T19:30:12-05:00,frozen,espn-fantasy-api-kona-player-info-2026-ppr,https://lm-api-reads.fantasy.espn.com/apis/v3/games/ffl/seasons/2026/segments/0/leaguedefaults/1?view=kona_player_info,1,PPR,4360290,Brayden Willis,brayden willis,SF,TE,"[5,6,23,7,20,21]",1381,,170,,"{""draftRanksByRankType.PPR"":{""auctionValue"":0,""published"":false,""rank"":1381,""rankSourceId"":0,""rankType"":""PPR"",""slotId"":0},""ownership"":{""activityLevel"":null,""auctionValueAverage"":0.0,""auctionValueAverageChange"":0.0,""averageDraftPosition"":170.0,""averageDraftPositionPercentChange"":0.0,""date"":1788139821678,""leagueType"":0,""percentChange"":0.0,""percentOwned"":0.01,""percentStarted"":0.0}}",-1211.0,,,unresolved,0.0,no Draft Command player match,Live ESPN draft-room order was not separately observable from the public API capture.,183a3b4827e26320a68d003144789b5402d706c1bc4ac89c6dbed53d7db0fafc,espn_2026_frozen_20260901T003012Z_3379127ab1c0
2026,2026-09-01T00:30:12Z,2026-08-31T19:30:12-05:00,frozen,espn-fantasy-api-kona-player-info-2026-ppr,https://lm-api-reads.fantasy.espn.com/apis/v3/games/ffl/seasons/2026/segments/0/leaguedefaults/1?view=kona_player_info,1,PPR,4365395,Julian Hill,julian hill,NE,TE,"[5,6,23,7,20,21]",1384,,170,,"{""draftRanksByRankType.PPR"":{""auctionValue"":0,""published"":false,""rank"":1384,""rankSourceId"":0,""rankType"":""PPR"",""slotId"":0},""ownership"":{""activityLevel"":null,""auctionValueAverage"":0.0,""auctionValueAverageChange"":0.0,""averageDraftPosition"":170.0,""averageDraftPositionPercentChange"":0.0,""date"":1788179422028,""leagueType"":0,""percentChange"":0.0,""percentOwned"":0.02,""percentStarted"":0.01}}",-1214.0,,,unresolved,0.0,no Draft Command player match,Live ESPN draft-room order was not separately observable from the public API capture.,90311ee90429b5f76fbc27d91b1ffdbd7633be100a46cc5212c4135affb3a66b,espn_2026_frozen_20260901T003012Z_3379127ab1c0
2026,2026-09-01T00:30:12Z,2026-08-31T19:30:12-05:00,frozen,espn-fantasy-api-kona-player-info-2026-ppr,https://lm-api-reads.fantasy.espn.com/apis/v3/games/ffl/seasons/2026/segments/0/leaguedefaults/1?view=kona_player_info,1,PPR,3929636,Irv Charles,irv charles,SEA,WR,"[3,4,5,23,7,20,21]",1385,,170,,"{""draftRanksByRankType.PPR"":{""auctionValue"":0,""published"":false,""rank"":1385,""rankSourceId"":0,""rankType"":""PPR"",""slotId"":0},""ownership"":{""activityLevel"":null,""auctionValueAverage"":0.0,""auctionValueAverageChange"":0.0,""averageDraftPosition"":170.0,""averageDraftPositionPercentChange"":0.0,""date"":1787617819827,""leagueType"":0,""percentChange"":0.0,""percentOwned"":0.01,""percentStarted"":0.0}}",-1215.0,,,unresolved,0.0,no Draft Command player match,Live ESPN draft-room order was not separately observable from the public API capture.,ddae72c43d7bf5212991ae9222f2c33d0b84070a023e5cc3f0ac76e1b2d8888e,espn_2026_frozen_20260901T003012Z_3379127ab1c0
2026,2026-09-01T00:30:12Z,2026-08-31T19:30:12-05:00,frozen,espn-fantasy-api-kona-player-info-2026-ppr,https://lm-api-reads.fantasy.espn.com/apis/v3/games/ffl/seasons/2026/segments/0/leaguedefaults/1?view=kona_player_info,1,PPR,4360405,Jake Bobo,jake bobo,SEA,WR,"[3,4,5,23,7,20,21]",1386,,169.98,,"{""draftRanksByRankType.PPR"":{""auctionValue"":0,""published"":false,""rank"":1386,""rankSourceId"":0,""rankType"":""PPR"",""slotId"":0},""ownership"":{""activityLevel"":null,""auctionValueAverage"":0.0,""auctionValueAverageChange"":0.0,""averageDraftPosition"":169.98,""averageDraftPositionPercentChange"":-0.01,""date"":1788197415252,""leagueType"":0,""percentChange"":-0.01,""percentOwned"":0.09,""percentStarted"":0.01}}",-1216.02,,,unresolved,0.0,no Draft Command player match,Live ESPN draft-room order was not separately observable from the public API capture.,d36785898f6f469ab59c7acaf8f6681f01f9f358681f14525103a5570db4662d,espn_2026_frozen_20260901T003012Z_3379127ab1c0
2026,2026-09-01T00:30:12Z,2026-08-31T19:30:12-05:00,frozen,espn-fantasy-api-kona-player-info-2026-ppr,https://lm-api-reads.fantasy.espn.com/apis/v3/games/ffl/seasons/2026/segments/0/leaguedefaults/1?view=kona_player_info,1,PPR,4242442,Princeton Fant,princeton fant,DAL,TE,"[5,6,23,7,20,21]",1387,,170,,"{""draftRanksByRankType.PPR"":{""auctionValue"":0,""published"":false,""rank"":1387,""rankSourceId"":0,""rankType"":""PPR"",""slotId"":0},""ownership"":{""activityLevel"":null,""auctionValueAverage"":0.0,""auctionValueAverageChange"":0.0,""averageDraftPosition"":170.0,""averageDraftPositionPercentChange"":0.0,""date"":1788129020340,""leagueType"":0,""percentChange"":0.0,""percentOwned"":0.01,""percentStarted"":0.0}}",-1217.0,,,unresolved,0.0,no Draft Command player match,Live ESPN draft-room order was not separately observable from the public API capture.,8d5f8f91b7e1706ceaf41742535362bf1c54fae4af9cd49dd8db7c90ebd67c30,espn_2026_frozen_20260901T003012Z_3379127ab1c0
2026,2026-09-01T00:30:12Z,2026-08-31T19:30:12-05:00,frozen,espn-fantasy-api-kona-player-info-2026-ppr,https://lm-api-reads.fantasy.espn.com/apis/v3/games/ffl/seasons/2026/segments/0/leaguedefaults/1?view=kona_player_info,1,PPR,4243176,Brady Russell,brady russell,SEA,RB,"[2,3,23,7,20,21]",1388,,169.99,,"{""draftRanksByRankType.PPR"":{""auctionValue"":0,""published"":false,""rank"":1388,""rankSourceId"":0,""rankType"":""PPR"",""slotId"":0},""ownership"":{""activityLevel"":null,""auctionValueAverage"":0.0,""auctionValueAverageChange"":0.0,""averageDraftPosition"":169.99,""averageDraftPositionPercentChange"":0.0,""date"":1787502619723,""leagueType"":0,""percentChange"":0.0,""percentOwned"":0.02,""percentStarted"":0.01}}",-1218.01,,,unresolved,0.0,no Draft Command player match,Live ESPN draft-room order was not separately observable from the public API capture.,b59eed9842ee357adcb0aa651de60bb59532f1ee6a42c86e595b86f2d0af2679,espn_2026_frozen_20260901T003012Z_3379127ab1c0
2026,2026-09-01T00:30:12Z,2026-08-31T19:30:12-05:00,frozen,espn-fantasy-api-kona-player-info-2026-ppr,https://lm-api-reads.fantasy.espn.com/apis/v3/games/ffl/seasons/2026/segments/0/leaguedefaults/1?view=kona_player_info,1,PPR,4369466,Ryan Miller,ryan miller,MIA,WR,"[3,4,5,23,7,20,21]",1389,,170,,"{""draftRanksByRankType.PPR"":{""auctionValue"":0,""published"":false,""rank"":1389,""rankSourceId"":0,""rankType"":""PPR"",""slotId"":0},""ownership"":{""activityLevel"":null,""auctionValueAverage"":0.0,""auctionValueAverageChange"":0.0,""averageDraftPosition"":170.0,""averageDraftPositionPercentChange"":0.0,""date"":1787056216842,""leagueType"":0,""percentChange"":0.0,""percentOwned"":0.01,""percentStarted"":0.0}}",-1219.0,,,unresolved,0.0,no Draft Command player match,Live ESPN draft-room order was not separately observable from the public API capture.,838a6de66b210cd59f4ea1850088e6ba5ec768b5d876eb74960f69f9ff87e818,espn_2026_frozen_20260901T003012Z_3379127ab1c0
2026,2026-09-01T00:30:12Z,2026-08-31T19:30:12-05:00,frozen,espn-fantasy-api-kona-player-info-2026-ppr,https://lm-api-reads.fantasy.espn.com/apis/v3/games/ffl/seasons/2026/segments/0/leaguedefaults/1?view=kona_player_info,1,PPR,4369886,Chris Blair,chris blair,ATL,WR,"[3,4,5,23,7,20,21]",1390,,170,,"{""draftRanksByRankType.PPR"":{""auctionValue"":0,""published"":false,""rank"":1390,""rankSourceId"":0,""rankType"":""PPR"",""slotId"":0},""ownership"":{""activityLevel"":null,""auctionValueAverage"":0.0,""auctionValueAverageChange"":0.0,""averageDraftPosition"":170.0,""averageDraftPositionPercentChange"":0.0,""date"":1788118218603,""leagueType"":0,""percentChange"":0.0,""percentOwned"":0.01,""percentStarted"":0.0}}",-1220.0,,,unresolved,0.0,no Draft Command player match,Live ESPN draft-room order was not separately observable from the public API capture.,f597b3da0c9610980cdce7236a22a7811d125310061370026bdf17e5b3a50ade,espn_2026_frozen_20260901T003012Z_3379127ab1c0
2026,2026-09-01T00:30:12Z,2026-08-31T19:30:12-05:00,frozen,espn-fantasy-api-kona-player-info-2026-ppr,https://lm-api-reads.fantasy.espn.com/apis/v3/games/ffl/seasons/2026/segments/0/leaguedefaults/1?view=kona_player_info,1,PPR,4428209,Ricky Pearsall,ricky pearsall,SF,WR,"[3,4,5,23,7,20,21]",1391,,169.94,,"{""draftRanksByRankType.PPR"":{""auctionValue"":0,""published"":false,""rank"":1391,""rankSourceId"":0,""rankType"":""PPR"",""slotId"":0},""ownership"":{""activityLevel"":null,""auctionValueAverage"":0.0,""auctionValueAverageChange"":0.0,""averageDraftPosition"":169.94,""averageDraftPositionPercentChange"":0.0,""date"":1788219020133,""leagueType"":0,""percentChange"":-1.1,""percentOwned"":6.76,""percentStarted"":0.17}}",-1221.06,,,unresolved,0.0,no Draft Command player match,Live ESPN draft-room order was not separately observable from the public API capture.,10c612962cf1f4d30843c8544270caf6319c1cf2d2a2322eaeece97d495be674,espn_2026_frozen_20260901T003012Z_3379127ab1c0
2026,2026-09-01T00:30:12Z,2026-08-31T19:30:12-05:00,frozen,espn-fantasy-api-kona-player-info-2026-ppr,https://lm-api-reads.fantasy.espn.com/apis/v3/games/ffl/seasons/2026/segments/0/leaguedefaults/1?view=kona_player_info,1,PPR,4696700,Tip Reiman,tip reiman,ARI,TE,"[5,6,23,7,20,21]",1392,,170,,"{""draftRanksByRankType.PPR"":{""auctionValue"":0,""published"":false,""rank"":1392,""rankSourceId"":0,""rankType"":""PPR"",""slotId"":0},""ownership"":{""activityLevel"":null,""auctionValueAverage"":0.0,""auctionValueAverageChange"":0.0,""averageDraftPosition"":170.0,""averageDraftPositionPercentChange"":0.0,""date"":1788190216516,""leagueType"":0,""percentChange"":0.0,""percentOwned"":0.02,""percentStarted"":0.01}}",-1222.0,,,unresolved,0.0,no Draft Command player match,Live ESPN draft-room order was not separately observable from the public API capture.,c9fee96101bb1ae6c726a3a91e0a29e3825b3e4344ca7e65273a9c8e64399c66,espn_2026_frozen_20260901T003012Z_3379127ab1c0
2026,2026-09-01T00:30:12Z,2026-08-31T19:30:12-05:00,frozen,espn-fantasy-api-kona-player-info-2026-ppr,https://lm-api-reads.fantasy.espn.com/apis/v3/games/ffl/seasons/2026/segments/0/leaguedefaults/1?view=kona_player_info,1,PPR,4372561,Isaac Guerendo,isaac guerendo,SF,RB,"[2,3,23,7,20,21]",1393,,170.1,,"{""draftRanksByRankType.PPR"":{""auctionValue"":0,""published"":false,""rank"":1393,""rankSourceId"":0,""rankType"":""PPR"",""slotId"":0},""ownership"":{""activityLevel"":null,""auctionValueAverage"":0.0,""auctionValueAverageChange"":0.0,""averageDraftPosition"":170.1,""averageDraftPositionPercentChange"":0.0,""date"":1788222620767,""leagueType"":0,""percentChange"":0.0,""percentOwned"":0.25,""percentStarted"":0.01}}",-1222.9,,,unresolved,0.0,no Draft Command player match,Live ESPN draft-room order was not separately observable from the public API capture.,3420b372fecbfc06710b4b712400c29871e5af4125433f3d1aa9585471c40f34,espn_2026_frozen_20260901T003012Z_3379127ab1c0
